{
  "frame_idx": 0,
  "ros_stamp": 987.9,
  "wall_time": 1776684896.2062383,
  "prompt": "small package section",
  "goal_id": "mini_packaging_section",
  "goal_pose": {
    "frame_id": "map",
    "x": 0.342,
    "y": 3.57,
    "yaw_rad": 3.101
  },
  "odom": {
    "position": {
      "x": 1.9729137790931401,
      "y": -7.535753963472978,
      "z": 0.0
    },
    "orientation_quat": {
      "x": -0.001493804418667681,
      "y": 0.0016453859380410228,
      "z": 0.6721779541819443,
      "w": 0.7403862905033087
    },
    "yaw_rad": 1.4742974970170633,
    "linear_vel": {
      "x": 0.14526619633640594,
      "y": -5.3141762770143073e-05
    },
    "angular_vel_z": 0.10746209268699718
  }
}