{
  "frame_idx": 1,
  "ros_stamp": 989.9,
  "wall_time": 1776684898.316422,
  "prompt": "small package section",
  "goal_id": "mini_packaging_section",
  "goal_pose": {
    "frame_id": "map",
    "x": 0.342,
    "y": 3.57,
    "yaw_rad": 3.101
  },
  "odom": {
    "position": {
      "x": 1.9781013242698298,
      "y": -7.209527001708689,
      "z": 0.0
    },
    "orientation_quat": {
      "x": -0.0013582167345288596,
      "y": 0.0013392791429414853,
      "z": 0.712052375466402,
      "w": 0.7021237612923616
    },
    "yaw_rad": 1.5848376485102422,
    "linear_vel": {
      "x": 0.1783214342170693,
      "y": 4.923350165938356e-06
    },
    "angular_vel_z": -0.010303053416614635
  }
}