{
  "frame_idx": 2,
  "ros_stamp": 991.9,
  "wall_time": 1776684900.4562194,
  "prompt": "small package section",
  "goal_id": "mini_packaging_section",
  "goal_pose": {
    "frame_id": "map",
    "x": 0.342,
    "y": 3.57,
    "yaw_rad": 3.101
  },
  "odom": {
    "position": {
      "x": 1.9757247162364107,
      "y": -6.86362053300522,
      "z": 0.0
    },
    "orientation_quat": {
      "x": 0.0001981150285426446,
      "y": -0.00019776540824368604,
      "z": 0.7077684341244681,
      "w": 0.7064444530862121
    },
    "yaw_rad": 1.572668719090712,
    "linear_vel": {
      "x": 0.1696056805478871,
      "y": 2.522692985403611e-06
    },
    "angular_vel_z": -0.023629919502391385
  }
}