{
  "frame_idx": 3,
  "ros_stamp": 993.9,
  "wall_time": 1776684902.6025698,
  "prompt": "small package section",
  "goal_id": "mini_packaging_section",
  "goal_pose": {
    "frame_id": "map",
    "x": 0.342,
    "y": 3.57,
    "yaw_rad": 3.101
  },
  "odom": {
    "position": {
      "x": 1.977439308231422,
      "y": -6.519474324868193,
      "z": 0.0
    },
    "orientation_quat": {
      "x": -0.00046278605504015415,
      "y": 0.0004645862367142964,
      "z": 0.705729339416646,
      "w": 0.7084812414420303
    },
    "yaw_rad": 1.5669045463314248,
    "linear_vel": {
      "x": 0.16891175207126435,
      "y": -4.541535343023072e-06
    },
    "angular_vel_z": 0.016350504232164144
  }
}