{
  "frame_idx": 4,
  "ros_stamp": 995.9,
  "wall_time": 1776684904.7085788,
  "prompt": "small package section",
  "goal_id": "mini_packaging_section",
  "goal_pose": {
    "frame_id": "map",
    "x": 0.342,
    "y": 3.57,
    "yaw_rad": 3.101
  },
  "odom": {
    "position": {
      "x": 1.9782973150431848,
      "y": -6.178019880771566,
      "z": 0.0
    },
    "orientation_quat": {
      "x": 0.0004974556431412422,
      "y": -0.0004975284132428986,
      "z": 0.7070581622570394,
      "w": 0.7071550467818631
    },
    "yaw_rad": 1.5706593113564713,
    "linear_vel": {
      "x": 0.16595686450889238,
      "y": 4.453329123628654e-07
    },
    "angular_vel_z": -0.009765849696993307
  }
}