{
  "frame_idx": 5,
  "ros_stamp": 997.9,
  "wall_time": 1776684906.9181223,
  "prompt": "small package section",
  "goal_id": "mini_packaging_section",
  "goal_pose": {
    "frame_id": "map",
    "x": 0.342,
    "y": 3.57,
    "yaw_rad": 3.101
  },
  "odom": {
    "position": {
      "x": 1.9781786341245622,
      "y": -5.809918188915256,
      "z": 0.0
    },
    "orientation_quat": {
      "x": 0.00023161540505045857,
      "y": -0.00023050609986537487,
      "z": 0.7087941764997321,
      "w": 0.7054152738503107
    },
    "yaw_rad": 1.575574821546714,
    "linear_vel": {
      "x": 0.17995346958350472,
      "y": -1.693060149908816e-06
    },
    "angular_vel_z": 0.013752992373962509
  }
}