{
  "frame_idx": 6,
  "ros_stamp": 999.9,
  "wall_time": 1776684909.009799,
  "prompt": "small package section",
  "goal_id": "mini_packaging_section",
  "goal_pose": {
    "frame_id": "map",
    "x": 0.342,
    "y": 3.57,
    "yaw_rad": 3.101
  },
  "odom": {
    "position": {
      "x": 1.9726538907221687,
      "y": -5.472368325088274,
      "z": 0.0
    },
    "orientation_quat": {
      "x": -0.0014154457240607517,
      "y": 0.0013850035503071131,
      "z": 0.7147481955803301,
      "w": 0.6993790783210705
    },
    "yaw_rad": 1.5925320113317256,
    "linear_vel": {
      "x": 0.17619950061682152,
      "y": -2.446028072390245e-05
    },
    "angular_vel_z": 0.05024711899032773
  }
}