{
  "frame_idx": 7,
  "ros_stamp": 1001.9,
  "wall_time": 1776684911.16039,
  "prompt": "small package section",
  "goal_id": "mini_packaging_section",
  "goal_pose": {
    "frame_id": "map",
    "x": 0.342,
    "y": 3.57,
    "yaw_rad": 3.101
  },
  "odom": {
    "position": {
      "x": 1.949134377226693,
      "y": -5.10735410089126,
      "z": 0.0
    },
    "orientation_quat": {
      "x": -0.0008368207645348499,
      "y": 0.0007700785465876863,
      "z": 0.7358389419069329,
      "w": 0.6771556381536857
    },
    "yaw_rad": 1.6538109394944358,
    "linear_vel": {
      "x": 0.17871811431160964,
      "y": 5.248009475506034e-07
    },
    "angular_vel_z": -0.0020478439802900307
  }
}