{
  "frame_idx": 8,
  "ros_stamp": 1003.9,
  "wall_time": 1776684913.3189962,
  "prompt": "small package section",
  "goal_id": "mini_packaging_section",
  "goal_pose": {
    "frame_id": "map",
    "x": 0.342,
    "y": 3.57,
    "yaw_rad": 3.101
  },
  "odom": {
    "position": {
      "x": 1.926659121732649,
      "y": -4.777539347609036,
      "z": 0.0
    },
    "orientation_quat": {
      "x": 0.0016106888613927376,
      "y": -0.0015342940130479194,
      "z": 0.724140958329609,
      "w": 0.6896484061409472
    },
    "yaw_rad": 1.6195811212345912,
    "linear_vel": {
      "x": 0.18178004705931045,
      "y": 1.7972109081262669e-06
    },
    "angular_vel_z": 0.012214125086508449
  }
}