{
  "frame_idx": 9,
  "ros_stamp": 1005.9,
  "wall_time": 1776684915.4131398,
  "prompt": "small package section",
  "goal_id": "mini_packaging_section",
  "goal_pose": {
    "frame_id": "map",
    "x": 0.342,
    "y": 3.57,
    "yaw_rad": 3.101
  },
  "odom": {
    "position": {
      "x": 1.9056732521145667,
      "y": -4.430436050493273,
      "z": 0.0
    },
    "orientation_quat": {
      "x": 0.0004466034949428209,
      "y": -0.0004127521043519703,
      "z": 0.734398908178123,
      "w": 0.6787178160677673
    },
    "yaw_rad": 1.649561656177862,
    "linear_vel": {
      "x": 0.15902037656020956,
      "y": -9.09762828638853e-07
    },
    "angular_vel_z": 0.00943935998201724
  }
}