{
  "frame_idx": 10,
  "ros_stamp": 1007.9,
  "wall_time": 1776684917.6011124,
  "prompt": "small package section",
  "goal_id": "mini_packaging_section",
  "goal_pose": {
    "frame_id": "map",
    "x": 0.342,
    "y": 3.57,
    "yaw_rad": 3.101
  },
  "odom": {
    "position": {
      "x": 1.877820669261628,
      "y": -4.081774885381968,
      "z": 0.0
    },
    "orientation_quat": {
      "x": -0.0010452146776817632,
      "y": 0.0009818968634054826,
      "z": 0.7288339742450742,
      "w": 0.6846889668973479
    },
    "yaw_rad": 1.6332370021658535,
    "linear_vel": {
      "x": 0.1781739110308299,
      "y": 9.300727993501726e-06
    },
    "angular_vel_z": -0.023121271628393312
  }
}