{
  "frame_idx": 11,
  "ros_stamp": 1009.9,
  "wall_time": 1776684919.696395,
  "prompt": "small package section",
  "goal_id": "mini_packaging_section",
  "goal_pose": {
    "frame_id": "map",
    "x": 0.342,
    "y": 3.57,
    "yaw_rad": 3.101
  },
  "odom": {
    "position": {
      "x": 1.8587669658726025,
      "y": -3.729576457199765,
      "z": 0.0
    },
    "orientation_quat": {
      "x": 0.000672907896432856,
      "y": -0.0006367662254403801,
      "z": 0.7262793100218254,
      "w": 0.6873990875451889
    },
    "yaw_rad": 1.625788217129766,
    "linear_vel": {
      "x": 0.17074450548477113,
      "y": -4.2072524832097906e-08
    },
    "angular_vel_z": 0.014732788003346662
  }
}