{
  "frame_idx": 12,
  "ros_stamp": 1011.9,
  "wall_time": 1776684921.8370924,
  "prompt": "small package section",
  "goal_id": "mini_packaging_section",
  "goal_pose": {
    "frame_id": "map",
    "x": 0.342,
    "y": 3.57,
    "yaw_rad": 3.101
  },
  "odom": {
    "position": {
      "x": 1.8335512463236738,
      "y": -3.3765301438522624,
      "z": 0.0
    },
    "orientation_quat": {
      "x": -7.933693619466466e-06,
      "y": 7.380583156566407e-06,
      "z": 0.7319786797051885,
      "w": 0.6813275367542637
    },
    "yaw_rad": 1.6424431834103104,
    "linear_vel": {
      "x": 0.15478844488144589,
      "y": -1.232871370147049e-07
    },
    "angular_vel_z": -0.0004359957229363814
  }
}