{
  "frame_idx": 13,
  "ros_stamp": 1013.9,
  "wall_time": 1776684924.0071614,
  "prompt": "small package section",
  "goal_id": "mini_packaging_section",
  "goal_pose": {
    "frame_id": "map",
    "x": 0.342,
    "y": 3.57,
    "yaw_rad": 3.101
  },
  "odom": {
    "position": {
      "x": 1.8118959237511323,
      "y": -3.0389027658884196,
      "z": 0.0
    },
    "orientation_quat": {
      "x": 0.0005896245521739501,
      "y": -0.0005434161625479502,
      "z": 0.7347663938781145,
      "w": 0.6783197649111468
    },
    "yaw_rad": 1.650645150549632,
    "linear_vel": {
      "x": 0.17072571869940348,
      "y": -1.8908553505323704e-06
    },
    "angular_vel_z": 0.0442363208140666
  }
}