{
  "frame_idx": 14,
  "ros_stamp": 1015.9,
  "wall_time": 1776684926.1111445,
  "prompt": "small package section",
  "goal_id": "mini_packaging_section",
  "goal_pose": {
    "frame_id": "map",
    "x": 0.342,
    "y": 3.57,
    "yaw_rad": 3.101
  },
  "odom": {
    "position": {
      "x": 1.7798611036581917,
      "y": -2.6979362179524013,
      "z": 0.0
    },
    "orientation_quat": {
      "x": -0.000958798057342509,
      "y": 0.000872314922349695,
      "z": 0.7396754972503473,
      "w": 0.6729624644364742
    },
    "yaw_rad": 1.6651779087725902,
    "linear_vel": {
      "x": 0.17495962588843866,
      "y": 1.932040320579213e-06
    },
    "angular_vel_z": -0.0043397761084966475
  }
}