{
  "frame_idx": 15,
  "ros_stamp": 1017.9,
  "wall_time": 1776684928.302265,
  "prompt": "small package section",
  "goal_id": "mini_packaging_section",
  "goal_pose": {
    "frame_id": "map",
    "x": 0.342,
    "y": 3.57,
    "yaw_rad": 3.101
  },
  "odom": {
    "position": {
      "x": 1.7498367277927092,
      "y": -2.356352058147369,
      "z": 0.0
    },
    "orientation_quat": {
      "x": 0.00019800838313196206,
      "y": -0.0001792863231989212,
      "z": 0.7412805436909554,
      "w": 0.671195265324731
    },
    "yaw_rad": 1.6699524972820283,
    "linear_vel": {
      "x": 0.16218231804269617,
      "y": -1.5702942159669515e-06
    },
    "angular_vel_z": 0.017369723702625895
  }
}