{
  "frame_idx": 16,
  "ros_stamp": 1019.9,
  "wall_time": 1776684930.4125574,
  "prompt": "small package section",
  "goal_id": "mini_packaging_section",
  "goal_pose": {
    "frame_id": "map",
    "x": 0.342,
    "y": 3.57,
    "yaw_rad": 3.101
  },
  "odom": {
    "position": {
      "x": 1.719411523495196,
      "y": -2.0141156853903905,
      "z": 0.0
    },
    "orientation_quat": {
      "x": 0.0015862302661068858,
      "y": -0.0014585675407964122,
      "z": 0.7361083997157138,
      "w": 0.6768602369191461
    },
    "yaw_rad": 1.6546106071443583,
    "linear_vel": {
      "x": 0.18266124776400755,
      "y": 1.8321580321672867e-06
    },
    "angular_vel_z": 0.013896509170365556
  }
}