{
  "frame_idx": 17,
  "ros_stamp": 1021.9,
  "wall_time": 1776684932.5428205,
  "prompt": "small package section",
  "goal_id": "mini_packaging_section",
  "goal_pose": {
    "frame_id": "map",
    "x": 0.342,
    "y": 3.57,
    "yaw_rad": 3.101
  },
  "odom": {
    "position": {
      "x": 1.6834978956256361,
      "y": -1.6680629301432204,
      "z": 0.0
    },
    "orientation_quat": {
      "x": -0.0015340510536524811,
      "y": 0.0013768065338317307,
      "z": 0.7442158702167119,
      "w": 0.667935992149484
    },
    "yaw_rad": 1.6787249704490577,
    "linear_vel": {
      "x": 0.17065609478411303,
      "y": 3.936263320973327e-06
    },
    "angular_vel_z": -0.007378496830671086
  }
}