{
  "frame_idx": 18,
  "ros_stamp": 1023.9,
  "wall_time": 1776684934.7281375,
  "prompt": "small package section",
  "goal_id": "mini_packaging_section",
  "goal_pose": {
    "frame_id": "map",
    "x": 0.342,
    "y": 3.57,
    "yaw_rad": 3.101
  },
  "odom": {
    "position": {
      "x": 1.6448266075631617,
      "y": -1.31927639203336,
      "z": 0.0
    },
    "orientation_quat": {
      "x": 0.0012065654704248594,
      "y": -0.0010700343427054177,
      "z": 0.7481702635787102,
      "w": 0.6635048273545825
    },
    "yaw_rad": 1.6906031306398823,
    "linear_vel": {
      "x": 0.18257525448415524,
      "y": 3.5595593474112004e-07
    },
    "angular_vel_z": 0.0005190460014217068
  }
}