{
  "frame_idx": 19,
  "ros_stamp": 1025.9,
  "wall_time": 1776684936.8274686,
  "prompt": "small package section",
  "goal_id": "mini_packaging_section",
  "goal_pose": {
    "frame_id": "map",
    "x": 0.342,
    "y": 3.57,
    "yaw_rad": 3.101
  },
  "odom": {
    "position": {
      "x": 1.6050241215329935,
      "y": -0.9731692741653417,
      "z": 0.0
    },
    "orientation_quat": {
      "x": 0.0015600719706938212,
      "y": -0.0013905885315402674,
      "z": 0.7464922527129583,
      "w": 0.665390824311934
    },
    "yaw_rad": 1.6855542773915475,
    "linear_vel": {
      "x": 0.17658270543355808,
      "y": 4.852561494037979e-06
    },
    "angular_vel_z": 0.03446850641953453
  }
}