{
  "frame_idx": 20,
  "ros_stamp": 1027.9,
  "wall_time": 1776684939.0033941,
  "prompt": "small package section",
  "goal_id": "mini_packaging_section",
  "goal_pose": {
    "frame_id": "map",
    "x": 0.342,
    "y": 3.57,
    "yaw_rad": 3.101
  },
  "odom": {
    "position": {
      "x": 1.5640190114017594,
      "y": -0.6389429984900384,
      "z": 0.0
    },
    "orientation_quat": {
      "x": 0.0013613082371860077,
      "y": -0.0012142471248566351,
      "z": 0.7462671666347281,
      "w": 0.6656440403449714
    },
    "yaw_rad": 1.6848766867324139,
    "linear_vel": {
      "x": 0.16968710271156848,
      "y": -1.7320721562585645e-06
    },
    "angular_vel_z": -0.017219850275154425
  }
}