{
  "frame_idx": 21,
  "ros_stamp": 1029.9,
  "wall_time": 1776684941.1217284,
  "prompt": "small package section",
  "goal_id": "mini_packaging_section",
  "goal_pose": {
    "frame_id": "map",
    "x": 0.342,
    "y": 3.57,
    "yaw_rad": 3.101
  },
  "odom": {
    "position": {
      "x": 1.5220697122432238,
      "y": -0.29472853049162734,
      "z": 0.0
    },
    "orientation_quat": {
      "x": -0.0009112169162631121,
      "y": 0.0007969713654163346,
      "z": 0.7527243460255063,
      "w": 0.6583347123013095
    },
    "yaw_rad": 1.7043828317503409,
    "linear_vel": {
      "x": 0.17239624526336678,
      "y": -4.78048370770176e-06
    },
    "angular_vel_z": 0.012825593148755273
  }
}