{
  "frame_idx": 22,
  "ros_stamp": 1031.9,
  "wall_time": 1776684943.241805,
  "prompt": "small package section",
  "goal_id": "mini_packaging_section",
  "goal_pose": {
    "frame_id": "map",
    "x": 0.342,
    "y": 3.57,
    "yaw_rad": 3.101
  },
  "odom": {
    "position": {
      "x": 1.472056436524607,
      "y": 0.04906447079853148,
      "z": 0.0
    },
    "orientation_quat": {
      "x": -0.0016892740373014238,
      "y": 0.0014492599930503109,
      "z": 0.7589596071819589,
      "w": 0.6511339037900774
    },
    "yaw_rad": 1.7234334063541266,
    "linear_vel": {
      "x": 0.1723270553410986,
      "y": 2.2833869786860527e-06
    },
    "angular_vel_z": -0.005180959888529918
  }
}