{
  "frame_idx": 23,
  "ros_stamp": 1033.9,
  "wall_time": 1776684945.4218543,
  "prompt": "small package section",
  "goal_id": "mini_packaging_section",
  "goal_pose": {
    "frame_id": "map",
    "x": 0.342,
    "y": 3.57,
    "yaw_rad": 3.101
  },
  "odom": {
    "position": {
      "x": 1.4160233010501329,
      "y": 0.39104067380167823,
      "z": 0.0
    },
    "orientation_quat": {
      "x": 0.001450486151699566,
      "y": -0.0012310219082397624,
      "z": 0.7624311658810636,
      "w": 0.6470665328760462
    },
    "yaw_rad": 1.7341283428622745,
    "linear_vel": {
      "x": 0.17886666658035918,
      "y": 1.1994213002964747e-08
    },
    "angular_vel_z": -0.003712369797156727
  }
}