{
  "frame_idx": 24,
  "ros_stamp": 1035.9,
  "wall_time": 1776684947.5130372,
  "prompt": "small package section",
  "goal_id": "mini_packaging_section",
  "goal_pose": {
    "frame_id": "map",
    "x": 0.342,
    "y": 3.57,
    "yaw_rad": 3.101
  },
  "odom": {
    "position": {
      "x": 1.3548021077044738,
      "y": 0.738009844174449,
      "z": 0.0
    },
    "orientation_quat": {
      "x": 0.0017121617819050039,
      "y": -0.0014311766233507882,
      "z": 0.767265489392504,
      "w": 0.6413257277100202
    },
    "yaw_rad": 1.7491387439174029,
    "linear_vel": {
      "x": 0.19002829167531907,
      "y": -0.00011740126005518475
    },
    "angular_vel_z": 0.04676420450147259
  }
}