{
  "frame_idx": 25,
  "ros_stamp": 1037.9,
  "wall_time": 1776684949.6823626,
  "prompt": "small package section",
  "goal_id": "mini_packaging_section",
  "goal_pose": {
    "frame_id": "map",
    "x": 0.342,
    "y": 3.57,
    "yaw_rad": 3.101
  },
  "odom": {
    "position": {
      "x": 1.285522653249398,
      "y": 1.0897357134972148,
      "z": 0.0
    },
    "orientation_quat": {
      "x": -0.0009646402583298801,
      "y": 0.0007697250770512204,
      "z": 0.7821755614786031,
      "w": 0.6230568738230159
    },
    "yaw_rad": 1.796301818547224,
    "linear_vel": {
      "x": 0.15644107475201557,
      "y": -9.558645065895453e-06
    },
    "angular_vel_z": 0.030238473175074367
  }
}