{
  "frame_idx": 26,
  "ros_stamp": 1039.9,
  "wall_time": 1776684951.8085775,
  "prompt": "small package section",
  "goal_id": "mini_packaging_section",
  "goal_pose": {
    "frame_id": "map",
    "x": 0.342,
    "y": 3.57,
    "yaw_rad": 3.101
  },
  "odom": {
    "position": {
      "x": 1.2058668356691356,
      "y": 1.432249290873343,
      "z": 0.0
    },
    "orientation_quat": {
      "x": 0.0017122337777107032,
      "y": -0.0013491861999565976,
      "z": 0.7854599383173848,
      "w": 0.618908663092171
    },
    "yaw_rad": 1.8068838638827371,
    "linear_vel": {
      "x": 0.182329023023843,
      "y": 1.5072960751385384e-06
    },
    "angular_vel_z": 0.006153099519001796
  }
}