{
  "frame_idx": 27,
  "ros_stamp": 1041.9,
  "wall_time": 1776684953.915399,
  "prompt": "small package section",
  "goal_id": "mini_packaging_section",
  "goal_pose": {
    "frame_id": "map",
    "x": 0.342,
    "y": 3.57,
    "yaw_rad": 3.101
  },
  "odom": {
    "position": {
      "x": 1.1171342346307962,
      "y": 1.769422728109679,
      "z": 0.0
    },
    "orientation_quat": {
      "x": 0.0008265630162021012,
      "y": -0.0006150189487043919,
      "z": 0.8022812806729336,
      "w": 0.5969452950037137
    },
    "yaw_rad": 1.8622155233349116,
    "linear_vel": {
      "x": 0.1725682612932063,
      "y": -6.373746218082932e-07
    },
    "angular_vel_z": 0.04334476454349607
  }
}