{
  "frame_idx": 28,
  "ros_stamp": 1043.9,
  "wall_time": 1776684956.1013594,
  "prompt": "small package section",
  "goal_id": "mini_packaging_section",
  "goal_pose": {
    "frame_id": "map",
    "x": 0.342,
    "y": 3.57,
    "yaw_rad": 3.101
  },
  "odom": {
    "position": {
      "x": 1.0096758186186912,
      "y": 2.1366996462509866,
      "z": 0.0
    },
    "orientation_quat": {
      "x": -0.0005861002242951262,
      "y": 0.00043351721959304586,
      "z": 0.8039518204648656,
      "w": 0.5946939876277344
    },
    "yaw_rad": 1.8678223403670593,
    "linear_vel": {
      "x": 0.1893203190522669,
      "y": -1.1564517221600713e-05
    },
    "angular_vel_z": 0.03583913374194943
  }
}