{
  "frame_idx": 29,
  "ros_stamp": 1045.9,
  "wall_time": 1776684958.1867156,
  "prompt": "small package section",
  "goal_id": "mini_packaging_section",
  "goal_pose": {
    "frame_id": "map",
    "x": 0.342,
    "y": 3.57,
    "yaw_rad": 3.101
  },
  "odom": {
    "position": {
      "x": 0.8943020214051091,
      "y": 2.4805909088595084,
      "z": 0.0
    },
    "orientation_quat": {
      "x": -0.0005752883780443348,
      "y": 0.0003951077485958856,
      "z": 0.8201921028880286,
      "w": 0.5720877793601807
    },
    "yaw_rad": 1.9234941520685318,
    "linear_vel": {
      "x": 0.21142180082724696,
      "y": -1.588929532970329e-05
    },
    "angular_vel_z": 0.041721472669427564
  }
}