{
  "frame_idx": 30,
  "ros_stamp": 1047.9,
  "wall_time": 1776684960.3493948,
  "prompt": "small package section",
  "goal_id": "mini_packaging_section",
  "goal_pose": {
    "frame_id": "map",
    "x": 0.342,
    "y": 3.57,
    "yaw_rad": 3.101
  },
  "odom": {
    "position": {
      "x": 0.7417195144346597,
      "y": 2.8555657667235477,
      "z": 0.0
    },
    "orientation_quat": {
      "x": -0.0015806618936695552,
      "y": 0.001036570963593554,
      "z": 0.8362184179138717,
      "w": 0.548393275460446
    },
    "yaw_rad": 1.9807070859171543,
    "linear_vel": {
      "x": 0.17561020943473024,
      "y": -7.059988869602754e-06
    },
    "angular_vel_z": 0.013585744202860666
  }
}