{
  "frame_idx": 31,
  "ros_stamp": 1049.9,
  "wall_time": 1776684962.495531,
  "prompt": "small package section",
  "goal_id": "mini_packaging_section",
  "goal_pose": {
    "frame_id": "map",
    "x": 0.342,
    "y": 3.57,
    "yaw_rad": 3.101
  },
  "odom": {
    "position": {
      "x": 0.5972943998259009,
      "y": 3.165739670843892,
      "z": 0.0
    },
    "orientation_quat": {
      "x": 0.0010201291035060855,
      "y": -0.0006276589350567276,
      "z": 0.8517194368762612,
      "w": 0.5239967234898112
    },
    "yaw_rad": 2.0385182823482455,
    "linear_vel": {
      "x": 0.1525633135839802,
      "y": 2.0965929163683887e-08
    },
    "angular_vel_z": 0.026960436842055967
  }
}