{
  "frame_idx": 32,
  "ros_stamp": 1051.9,
  "wall_time": 1776684964.6002927,
  "prompt": "small package section",
  "goal_id": "mini_packaging_section",
  "goal_pose": {
    "frame_id": "map",
    "x": 0.342,
    "y": 3.57,
    "yaw_rad": 3.101
  },
  "odom": {
    "position": {
      "x": 0.45943311540827925,
      "y": 3.3853444811139664,
      "z": 0.0
    },
    "orientation_quat": {
      "x": -0.0017676122713632747,
      "y": 0.0008664480363385418,
      "z": 0.8979148538696036,
      "w": 0.44016478734104436
    },
    "yaw_rad": 2.230026379895626,
    "linear_vel": {
      "x": 0.1114603004156195,
      "y": -4.021414856209899e-05
    },
    "angular_vel_z": 0.09533136633353155
  }
}