{
  "frame_idx": 33,
  "ros_stamp": 1053.9,
  "wall_time": 1776684966.7934835,
  "prompt": "small package section",
  "goal_id": "mini_packaging_section",
  "goal_pose": {
    "frame_id": "map",
    "x": 0.342,
    "y": 3.57,
    "yaw_rad": 3.101
  },
  "odom": {
    "position": {
      "x": 0.3493691609685692,
      "y": 3.503695296823776,
      "z": 0.0
    },
    "orientation_quat": {
      "x": -0.0018536553425043975,
      "y": 0.0006748232628307422,
      "z": 0.9396570098228877,
      "w": 0.34211228049595754
    },
    "yaw_rad": 2.4432634316156894,
    "linear_vel": {
      "x": 0.05249130854904814,
      "y": -3.908682503679017e-05
    },
    "angular_vel_z": 0.10800405480512146
  }
}