{
  "frame_idx": 34,
  "ros_stamp": 1055.9,
  "wall_time": 1776684968.8876874,
  "prompt": "small package section",
  "goal_id": "mini_packaging_section",
  "goal_pose": {
    "frame_id": "map",
    "x": 0.342,
    "y": 3.57,
    "yaw_rad": 3.101
  },
  "odom": {
    "position": {
      "x": 0.3080929520504528,
      "y": 3.5336792075885106,
      "z": 0.0
    },
    "orientation_quat": {
      "x": -0.002148471574620002,
      "y": 0.0005702452998854643,
      "z": 0.9665306718057405,
      "w": 0.2565414573688527
    },
    "yaw_rad": 2.6227069466474573,
    "linear_vel": {
      "x": 0.007943574313148734,
      "y": -3.190397591165832e-05
    },
    "angular_vel_z": 0.08861100300995449
  }
}