{
  "frame_idx": 35,
  "ros_stamp": 1057.9,
  "wall_time": 1776684971.0399463,
  "prompt": "small package section",
  "goal_id": "mini_packaging_section",
  "goal_pose": {
    "frame_id": "map",
    "x": 0.342,
    "y": 3.57,
    "yaw_rad": 3.101
  },
  "odom": {
    "position": {
      "x": 0.29790818268014047,
      "y": 3.5387464527350816,
      "z": 0.0
    },
    "orientation_quat": {
      "x": -0.002163029771265132,
      "y": 0.0003761695268619078,
      "z": 0.9852057510170046,
      "w": 0.17136162919894202
    },
    "yaw_rad": 2.797168662874432,
    "linear_vel": {
      "x": 0.0012222619865206413,
      "y": -2.4387506808615652e-05
    },
    "angular_vel_z": 0.07289673874161763
  }
}