{
  "frame_idx": 0,
  "ros_stamp": 2033.9,
  "wall_time": 1776686022.4398582,
  "prompt": "go to the left of trash can",
  "goal_id": "trash_can_left",
  "goal_pose": {
    "frame_id": "map",
    "x": -0.187,
    "y": 7.555,
    "yaw_rad": -1.536
  },
  "odom": {
    "position": {
      "x": 0.15753669060115855,
      "y": 3.5632676966347367,
      "z": 0.0
    },
    "orientation_quat": {
      "x": 0.0021965754247166877,
      "y": -0.0003417957920093227,
      "z": 0.9881079844241867,
      "w": 0.1537454693615769
    },
    "yaw_rad": 2.8328764813530287,
    "linear_vel": {
      "x": 0.049372380451301295,
      "y": -5.32196673594949e-05
    },
    "angular_vel_z": -0.17689185647989683
  }
}