{
  "frame_idx": 1,
  "ros_stamp": 2035.9,
  "wall_time": 1776686024.5872645,
  "prompt": "go to the left of trash can",
  "goal_id": "trash_can_left",
  "goal_pose": {
    "frame_id": "map",
    "x": -0.187,
    "y": 7.555,
    "yaw_rad": -1.536
  },
  "odom": {
    "position": {
      "x": 0.11650019415316198,
      "y": 3.585564112649611,
      "z": 0.0
    },
    "orientation_quat": {
      "x": 0.0008072778085278059,
      "y": -0.00028136014024866633,
      "z": 0.9448166097333267,
      "w": 0.32759860059382756
    },
    "yaw_rad": 2.474070810759194,
    "linear_vel": {
      "x": 0.04581849823197383,
      "y": -1.2646405432338174e-05
    },
    "angular_vel_z": -0.1578634330523312
  }
}