{
  "frame_idx": 2,
  "ros_stamp": 2037.9,
  "wall_time": 1776686026.755104,
  "prompt": "go to the left of trash can",
  "goal_id": "trash_can_left",
  "goal_pose": {
    "frame_id": "map",
    "x": -0.187,
    "y": 7.555,
    "yaw_rad": -1.536
  },
  "odom": {
    "position": {
      "x": 0.05462033938640296,
      "y": 3.6579711459074007,
      "z": 0.0
    },
    "orientation_quat": {
      "x": -0.0019102391370348338,
      "y": 0.0010781230950976147,
      "z": 0.870912139715056,
      "w": 0.49143385468847584
    },
    "yaw_rad": 2.1141192052563262,
    "linear_vel": {
      "x": 0.05436919214168717,
      "y": 8.797809741192497e-05
    },
    "angular_vel_z": -0.2262384750600508
  }
}