{
  "frame_idx": 3,
  "ros_stamp": 2039.9,
  "wall_time": 1776686028.8899696,
  "prompt": "go to the left of trash can",
  "goal_id": "trash_can_left",
  "goal_pose": {
    "frame_id": "map",
    "x": -0.187,
    "y": 7.555,
    "yaw_rad": -1.536
  },
  "odom": {
    "position": {
      "x": -0.001350331407543923,
      "y": 3.811148430788616,
      "z": 0.0
    },
    "orientation_quat": {
      "x": 0.0017205540321549593,
      "y": -0.0014120877145506914,
      "z": 0.7730180278030537,
      "w": 0.6343801497474415
    },
    "yaw_rad": 1.76717578452221,
    "linear_vel": {
      "x": 0.10852843460459145,
      "y": -4.0752289912005513e-05
    },
    "angular_vel_z": -0.1726832288300632
  }
}