{
  "frame_idx": 4,
  "ros_stamp": 2041.9,
  "wall_time": 1776686030.9869435,
  "prompt": "go to the left of trash can",
  "goal_id": "trash_can_left",
  "goal_pose": {
    "frame_id": "map",
    "x": -0.187,
    "y": 7.555,
    "yaw_rad": -1.536
  },
  "odom": {
    "position": {
      "x": -0.00981435950782875,
      "y": 4.011732442818655,
      "z": 0.0
    },
    "orientation_quat": {
      "x": -0.001048828586238467,
      "y": 0.0011437312048110377,
      "z": 0.6759458403882327,
      "w": 0.736949667683875
    },
    "yaw_rad": 1.4844970059870184,
    "linear_vel": {
      "x": 0.10030514073506842,
      "y": 4.1019261032452626e-05
    },
    "angular_vel_z": -0.12505770924389192
  }
}