{
  "frame_idx": 5,
  "ros_stamp": 2043.9,
  "wall_time": 1776686033.2071533,
  "prompt": "go to the left of trash can",
  "goal_id": "trash_can_left",
  "goal_pose": {
    "frame_id": "map",
    "x": -0.187,
    "y": 7.555,
    "yaw_rad": -1.536
  },
  "odom": {
    "position": {
      "x": 0.03292715995429347,
      "y": 4.324120475213475,
      "z": 0.0
    },
    "orientation_quat": {
      "x": 0.0008829518853108746,
      "y": -0.0010243855689876617,
      "z": 0.6528750986325249,
      "w": 0.7574643731659894
    },
    "yaw_rad": 1.4227494549790405,
    "linear_vel": {
      "x": 0.15207356277973702,
      "y": -3.2974410998668434e-07
    },
    "angular_vel_z": 0.0016590360529141538
  }
}