{
  "frame_idx": 6,
  "ros_stamp": 2045.9,
  "wall_time": 1776686035.4064343,
  "prompt": "go to the left of trash can",
  "goal_id": "trash_can_left",
  "goal_pose": {
    "frame_id": "map",
    "x": -0.187,
    "y": 7.555,
    "yaw_rad": -1.536
  },
  "odom": {
    "position": {
      "x": 0.07665667367674849,
      "y": 4.678730376505744,
      "z": 0.0
    },
    "orientation_quat": {
      "x": 0.0010582926986197232,
      "y": -0.0011202194365628815,
      "z": 0.685136094828038,
      "w": 0.7284134517489115
    },
    "yaw_rad": 1.5095832620883545,
    "linear_vel": {
      "x": 0.17720095280475753,
      "y": 5.035648274022281e-06
    },
    "angular_vel_z": 0.07674182400962722
  }
}