{
  "frame_idx": 7,
  "ros_stamp": 2047.9,
  "wall_time": 1776686037.6841383,
  "prompt": "go to the left of trash can",
  "goal_id": "trash_can_left",
  "goal_pose": {
    "frame_id": "map",
    "x": -0.187,
    "y": 7.555,
    "yaw_rad": -1.536
  },
  "odom": {
    "position": {
      "x": 0.0911910919992267,
      "y": 5.029826557136782,
      "z": 0.0
    },
    "orientation_quat": {
      "x": -0.0013944854266197827,
      "y": 0.0014413175669510886,
      "z": 0.6953337810840338,
      "w": 0.7186841523906362
    },
    "yaw_rad": 1.537772347986473,
    "linear_vel": {
      "x": 0.15894491646891767,
      "y": -2.7633865617040508e-06
    },
    "angular_vel_z": 0.005850341266068569
  }
}