{
  "frame_idx": 8,
  "ros_stamp": 2049.9,
  "wall_time": 1776686039.8580952,
  "prompt": "go to the left of trash can",
  "goal_id": "trash_can_left",
  "goal_pose": {
    "frame_id": "map",
    "x": -0.187,
    "y": 7.555,
    "yaw_rad": -1.536
  },
  "odom": {
    "position": {
      "x": 0.09918058310295401,
      "y": 5.370529642046278,
      "z": 0.0
    },
    "orientation_quat": {
      "x": 0.001034810242296376,
      "y": -0.0010443951334042408,
      "z": 0.7038356555283597,
      "w": 0.7103613224363584
    },
    "yaw_rad": 1.5615675974059984,
    "linear_vel": {
      "x": 0.1744944323053646,
      "y": 2.213936089521919e-06
    },
    "angular_vel_z": 0.03659913255710281
  }
}