{
  "frame_idx": 9,
  "ros_stamp": 2051.9,
  "wall_time": 1776686041.9746048,
  "prompt": "go to the left of trash can",
  "goal_id": "trash_can_left",
  "goal_pose": {
    "frame_id": "map",
    "x": -0.187,
    "y": 7.555,
    "yaw_rad": -1.536
  },
  "odom": {
    "position": {
      "x": 0.0946533287398633,
      "y": 5.719582520702694,
      "z": 0.0
    },
    "orientation_quat": {
      "x": -0.0015134473684372918,
      "y": 0.00147192638732153,
      "z": 0.7168697115463334,
      "w": 0.6972039583774966
    },
    "yaw_rad": 1.5986088600204267,
    "linear_vel": {
      "x": 0.1591837200358081,
      "y": 5.0296566623026407e-08
    },
    "angular_vel_z": -0.00019260907841142503
  }
}