{
  "frame_idx": 10,
  "ros_stamp": 2053.9,
  "wall_time": 1776686044.1844144,
  "prompt": "go to the left of trash can",
  "goal_id": "trash_can_left",
  "goal_pose": {
    "frame_id": "map",
    "x": -0.187,
    "y": 7.555,
    "yaw_rad": -1.536
  },
  "odom": {
    "position": {
      "x": 0.08050242895597295,
      "y": 6.084123135529496,
      "z": 0.0
    },
    "orientation_quat": {
      "x": -0.0010591737291932646,
      "y": 0.0010087737182129888,
      "z": 0.7241266836533437,
      "w": 0.6896654308777606
    },
    "yaw_rad": 1.6195367744059899,
    "linear_vel": {
      "x": 0.17020230873316086,
      "y": -9.174504416157813e-06
    },
    "angular_vel_z": 0.02339807030104183
  }
}