{
  "frame_idx": 11,
  "ros_stamp": 2055.9,
  "wall_time": 1776686046.2887583,
  "prompt": "go to the left of trash can",
  "goal_id": "trash_can_left",
  "goal_pose": {
    "frame_id": "map",
    "x": -0.187,
    "y": 7.555,
    "yaw_rad": -1.536
  },
  "odom": {
    "position": {
      "x": 0.056295490283688104,
      "y": 6.455356848727169,
      "z": 0.0
    },
    "orientation_quat": {
      "x": -0.001650413827200688,
      "y": 0.0014884952106438414,
      "z": 0.7425639509628493,
      "w": 0.6697714828556451
    },
    "yaw_rad": 1.673786187057274,
    "linear_vel": {
      "x": 0.20543678950801314,
      "y": -3.2555273897485797e-05
    },
    "angular_vel_z": 0.05837000812708171
  }
}