{
  "frame_idx": 12,
  "ros_stamp": 2057.9,
  "wall_time": 1776686048.4459004,
  "prompt": "go to the left of trash can",
  "goal_id": "trash_can_left",
  "goal_pose": {
    "frame_id": "map",
    "x": -0.187,
    "y": 7.555,
    "yaw_rad": -1.536
  },
  "odom": {
    "position": {
      "x": 0.007188157548108452,
      "y": 6.838462234862118,
      "z": 0.0
    },
    "orientation_quat": {
      "x": -0.0016810929415171274,
      "y": 0.0014540864625300842,
      "z": 0.7563210653649027,
      "w": 0.654196840136346
    },
    "yaw_rad": 1.7153479663492917,
    "linear_vel": {
      "x": 0.1659361415901453,
      "y": -1.546709404833835e-05
    },
    "angular_vel_z": 0.029402971194680817
  }
}