{
  "frame_idx": 13,
  "ros_stamp": 2059.9,
  "wall_time": 1776686050.633841,
  "prompt": "go to the left of trash can",
  "goal_id": "trash_can_left",
  "goal_pose": {
    "frame_id": "map",
    "x": -0.187,
    "y": 7.555,
    "yaw_rad": -1.536
  },
  "odom": {
    "position": {
      "x": -0.0486145137492088,
      "y": 7.158931708739035,
      "z": 0.0
    },
    "orientation_quat": {
      "x": 0.0005891268593487466,
      "y": -0.0004595999938079604,
      "z": 0.7875905463435913,
      "w": 0.6161984850740811
    },
    "yaw_rad": 1.8137786702696514,
    "linear_vel": {
      "x": 0.1638019505163672,
      "y": -8.178197878558606e-06
    },
    "angular_vel_z": 0.14226913701174942
  }
}