{
  "frame_idx": 14,
  "ros_stamp": 2061.9,
  "wall_time": 1776686052.7530518,
  "prompt": "go to the left of trash can",
  "goal_id": "trash_can_left",
  "goal_pose": {
    "frame_id": "map",
    "x": -0.187,
    "y": 7.555,
    "yaw_rad": -1.536
  },
  "odom": {
    "position": {
      "x": -0.15325455403556568,
      "y": 7.413306190693382,
      "z": 0.0
    },
    "orientation_quat": {
      "x": -0.0019528885752232036,
      "y": 0.0010612678455195436,
      "z": 0.8786290838501888,
      "w": 0.47749973083694064
    },
    "yaw_rad": 2.1459762370728046,
    "linear_vel": {
      "x": 0.09918608363220972,
      "y": -7.757655961811494e-05
    },
    "angular_vel_z": 0.17309048879726613
  }
}