{
  "frame_idx": 15,
  "ros_stamp": 2063.9,
  "wall_time": 1776686055.0669918,
  "prompt": "go to the left of trash can",
  "goal_id": "trash_can_left",
  "goal_pose": {
    "frame_id": "map",
    "x": -0.187,
    "y": 7.555,
    "yaw_rad": -1.536
  },
  "odom": {
    "position": {
      "x": -0.23029859385355989,
      "y": 7.5017121898438885,
      "z": 0.0
    },
    "orientation_quat": {
      "x": -0.0021143924409924453,
      "y": 0.0006811279506945204,
      "z": 0.9519786675363021,
      "w": 0.30615630316086445
    },
    "yaw_rad": 2.519285430423942,
    "linear_vel": {
      "x": 0.028464435543026696,
      "y": -6.451908533192051e-05
    },
    "angular_vel_z": 0.17248146216281382
  }
}