{
  "frame_idx": 16,
  "ros_stamp": 2065.9,
  "wall_time": 1776686057.233796,
  "prompt": "go to the left of trash can",
  "goal_id": "trash_can_left",
  "goal_pose": {
    "frame_id": "map",
    "x": -0.187,
    "y": 7.555,
    "yaw_rad": -1.536
  },
  "odom": {
    "position": {
      "x": -0.2528735081642927,
      "y": 7.514187781108777,
      "z": 0.0
    },
    "orientation_quat": {
      "x": -0.00212813840563918,
      "y": 0.0002937008899496867,
      "z": 0.9906045469156475,
      "w": 0.13674069034767292
    },
    "yaw_rad": 2.8672511238151537,
    "linear_vel": {
      "x": 0.002054128535031269,
      "y": -5.600076228173447e-05
    },
    "angular_vel_z": 0.16796098532501783
  }
}