{
  "frame_idx": 17,
  "ros_stamp": 2067.9,
  "wall_time": 1776686059.4716308,
  "prompt": "go to the left of trash can",
  "goal_id": "trash_can_left",
  "goal_pose": {
    "frame_id": "map",
    "x": -0.187,
    "y": 7.555,
    "yaw_rad": -1.536
  },
  "odom": {
    "position": {
      "x": -0.25456167960721576,
      "y": 7.514603242449467,
      "z": 0.0
    },
    "orientation_quat": {
      "x": -0.0022212925573934345,
      "y": -7.909495317026357e-05,
      "z": 0.9993651441156997,
      "w": -0.03555795733685764
    },
    "yaw_rad": -3.070461568749694,
    "linear_vel": {
      "x": 3.2698212694032016e-06,
      "y": -5.928694125913172e-05
    },
    "angular_vel_z": 0.17043780263130975
  }
}