{
  "frame_idx": 18,
  "ros_stamp": 2069.9,
  "wall_time": 1776686061.7042518,
  "prompt": "go to the left of trash can",
  "goal_id": "trash_can_left",
  "goal_pose": {
    "frame_id": "map",
    "x": -0.187,
    "y": 7.555,
    "yaw_rad": -1.536
  },
  "odom": {
    "position": {
      "x": -0.25464613633205013,
      "y": 7.5147098609708705,
      "z": 0.0
    },
    "orientation_quat": {
      "x": -0.0021822581972800077,
      "y": -0.00042185652383079354,
      "z": 0.9818254965353909,
      "w": -0.18977290148824452
    },
    "yaw_rad": -2.759730019695616,
    "linear_vel": {
      "x": -2.647671088476174e-07,
      "y": -6.024220861304659e-05
    },
    "angular_vel_z": 0.1719106158462016
  }
}