{
  "frame_idx": 19,
  "ros_stamp": 2071.9,
  "wall_time": 1776686063.8804142,
  "prompt": "go to the left of trash can",
  "goal_id": "trash_can_left",
  "goal_pose": {
    "frame_id": "map",
    "x": -0.187,
    "y": 7.555,
    "yaw_rad": -1.536
  },
  "odom": {
    "position": {
      "x": -0.2546988419345804,
      "y": 7.514801358405659,
      "z": 0.0
    },
    "orientation_quat": {
      "x": -0.0020997188600163476,
      "y": -0.0007290135908727844,
      "z": 0.9446860296875117,
      "w": -0.32796854274936027
    },
    "yaw_rad": -2.473286195713673,
    "linear_vel": {
      "x": -1.2696002570508643e-07,
      "y": -4.452093043839896e-05
    },
    "angular_vel_z": 0.1279281550700885
  }
}