{
  "frame_idx": 20,
  "ros_stamp": 2073.9,
  "wall_time": 1776686066.2762144,
  "prompt": "go to the left of trash can",
  "goal_id": "trash_can_left",
  "goal_pose": {
    "frame_id": "map",
    "x": -0.187,
    "y": 7.555,
    "yaw_rad": -1.536
  },
  "odom": {
    "position": {
      "x": -0.2547577405036309,
      "y": 7.514860717311648,
      "z": 0.0
    },
    "orientation_quat": {
      "x": -0.0020041959931353603,
      "y": -0.0009610000495596876,
      "z": 0.9017060302378123,
      "w": -0.43234395417316934
    },
    "yaw_rad": -2.247409044920343,
    "linear_vel": {
      "x": 1.000327897490648e-07,
      "y": -3.642298821099983e-05
    },
    "angular_vel_z": 0.10464503964138565
  }
}