{
  "frame_idx": 21,
  "ros_stamp": 2075.9,
  "wall_time": 1776686068.5866137,
  "prompt": "go to the left of trash can",
  "goal_id": "trash_can_left",
  "goal_pose": {
    "frame_id": "map",
    "x": -0.187,
    "y": 7.555,
    "yaw_rad": -1.536
  },
  "odom": {
    "position": {
      "x": -0.2548243360654362,
      "y": 7.514903493653172,
      "z": 0.0
    },
    "orientation_quat": {
      "x": 0.0018917983169778655,
      "y": 0.0011668127792013848,
      "z": -0.8511341067225588,
      "w": 0.524943608419664
    },
    "yaw_rad": -2.0362918920389057,
    "linear_vel": {
      "x": 2.817684183834337e-07,
      "y": -3.209197974420589e-05
    },
    "angular_vel_z": 0.0909232438635387
  }
}