{
  "frame_idx": 22,
  "ros_stamp": 2077.9,
  "wall_time": 1776686070.7400126,
  "prompt": "go to the left of trash can",
  "goal_id": "trash_can_left",
  "goal_pose": {
    "frame_id": "map",
    "x": -0.187,
    "y": 7.555,
    "yaw_rad": -1.536
  },
  "odom": {
    "position": {
      "x": -0.2548890537236797,
      "y": 7.514924388467143,
      "z": 0.0
    },
    "orientation_quat": {
      "x": 0.0017781770315001822,
      "y": 0.0013335879621156148,
      "z": -0.8000121426059357,
      "w": 0.5999796924168783
    },
    "yaw_rad": -1.854637499452749,
    "linear_vel": {
      "x": 1.7700550455770853e-07,
      "y": -3.035104491106265e-05
    },
    "angular_vel_z": 0.08575453867748131
  }
}