{
  "frame_idx": 0,
  "ros_stamp": 3847.9,
  "wall_time": 1776687987.8683152,
  "prompt": "in small rack shelves",
  "goal_id": "inside_small_shelf",
  "goal_pose": {
    "frame_id": "map",
    "x": 5.231,
    "y": -5.906,
    "yaw_rad": -3.134
  },
  "odom": {
    "position": {
      "x": -3.9257227409126614,
      "y": -7.929760740854618,
      "z": 0.0
    },
    "orientation_quat": {
      "x": -0.001720321508081366,
      "y": 0.0014072468829107487,
      "z": 0.7740158559567685,
      "w": 0.6331623132164693
    },
    "yaw_rad": 1.770324624910424,
    "linear_vel": {
      "x": 0.0,
      "y": 0.0
    },
    "angular_vel_z": 0.0
  }
}