{
  "frame_idx": 1,
  "ros_stamp": 3849.9,
  "wall_time": 1776687990.070027,
  "prompt": "in small rack shelves",
  "goal_id": "inside_small_shelf",
  "goal_pose": {
    "frame_id": "map",
    "x": 5.231,
    "y": -5.906,
    "yaw_rad": -3.134
  },
  "odom": {
    "position": {
      "x": -3.9258527312013207,
      "y": -7.824758548691817,
      "z": 0.0
    },
    "orientation_quat": {
      "x": -1.3086047020933288e-05,
      "y": 4.047189422415771e-06,
      "z": 0.6349871907252256,
      "w": 0.7725226646689801
    },
    "yaw_rad": 1.3759838776282203,
    "linear_vel": {
      "x": 0.07707308645861544,
      "y": 6.09364308289333e-05
    },
    "angular_vel_z": -0.20156528351300435
  }
}