{
  "frame_idx": 2,
  "ros_stamp": 3851.9,
  "wall_time": 1776687992.242608,
  "prompt": "in small rack shelves",
  "goal_id": "inside_small_shelf",
  "goal_pose": {
    "frame_id": "map",
    "x": 5.231,
    "y": -5.906,
    "yaw_rad": -3.134
  },
  "odom": {
    "position": {
      "x": -3.842790236365919,
      "y": -7.6302865422329695,
      "z": 0.0
    },
    "orientation_quat": {
      "x": 0.0005020887586749226,
      "y": -0.0008992435270008005,
      "z": 0.48096719575873126,
      "w": 0.876737985872598
    },
    "yaw_rad": 1.003515673322811,
    "linear_vel": {
      "x": 0.11797169334192933,
      "y": -0.0001527404594421423
    },
    "angular_vel_z": -0.16175756827185203
  }
}