{
  "frame_idx": 3,
  "ros_stamp": 3853.9,
  "wall_time": 1776687994.339626,
  "prompt": "in small rack shelves",
  "goal_id": "inside_small_shelf",
  "goal_pose": {
    "frame_id": "map",
    "x": 5.231,
    "y": -5.906,
    "yaw_rad": -3.134
  },
  "odom": {
    "position": {
      "x": -3.678306663212672,
      "y": -7.439463850781273,
      "z": 0.0
    },
    "orientation_quat": {
      "x": 0.0008045057078643884,
      "y": -0.0020723329826682693,
      "z": 0.3621741072404166,
      "w": 0.9321078125684723
    },
    "yaw_rad": 0.7412005155113652,
    "linear_vel": {
      "x": 0.1754395372939419,
      "y": -2.1136523998413286e-05
    },
    "angular_vel_z": -0.12146887364310224
  }
}