{
  "frame_idx": 4,
  "ros_stamp": 3855.9,
  "wall_time": 1776687996.5119777,
  "prompt": "in small rack shelves",
  "goal_id": "inside_small_shelf",
  "goal_pose": {
    "frame_id": "map",
    "x": 5.231,
    "y": -5.906,
    "yaw_rad": -3.134
  },
  "odom": {
    "position": {
      "x": -3.41203194636948,
      "y": -7.2283059030560874,
      "z": 0.0
    },
    "orientation_quat": {
      "x": 0.0006836304971661541,
      "y": -0.002115624110809477,
      "z": 0.3075013529696665,
      "w": 0.951545046072854
    },
    "yaw_rad": 0.6251336724548455,
    "linear_vel": {
      "x": 0.19980575922276378,
      "y": -2.8933431691526685e-06
    },
    "angular_vel_z": -0.01767774922675385
  }
}