{
  "frame_idx": 5,
  "ros_stamp": 3857.9,
  "wall_time": 1776687998.6300387,
  "prompt": "in small rack shelves",
  "goal_id": "inside_small_shelf",
  "goal_pose": {
    "frame_id": "map",
    "x": 5.231,
    "y": -5.906,
    "yaw_rad": -3.134
  },
  "odom": {
    "position": {
      "x": -3.1457869658527176,
      "y": -7.047359648061895,
      "z": 0.0
    },
    "orientation_quat": {
      "x": 0.00045340105510302054,
      "y": -0.001511370175643289,
      "z": 0.28731858857335935,
      "w": 0.9578337741215268
    },
    "yaw_rad": 0.5828531620609713,
    "linear_vel": {
      "x": 0.15779544600083142,
      "y": 1.1953713696988863e-06
    },
    "angular_vel_z": 0.02036795634007834
  }
}