{
  "frame_idx": 6,
  "ros_stamp": 3859.9,
  "wall_time": 1776688000.790349,
  "prompt": "in small rack shelves",
  "goal_id": "inside_small_shelf",
  "goal_pose": {
    "frame_id": "map",
    "x": 5.231,
    "y": -5.906,
    "yaw_rad": -3.134
  },
  "odom": {
    "position": {
      "x": -2.8679706002280905,
      "y": -6.856618071303626,
      "z": 0.0
    },
    "orientation_quat": {
      "x": -0.00013743857873712307,
      "y": 0.0004322316231906883,
      "z": 0.3031030463601878,
      "w": 0.9529576787946225
    },
    "yaw_rad": 0.6158944689325279,
    "linear_vel": {
      "x": 0.1670442050429652,
      "y": -5.295476220419865e-06
    },
    "angular_vel_z": 0.01959764346648082
  }
}