{
  "frame_idx": 7,
  "ros_stamp": 3861.9,
  "wall_time": 1776688002.970974,
  "prompt": "in small rack shelves",
  "goal_id": "inside_small_shelf",
  "goal_pose": {
    "frame_id": "map",
    "x": 5.231,
    "y": -5.906,
    "yaw_rad": -3.134
  },
  "odom": {
    "position": {
      "x": -2.615585748160858,
      "y": -6.679837152883649,
      "z": 0.0
    },
    "orientation_quat": {
      "x": -6.599756291253187e-05,
      "y": 0.00021702073166142828,
      "z": 0.2911886188422566,
      "w": 0.9566656347977922
    },
    "yaw_rad": 0.5909381421805473,
    "linear_vel": {
      "x": 0.1489779622159267,
      "y": 6.511838036800171e-06
    },
    "angular_vel_z": -0.03339710313254522
  }
}