{
  "frame_idx": 8,
  "ros_stamp": 3863.9,
  "wall_time": 1776688005.0955968,
  "prompt": "in small rack shelves",
  "goal_id": "inside_small_shelf",
  "goal_pose": {
    "frame_id": "map",
    "x": 5.231,
    "y": -5.906,
    "yaw_rad": -3.134
  },
  "odom": {
    "position": {
      "x": -2.339120014429304,
      "y": -6.523846891899077,
      "z": 0.0
    },
    "orientation_quat": {
      "x": 0.00047839203735601244,
      "y": -0.002171103159380375,
      "z": 0.21515887858073002,
      "w": 0.9765765276822972
    },
    "yaw_rad": 0.4337101203700723,
    "linear_vel": {
      "x": 0.196308664458844,
      "y": -1.00884998238866e-05
    },
    "angular_vel_z": -0.07096770378192586
  }
}