{
  "frame_idx": 9,
  "ros_stamp": 3865.9,
  "wall_time": 1776688007.3480623,
  "prompt": "in small rack shelves",
  "goal_id": "inside_small_shelf",
  "goal_pose": {
    "frame_id": "map",
    "x": 5.231,
    "y": -5.906,
    "yaw_rad": -3.134
  },
  "odom": {
    "position": {
      "x": -2.0465426183147346,
      "y": -6.413023574103324,
      "z": 0.0
    },
    "orientation_quat": {
      "x": 0.00010174408765314911,
      "y": -0.0007544253966194108,
      "z": 0.13359930516397853,
      "w": 0.9910351387060722
    },
    "yaw_rad": 0.26800000261900087,
    "linear_vel": {
      "x": 0.14638825190017024,
      "y": 2.387111483701925e-06
    },
    "angular_vel_z": -0.07161420941986274
  }
}