{
  "frame_idx": 10,
  "ros_stamp": 3867.9,
  "wall_time": 1776688009.476382,
  "prompt": "in small rack shelves",
  "goal_id": "inside_small_shelf",
  "goal_pose": {
    "frame_id": "map",
    "x": 5.231,
    "y": -5.906,
    "yaw_rad": -3.134
  },
  "odom": {
    "position": {
      "x": -1.741280962346245,
      "y": -6.353649602534277,
      "z": 0.0
    },
    "orientation_quat": {
      "x": -8.146356163327292e-05,
      "y": 0.0012099124587250764,
      "z": 0.0672367983015478,
      "w": 0.9977363090665226
    },
    "yaw_rad": 0.1345752236357922,
    "linear_vel": {
      "x": 0.1677424283240458,
      "y": 1.2095430997876303e-05
    },
    "angular_vel_z": -0.032120958431049215
  }
}