{
  "frame_idx": 11,
  "ros_stamp": 3869.9,
  "wall_time": 1776688011.6160688,
  "prompt": "in small rack shelves",
  "goal_id": "inside_small_shelf",
  "goal_pose": {
    "frame_id": "map",
    "x": 5.231,
    "y": -5.906,
    "yaw_rad": -3.134
  },
  "odom": {
    "position": {
      "x": -1.4056174368044878,
      "y": -6.31791286622631,
      "z": 0.0
    },
    "orientation_quat": {
      "x": -5.4765835388933915e-06,
      "y": 0.00013263978885025057,
      "z": 0.04178113587475372,
      "w": 0.999126778272762
    },
    "yaw_rad": 0.08358660355519017,
    "linear_vel": {
      "x": 0.1659617028173875,
      "y": -3.4869639811863247e-06
    },
    "angular_vel_z": 0.017546927678857658
  }
}