{
  "frame_idx": 12,
  "ros_stamp": 3871.9,
  "wall_time": 1776688013.814784,
  "prompt": "in small rack shelves",
  "goal_id": "inside_small_shelf",
  "goal_pose": {
    "frame_id": "map",
    "x": 5.231,
    "y": -5.906,
    "yaw_rad": -3.134
  },
  "odom": {
    "position": {
      "x": -1.0683698752884778,
      "y": -6.289182802692773,
      "z": 0.0
    },
    "orientation_quat": {
      "x": -7.881139742258338e-05,
      "y": 0.0022283105129721303,
      "z": 0.03528750895506733,
      "w": 0.9993747145754527
    },
    "yaw_rad": 0.07058984785191108,
    "linear_vel": {
      "x": 0.171226761926172,
      "y": -8.078712503420141e-06
    },
    "angular_vel_z": 0.015035306511640914
  }
}