{
  "frame_idx": 13,
  "ros_stamp": 3873.9,
  "wall_time": 1776688015.9359565,
  "prompt": "in small rack shelves",
  "goal_id": "inside_small_shelf",
  "goal_pose": {
    "frame_id": "map",
    "x": 5.231,
    "y": -5.906,
    "yaw_rad": -3.134
  },
  "odom": {
    "position": {
      "x": -0.7317892266295909,
      "y": -6.269443021049506,
      "z": 0.0
    },
    "orientation_quat": {
      "x": -2.8062590175375696e-05,
      "y": 0.0009816170263316605,
      "z": 0.028641241703201467,
      "w": 0.9995892731088122
    },
    "yaw_rad": 0.057290345723749164,
    "linear_vel": {
      "x": 0.1684912945851363,
      "y": -9.437434251801548e-06
    },
    "angular_vel_z": 0.028685745092744554
  }
}