{
  "frame_idx": 14,
  "ros_stamp": 3875.9,
  "wall_time": 1776688018.1031766,
  "prompt": "in small rack shelves",
  "goal_id": "inside_small_shelf",
  "goal_pose": {
    "frame_id": "map",
    "x": 5.231,
    "y": -5.906,
    "yaw_rad": -3.134
  },
  "odom": {
    "position": {
      "x": -0.3878114410489389,
      "y": -6.24278626211899,
      "z": 0.0
    },
    "orientation_quat": {
      "x": -8.260278845070238e-05,
      "y": 0.002221196876948964,
      "z": 0.037189043255468644,
      "w": 0.9993057762881971
    },
    "yaw_rad": 0.0743954257707815,
    "linear_vel": {
      "x": 0.1557881276020608,
      "y": 4.889555688572292e-06
    },
    "angular_vel_z": -0.010124406959537561
  }
}