{
  "frame_idx": 15,
  "ros_stamp": 3877.9,
  "wall_time": 1776688020.2410715,
  "prompt": "in small rack shelves",
  "goal_id": "inside_small_shelf",
  "goal_pose": {
    "frame_id": "map",
    "x": 5.231,
    "y": -5.906,
    "yaw_rad": -3.134
  },
  "odom": {
    "position": {
      "x": -0.05744837984905527,
      "y": -6.222055468318914,
      "z": 0.0
    },
    "orientation_quat": {
      "x": 1.4401889608791558e-05,
      "y": -0.0005933377814322971,
      "z": 0.024169239534679636,
      "w": 0.9997077050834299
    },
    "yaw_rad": 0.04834319492632001,
    "linear_vel": {
      "x": 0.1535205543477447,
      "y": 4.939379104807159e-07
    },
    "angular_vel_z": -0.007422043457158543
  }
}