{
  "frame_idx": 16,
  "ros_stamp": 3879.9,
  "wall_time": 1776688022.3799593,
  "prompt": "in small rack shelves",
  "goal_id": "inside_small_shelf",
  "goal_pose": {
    "frame_id": "map",
    "x": 5.231,
    "y": -5.906,
    "yaw_rad": -3.134
  },
  "odom": {
    "position": {
      "x": 0.2987347425219108,
      "y": -6.199877145536387,
      "z": 0.0
    },
    "orientation_quat": {
      "x": -7.570953210515359e-05,
      "y": 0.0022361727850912765,
      "z": 0.03386535726793539,
      "w": 0.9994238997424753
    },
    "yaw_rad": 0.06774383743983706,
    "linear_vel": {
      "x": 0.1713597645672881,
      "y": -3.833887808726887e-06
    },
    "angular_vel_z": 0.0070233711199592635
  }
}