{
  "frame_idx": 17,
  "ros_stamp": 3881.9,
  "wall_time": 1776688024.5764496,
  "prompt": "in small rack shelves",
  "goal_id": "inside_small_shelf",
  "goal_pose": {
    "frame_id": "map",
    "x": 5.231,
    "y": -5.906,
    "yaw_rad": -3.134
  },
  "odom": {
    "position": {
      "x": 0.6392495992009063,
      "y": -6.179260467549578,
      "z": 0.0
    },
    "orientation_quat": {
      "x": -3.069116220475101e-05,
      "y": 0.0010664395098181159,
      "z": 0.02882820819259303,
      "w": 0.9995838114821732
    },
    "yaw_rad": 0.057664438383178064,
    "linear_vel": {
      "x": 0.16392516954737638,
      "y": -2.762658866519684e-06
    },
    "angular_vel_z": 0.008382062028012564
  }
}