{
  "frame_idx": 18,
  "ros_stamp": 3883.9,
  "wall_time": 1776688026.7087235,
  "prompt": "in small rack shelves",
  "goal_id": "inside_small_shelf",
  "goal_pose": {
    "frame_id": "map",
    "x": 5.231,
    "y": -5.906,
    "yaw_rad": -3.134
  },
  "odom": {
    "position": {
      "x": 0.9542716004613059,
      "y": -6.162958888438267,
      "z": 0.0
    },
    "orientation_quat": {
      "x": -2.4479515092667264e-05,
      "y": 0.0007385546248535088,
      "z": 0.039686308333233736,
      "w": 0.9992119148952834
    },
    "yaw_rad": 0.07939349565636242,
    "linear_vel": {
      "x": 0.1789104795377627,
      "y": -1.6345840874609892e-05
    },
    "angular_vel_z": 0.06220949566230085
  }
}