{
  "frame_idx": 19,
  "ros_stamp": 3885.9,
  "wall_time": 1776688028.927848,
  "prompt": "in small rack shelves",
  "goal_id": "inside_small_shelf",
  "goal_pose": {
    "frame_id": "map",
    "x": 5.231,
    "y": -5.906,
    "yaw_rad": -3.134
  },
  "odom": {
    "position": {
      "x": 1.2935212103901355,
      "y": -6.13821913528968,
      "z": 0.0
    },
    "orientation_quat": {
      "x": 4.547160617137719e-05,
      "y": -0.0017551825747721232,
      "z": 0.025840791847129226,
      "w": 0.9996645291012258
    },
    "yaw_rad": 0.05168741645513478,
    "linear_vel": {
      "x": 0.17962827804609968,
      "y": -1.5797696644491305e-06
    },
    "angular_vel_z": -0.02332639250755426
  }
}