{
  "frame_idx": 20,
  "ros_stamp": 3887.9,
  "wall_time": 1776688031.0910997,
  "prompt": "in small rack shelves",
  "goal_id": "inside_small_shelf",
  "goal_pose": {
    "frame_id": "map",
    "x": 5.231,
    "y": -5.906,
    "yaw_rad": -3.134
  },
  "odom": {
    "position": {
      "x": 1.6002530479229715,
      "y": -6.113386413746376,
      "z": 0.0
    },
    "orientation_quat": {
      "x": -5.4521067177222154e-05,
      "y": 0.0007877369280989161,
      "z": 0.06875766746335915,
      "w": 0.9976330786732082
    },
    "yaw_rad": 0.1376239620038838,
    "linear_vel": {
      "x": 0.1430599812174164,
      "y": -2.5971323714966466e-05
    },
    "angular_vel_z": 0.10003902082520637
  }
}