{
  "frame_idx": 21,
  "ros_stamp": 3889.9,
  "wall_time": 1776688033.3089178,
  "prompt": "in small rack shelves",
  "goal_id": "inside_small_shelf",
  "goal_pose": {
    "frame_id": "map",
    "x": 5.231,
    "y": -5.906,
    "yaw_rad": -3.134
  },
  "odom": {
    "position": {
      "x": 1.8779274396987427,
      "y": -6.058334986117057,
      "z": 0.0
    },
    "orientation_quat": {
      "x": 0.0001246445741270119,
      "y": -0.0010510775990991252,
      "z": 0.11800352899022017,
      "w": 0.993012611624578
    },
    "yaw_rad": 0.23655837899697832,
    "linear_vel": {
      "x": 0.13639307667747097,
      "y": -5.739921551659087e-07
    },
    "angular_vel_z": 0.01762925109746788
  }
}