{
  "frame_idx": 22,
  "ros_stamp": 3891.9,
  "wall_time": 1776688035.5208206,
  "prompt": "in small rack shelves",
  "goal_id": "inside_small_shelf",
  "goal_pose": {
    "frame_id": "map",
    "x": 5.231,
    "y": -5.906,
    "yaw_rad": -3.134
  },
  "odom": {
    "position": {
      "x": 2.1117030231992078,
      "y": -5.995372421489963,
      "z": 0.0
    },
    "orientation_quat": {
      "x": -0.00013850294211995788,
      "y": 0.0009387842554772064,
      "z": 0.14603725938336937,
      "w": 0.9892786353565163
    },
    "yaw_rad": 0.29312291673372853,
    "linear_vel": {
      "x": 0.1037471668207387,
      "y": -6.304934758703072e-06
    },
    "angular_vel_z": 0.0251406515608757
  }
}