{
  "frame_idx": 23,
  "ros_stamp": 3893.9,
  "wall_time": 1776688037.6219344,
  "prompt": "in small rack shelves",
  "goal_id": "inside_small_shelf",
  "goal_pose": {
    "frame_id": "map",
    "x": 5.231,
    "y": -5.906,
    "yaw_rad": -3.134
  },
  "odom": {
    "position": {
      "x": 2.284990517455428,
      "y": -5.936217071985834,
      "z": 0.0
    },
    "orientation_quat": {
      "x": -0.0001426724478841619,
      "y": 0.0007527580913977332,
      "z": 0.18943275106827107,
      "w": 0.9818933984005265
    },
    "yaw_rad": 0.3811689274771456,
    "linear_vel": {
      "x": 0.05875854852695175,
      "y": -1.136735972192224e-05
    },
    "angular_vel_z": 0.06795498472973917
  }
}