{
  "frame_idx": 24,
  "ros_stamp": 3895.9,
  "wall_time": 1776688039.780868,
  "prompt": "in small rack shelves",
  "goal_id": "inside_small_shelf",
  "goal_pose": {
    "frame_id": "map",
    "x": 5.231,
    "y": -5.906,
    "yaw_rad": -3.134
  },
  "odom": {
    "position": {
      "x": 2.4469225567574755,
      "y": -5.8707559674697585,
      "z": 0.0
    },
    "orientation_quat": {
      "x": 0.00024567819683766497,
      "y": -0.0012747499155799059,
      "z": 0.18920357350311917,
      "w": 0.9819370256938711
    },
    "yaw_rad": 0.3807023382086003,
    "linear_vel": {
      "x": 0.09823737162573566,
      "y": -4.4757608741192306e-08
    },
    "angular_vel_z": -0.005892553252101708
  }
}