{
  "frame_idx": 25,
  "ros_stamp": 3897.9,
  "wall_time": 1776688041.9476101,
  "prompt": "in small rack shelves",
  "goal_id": "inside_small_shelf",
  "goal_pose": {
    "frame_id": "map",
    "x": 5.231,
    "y": -5.906,
    "yaw_rad": -3.134
  },
  "odom": {
    "position": {
      "x": 2.6312094953199407,
      "y": -5.802918293657731,
      "z": 0.0
    },
    "orientation_quat": {
      "x": -0.00032373105103123843,
      "y": 0.002190567664608299,
      "z": 0.14621953386344455,
      "w": 0.9892496876563927
    },
    "yaw_rad": 0.2934920132739481,
    "linear_vel": {
      "x": 0.02457426961307476,
      "y": 1.959503266807586e-05
    },
    "angular_vel_z": -0.05475976466209052
  }
}