{
  "frame_idx": 26,
  "ros_stamp": 3899.9,
  "wall_time": 1776688044.0531216,
  "prompt": "in small rack shelves",
  "goal_id": "inside_small_shelf",
  "goal_pose": {
    "frame_id": "map",
    "x": 5.231,
    "y": -5.906,
    "yaw_rad": -3.134
  },
  "odom": {
    "position": {
      "x": 2.657939503048048,
      "y": -5.7958542494027245,
      "z": 0.0
    },
    "orientation_quat": {
      "x": -0.00016100769147929362,
      "y": 0.001548848913684726,
      "z": 0.1034428128894343,
      "w": 0.9946341838108559
    },
    "yaw_rad": 0.20725662656795404,
    "linear_vel": {
      "x": 0.011317276386806617,
      "y": 1.1497723290543942e-05
    },
    "angular_vel_z": -0.046297716039357575
  }
}