{
  "frame_idx": 27,
  "ros_stamp": 3901.9,
  "wall_time": 1776688046.2791488,
  "prompt": "in small rack shelves",
  "goal_id": "inside_small_shelf",
  "goal_pose": {
    "frame_id": "map",
    "x": 5.231,
    "y": -5.906,
    "yaw_rad": -3.134
  },
  "odom": {
    "position": {
      "x": 2.664137652778115,
      "y": -5.7947433641848765,
      "z": 0.0
    },
    "orientation_quat": {
      "x": -0.00015539214493601815,
      "y": 0.0022172480222332844,
      "z": 0.0699383089497943,
      "w": 0.9975488422156242
    },
    "yaw_rad": 0.1399912475742356,
    "linear_vel": {
      "x": -0.000274779414286424,
      "y": 7.293437029206143e-06
    },
    "angular_vel_z": -0.019937953101008078
  }
}