{
  "frame_idx": 28,
  "ros_stamp": 3903.9,
  "wall_time": 1776688048.4163547,
  "prompt": "in small rack shelves",
  "goal_id": "inside_small_shelf",
  "goal_pose": {
    "frame_id": "map",
    "x": 5.231,
    "y": -5.906,
    "yaw_rad": -3.134
  },
  "odom": {
    "position": {
      "x": 2.6667078859165554,
      "y": -5.794418377287207,
      "z": 0.0
    },
    "orientation_quat": {
      "x": -0.00010375826801754009,
      "y": 0.0021807110317980972,
      "z": 0.04755346797847548,
      "w": 0.9988663080797339
    },
    "yaw_rad": 0.09514304438384581,
    "linear_vel": {
      "x": 0.0022942414945204687,
      "y": 4.429187932179483e-06
    },
    "angular_vel_z": -0.013707277433481019
  }
}