{
  "frame_idx": 29,
  "ros_stamp": 3905.9,
  "wall_time": 1776688050.6302307,
  "prompt": "in small rack shelves",
  "goal_id": "inside_small_shelf",
  "goal_pose": {
    "frame_id": "map",
    "x": 5.231,
    "y": -5.906,
    "yaw_rad": -3.134
  },
  "odom": {
    "position": {
      "x": 2.6686443450926576,
      "y": -5.794252026857225,
      "z": 0.0
    },
    "orientation_quat": {
      "x": -6.92531973224555e-05,
      "y": 0.0022219251188962167,
      "z": 0.031179777153138164,
      "w": 0.9995113204708796
    },
    "yaw_rad": 0.06236981725607788,
    "linear_vel": {
      "x": -0.0011711946095084413,
      "y": 7.661682860282137e-06
    },
    "angular_vel_z": -0.021694812500820483
  }
}