{
  "frame_idx": 30,
  "ros_stamp": 3907.9,
  "wall_time": 1776688052.8506322,
  "prompt": "in small rack shelves",
  "goal_id": "inside_small_shelf",
  "goal_pose": {
    "frame_id": "map",
    "x": 5.231,
    "y": -5.906,
    "yaw_rad": -3.134
  },
  "odom": {
    "position": {
      "x": 2.675264873719724,
      "y": -5.793938827346668,
      "z": 0.0
    },
    "orientation_quat": {
      "x": -2.258750642628129e-06,
      "y": 0.00010601773648423594,
      "z": 0.018111886815585995,
      "w": 0.9998359607011127
    },
    "yaw_rad": 0.03622575453268759,
    "linear_vel": {
      "x": -0.002105193435684657,
      "y": 7.016110975066944e-09
    },
    "angular_vel_z": -0.015346156268439107
  }
}