{
  "frame_idx": 31,
  "ros_stamp": 3909.9,
  "wall_time": 1776688054.9539025,
  "prompt": "in small rack shelves",
  "goal_id": "inside_small_shelf",
  "goal_pose": {
    "frame_id": "map",
    "x": 5.231,
    "y": -5.906,
    "yaw_rad": -3.134
  },
  "odom": {
    "position": {
      "x": 2.6723625986479016,
      "y": -5.794012582833571,
      "z": 0.0
    },
    "orientation_quat": {
      "x": -1.1552887799972054e-05,
      "y": 0.0016976904725625333,
      "z": 0.006841760579858136,
      "w": 0.9999751537042099
    },
    "yaw_rad": 0.013683647848468481,
    "linear_vel": {
      "x": 0.006974810980477274,
      "y": 4.7539730587280985e-06
    },
    "angular_vel_z": -0.017262596438285715
  }
}