{
  "frame_idx": 32,
  "ros_stamp": 3911.9,
  "wall_time": 1776688057.1486979,
  "prompt": "in small rack shelves",
  "goal_id": "inside_small_shelf",
  "goal_pose": {
    "frame_id": "map",
    "x": 5.231,
    "y": -5.906,
    "yaw_rad": -3.134
  },
  "odom": {
    "position": {
      "x": 2.790758729123029,
      "y": -5.794431430043453,
      "z": 0.0
    },
    "orientation_quat": {
      "x": -7.896001068783929e-06,
      "y": -0.0022249316199916217,
      "z": -0.0035786111476543633,
      "w": 0.9999911215401832
    },
    "yaw_rad": -0.007157255582254473,
    "linear_vel": {
      "x": 0.2102270308082698,
      "y": -1.208322394690711e-06
    },
    "angular_vel_z": -0.008848933962474326
  }
}