{
  "frame_idx": 33,
  "ros_stamp": 3913.9,
  "wall_time": 1776688059.2668686,
  "prompt": "in small rack shelves",
  "goal_id": "inside_small_shelf",
  "goal_pose": {
    "frame_id": "map",
    "x": 5.231,
    "y": -5.906,
    "yaw_rad": -3.134
  },
  "odom": {
    "position": {
      "x": 3.1679116509556384,
      "y": -5.80108098209384,
      "z": 0.0
    },
    "orientation_quat": {
      "x": -1.4227315981496834e-05,
      "y": -0.001254266659554161,
      "z": -0.01139158194216308,
      "w": 0.9999343270803264
    },
    "yaw_rad": -0.022783674747240756,
    "linear_vel": {
      "x": 0.1815242144104749,
      "y": 1.4625129192648146e-07
    },
    "angular_vel_z": 0.009330917240573316
  }
}