{
  "frame_idx": 34,
  "ros_stamp": 3915.9,
  "wall_time": 1776688061.4068506,
  "prompt": "in small rack shelves",
  "goal_id": "inside_small_shelf",
  "goal_pose": {
    "frame_id": "map",
    "x": 5.231,
    "y": -5.906,
    "yaw_rad": -3.134
  },
  "odom": {
    "position": {
      "x": 3.4982303975800164,
      "y": -5.805307288929998,
      "z": 0.0
    },
    "orientation_quat": {
      "x": 1.0931160275835158e-05,
      "y": 0.00091174712462371,
      "z": -0.011935795821673124,
      "w": 0.9999283501210443
    },
    "yaw_rad": -0.02387216832038164,
    "linear_vel": {
      "x": 0.15109814343784578,
      "y": 4.442411053329189e-06
    },
    "angular_vel_z": -0.016060944919475136
  }
}