{
  "frame_idx": 35,
  "ros_stamp": 3917.9,
  "wall_time": 1776688063.5930908,
  "prompt": "in small rack shelves",
  "goal_id": "inside_small_shelf",
  "goal_pose": {
    "frame_id": "map",
    "x": 5.231,
    "y": -5.906,
    "yaw_rad": -3.134
  },
  "odom": {
    "position": {
      "x": 3.8292515216364644,
      "y": -5.811063795396746,
      "z": 0.0
    },
    "orientation_quat": {
      "x": 2.9442645649390365e-06,
      "y": 0.002226584909949102,
      "z": -0.0012949298135580798,
      "w": 0.9999966827283718
    },
    "yaw_rad": -0.0025898664992293837,
    "linear_vel": {
      "x": 0.13549110208700915,
      "y": -8.343097751508375e-06
    },
    "angular_vel_z": 0.017278148342424506
  }
}