{
  "frame_idx": 36,
  "ros_stamp": 3919.9,
  "wall_time": 1776688065.6841528,
  "prompt": "in small rack shelves",
  "goal_id": "inside_small_shelf",
  "goal_pose": {
    "frame_id": "map",
    "x": 5.231,
    "y": -5.906,
    "yaw_rad": -3.134
  },
  "odom": {
    "position": {
      "x": 4.16403343094176,
      "y": -5.80899261322312,
      "z": 0.0
    },
    "orientation_quat": {
      "x": -1.160031414730407e-05,
      "y": 0.0014212394077921255,
      "z": 0.008207348221808521,
      "w": 0.9999653090878425
    },
    "yaw_rad": 0.01641489749686197,
    "linear_vel": {
      "x": 0.15520914715581596,
      "y": -1.0553530162844776e-06
    },
    "angular_vel_z": 0.002754405834843335
  }
}