{
  "frame_idx": 37,
  "ros_stamp": 3921.9,
  "wall_time": 1776688067.9098587,
  "prompt": "in small rack shelves",
  "goal_id": "inside_small_shelf",
  "goal_pose": {
    "frame_id": "map",
    "x": 5.231,
    "y": -5.906,
    "yaw_rad": -3.134
  },
  "odom": {
    "position": {
      "x": 4.50237961744873,
      "y": -5.808320147596502,
      "z": 0.0
    },
    "orientation_quat": {
      "x": 1.7610154645171058e-05,
      "y": 0.001434324251259923,
      "z": -0.012228833120715326,
      "w": 0.9999241961490534
    },
    "yaw_rad": -0.024458300833601333,
    "linear_vel": {
      "x": 0.0867119713031566,
      "y": 1.1360174995884377e-05
    },
    "angular_vel_z": -0.035278976881762084
  }
}