{
  "frame_idx": 38,
  "ros_stamp": 3923.9,
  "wall_time": 1776688070.063789,
  "prompt": "in small rack shelves",
  "goal_id": "inside_small_shelf",
  "goal_pose": {
    "frame_id": "map",
    "x": 5.231,
    "y": -5.906,
    "yaw_rad": -3.134
  },
  "odom": {
    "position": {
      "x": 4.668991149122769,
      "y": -5.814798191681734,
      "z": 0.0
    },
    "orientation_quat": {
      "x": 5.213621292855746e-05,
      "y": 0.0022220355670311154,
      "z": -0.023429520777575912,
      "w": 0.9997230203390773
    },
    "yaw_rad": -0.04686344527598603,
    "linear_vel": {
      "x": 0.05330368237237874,
      "y": 1.0579848016007769e-06
    },
    "angular_vel_z": -0.002369345554374313
  }
}