{
  "frame_idx": 39,
  "ros_stamp": 3925.9,
  "wall_time": 1776688072.1915495,
  "prompt": "in small rack shelves",
  "goal_id": "inside_small_shelf",
  "goal_pose": {
    "frame_id": "map",
    "x": 5.231,
    "y": -5.906,
    "yaw_rad": -3.134
  },
  "odom": {
    "position": {
      "x": 4.903876820617536,
      "y": -5.8309184626830906,
      "z": 0.0
    },
    "orientation_quat": {
      "x": 0.0001383214008121401,
      "y": 0.0019613071853037825,
      "z": -0.07017793365410471,
      "w": 0.9975325517342054
    },
    "yaw_rad": -0.14047160144483894,
    "linear_vel": {
      "x": 0.14767033935552215,
      "y": 5.0024495004048114e-05
    },
    "angular_vel_z": -0.10833680544569109
  }
}