{
  "frame_idx": 40,
  "ros_stamp": 3927.9,
  "wall_time": 1776688074.3705091,
  "prompt": "in small rack shelves",
  "goal_id": "inside_small_shelf",
  "goal_pose": {
    "frame_id": "map",
    "x": 5.231,
    "y": -5.906,
    "yaw_rad": -3.134
  },
  "odom": {
    "position": {
      "x": 5.143251471499162,
      "y": -5.896832661970296,
      "z": 0.0
    },
    "orientation_quat": {
      "x": 0.00042508183385410984,
      "y": 0.0018903601299176617,
      "z": -0.21935501970236473,
      "w": 0.9756431833285102
    },
    "yaw_rad": -0.4423075247114372,
    "linear_vel": {
      "x": 0.09056073809475426,
      "y": 6.035513273477966e-05
    },
    "angular_vel_z": -0.15172784622944016
  }
}