{
  "frame_idx": 41,
  "ros_stamp": 3929.9,
  "wall_time": 1776688076.5818279,
  "prompt": "in small rack shelves",
  "goal_id": "inside_small_shelf",
  "goal_pose": {
    "frame_id": "map",
    "x": 5.231,
    "y": -5.906,
    "yaw_rad": -3.134
  },
  "odom": {
    "position": {
      "x": 5.227841196624645,
      "y": -5.951973309600295,
      "z": 0.0
    },
    "orientation_quat": {
      "x": 0.0008695871229496191,
      "y": 0.0020423986809628195,
      "z": -0.3926156863495239,
      "w": 0.9196999484930701
    },
    "yaw_rad": -0.8069499704495422,
    "linear_vel": {
      "x": 0.019624732630368937,
      "y": 6.439604053844085e-05
    },
    "angular_vel_z": -0.17833553223879567
  }
}