{
  "frame_idx": 42,
  "ros_stamp": 3931.9,
  "wall_time": 1776688078.8222032,
  "prompt": "in small rack shelves",
  "goal_id": "inside_small_shelf",
  "goal_pose": {
    "frame_id": "map",
    "x": 5.231,
    "y": -5.906,
    "yaw_rad": -3.134
  },
  "odom": {
    "position": {
      "x": 5.236295614394895,
      "y": -5.9623736720972,
      "z": 0.0
    },
    "orientation_quat": {
      "x": 0.0010827875803689285,
      "y": 0.00162880666484095,
      "z": -0.554627539025295,
      "w": 0.8320964292163795
    },
    "yaw_rad": -1.1758331252021441,
    "linear_vel": {
      "x": 0.002917001679892021,
      "y": 5.917251799552153e-05
    },
    "angular_vel_z": -0.1946216392936153
  }
}