{
  "frame_idx": 43,
  "ros_stamp": 3933.9,
  "wall_time": 1776688080.965358,
  "prompt": "in small rack shelves",
  "goal_id": "inside_small_shelf",
  "goal_pose": {
    "frame_id": "map",
    "x": 5.231,
    "y": -5.906,
    "yaw_rad": -3.134
  },
  "odom": {
    "position": {
      "x": 5.236563760059067,
      "y": -5.962783185044351,
      "z": 0.0
    },
    "orientation_quat": {
      "x": 0.0015401943854151847,
      "y": 0.0016025546701765375,
      "z": -0.6929368847449644,
      "w": 0.7209948220200533
    },
    "yaw_rad": -1.531113709696742,
    "linear_vel": {
      "x": -6.342848201392165e-09,
      "y": 5.908777499808844e-05
    },
    "angular_vel_z": -0.17015376678304261
  }
}