{
  "frame_idx": 44,
  "ros_stamp": 3935.9,
  "wall_time": 1776688083.125531,
  "prompt": "in small rack shelves",
  "goal_id": "inside_small_shelf",
  "goal_pose": {
    "frame_id": "map",
    "x": 5.231,
    "y": -5.906,
    "yaw_rad": -3.134
  },
  "odom": {
    "position": {
      "x": 5.236679800765374,
      "y": -5.962797645465869,
      "z": 0.0
    },
    "orientation_quat": {
      "x": 0.0017838784430739823,
      "y": 0.0013259515342328233,
      "z": -0.802577386841932,
      "w": 0.5965438774811161
    },
    "yaw_rad": -1.8632131443315703,
    "linear_vel": {
      "x": -1.941682706329462e-07,
      "y": 5.0845457338923776e-05
    },
    "angular_vel_z": -0.14484675534796043
  }
}