{
  "frame_idx": 45,
  "ros_stamp": 3937.9,
  "wall_time": 1776688085.3125777,
  "prompt": "in small rack shelves",
  "goal_id": "inside_small_shelf",
  "goal_pose": {
    "frame_id": "map",
    "x": 5.231,
    "y": -5.906,
    "yaw_rad": -3.134
  },
  "odom": {
    "position": {
      "x": 5.252383842954959,
      "y": -5.984371502922438,
      "z": 0.0
    },
    "orientation_quat": {
      "x": -0.0018527678777930379,
      "y": -0.0012276488844164982,
      "z": -0.833602331773429,
      "w": 0.5523605820397663
    },
    "yaw_rad": -1.9712026519133876,
    "linear_vel": {
      "x": 0.010713318789024002,
      "y": 0.016910384387057394
    },
    "angular_vel_z": -0.03866111630393586
  }
}