{
  "frame_idx": 46,
  "ros_stamp": 3939.9,
  "wall_time": 1776688087.4076278,
  "prompt": "in small rack shelves",
  "goal_id": "inside_small_shelf",
  "goal_pose": {
    "frame_id": "map",
    "x": 5.231,
    "y": -5.906,
    "yaw_rad": -3.134
  },
  "odom": {
    "position": {
      "x": 5.266636981136706,
      "y": -6.005566348312433,
      "z": 0.0
    },
    "orientation_quat": {
      "x": -0.001879506404530548,
      "y": -0.00118571071355706,
      "z": -0.8458352957608878,
      "w": 0.5334395129636266
    },
    "yaw_rad": -2.016265997626046,
    "linear_vel": {
      "x": 0.0,
      "y": 0.0
    },
    "angular_vel_z": 0.0
  }
}