{
  "frame_idx": 47,
  "ros_stamp": 3941.9,
  "wall_time": 1776688089.5669851,
  "prompt": "in small rack shelves",
  "goal_id": "inside_small_shelf",
  "goal_pose": {
    "frame_id": "map",
    "x": 5.231,
    "y": -5.906,
    "yaw_rad": -3.134
  },
  "odom": {
    "position": {
      "x": 5.283694866929758,
      "y": -6.03165002990571,
      "z": 0.0
    },
    "orientation_quat": {
      "x": 0.0005270690902277725,
      "y": 0.000285808401096119,
      "z": 0.8791455900579206,
      "w": -0.4765529057653963
    },
    "yaw_rad": -2.148133322747521,
    "linear_vel": {
      "x": 7.315407476722851e-05,
      "y": -1.3737193134950794e-05
    },
    "angular_vel_z": -0.1416022977401125
  }
}