{
  "frame_idx": 48,
  "ros_stamp": 3943.9,
  "wall_time": 1776688091.691182,
  "prompt": "in small rack shelves",
  "goal_id": "inside_small_shelf",
  "goal_pose": {
    "frame_id": "map",
    "x": 5.231,
    "y": -5.906,
    "yaw_rad": -3.134
  },
  "odom": {
    "position": {
      "x": 5.283749086997488,
      "y": -6.031711822316786,
      "z": 0.0
    },
    "orientation_quat": {
      "x": -0.0020680379949054545,
      "y": -0.000814564584065306,
      "z": 0.9304312977310767,
      "w": -0.3664596292988558
    },
    "yaw_rad": -2.39118854553425,
    "linear_vel": {
      "x": -4.9832751804927195e-09,
      "y": 3.828300752205348e-05
    },
    "angular_vel_z": -0.11038972664349503
  }
}