{
  "frame_idx": 49,
  "ros_stamp": 3945.9,
  "wall_time": 1776688093.8125517,
  "prompt": "in small rack shelves",
  "goal_id": "inside_small_shelf",
  "goal_pose": {
    "frame_id": "map",
    "x": 5.231,
    "y": -5.906,
    "yaw_rad": -3.134
  },
  "odom": {
    "position": {
      "x": 5.283795717539236,
      "y": -6.031773230869347,
      "z": 0.0
    },
    "orientation_quat": {
      "x": -0.002142014385267378,
      "y": -0.0005933981562461518,
      "z": 0.9637078140950907,
      "w": -0.2669500116221456
    },
    "yaw_rad": -2.6011376883234947,
    "linear_vel": {
      "x": 2.49612389515823e-07,
      "y": 3.5965690600696704e-05
    },
    "angular_vel_z": -0.1024248013034967
  }
}