{
  "frame_idx": 50,
  "ros_stamp": 3947.9,
  "wall_time": 1776688096.0130734,
  "prompt": "in small rack shelves",
  "goal_id": "inside_small_shelf",
  "goal_pose": {
    "frame_id": "map",
    "x": 5.231,
    "y": -5.906,
    "yaw_rad": -3.134
  },
  "odom": {
    "position": {
      "x": 5.283783591179202,
      "y": -6.031853281892261,
      "z": 0.0
    },
    "orientation_quat": {
      "x": -0.0021871259557234577,
      "y": -0.0003958381869061301,
      "z": 0.9840158920846059,
      "w": -0.1780667962229919
    },
    "yaw_rad": -2.7835487610751795,
    "linear_vel": {
      "x": 2.4923729896286605e-07,
      "y": 2.6100005341467927e-05
    },
    "angular_vel_z": -0.07342685368249566
  }
}