{
  "frame_idx": 0,
  "ros_stamp": 3089.9,
  "wall_time": 1776687165.582022,
  "prompt": "mini packaging section",
  "goal_id": "mini_packaging_section",
  "goal_pose": {
    "frame_id": "map",
    "x": 0.342,
    "y": 3.57,
    "yaw_rad": 3.101
  },
  "odom": {
    "position": {
      "x": -0.28486638405005865,
      "y": 7.266548056180057,
      "z": 0.0
    },
    "orientation_quat": {
      "x": -0.001635478794775574,
      "y": -0.0015143981557193314,
      "z": -0.7337893333262552,
      "w": 0.6793734216938044
    },
    "yaw_rad": -1.6477712410768532,
    "linear_vel": {
      "x": 0.17826494555342473,
      "y": 1.2963891422153377e-05
    },
    "angular_vel_z": 0.07730104582359335
  }
}