{
  "frame_idx": 1,
  "ros_stamp": 3091.9,
  "wall_time": 1776687167.727267,
  "prompt": "mini packaging section",
  "goal_id": "mini_packaging_section",
  "goal_pose": {
    "frame_id": "map",
    "x": 0.342,
    "y": 3.57,
    "yaw_rad": 3.101
  },
  "odom": {
    "position": {
      "x": -0.2946779374210092,
      "y": 6.956096760330982,
      "z": 0.0
    },
    "orientation_quat": {
      "x": -0.0012986647244869372,
      "y": -0.0013109908220200327,
      "z": -0.7038515642916229,
      "w": 0.710344684091627
    },
    "yaw_rad": -1.5616136217125425,
    "linear_vel": {
      "x": 0.17352019548295144,
      "y": 3.7041859930429843e-06
    },
    "angular_vel_z": 0.03911251331669897
  }
}