{
  "frame_idx": 2,
  "ros_stamp": 3093.9,
  "wall_time": 1776687169.930063,
  "prompt": "mini packaging section",
  "goal_id": "mini_packaging_section",
  "goal_pose": {
    "frame_id": "map",
    "x": 0.342,
    "y": 3.57,
    "yaw_rad": 3.101
  },
  "odom": {
    "position": {
      "x": -0.275641470871347,
      "y": 6.634568106282069,
      "z": 0.0
    },
    "orientation_quat": {
      "x": -0.0003033038362868365,
      "y": -0.0003311478861438039,
      "z": -0.6654379439158739,
      "w": 0.7464530401471178
    },
    "yaw_rad": -1.4561609032774578,
    "linear_vel": {
      "x": 0.1354316003975768,
      "y": -7.102869035599559e-06
    },
    "angular_vel_z": 0.07260607404802469
  }
}