{
  "frame_idx": 3,
  "ros_stamp": 3095.9,
  "wall_time": 1776687172.135614,
  "prompt": "mini packaging section",
  "goal_id": "mini_packaging_section",
  "goal_pose": {
    "frame_id": "map",
    "x": 0.342,
    "y": 3.57,
    "yaw_rad": 3.101
  },
  "odom": {
    "position": {
      "x": -0.223344908845985,
      "y": 6.323845075973695,
      "z": 0.0
    },
    "orientation_quat": {
      "x": -0.00020663660380893683,
      "y": -0.0002515616195947227,
      "z": -0.6347675242824957,
      "w": 0.7727031021901859
    },
    "yaw_rad": -1.3754153321314635,
    "linear_vel": {
      "x": 0.1639040098744035,
      "y": 1.4676674804178932e-06
    },
    "angular_vel_z": -0.007535279416057193
  }
}