{
  "frame_idx": 4,
  "ros_stamp": 3097.9,
  "wall_time": 1776687174.284205,
  "prompt": "mini packaging section",
  "goal_id": "mini_packaging_section",
  "goal_pose": {
    "frame_id": "map",
    "x": 0.342,
    "y": 3.57,
    "yaw_rad": 3.101
  },
  "odom": {
    "position": {
      "x": -0.1613180747228207,
      "y": 6.006252324688938,
      "z": 0.0
    },
    "orientation_quat": {
      "x": -0.000848120854650772,
      "y": -0.0010057099095731002,
      "z": -0.6448825481244772,
      "w": 0.764280556054565
    },
    "yaw_rad": -1.4017406555336787,
    "linear_vel": {
      "x": 0.16885170367116936,
      "y": -3.244578233567593e-07
    },
    "angular_vel_z": -0.05613122431684472
  }
}