{
  "frame_idx": 5,
  "ros_stamp": 3099.9,
  "wall_time": 1776687176.5407708,
  "prompt": "mini packaging section",
  "goal_id": "mini_packaging_section",
  "goal_pose": {
    "frame_id": "map",
    "x": 0.342,
    "y": 3.57,
    "yaw_rad": 3.101
  },
  "odom": {
    "position": {
      "x": -0.11392977328268365,
      "y": 5.699018841668749,
      "z": 0.0
    },
    "orientation_quat": {
      "x": -0.0012536850563771558,
      "y": -0.0014569281095273944,
      "z": -0.6522536823046564,
      "w": 0.7579983110497539
    },
    "yaw_rad": -1.4211108593215642,
    "linear_vel": {
      "x": 0.1838884090477229,
      "y": 9.996347952085673e-07
    },
    "angular_vel_z": 0.015092217489044287
  }
}