{
  "frame_idx": 6,
  "ros_stamp": 3101.9,
  "wall_time": 1776687178.6651707,
  "prompt": "mini packaging section",
  "goal_id": "mini_packaging_section",
  "goal_pose": {
    "frame_id": "map",
    "x": 0.342,
    "y": 3.57,
    "yaw_rad": 3.101
  },
  "odom": {
    "position": {
      "x": -0.05589943285062246,
      "y": 5.376210933957732,
      "z": 0.0
    },
    "orientation_quat": {
      "x": 0.0005128963761407006,
      "y": 0.0006363292468669114,
      "z": -0.629646186981486,
      "w": 0.7768815940940244
    },
    "yaw_rad": -1.3621959459902382,
    "linear_vel": {
      "x": 0.16900935035089135,
      "y": -7.243660223993896e-06
    },
    "angular_vel_z": 0.019677479840920255
  }
}