{
  "frame_idx": 7,
  "ros_stamp": 3103.9,
  "wall_time": 1776687180.8277686,
  "prompt": "mini packaging section",
  "goal_id": "mini_packaging_section",
  "goal_pose": {
    "frame_id": "map",
    "x": 0.342,
    "y": 3.57,
    "yaw_rad": 3.101
  },
  "odom": {
    "position": {
      "x": 0.014617979277161164,
      "y": 5.068702120020691,
      "z": 0.0
    },
    "orientation_quat": {
      "x": -0.0003353310522010699,
      "y": -0.0004220244237646731,
      "z": -0.622109053585792,
      "w": 0.7829304151040891
    },
    "yaw_rad": -1.3428674776772853,
    "linear_vel": {
      "x": 0.15897574385304974,
      "y": 1.9582924850663423e-06
    },
    "angular_vel_z": -0.02324401127801176
  }
}