{
  "frame_idx": 8,
  "ros_stamp": 3105.9,
  "wall_time": 1776687182.9870877,
  "prompt": "mini packaging section",
  "goal_id": "mini_packaging_section",
  "goal_pose": {
    "frame_id": "map",
    "x": 0.342,
    "y": 3.57,
    "yaw_rad": 3.101
  },
  "odom": {
    "position": {
      "x": 0.0904395915577119,
      "y": 4.707932363182456,
      "z": 0.0
    },
    "orientation_quat": {
      "x": 0.0009488672512854657,
      "y": 0.00112978511451372,
      "z": -0.6432818702524533,
      "w": 0.7656280158412703
    },
    "yaw_rad": -1.3975560036596044,
    "linear_vel": {
      "x": 0.2080513674446387,
      "y": 1.5181985907837184e-05
    },
    "angular_vel_z": -0.03376856932194425
  }
}