{
  "frame_idx": 9,
  "ros_stamp": 3107.9,
  "wall_time": 1776687185.09298,
  "prompt": "mini packaging section",
  "goal_id": "mini_packaging_section",
  "goal_pose": {
    "frame_id": "map",
    "x": 0.342,
    "y": 3.57,
    "yaw_rad": 3.101
  },
  "odom": {
    "position": {
      "x": 0.14833349786116123,
      "y": 4.316539327298298,
      "z": 0.0
    },
    "orientation_quat": {
      "x": 0.0014595514094608718,
      "y": 0.0016765409654274479,
      "z": -0.6566068445327561,
      "w": 0.7542297465844288
    },
    "yaw_rad": -1.4326264719807584,
    "linear_vel": {
      "x": 0.18051277409667188,
      "y": -9.43652605817152e-06
    },
    "angular_vel_z": 0.01717976374795688
  }
}