{
  "frame_idx": 10,
  "ros_stamp": 3109.9,
  "wall_time": 1776687187.3046904,
  "prompt": "mini packaging section",
  "goal_id": "mini_packaging_section",
  "goal_pose": {
    "frame_id": "map",
    "x": 0.342,
    "y": 3.57,
    "yaw_rad": 3.101
  },
  "odom": {
    "position": {
      "x": 0.19943731994049235,
      "y": 3.97711520300323,
      "z": 0.0
    },
    "orientation_quat": {
      "x": 0.0010505827105594815,
      "y": 0.0012108387246660246,
      "z": -0.6578346093492098,
      "w": 0.7531607111951099
    },
    "yaw_rad": -1.4358824079949861,
    "linear_vel": {
      "x": 0.1503822614981716,
      "y": 5.4178642632920635e-05
    },
    "angular_vel_z": -0.13840257697020514
  }
}