{
  "frame_idx": 11,
  "ros_stamp": 3111.9,
  "wall_time": 1776687189.4038768,
  "prompt": "mini packaging section",
  "goal_id": "mini_packaging_section",
  "goal_pose": {
    "frame_id": "map",
    "x": 0.342,
    "y": 3.57,
    "yaw_rad": 3.101
  },
  "odom": {
    "position": {
      "x": 0.20730962294245583,
      "y": 3.7441765889654013,
      "z": 0.0
    },
    "orientation_quat": {
      "x": 0.001618052143985616,
      "y": 0.0014803501939829908,
      "z": -0.7377998093274193,
      "w": 0.6750160233853612
    },
    "yaw_rad": -1.6596154139178172,
    "linear_vel": {
      "x": 0.09257701380920354,
      "y": 5.632932193654e-05
    },
    "angular_vel_z": -0.12923677806941222
  }
}