{
  "frame_idx": 12,
  "ros_stamp": 3113.9,
  "wall_time": 1776687191.5628905,
  "prompt": "mini packaging section",
  "goal_id": "mini_packaging_section",
  "goal_pose": {
    "frame_id": "map",
    "x": 0.342,
    "y": 3.57,
    "yaw_rad": 3.101
  },
  "odom": {
    "position": {
      "x": 0.18208903527969897,
      "y": 3.6207040003067315,
      "z": 0.0
    },
    "orientation_quat": {
      "x": 0.0018276853300035075,
      "y": 0.001265636381615678,
      "z": -0.8221293398685343,
      "w": 0.5692964133544248
    },
    "yaw_rad": -1.9302896426527203,
    "linear_vel": {
      "x": 0.03744377739546996,
      "y": 5.5333464832260086e-05
    },
    "angular_vel_z": -0.14233593118720422
  }
}