{
  "frame_idx": 13,
  "ros_stamp": 3115.9,
  "wall_time": 1776687193.7247996,
  "prompt": "mini packaging section",
  "goal_id": "mini_packaging_section",
  "goal_pose": {
    "frame_id": "map",
    "x": 0.342,
    "y": 3.57,
    "yaw_rad": 3.101
  },
  "odom": {
    "position": {
      "x": 0.1664217972585629,
      "y": 3.588042387346261,
      "z": 0.0
    },
    "orientation_quat": {
      "x": -0.00198060355108554,
      "y": -0.0010125706771373572,
      "z": 0.890392075056886,
      "w": -0.45518897678446674
    },
    "yaw_rad": -2.196421240325809,
    "linear_vel": {
      "x": -0.00017602893805806536,
      "y": 4.0163075034105714e-05
    },
    "angular_vel_z": -0.1150171195800962
  }
}