{
  "frame_idx": 14,
  "ros_stamp": 3117.9,
  "wall_time": 1776687195.8318071,
  "prompt": "mini packaging section",
  "goal_id": "mini_packaging_section",
  "goal_pose": {
    "frame_id": "map",
    "x": 0.342,
    "y": 3.57,
    "yaw_rad": 3.101
  },
  "odom": {
    "position": {
      "x": 0.16579862849233928,
      "y": 3.587146271373342,
      "z": 0.0
    },
    "orientation_quat": {
      "x": -0.0020917416161889174,
      "y": -0.0007515993215633403,
      "z": 0.9410966771719599,
      "w": -0.3381303061415329
    },
    "yaw_rad": -2.4517319307329113,
    "linear_vel": {
      "x": 5.775541532808732e-07,
      "y": 4.0645454616987117e-05
    },
    "angular_vel_z": -0.11692399056051692
  }
}