{
  "frame_idx": 15,
  "ros_stamp": 3119.9,
  "wall_time": 1776687198.0715694,
  "prompt": "mini packaging section",
  "goal_id": "mini_packaging_section",
  "goal_pose": {
    "frame_id": "map",
    "x": 0.342,
    "y": 3.57,
    "yaw_rad": 3.101
  },
  "odom": {
    "position": {
      "x": 0.16583482771483368,
      "y": 3.5870742311134043,
      "z": 0.0
    },
    "orientation_quat": {
      "x": -0.0021612933046045186,
      "y": -0.0005186972040377328,
      "z": 0.9723918891747337,
      "w": -0.23334325280936283
    },
    "yaw_rad": -2.6705625927451733,
    "linear_vel": {
      "x": 2.816589668659968e-07,
      "y": 3.463775020099712e-05
    },
    "angular_vel_z": -0.09828577423612987
  }
}