{
  "frame_idx": 16,
  "ros_stamp": 3121.9,
  "wall_time": 1776687200.189759,
  "prompt": "mini packaging section",
  "goal_id": "mini_packaging_section",
  "goal_pose": {
    "frame_id": "map",
    "x": 0.342,
    "y": 3.57,
    "yaw_rad": 3.101
  },
  "odom": {
    "position": {
      "x": 0.16585725146987887,
      "y": 3.58701310213033,
      "z": 0.0
    },
    "orientation_quat": {
      "x": -0.002197720775759572,
      "y": -0.00033198855631997025,
      "z": 0.9887834443399119,
      "w": -0.149339746907145
    },
    "yaw_rad": -2.84179091196623,
    "linear_vel": {
      "x": 1.9192319733658047e-07,
      "y": 2.9436229053740446e-05
    },
    "angular_vel_z": -0.08308596729057292
  }
}