{
  "frame_idx": 0,
  "ros_stamp": 3173.9,
  "wall_time": 1776687257.3013663,
  "prompt": "in small storage shelves",
  "goal_id": "inside_small_shelf",
  "goal_pose": {
    "frame_id": "map",
    "x": 5.231,
    "y": -5.906,
    "yaw_rad": -3.134
  },
  "odom": {
    "position": {
      "x": -0.2871869278864133,
      "y": 7.350780156446527,
      "z": 0.0
    },
    "orientation_quat": {
      "x": -0.0016623189360666013,
      "y": -0.0014905337768618143,
      "z": -0.7448563838937289,
      "w": 0.6672210895779396
    },
    "yaw_rad": -1.6806447124991553,
    "linear_vel": {
      "x": 0.1642847444303537,
      "y": 1.2587413950195282e-05
    },
    "angular_vel_z": 0.06713484944702204
  }
}