{
  "frame_idx": 1,
  "ros_stamp": 3175.9,
  "wall_time": 1776687259.5191152,
  "prompt": "in small storage shelves",
  "goal_id": "inside_small_shelf",
  "goal_pose": {
    "frame_id": "map",
    "x": 5.231,
    "y": -5.906,
    "yaw_rad": -3.134
  },
  "odom": {
    "position": {
      "x": -0.29800752915385315,
      "y": 7.038709344997913,
      "z": 0.0
    },
    "orientation_quat": {
      "x": -0.0012404925819177889,
      "y": -0.0013265919412988017,
      "z": -0.6831975862128794,
      "w": 0.7302313054949581
    },
    "yaw_rad": -1.504268226946809,
    "linear_vel": {
      "x": 0.1574047655883996,
      "y": 1.6819296845202955e-05
    },
    "angular_vel_z": 0.12810324389490338
  }
}