{
  "frame_idx": 2,
  "ros_stamp": 3177.9,
  "wall_time": 1776687261.619822,
  "prompt": "in small storage shelves",
  "goal_id": "inside_small_shelf",
  "goal_pose": {
    "frame_id": "map",
    "x": 5.231,
    "y": -5.906,
    "yaw_rad": -3.134
  },
  "odom": {
    "position": {
      "x": -0.24997342818995366,
      "y": 6.721316042316742,
      "z": 0.0
    },
    "orientation_quat": {
      "x": 0.000638486455604582,
      "y": 0.0007882258857897313,
      "z": -0.6279541174592311,
      "w": 0.7782497011891474
    },
    "yaw_rad": -1.35784400917608,
    "linear_vel": {
      "x": 0.1719584427643745,
      "y": -2.674644053680459e-05
    },
    "angular_vel_z": 0.08583947087070382
  }
}