{
  "frame_idx": 3,
  "ros_stamp": 3179.9,
  "wall_time": 1776687263.7810783,
  "prompt": "in small storage shelves",
  "goal_id": "inside_small_shelf",
  "goal_pose": {
    "frame_id": "map",
    "x": 5.231,
    "y": -5.906,
    "yaw_rad": -3.134
  },
  "odom": {
    "position": {
      "x": -0.1599915611809235,
      "y": 6.396666987393222,
      "z": 0.0
    },
    "orientation_quat": {
      "x": 9.620497502102977e-09,
      "y": -3.1235283518302077e-08,
      "z": -0.5930294310858488,
      "w": 0.8051807833437118
    },
    "yaw_rad": -1.269632148942102,
    "linear_vel": {
      "x": 0.1724500511530785,
      "y": -2.725304326591134e-06
    },
    "angular_vel_z": 0.01207508329496744
  }
}