{
  "frame_idx": 4,
  "ros_stamp": 3181.9,
  "wall_time": 1776687265.9414575,
  "prompt": "in small storage shelves",
  "goal_id": "inside_small_shelf",
  "goal_pose": {
    "frame_id": "map",
    "x": 5.231,
    "y": -5.906,
    "yaw_rad": -3.134
  },
  "odom": {
    "position": {
      "x": -0.04218323883924069,
      "y": 6.055541032139886,
      "z": 0.0
    },
    "orientation_quat": {
      "x": 0.0006870419661393018,
      "y": 0.000989507721407366,
      "z": -0.5702926527984115,
      "w": 0.8214407093710152
    },
    "yaw_rad": -1.21372516433483,
    "linear_vel": {
      "x": 0.19015001570215617,
      "y": -1.2233152397116793e-05
    },
    "angular_vel_z": 0.030088776535672213
  }
}