{
  "frame_idx": 5,
  "ros_stamp": 3183.9,
  "wall_time": 1776687268.0513005,
  "prompt": "in small storage shelves",
  "goal_id": "inside_small_shelf",
  "goal_pose": {
    "frame_id": "map",
    "x": 5.231,
    "y": -5.906,
    "yaw_rad": -3.134
  },
  "odom": {
    "position": {
      "x": 0.09032005648212325,
      "y": 5.709006946814107,
      "z": 0.0
    },
    "orientation_quat": {
      "x": 0.001079007948886941,
      "y": 0.001594301337609489,
      "z": -0.5604731425888928,
      "w": 0.8281703631389026
    },
    "yaw_rad": -1.1899165055321312,
    "linear_vel": {
      "x": 0.16013155762731146,
      "y": -1.7129565981274927e-05
    },
    "angular_vel_z": 0.03521910169359131
  }
}