{
  "frame_idx": 6,
  "ros_stamp": 3185.9,
  "wall_time": 1776687270.2664046,
  "prompt": "in small storage shelves",
  "goal_id": "inside_small_shelf",
  "goal_pose": {
    "frame_id": "map",
    "x": 5.231,
    "y": -5.906,
    "yaw_rad": -3.134
  },
  "odom": {
    "position": {
      "x": 0.21949018930729697,
      "y": 5.3998738298833855,
      "z": 0.0
    },
    "orientation_quat": {
      "x": -0.0007498309858059692,
      "y": -0.0011266396842329923,
      "z": -0.5540664625685591,
      "w": 0.8324713349378934
    },
    "yaw_rad": -1.1744835064520978,
    "linear_vel": {
      "x": 0.18671100734121596,
      "y": 5.991830940725628e-07
    },
    "angular_vel_z": -0.0016047310714359785
  }
}