{
  "frame_idx": 7,
  "ros_stamp": 3187.9,
  "wall_time": 1776687272.3587794,
  "prompt": "in small storage shelves",
  "goal_id": "inside_small_shelf",
  "goal_pose": {
    "frame_id": "map",
    "x": 5.231,
    "y": -5.906,
    "yaw_rad": -3.134
  },
  "odom": {
    "position": {
      "x": 0.36095005280339476,
      "y": 5.072397037961329,
      "z": 0.0
    },
    "orientation_quat": {
      "x": -0.0005416487406582597,
      "y": -0.0008393484516710123,
      "z": -0.5422500180456817,
      "w": 0.8402165911479469
    },
    "yaw_rad": -1.1462260502572705,
    "linear_vel": {
      "x": 0.1649026663290353,
      "y": -6.639476481627715e-07
    },
    "angular_vel_z": 0.034363529106048764
  }
}