{
  "frame_idx": 8,
  "ros_stamp": 3189.9,
  "wall_time": 1776687274.4993906,
  "prompt": "in small storage shelves",
  "goal_id": "inside_small_shelf",
  "goal_pose": {
    "frame_id": "map",
    "x": 5.231,
    "y": -5.906,
    "yaw_rad": -3.134
  },
  "odom": {
    "position": {
      "x": 0.5092548151388625,
      "y": 4.747418990924929,
      "z": 0.0
    },
    "orientation_quat": {
      "x": 6.542807842014966e-05,
      "y": 0.00010264166713566797,
      "z": -0.5372992815925142,
      "w": 0.8433916451945815
    },
    "yaw_rad": -1.134463248369476,
    "linear_vel": {
      "x": 0.18292543752578277,
      "y": -1.6701141748455247e-06
    },
    "angular_vel_z": 0.006062101564776029
  }
}