{
  "frame_idx": 9,
  "ros_stamp": 3191.9,
  "wall_time": 1776687276.6844718,
  "prompt": "in small storage shelves",
  "goal_id": "inside_small_shelf",
  "goal_pose": {
    "frame_id": "map",
    "x": 5.231,
    "y": -5.906,
    "yaw_rad": -3.134
  },
  "odom": {
    "position": {
      "x": 0.6637641247926926,
      "y": 4.421949913063545,
      "z": 0.0
    },
    "orientation_quat": {
      "x": 3.5623064375951683e-06,
      "y": 5.599693050029232e-06,
      "z": -0.5317234180325898,
      "w": 0.8469180637297171
    },
    "yaw_rad": -1.1212683947855902,
    "linear_vel": {
      "x": 0.17392496726747952,
      "y": -4.062028090859272e-06
    },
    "angular_vel_z": 0.022025321409915626
  }
}