{
  "frame_idx": 10,
  "ros_stamp": 3193.9,
  "wall_time": 1776687278.786059,
  "prompt": "in small storage shelves",
  "goal_id": "inside_small_shelf",
  "goal_pose": {
    "frame_id": "map",
    "x": 5.231,
    "y": -5.906,
    "yaw_rad": -3.134
  },
  "odom": {
    "position": {
      "x": 0.8313972985459164,
      "y": 4.087250155026245,
      "z": 0.0
    },
    "orientation_quat": {
      "x": 0.0007778038412233027,
      "y": 0.0012723798689748568,
      "z": -0.5215498798562905,
      "w": 0.8532194904551481
    },
    "yaw_rad": -1.0973342580015764,
    "linear_vel": {
      "x": 0.193400510607639,
      "y": 2.533524763886788e-06
    },
    "angular_vel_z": -0.007278852082307967
  }
}