{
  "frame_idx": 11,
  "ros_stamp": 3195.9,
  "wall_time": 1776687280.9802039,
  "prompt": "in small storage shelves",
  "goal_id": "inside_small_shelf",
  "goal_pose": {
    "frame_id": "map",
    "x": 5.231,
    "y": -5.906,
    "yaw_rad": -3.134
  },
  "odom": {
    "position": {
      "x": 1.0084209474384356,
      "y": 3.765915737526118,
      "z": 0.0
    },
    "orientation_quat": {
      "x": 0.0006637961113596248,
      "y": 0.0011581897776840719,
      "z": -0.4972326634263537,
      "w": 0.8676162149205696
    },
    "yaw_rad": -1.0408135559027398,
    "linear_vel": {
      "x": 0.1818344185169067,
      "y": -1.1644010041811457e-06
    },
    "angular_vel_z": 0.0018234217865505196
  }
}