{
  "frame_idx": 12,
  "ros_stamp": 3197.9,
  "wall_time": 1776687283.0933833,
  "prompt": "in small storage shelves",
  "goal_id": "inside_small_shelf",
  "goal_pose": {
    "frame_id": "map",
    "x": 5.231,
    "y": -5.906,
    "yaw_rad": -3.134
  },
  "odom": {
    "position": {
      "x": 1.1997164307450014,
      "y": 3.4451260291658055,
      "z": 0.0
    },
    "orientation_quat": {
      "x": 0.00080882147289808,
      "y": 0.001426368918429329,
      "z": -0.4932488800601061,
      "w": 0.8698866900918675
    },
    "yaw_rad": -1.031642804331025,
    "linear_vel": {
      "x": 0.14038699456347586,
      "y": 4.673693100958856e-06
    },
    "angular_vel_z": -0.013586076298500931
  }
}