{
  "frame_idx": 13,
  "ros_stamp": 3199.9,
  "wall_time": 1776687285.2355561,
  "prompt": "in small storage shelves",
  "goal_id": "inside_small_shelf",
  "goal_pose": {
    "frame_id": "map",
    "x": 5.231,
    "y": -5.906,
    "yaw_rad": -3.134
  },
  "odom": {
    "position": {
      "x": 1.3955949100970446,
      "y": 3.1288659619630432,
      "z": 0.0
    },
    "orientation_quat": {
      "x": -0.00047500480229591694,
      "y": -0.0008685679590231625,
      "z": -0.47984619294098024,
      "w": 0.877352067918111
    },
    "yaw_rad": -1.0009593277860602,
    "linear_vel": {
      "x": 0.18337588345449257,
      "y": 6.646591313205883e-07
    },
    "angular_vel_z": -0.011292721393321914
  }
}