{
  "frame_idx": 14,
  "ros_stamp": 3201.9,
  "wall_time": 1776687287.4307568,
  "prompt": "in small storage shelves",
  "goal_id": "inside_small_shelf",
  "goal_pose": {
    "frame_id": "map",
    "x": 5.231,
    "y": -5.906,
    "yaw_rad": -3.134
  },
  "odom": {
    "position": {
      "x": 1.602020712779507,
      "y": 2.813433574898953,
      "z": 0.0
    },
    "orientation_quat": {
      "x": -0.000615563394037146,
      "y": -0.0011693698196024603,
      "z": -0.465818612516198,
      "w": 0.8848792425463584
    },
    "yaw_rad": -0.969119913930363,
    "linear_vel": {
      "x": 0.19532719623074626,
      "y": -5.768312276671714e-07
    },
    "angular_vel_z": 0.02660334415951928
  }
}