{
  "frame_idx": 15,
  "ros_stamp": 3203.9,
  "wall_time": 1776687289.5453756,
  "prompt": "in small storage shelves",
  "goal_id": "inside_small_shelf",
  "goal_pose": {
    "frame_id": "map",
    "x": 5.231,
    "y": -5.906,
    "yaw_rad": -3.134
  },
  "odom": {
    "position": {
      "x": 1.8223565143242497,
      "y": 2.5179373289360476,
      "z": 0.0
    },
    "orientation_quat": {
      "x": -0.00038028725924591525,
      "y": -0.0008088969699017266,
      "z": -0.4211301466367147,
      "w": 0.9069997798572124
    },
    "yaw_rad": -0.8693823373607432,
    "linear_vel": {
      "x": 0.18443951607338901,
      "y": -5.243763629260781e-06
    },
    "angular_vel_z": 0.08226944845875694
  }
}