{
  "frame_idx": 16,
  "ros_stamp": 3205.9,
  "wall_time": 1776687291.7643938,
  "prompt": "in small storage shelves",
  "goal_id": "inside_small_shelf",
  "goal_pose": {
    "frame_id": "map",
    "x": 5.231,
    "y": -5.906,
    "yaw_rad": -3.134
  },
  "odom": {
    "position": {
      "x": 2.0694295379331935,
      "y": 2.2629243507488748,
      "z": 0.0
    },
    "orientation_quat": {
      "x": -0.00031471279528062155,
      "y": -0.0008074673628454108,
      "z": -0.36271650779159154,
      "w": 0.9318991275496434
    },
    "yaw_rad": -0.7423628274660358,
    "linear_vel": {
      "x": 0.17802442698350412,
      "y": -3.28193095823796e-06
    },
    "angular_vel_z": 0.0717561545422389
  }
}