{
  "frame_idx": 17,
  "ros_stamp": 3207.9,
  "wall_time": 1776687293.9310455,
  "prompt": "in small storage shelves",
  "goal_id": "inside_small_shelf",
  "goal_pose": {
    "frame_id": "map",
    "x": 5.231,
    "y": -5.906,
    "yaw_rad": -3.134
  },
  "odom": {
    "position": {
      "x": 2.323645432113343,
      "y": 2.0482963144761426,
      "z": 0.0
    },
    "orientation_quat": {
      "x": 0.0005019318898174643,
      "y": 0.0014520182247832437,
      "z": -0.3266851608774887,
      "w": 0.9451319724619955
    },
    "yaw_rad": -0.6655891509570224,
    "linear_vel": {
      "x": 0.15087878824571946,
      "y": -8.175432854968471e-06
    },
    "angular_vel_z": 0.021445057187891785
  }
}