{
  "frame_idx": 18,
  "ros_stamp": 3209.9,
  "wall_time": 1776687296.0563443,
  "prompt": "in small storage shelves",
  "goal_id": "inside_small_shelf",
  "goal_pose": {
    "frame_id": "map",
    "x": 5.231,
    "y": -5.906,
    "yaw_rad": -3.134
  },
  "odom": {
    "position": {
      "x": 2.61174180618467,
      "y": 1.833506919385728,
      "z": 0.0
    },
    "orientation_quat": {
      "x": -0.0003791971112477243,
      "y": -0.0011874441641110288,
      "z": -0.304258136188432,
      "w": 0.9525888057021507
    },
    "yaw_rad": -0.6183195883614673,
    "linear_vel": {
      "x": 0.17169615324485213,
      "y": -2.2369598893774798e-07
    },
    "angular_vel_z": 0.004190573633571177
  }
}