{
  "frame_idx": 19,
  "ros_stamp": 3211.9,
  "wall_time": 1776687298.2672234,
  "prompt": "in small storage shelves",
  "goal_id": "inside_small_shelf",
  "goal_pose": {
    "frame_id": "map",
    "x": 5.231,
    "y": -5.906,
    "yaw_rad": -3.134
  },
  "odom": {
    "position": {
      "x": 2.867357151999425,
      "y": 1.6502868132156447,
      "z": 0.0
    },
    "orientation_quat": {
      "x": 0.0006934929758771553,
      "y": 0.002112159431404735,
      "z": -0.31192865561350586,
      "w": 0.9501029268753884
    },
    "yaw_rad": -0.6344462147004503,
    "linear_vel": {
      "x": 0.16047558326663566,
      "y": 3.651425536708812e-06
    },
    "angular_vel_z": -0.006739912011748156
  }
}