{
  "frame_idx": 20,
  "ros_stamp": 3213.9,
  "wall_time": 1776687300.3826118,
  "prompt": "in small storage shelves",
  "goal_id": "inside_small_shelf",
  "goal_pose": {
    "frame_id": "map",
    "x": 5.231,
    "y": -5.906,
    "yaw_rad": -3.134
  },
  "odom": {
    "position": {
      "x": 3.115477839497391,
      "y": 1.4580294309520896,
      "z": 0.0
    },
    "orientation_quat": {
      "x": 0.00044013609346058697,
      "y": 0.0011879899848418083,
      "z": -0.3472537449480501,
      "w": 0.9377703511945608
    },
    "yaw_rad": -0.7092826304720102,
    "linear_vel": {
      "x": 0.1807462278856408,
      "y": 3.736615931830068e-05
    },
    "angular_vel_z": -0.10090770496660642
  }
}