{
  "frame_idx": 21,
  "ros_stamp": 3215.9,
  "wall_time": 1776687302.6146312,
  "prompt": "in small storage shelves",
  "goal_id": "inside_small_shelf",
  "goal_pose": {
    "frame_id": "map",
    "x": 5.231,
    "y": -5.906,
    "yaw_rad": -3.134
  },
  "odom": {
    "position": {
      "x": 3.302746256640276,
      "y": 1.2519962049642457,
      "z": 0.0
    },
    "orientation_quat": {
      "x": -0.000980715555633504,
      "y": -0.0018421676850603906,
      "z": -0.46995447282558844,
      "w": 0.8826881884824574
    },
    "yaw_rad": -0.9784807183170949,
    "linear_vel": {
      "x": 0.15352265912490615,
      "y": -2.837988039652861e-05
    },
    "angular_vel_z": -0.16608850210471804
  }
}