{
  "frame_idx": 22,
  "ros_stamp": 3217.9,
  "wall_time": 1776687304.7683797,
  "prompt": "in small storage shelves",
  "goal_id": "inside_small_shelf",
  "goal_pose": {
    "frame_id": "map",
    "x": 5.231,
    "y": -5.906,
    "yaw_rad": -3.134
  },
  "odom": {
    "position": {
      "x": 3.4132727509085874,
      "y": 1.0276604844864503,
      "z": 0.0
    },
    "orientation_quat": {
      "x": -0.001285190529024515,
      "y": -0.0018130140856387994,
      "z": -0.5777339175941011,
      "w": 0.8162221399390007
    },
    "yaw_rad": -1.2319028051446241,
    "linear_vel": {
      "x": 0.14002446730746143,
      "y": -2.6307392948249776e-05
    },
    "angular_vel_z": -0.12683108453986874
  }
}