{
  "frame_idx": 23,
  "ros_stamp": 3219.9,
  "wall_time": 1776687306.8807962,
  "prompt": "in small storage shelves",
  "goal_id": "inside_small_shelf",
  "goal_pose": {
    "frame_id": "map",
    "x": 5.231,
    "y": -5.906,
    "yaw_rad": -3.134
  },
  "odom": {
    "position": {
      "x": 3.481783797172842,
      "y": 0.737511820094355,
      "z": 0.0
    },
    "orientation_quat": {
      "x": 0.0006778826086767759,
      "y": 0.0007797601381088936,
      "z": -0.6560126719350086,
      "w": 0.7547491680750544
    },
    "yaw_rad": -1.4310480702023785,
    "linear_vel": {
      "x": 0.16676258756035606,
      "y": 2.202605164879373e-05
    },
    "angular_vel_z": -0.06684226419412445
  }
}