{
  "frame_idx": 24,
  "ros_stamp": 3221.9,
  "wall_time": 1776687309.104987,
  "prompt": "in small storage shelves",
  "goal_id": "inside_small_shelf",
  "goal_pose": {
    "frame_id": "map",
    "x": 5.231,
    "y": -5.906,
    "yaw_rad": -3.134
  },
  "odom": {
    "position": {
      "x": 3.508186370372444,
      "y": 0.4253125641869459,
      "z": 0.0
    },
    "orientation_quat": {
      "x": -0.000619714256407023,
      "y": -0.0006512566270909198,
      "z": -0.6893474545157836,
      "w": 0.7244303132611554
    },
    "yaw_rad": -1.5211765618511526,
    "linear_vel": {
      "x": 0.1584812370792043,
      "y": 2.2046729335215362e-07
    },
    "angular_vel_z": -0.01601547184725764
  }
}