{
  "frame_idx": 25,
  "ros_stamp": 3223.9,
  "wall_time": 1776687311.2001128,
  "prompt": "in small storage shelves",
  "goal_id": "inside_small_shelf",
  "goal_pose": {
    "frame_id": "map",
    "x": 5.231,
    "y": -5.906,
    "yaw_rad": -3.134
  },
  "odom": {
    "position": {
      "x": 3.5147560859216647,
      "y": 0.08869693385445623,
      "z": 0.0
    },
    "orientation_quat": {
      "x": 0.001443198658030937,
      "y": 0.0014451890085736378,
      "z": -0.7066217094301838,
      "w": 0.7075885728079051
    },
    "yaw_rad": -1.5694289725798853,
    "linear_vel": {
      "x": 0.16537955139145127,
      "y": 1.7725910536355306e-05
    },
    "angular_vel_z": -0.036481927643737436
  }
}