{
  "frame_idx": 26,
  "ros_stamp": 3225.9,
  "wall_time": 1776687313.3540034,
  "prompt": "in small storage shelves",
  "goal_id": "inside_small_shelf",
  "goal_pose": {
    "frame_id": "map",
    "x": 5.231,
    "y": -5.906,
    "yaw_rad": -3.134
  },
  "odom": {
    "position": {
      "x": 3.512769641167332,
      "y": -0.2515169598722679,
      "z": 0.0
    },
    "orientation_quat": {
      "x": -0.00046844101160496877,
      "y": -0.0004641452005395282,
      "z": -0.7103586576227052,
      "w": 0.703839571687128
    },
    "yaw_rad": -1.5800157411979638,
    "linear_vel": {
      "x": 0.16094507899566976,
      "y": -3.3734643763233204e-07
    },
    "angular_vel_z": 0.006797033309036545
  }
}