{
  "frame_idx": 27,
  "ros_stamp": 3227.9,
  "wall_time": 1776687315.4966931,
  "prompt": "in small storage shelves",
  "goal_id": "inside_small_shelf",
  "goal_pose": {
    "frame_id": "map",
    "x": 5.231,
    "y": -5.906,
    "yaw_rad": -3.134
  },
  "odom": {
    "position": {
      "x": 3.507156323449937,
      "y": -0.6005633056517229,
      "z": 0.0
    },
    "orientation_quat": {
      "x": -0.0009837925041559618,
      "y": -0.0009684462596416765,
      "z": -0.7126450486087457,
      "w": 0.7015234343609552
    },
    "yaw_rad": -1.5865248416254947,
    "linear_vel": {
      "x": 0.17005425082690376,
      "y": 1.3033139720313599e-06
    },
    "angular_vel_z": 0.024904719532794852
  }
}