{
  "frame_idx": 28,
  "ros_stamp": 3229.9,
  "wall_time": 1776687317.605762,
  "prompt": "in small storage shelves",
  "goal_id": "inside_small_shelf",
  "goal_pose": {
    "frame_id": "map",
    "x": 5.231,
    "y": -5.906,
    "yaw_rad": -3.134
  },
  "odom": {
    "position": {
      "x": 3.5034235351012453,
      "y": -0.9689346993297062,
      "z": 0.0
    },
    "orientation_quat": {
      "x": 0.0015750078003276275,
      "y": 0.0015748782277801277,
      "z": -0.7071334653102145,
      "w": 0.7070765880351041
    },
    "yaw_rad": -1.5708767635991892,
    "linear_vel": {
      "x": 0.1716824141981601,
      "y": -1.2739018683227103e-05
    },
    "angular_vel_z": 0.024536772278895207
  }
}