{
  "frame_idx": 29,
  "ros_stamp": 3231.9,
  "wall_time": 1776687319.8078158,
  "prompt": "in small storage shelves",
  "goal_id": "inside_small_shelf",
  "goal_pose": {
    "frame_id": "map",
    "x": 5.231,
    "y": -5.906,
    "yaw_rad": -3.134
  },
  "odom": {
    "position": {
      "x": 3.506348436011029,
      "y": -1.3116558187748502,
      "z": 0.0
    },
    "orientation_quat": {
      "x": -0.001537660612539092,
      "y": -0.0015578099626783175,
      "z": -0.7024880054662249,
      "w": 0.7116922164840964
    },
    "yaw_rad": -1.5577794836694974,
    "linear_vel": {
      "x": 0.17638673459017387,
      "y": 9.96508943900172e-07
    },
    "angular_vel_z": 0.0060437974915492545
  }
}