{
  "frame_idx": 30,
  "ros_stamp": 3233.9,
  "wall_time": 1776687321.8969889,
  "prompt": "in small storage shelves",
  "goal_id": "inside_small_shelf",
  "goal_pose": {
    "frame_id": "map",
    "x": 5.231,
    "y": -5.906,
    "yaw_rad": -3.134
  },
  "odom": {
    "position": {
      "x": 3.511066641833749,
      "y": -1.643754687710784,
      "z": 0.0
    },
    "orientation_quat": {
      "x": -0.0009952399369186123,
      "y": -0.0010105221954944052,
      "z": -0.7016989783452101,
      "w": 0.7124721272664979
    },
    "yaw_rad": -1.5555606308031134,
    "linear_vel": {
      "x": 0.18282918128265443,
      "y": 1.3541540567148144e-07
    },
    "angular_vel_z": 0.00459355177593411
  }
}