{
  "frame_idx": 31,
  "ros_stamp": 3235.9,
  "wall_time": 1776687324.0376148,
  "prompt": "in small storage shelves",
  "goal_id": "inside_small_shelf",
  "goal_pose": {
    "frame_id": "map",
    "x": 5.231,
    "y": -5.906,
    "yaw_rad": -3.134
  },
  "odom": {
    "position": {
      "x": 3.517300397071442,
      "y": -1.9939010120375986,
      "z": 0.0
    },
    "orientation_quat": {
      "x": 0.0009721319026446123,
      "y": 0.0009848537481580023,
      "z": -0.7024927818306281,
      "w": 0.7116895225437312
    },
    "yaw_rad": -1.5577900672122411,
    "linear_vel": {
      "x": 0.16893214656583613,
      "y": 1.1380473288281108e-05
    },
    "angular_vel_z": -0.02967275563841344
  }
}