{
  "frame_idx": 32,
  "ros_stamp": 3237.9,
  "wall_time": 1776687326.1801128,
  "prompt": "in small storage shelves",
  "goal_id": "inside_small_shelf",
  "goal_pose": {
    "frame_id": "map",
    "x": 5.231,
    "y": -5.906,
    "yaw_rad": -3.134
  },
  "odom": {
    "position": {
      "x": 3.523872139530039,
      "y": -2.337742292899262,
      "z": 0.0
    },
    "orientation_quat": {
      "x": -0.0015567132894878236,
      "y": -0.0015890760921559819,
      "z": -0.6997947036139786,
      "w": 0.7143405520301445
    },
    "yaw_rad": -1.5502249770837613,
    "linear_vel": {
      "x": 0.17627395766897064,
      "y": 2.223163193577833e-06
    },
    "angular_vel_z": 0.01290372677560386
  }
}