{
  "frame_idx": 33,
  "ros_stamp": 3239.9,
  "wall_time": 1776687328.2798188,
  "prompt": "in small storage shelves",
  "goal_id": "inside_small_shelf",
  "goal_pose": {
    "frame_id": "map",
    "x": 5.231,
    "y": -5.906,
    "yaw_rad": -3.134
  },
  "odom": {
    "position": {
      "x": 3.5405294372345524,
      "y": -2.703370549834792,
      "z": 0.0
    },
    "orientation_quat": {
      "x": -0.0009495719064473602,
      "y": -0.0010270076011423478,
      "z": -0.6788852605841487,
      "w": 0.7342430432289939
    },
    "yaw_rad": -1.492488516742802,
    "linear_vel": {
      "x": 0.1605560109931109,
      "y": -2.0574438993578207e-07
    },
    "angular_vel_z": -0.006757508834142921
  }
}