{
  "frame_idx": 34,
  "ros_stamp": 3241.9,
  "wall_time": 1776687330.4637475,
  "prompt": "in small storage shelves",
  "goal_id": "inside_small_shelf",
  "goal_pose": {
    "frame_id": "map",
    "x": 5.231,
    "y": -5.906,
    "yaw_rad": -3.134
  },
  "odom": {
    "position": {
      "x": 3.568905135947873,
      "y": -3.03948086165653,
      "z": 0.0
    },
    "orientation_quat": {
      "x": 0.0007999867226258388,
      "y": 0.0008660773579586044,
      "z": -0.6785219186440354,
      "w": 0.734579210058977
    },
    "yaw_rad": -1.4914985150370168,
    "linear_vel": {
      "x": 0.17540102042676894,
      "y": -2.241101586766818e-06
    },
    "angular_vel_z": 0.0054735021963088
  }
}