{
  "frame_idx": 35,
  "ros_stamp": 3243.9,
  "wall_time": 1776687332.5532947,
  "prompt": "in small storage shelves",
  "goal_id": "inside_small_shelf",
  "goal_pose": {
    "frame_id": "map",
    "x": 5.231,
    "y": -5.906,
    "yaw_rad": -3.134
  },
  "odom": {
    "position": {
      "x": 3.5938588104384115,
      "y": -3.3608618193290765,
      "z": 0.0
    },
    "orientation_quat": {
      "x": 0.0014042094904879855,
      "y": 0.001538706166126469,
      "z": -0.6750280938823257,
      "w": 0.7377890843924402
    },
    "yaw_rad": -1.4820095410867922,
    "linear_vel": {
      "x": 0.1553286177513829,
      "y": -1.3871855674765142e-05
    },
    "angular_vel_z": 0.026702681697560703
  }
}