{
  "frame_idx": 36,
  "ros_stamp": 3245.9,
  "wall_time": 1776687334.7321084,
  "prompt": "in small storage shelves",
  "goal_id": "inside_small_shelf",
  "goal_pose": {
    "frame_id": "map",
    "x": 5.231,
    "y": -5.906,
    "yaw_rad": -3.134
  },
  "odom": {
    "position": {
      "x": 3.627499017094568,
      "y": -3.692908156301742,
      "z": 0.0
    },
    "orientation_quat": {
      "x": 0.0009420739183510206,
      "y": 0.0010518882359446887,
      "z": -0.6671553214888455,
      "w": 0.7449172994614814
    },
    "yaw_rad": -1.4607686815249807,
    "linear_vel": {
      "x": 0.14866065925805436,
      "y": 6.499470748934171e-06
    },
    "angular_vel_z": -0.017886745084003765
  }
}