{
  "frame_idx": 37,
  "ros_stamp": 3247.9,
  "wall_time": 1776687336.900109,
  "prompt": "in small storage shelves",
  "goal_id": "inside_small_shelf",
  "goal_pose": {
    "frame_id": "map",
    "x": 5.231,
    "y": -5.906,
    "yaw_rad": -3.134
  },
  "odom": {
    "position": {
      "x": 3.6742079051475636,
      "y": -4.0313969369012765,
      "z": 0.0
    },
    "orientation_quat": {
      "x": 0.0014428916863940058,
      "y": 0.0016918074882973236,
      "z": -0.648910155881291,
      "w": 0.7608617912900625
    },
    "yaw_rad": -1.4123065870042866,
    "linear_vel": {
      "x": 0.15105823402797133,
      "y": 1.4708806069956465e-06
    },
    "angular_vel_z": -0.0038131967902260257
  }
}