{
  "frame_idx": 38,
  "ros_stamp": 3249.9,
  "wall_time": 1776687338.9961212,
  "prompt": "in small storage shelves",
  "goal_id": "inside_small_shelf",
  "goal_pose": {
    "frame_id": "map",
    "x": 5.231,
    "y": -5.906,
    "yaw_rad": -3.134
  },
  "odom": {
    "position": {
      "x": 3.7292911161529503,
      "y": -4.369139083926764,
      "z": 0.0
    },
    "orientation_quat": {
      "x": 0.0006212336162706588,
      "y": 0.0007431866506125554,
      "z": -0.6413245688481275,
      "w": 0.7672690917365041
    },
    "yaw_rad": -1.3924475109092722,
    "linear_vel": {
      "x": 0.15372065308684985,
      "y": -1.2076198372122613e-05
    },
    "angular_vel_z": 0.04040002855972151
  }
}