{
  "frame_idx": 39,
  "ros_stamp": 3251.9,
  "wall_time": 1776687341.2137733,
  "prompt": "in small storage shelves",
  "goal_id": "inside_small_shelf",
  "goal_pose": {
    "frame_id": "map",
    "x": 5.231,
    "y": -5.906,
    "yaw_rad": -3.134
  },
  "odom": {
    "position": {
      "x": 3.80470209197154,
      "y": -4.723691397517355,
      "z": 0.0
    },
    "orientation_quat": {
      "x": -0.0002865706504476679,
      "y": -0.00036476963989438203,
      "z": -0.6178188973573285,
      "w": 0.7863202877253943
    },
    "yaw_rad": -1.3319318919510896,
    "linear_vel": {
      "x": 0.18668037967052162,
      "y": -4.626400756541511e-06
    },
    "angular_vel_z": 0.037961643593580265
  }
}