{
  "frame_idx": 40,
  "ros_stamp": 3253.9,
  "wall_time": 1776687343.3270113,
  "prompt": "in small storage shelves",
  "goal_id": "inside_small_shelf",
  "goal_pose": {
    "frame_id": "map",
    "x": 5.231,
    "y": -5.906,
    "yaw_rad": -3.134
  },
  "odom": {
    "position": {
      "x": 3.886251630579681,
      "y": -5.047769691793267,
      "z": 0.0
    },
    "orientation_quat": {
      "x": -0.001412249252554589,
      "y": -0.0017163851053157695,
      "z": -0.635377609862633,
      "w": 0.7721983893142141
    },
    "yaw_rad": -1.3769989170809493,
    "linear_vel": {
      "x": 0.1651590132619897,
      "y": -1.1317946309912294e-05
    },
    "angular_vel_z": -0.06509537193498191
  }
}