{
  "frame_idx": 41,
  "ros_stamp": 3255.9,
  "wall_time": 1776687345.4630039,
  "prompt": "in small storage shelves",
  "goal_id": "inside_small_shelf",
  "goal_pose": {
    "frame_id": "map",
    "x": 5.231,
    "y": -5.906,
    "yaw_rad": -3.134
  },
  "odom": {
    "position": {
      "x": 3.977574156436416,
      "y": -5.3348338576360845,
      "z": 0.0
    },
    "orientation_quat": {
      "x": 0.0006317986591617629,
      "y": 0.0009805688016235074,
      "z": -0.5417865819911128,
      "w": 0.8405152817704546
    },
    "yaw_rad": -1.145123346036601,
    "linear_vel": {
      "x": 0.10876909191633458,
      "y": -3.0959798097784474e-05
    },
    "angular_vel_z": 0.10010535246402161
  }
}