{
  "frame_idx": 42,
  "ros_stamp": 3257.9,
  "wall_time": 1776687347.6376798,
  "prompt": "in small storage shelves",
  "goal_id": "inside_small_shelf",
  "goal_pose": {
    "frame_id": "map",
    "x": 5.231,
    "y": -5.906,
    "yaw_rad": -3.134
  },
  "odom": {
    "position": {
      "x": 4.109905117645739,
      "y": -5.560539609185208,
      "z": 0.0
    },
    "orientation_quat": {
      "x": 0.0008568176537364862,
      "y": 0.0017099764077366055,
      "z": -0.44971961491346135,
      "w": 0.893167738896945
    },
    "yaw_rad": -0.9329046418926649,
    "linear_vel": {
      "x": 0.12431040544181153,
      "y": -4.8155566465139446e-05
    },
    "angular_vel_z": 0.11121575591388069
  }
}