{
  "frame_idx": 43,
  "ros_stamp": 3259.9,
  "wall_time": 1776687349.7594655,
  "prompt": "in small storage shelves",
  "goal_id": "inside_small_shelf",
  "goal_pose": {
    "frame_id": "map",
    "x": 5.231,
    "y": -5.906,
    "yaw_rad": -3.134
  },
  "odom": {
    "position": {
      "x": 4.253349525108026,
      "y": -5.714777612435051,
      "z": 0.0
    },
    "orientation_quat": {
      "x": -0.0004502001110684301,
      "y": -0.0012257866329842047,
      "z": -0.34488449377425356,
      "w": 0.9386442247843787
    },
    "yaw_rad": -0.7042320789819226,
    "linear_vel": {
      "x": 0.10457338861314273,
      "y": 1.4438286740695152e-05
    },
    "angular_vel_z": 0.13481408519395988
  }
}