{
  "frame_idx": 44,
  "ros_stamp": 3261.9,
  "wall_time": 1776687351.955844,
  "prompt": "in small storage shelves",
  "goal_id": "inside_small_shelf",
  "goal_pose": {
    "frame_id": "map",
    "x": 5.231,
    "y": -5.906,
    "yaw_rad": -3.134
  },
  "odom": {
    "position": {
      "x": 4.405782287680012,
      "y": -5.813754535611656,
      "z": 0.0
    },
    "orientation_quat": {
      "x": -0.0002676117861886295,
      "y": -0.0012232383001788462,
      "z": -0.21460494021899254,
      "w": 0.9767001339743921
    },
    "yaw_rad": -0.43257500331567617,
    "linear_vel": {
      "x": 0.08997775675118729,
      "y": 1.7112613629425574e-05
    },
    "angular_vel_z": 0.14820165354967368
  }
}