{
  "frame_idx": 45,
  "ros_stamp": 3263.9,
  "wall_time": 1776687354.0716267,
  "prompt": "in small storage shelves",
  "goal_id": "inside_small_shelf",
  "goal_pose": {
    "frame_id": "map",
    "x": 5.231,
    "y": -5.906,
    "yaw_rad": -3.134
  },
  "odom": {
    "position": {
      "x": 4.54909866817121,
      "y": -5.859611191264471,
      "z": 0.0
    },
    "orientation_quat": {
      "x": 0.00019656259619530827,
      "y": 0.0022140824229611206,
      "z": -0.088475428418562,
      "w": 0.9960758795234036
    },
    "yaw_rad": -0.17718297214707363,
    "linear_vel": {
      "x": 0.0601788239235736,
      "y": -4.6254931191932057e-05
    },
    "angular_vel_z": 0.11461866270589154
  }
}