{
  "frame_idx": 46,
  "ros_stamp": 3265.9,
  "wall_time": 1776687356.2156065,
  "prompt": "in small storage shelves",
  "goal_id": "inside_small_shelf",
  "goal_pose": {
    "frame_id": "map",
    "x": 5.231,
    "y": -5.906,
    "yaw_rad": -3.134
  },
  "odom": {
    "position": {
      "x": 4.672506291285287,
      "y": -5.8687572422037695,
      "z": 0.0
    },
    "orientation_quat": {
      "x": -2.7615514872950265e-06,
      "y": 0.0018677626186826076,
      "z": 0.0014938627691147323,
      "w": 0.9999971399105105
    },
    "yaw_rad": 0.002987731967881878,
    "linear_vel": {
      "x": 0.061153204187353406,
      "y": -1.8348642143850762e-05
    },
    "angular_vel_z": 0.05353467313156942
  }
}