{
  "frame_idx": 47,
  "ros_stamp": 3267.9,
  "wall_time": 1776687358.3964953,
  "prompt": "in small storage shelves",
  "goal_id": "inside_small_shelf",
  "goal_pose": {
    "frame_id": "map",
    "x": 5.231,
    "y": -5.906,
    "yaw_rad": -3.134
  },
  "odom": {
    "position": {
      "x": 4.9385202653313325,
      "y": -5.868928768733509,
      "z": 0.0
    },
    "orientation_quat": {
      "x": 6.72802483215587e-05,
      "y": 0.0016261625517456654,
      "z": -0.04084746350026005,
      "w": 0.9991640685064282
    },
    "yaw_rad": -0.08171776797122281,
    "linear_vel": {
      "x": 0.14851886696537972,
      "y": 5.063640996772895e-05
    },
    "angular_vel_z": -0.12831987801859684
  }
}