{
  "frame_idx": 48,
  "ros_stamp": 3269.9,
  "wall_time": 1776687360.5088887,
  "prompt": "in small storage shelves",
  "goal_id": "inside_small_shelf",
  "goal_pose": {
    "frame_id": "map",
    "x": 5.231,
    "y": -5.906,
    "yaw_rad": -3.134
  },
  "odom": {
    "position": {
      "x": 5.164348019452355,
      "y": -5.918028828677906,
      "z": 0.0
    },
    "orientation_quat": {
      "x": 0.0003546837091265987,
      "y": 0.0017915326157913138,
      "z": -0.19783362524904458,
      "w": 0.980233911539064
    },
    "yaw_rad": -0.3982954393181265,
    "linear_vel": {
      "x": 0.07700741694566876,
      "y": 6.531277635025757e-05
    },
    "angular_vel_z": -0.18927215313433787
  }
}