{
  "frame_idx": 49,
  "ros_stamp": 3271.9,
  "wall_time": 1776687362.7055967,
  "prompt": "in small storage shelves",
  "goal_id": "inside_small_shelf",
  "goal_pose": {
    "frame_id": "map",
    "x": 5.231,
    "y": -5.906,
    "yaw_rad": -3.134
  },
  "odom": {
    "position": {
      "x": 5.23594198482829,
      "y": -5.961192274358932,
      "z": 0.0
    },
    "orientation_quat": {
      "x": 4.264130777086962e-06,
      "y": 1.1174272603352465e-05,
      "z": -0.37592696466582337,
      "w": 0.9266492956313589
    },
    "yaw_rad": -0.7707938242606225,
    "linear_vel": {
      "x": 0.017783011566806183,
      "y": 2.9218560151931516e-06
    },
    "angular_vel_z": -0.1928094883304349
  }
}