{
  "frame_idx": 50,
  "ros_stamp": 3273.9,
  "wall_time": 1776687364.8156984,
  "prompt": "in small storage shelves",
  "goal_id": "inside_small_shelf",
  "goal_pose": {
    "frame_id": "map",
    "x": 5.231,
    "y": -5.906,
    "yaw_rad": -3.134
  },
  "odom": {
    "position": {
      "x": 5.241466047741321,
      "y": -5.967679868765446,
      "z": 0.0
    },
    "orientation_quat": {
      "x": 0.0012050555246417944,
      "y": 0.0018678619593673804,
      "z": -0.5421106838928856,
      "w": 0.8403041504967538
    },
    "yaw_rad": -1.145896949246776,
    "linear_vel": {
      "x": 0.0004636409182685727,
      "y": 6.659984805410352e-05
    },
    "angular_vel_z": -0.19005675359109106
  }
}