{
  "frame_idx": 51,
  "ros_stamp": 3275.9,
  "wall_time": 1776687366.9485886,
  "prompt": "in small storage shelves",
  "goal_id": "inside_small_shelf",
  "goal_pose": {
    "frame_id": "map",
    "x": 5.231,
    "y": -5.906,
    "yaw_rad": -3.134
  },
  "odom": {
    "position": {
      "x": 5.241596366005109,
      "y": -5.967643621827903,
      "z": 0.0
    },
    "orientation_quat": {
      "x": 0.0015218849761703102,
      "y": 0.0016199524589570215,
      "z": -0.6846989937331992,
      "w": 0.7288225762151544
    },
    "yaw_rad": -1.5083858754978743,
    "linear_vel": {
      "x": 6.813540002490591e-10,
      "y": 5.862857317632838e-05
    },
    "angular_vel_z": -0.16860878804603735
  }
}