{
  "frame_idx": 53,
  "ros_stamp": 3279.9,
  "wall_time": 1776687371.2985835,
  "prompt": "in small storage shelves",
  "goal_id": "inside_small_shelf",
  "goal_pose": {
    "frame_id": "map",
    "x": 5.231,
    "y": -5.906,
    "yaw_rad": -3.134
  },
  "odom": {
    "position": {
      "x": 5.252922249887651,
      "y": -5.983405907807736,
      "z": 0.0
    },
    "orientation_quat": {
      "x": -0.0018597782160756585,
      "y": -0.0012170129198473634,
      "z": -0.8367527738429785,
      "w": 0.5475763467961531
    },
    "yaw_rad": -1.9826594304766068,
    "linear_vel": {
      "x": 0.010553530333203932,
      "y": 0.017455675649521656
    },
    "angular_vel_z": -0.035119748959518624
  }
}