{
  "frame_idx": 54,
  "ros_stamp": 3281.9,
  "wall_time": 1776687373.4958904,
  "prompt": "in small storage shelves",
  "goal_id": "inside_small_shelf",
  "goal_pose": {
    "frame_id": "map",
    "x": 5.231,
    "y": -5.906,
    "yaw_rad": -3.134
  },
  "odom": {
    "position": {
      "x": 5.276306795812159,
      "y": -6.019222565540562,
      "z": 0.0
    },
    "orientation_quat": {
      "x": -0.0016948718617589456,
      "y": -0.001005462079355764,
      "z": -0.8588091808709679,
      "w": 0.5122918185049576
    },
    "yaw_rad": -2.065887785884571,
    "linear_vel": {
      "x": 0.0006186677152485844,
      "y": 0.0038275939619602907
    },
    "angular_vel_z": -0.10712736812022461
  }
}