{
  "frame_idx": 55,
  "ros_stamp": 3283.9,
  "wall_time": 1776687375.629943,
  "prompt": "in small storage shelves",
  "goal_id": "inside_small_shelf",
  "goal_pose": {
    "frame_id": "map",
    "x": 5.231,
    "y": -5.906,
    "yaw_rad": -3.134
  },
  "odom": {
    "position": {
      "x": 5.276150211703118,
      "y": -6.0193384381426265,
      "z": 0.0
    },
    "orientation_quat": {
      "x": 0.002008067873667694,
      "y": 0.0008691784795132491,
      "z": 0.9177015262912299,
      "w": -0.3972645476693491
    },
    "yaw_rad": -2.3245222609682905,
    "linear_vel": {
      "x": -1.6891448987598743e-05,
      "y": -4.16176739842201e-05
    },
    "angular_vel_z": -0.12197567065717337
  }
}