{
  "frame_idx": 0,
  "ros_stamp": 159.9,
  "wall_time": 1776684010.6108122,
  "prompt": "small shelves",
  "goal_id": "small_shelf_row",
  "goal_pose": {
    "frame_id": "map",
    "x": 1.937,
    "y": -7.778,
    "yaw_rad": 1.624
  },
  "odom": {
    "position": {
      "x": 0.16007886710667352,
      "y": 3.565605061322939,
      "z": 0.0
    },
    "orientation_quat": {
      "x": -0.00038527196891855706,
      "y": 3.113097892505944e-05,
      "z": 0.9968498809600184,
      "w": 0.07931056314495338
    },
    "yaw_rad": 2.9828047511219427,
    "linear_vel": {
      "x": 0.01938152982544472,
      "y": -1.7371290815071294e-05
    },
    "angular_vel_z": 0.1884294539839634
  }
}