{
  "frame_idx": 1,
  "ros_stamp": 161.9,
  "wall_time": 1776684012.7129328,
  "prompt": "small shelves",
  "goal_id": "small_shelf_row",
  "goal_pose": {
    "frame_id": "map",
    "x": 1.937,
    "y": -7.778,
    "yaw_rad": 1.624
  },
  "odom": {
    "position": {
      "x": 0.14164227193840395,
      "y": 3.565851778492257,
      "z": 0.0
    },
    "orientation_quat": {
      "x": -0.0008769364223180056,
      "y": -8.015759956948888e-05,
      "z": 0.9958738395922462,
      "w": -0.09074425697016618
    },
    "yaw_rad": -2.9598540634413273,
    "linear_vel": {
      "x": 0.011255743500350638,
      "y": -2.0072545575300866e-05
    },
    "angular_vel_z": 0.13409735730638805
  }
}