{
  "frame_idx": 2,
  "ros_stamp": 163.9,
  "wall_time": 1776684014.8600023,
  "prompt": "small shelves",
  "goal_id": "small_shelf_row",
  "goal_pose": {
    "frame_id": "map",
    "x": 1.937,
    "y": -7.778,
    "yaw_rad": 1.624
  },
  "odom": {
    "position": {
      "x": 0.1150011524141299,
      "y": 3.555351624512696,
      "z": 0.0
    },
    "orientation_quat": {
      "x": -0.0009168716922074828,
      "y": -0.0002564616041602185,
      "z": 0.9624930828664825,
      "w": -0.27130455028974376
    },
    "yaw_rad": -2.592096076315982,
    "linear_vel": {
      "x": 0.009957336655028442,
      "y": -2.374700320844301e-05
    },
    "angular_vel_z": 0.149927170486509
  }
}