{
  "frame_idx": 3,
  "ros_stamp": 165.9,
  "wall_time": 1776684017.0514243,
  "prompt": "small shelves",
  "goal_id": "small_shelf_row",
  "goal_pose": {
    "frame_id": "map",
    "x": 1.937,
    "y": -7.778,
    "yaw_rad": 1.624
  },
  "odom": {
    "position": {
      "x": 0.048396953362451665,
      "y": 3.4870948330922737,
      "z": 0.0
    },
    "orientation_quat": {
      "x": -0.0019866785689800215,
      "y": -0.0010487442573140645,
      "z": 0.8843700472760613,
      "w": -0.46678107579965494
    },
    "yaw_rad": -2.1702950196430795,
    "linear_vel": {
      "x": 0.05293621954691646,
      "y": -0.001516426589118333
    },
    "angular_vel_z": 0.21614347798103845
  }
}