{
  "frame_idx": 4,
  "ros_stamp": 167.9,
  "wall_time": 1776684019.153758,
  "prompt": "small shelves",
  "goal_id": "small_shelf_row",
  "goal_pose": {
    "frame_id": "map",
    "x": 1.937,
    "y": -7.778,
    "yaw_rad": 1.624
  },
  "odom": {
    "position": {
      "x": -0.023245192607674693,
      "y": 3.325472820587286,
      "z": 0.0
    },
    "orientation_quat": {
      "x": -0.001417078847188888,
      "y": -0.001051013461512118,
      "z": -0.8030166542040644,
      "w": 0.5959539750091064
    },
    "yaw_rad": -1.8646841177128104,
    "linear_vel": {
      "x": 0.11470094339413472,
      "y": 2.1358889967035418e-05
    },
    "angular_vel_z": 0.1300432963095764
  }
}