{
  "frame_idx": 5,
  "ros_stamp": 169.9,
  "wall_time": 1776684021.3428302,
  "prompt": "small shelves",
  "goal_id": "small_shelf_row",
  "goal_pose": {
    "frame_id": "map",
    "x": 1.937,
    "y": -7.778,
    "yaw_rad": 1.624
  },
  "odom": {
    "position": {
      "x": -0.06488013245236757,
      "y": 3.0521672495068857,
      "z": 0.0
    },
    "orientation_quat": {
      "x": -0.0008103826375326105,
      "y": -0.0007803076898498782,
      "z": -0.7206106394601008,
      "w": 0.6933390517609652
    },
    "yaw_rad": -1.609366592129454,
    "linear_vel": {
      "x": 0.166308583451624,
      "y": 4.179983563240295e-07
    },
    "angular_vel_z": 0.10764577074163353
  }
}