{
  "frame_idx": 6,
  "ros_stamp": 171.9,
  "wall_time": 1776684023.4707513,
  "prompt": "small shelves",
  "goal_id": "small_shelf_row",
  "goal_pose": {
    "frame_id": "map",
    "x": 1.937,
    "y": -7.778,
    "yaw_rad": 1.624
  },
  "odom": {
    "position": {
      "x": -0.05889915665177042,
      "y": 2.7177264926514377,
      "z": 0.0
    },
    "orientation_quat": {
      "x": -0.00024013329865336453,
      "y": -0.0002545712908475747,
      "z": -0.6861481229816081,
      "w": 0.7274617727814108
    },
    "yaw_rad": -1.5123616858978548,
    "linear_vel": {
      "x": 0.16435795544788093,
      "y": -1.2370977726659555e-06
    },
    "angular_vel_z": 0.009385795419906825
  }
}