{
  "frame_idx": 7,
  "ros_stamp": 173.9,
  "wall_time": 1776684025.6098108,
  "prompt": "small shelves",
  "goal_id": "small_shelf_row",
  "goal_pose": {
    "frame_id": "map",
    "x": 1.937,
    "y": -7.778,
    "yaw_rad": 1.624
  },
  "odom": {
    "position": {
      "x": -0.03870095012512027,
      "y": 2.3692638355310236,
      "z": 0.0
    },
    "orientation_quat": {
      "x": 0.0009334616403419499,
      "y": 0.0009822331378867622,
      "z": -0.6888791664110251,
      "w": 0.7248749257301428
    },
    "yaw_rad": -1.519885090897282,
    "linear_vel": {
      "x": 0.16771918094923466,
      "y": -4.980046403672811e-07
    },
    "angular_vel_z": 0.0009580904536839388
  }
}