{
  "frame_idx": 8,
  "ros_stamp": 175.9,
  "wall_time": 1776684027.7875063,
  "prompt": "small shelves",
  "goal_id": "small_shelf_row",
  "goal_pose": {
    "frame_id": "map",
    "x": 1.937,
    "y": -7.778,
    "yaw_rad": 1.624
  },
  "odom": {
    "position": {
      "x": -0.025677100518828277,
      "y": 2.0318516910472724,
      "z": 0.0
    },
    "orientation_quat": {
      "x": -0.0002927336865885236,
      "y": -0.00030259984920380756,
      "z": -0.69530951119201,
      "w": 0.7187103076944481
    },
    "yaw_rad": -1.5377010897300878,
    "linear_vel": {
      "x": 0.17982238218532223,
      "y": 1.8102500882948044e-06
    },
    "angular_vel_z": -0.013416066717371772
  }
}