{
  "frame_idx": 9,
  "ros_stamp": 177.9,
  "wall_time": 1776684029.8944075,
  "prompt": "small shelves",
  "goal_id": "small_shelf_row",
  "goal_pose": {
    "frame_id": "map",
    "x": 1.937,
    "y": -7.778,
    "yaw_rad": 1.624
  },
  "odom": {
    "position": {
      "x": -0.008572273534300082,
      "y": 1.70103761210824,
      "z": 0.0
    },
    "orientation_quat": {
      "x": 0.0015122569925917152,
      "y": 0.0016375383471032901,
      "z": -0.6784935191474901,
      "w": 0.7346030057260892
    },
    "yaw_rad": -1.4914245003529878,
    "linear_vel": {
      "x": 0.16798098566128045,
      "y": -1.1389582068895242e-05
    },
    "angular_vel_z": 0.021541528331450368
  }
}