{
  "frame_idx": 10,
  "ros_stamp": 179.9,
  "wall_time": 1776684032.0615637,
  "prompt": "small shelves",
  "goal_id": "small_shelf_row",
  "goal_pose": {
    "frame_id": "map",
    "x": 1.937,
    "y": -7.778,
    "yaw_rad": 1.624
  },
  "odom": {
    "position": {
      "x": 0.015337714456156955,
      "y": 1.3633091439413996,
      "z": 0.0
    },
    "orientation_quat": {
      "x": -0.0004983773905100211,
      "y": -0.0005250672168644155,
      "z": -0.6879822344288381,
      "w": 0.7257271670777508
    },
    "yaw_rad": -1.51741057707746,
    "linear_vel": {
      "x": 0.16358196638096792,
      "y": -3.857467820266765e-07
    },
    "angular_vel_z": 0.001466063203044747
  }
}