{
  "frame_idx": 11,
  "ros_stamp": 181.9,
  "wall_time": 1776684034.2088566,
  "prompt": "small shelves",
  "goal_id": "small_shelf_row",
  "goal_pose": {
    "frame_id": "map",
    "x": 1.937,
    "y": -7.778,
    "yaw_rad": 1.624
  },
  "odom": {
    "position": {
      "x": 0.033055972664564934,
      "y": 1.0204679759167965,
      "z": 0.0
    },
    "orientation_quat": {
      "x": 0.00017832090522767663,
      "y": 0.00019039538660607766,
      "z": -0.6839031713064878,
      "w": 0.7295727408752196
    },
    "yaw_rad": -1.5061985689847057,
    "linear_vel": {
      "x": 0.1863262174128836,
      "y": -6.875018690200074e-06
    },
    "angular_vel_z": 0.02705194175902744
  }
}