{
  "frame_idx": 12,
  "ros_stamp": 183.9,
  "wall_time": 1776684036.325219,
  "prompt": "small shelves",
  "goal_id": "small_shelf_row",
  "goal_pose": {
    "frame_id": "map",
    "x": 1.937,
    "y": -7.778,
    "yaw_rad": 1.624
  },
  "odom": {
    "position": {
      "x": 0.05971240510354655,
      "y": 0.6833604360325292,
      "z": 0.0
    },
    "orientation_quat": {
      "x": -0.00024475595345613494,
      "y": -0.000264767439892028,
      "z": -0.6788340511007719,
      "w": 0.7342916321590766
    },
    "yaw_rad": -1.4923473435620103,
    "linear_vel": {
      "x": 0.16644914052292295,
      "y": 2.2603954509214344e-06
    },
    "angular_vel_z": -0.01697780047460932
  }
}