{
  "frame_idx": 13,
  "ros_stamp": 185.9,
  "wall_time": 1776684038.552622,
  "prompt": "small shelves",
  "goal_id": "small_shelf_row",
  "goal_pose": {
    "frame_id": "map",
    "x": 1.937,
    "y": -7.778,
    "yaw_rad": 1.624
  },
  "odom": {
    "position": {
      "x": 0.08266466982135626,
      "y": 0.3307698626099049,
      "z": 0.0
    },
    "orientation_quat": {
      "x": 3.2880012397805706e-05,
      "y": 3.4531759903921254e-05,
      "z": -0.689666251461368,
      "w": 0.7241273778291272
    },
    "yaw_rad": -1.5220561101125698,
    "linear_vel": {
      "x": 0.16694353997192504,
      "y": 2.2881203859009914e-06
    },
    "angular_vel_z": -0.014117492968144452
  }
}