{
  "frame_idx": 14,
  "ros_stamp": 187.9,
  "wall_time": 1776684040.6436992,
  "prompt": "small shelves",
  "goal_id": "small_shelf_row",
  "goal_pose": {
    "frame_id": "map",
    "x": 1.937,
    "y": -7.778,
    "yaw_rad": 1.624
  },
  "odom": {
    "position": {
      "x": 0.10640356481900835,
      "y": 0.004369764810870647,
      "z": 0.0
    },
    "orientation_quat": {
      "x": -0.001510436966883725,
      "y": -0.001638111329407433,
      "z": -0.6778752514682322,
      "w": 0.7351735704024747
    },
    "yaw_rad": -1.4897418796726036,
    "linear_vel": {
      "x": 0.17570749528635726,
      "y": 1.300151997442313e-06
    },
    "angular_vel_z": 0.008825633276300971
  }
}