{
  "frame_idx": 15,
  "ros_stamp": 189.9,
  "wall_time": 1776684042.7966526,
  "prompt": "small shelves",
  "goal_id": "small_shelf_row",
  "goal_pose": {
    "frame_id": "map",
    "x": 1.937,
    "y": -7.778,
    "yaw_rad": 1.624
  },
  "odom": {
    "position": {
      "x": 0.13270343002951762,
      "y": -0.35020538878334884,
      "z": 0.0
    },
    "orientation_quat": {
      "x": -7.585595706763609e-05,
      "y": -8.086576256500294e-05,
      "z": -0.6841930079937384,
      "w": 0.7293009773194346
    },
    "yaw_rad": -1.5069932027873543,
    "linear_vel": {
      "x": 0.18295202660251353,
      "y": -3.0925324531622393e-09
    },
    "angular_vel_z": 2.550407495446946e-05
  }
}