{
  "frame_idx": 16,
  "ros_stamp": 191.9,
  "wall_time": 1776684044.9427323,
  "prompt": "small shelves",
  "goal_id": "small_shelf_row",
  "goal_pose": {
    "frame_id": "map",
    "x": 1.937,
    "y": -7.778,
    "yaw_rad": 1.624
  },
  "odom": {
    "position": {
      "x": 0.16234877024054892,
      "y": -0.6914508854319172,
      "z": 0.0
    },
    "orientation_quat": {
      "x": -0.0011172542228713557,
      "y": -0.001227028678366773,
      "z": -0.673260544829182,
      "w": 0.7394034655855604
    },
    "yaw_rad": -1.4772218463673827,
    "linear_vel": {
      "x": 0.15375327594426896,
      "y": -6.072514834367289e-06
    },
    "angular_vel_z": -0.056912957490590575
  }
}