{
  "frame_idx": 17,
  "ros_stamp": 193.9,
  "wall_time": 1776684047.05234,
  "prompt": "small shelves",
  "goal_id": "small_shelf_row",
  "goal_pose": {
    "frame_id": "map",
    "x": 1.937,
    "y": -7.778,
    "yaw_rad": 1.624
  },
  "odom": {
    "position": {
      "x": 0.19025493072847333,
      "y": -1.050847866055031,
      "z": 0.0
    },
    "orientation_quat": {
      "x": 0.0013036788689598732,
      "y": 0.0014065040651556977,
      "z": -0.6797832319207449,
      "w": 0.733410580621188
    },
    "yaw_rad": -1.494937475792304,
    "linear_vel": {
      "x": 0.17022333469061893,
      "y": -1.7071365972039687e-05
    },
    "angular_vel_z": 0.03624161714373038
  }
}