{
  "frame_idx": 18,
  "ros_stamp": 195.9,
  "wall_time": 1776684049.230194,
  "prompt": "small shelves",
  "goal_id": "small_shelf_row",
  "goal_pose": {
    "frame_id": "map",
    "x": 1.937,
    "y": -7.778,
    "yaw_rad": 1.624
  },
  "odom": {
    "position": {
      "x": 0.2227480099533855,
      "y": -1.3800855177054863,
      "z": 0.0
    },
    "orientation_quat": {
      "x": 0.0008950983314183245,
      "y": 0.0009745573500741709,
      "z": -0.6740049614333656,
      "w": 0.7387256331007851
    },
    "yaw_rad": -1.479235403805257,
    "linear_vel": {
      "x": 0.1614346729171589,
      "y": 1.4085455433971941e-05
    },
    "angular_vel_z": -0.03507855798331042
  }
}