{
  "frame_idx": 19,
  "ros_stamp": 197.9,
  "wall_time": 1776684051.320619,
  "prompt": "small shelves",
  "goal_id": "small_shelf_row",
  "goal_pose": {
    "frame_id": "map",
    "x": 1.937,
    "y": -7.778,
    "yaw_rad": 1.624
  },
  "odom": {
    "position": {
      "x": 0.2562528284039497,
      "y": -1.7242507287507396,
      "z": 0.0
    },
    "orientation_quat": {
      "x": 7.963515054718315e-05,
      "y": 8.92993443571833e-05,
      "z": -0.6655368327202824,
      "w": 0.7463649978238025
    },
    "yaw_rad": -1.4564257138356846,
    "linear_vel": {
      "x": 0.16791235927227613,
      "y": 2.40734799907909e-06
    },
    "angular_vel_z": -0.010861364037780267
  }
}