{
  "frame_idx": 20,
  "ros_stamp": 199.9,
  "wall_time": 1776684053.475702,
  "prompt": "small shelves",
  "goal_id": "small_shelf_row",
  "goal_pose": {
    "frame_id": "map",
    "x": 1.937,
    "y": -7.778,
    "yaw_rad": 1.624
  },
  "odom": {
    "position": {
      "x": 0.29253833790886413,
      "y": -2.0648961251294016,
      "z": 0.0
    },
    "orientation_quat": {
      "x": 0.0002937125444555743,
      "y": 0.00033635348861654854,
      "z": -0.6683918334592434,
      "w": 0.7438092212148644
    },
    "yaw_rad": -1.4640894112600749,
    "linear_vel": {
      "x": 0.1688634964886114,
      "y": -1.3765481956419518e-05
    },
    "angular_vel_z": 0.046515279182040334
  }
}