{
  "frame_idx": 21,
  "ros_stamp": 201.9,
  "wall_time": 1776684055.635516,
  "prompt": "small shelves",
  "goal_id": "small_shelf_row",
  "goal_pose": {
    "frame_id": "map",
    "x": 1.937,
    "y": -7.778,
    "yaw_rad": 1.624
  },
  "odom": {
    "position": {
      "x": 0.3315939663922938,
      "y": -2.3957819684571704,
      "z": 0.0
    },
    "orientation_quat": {
      "x": -0.0004989380862694817,
      "y": -0.0005602397300512859,
      "z": -0.6650948644514738,
      "w": 0.7467585007701665
    },
    "yaw_rad": -1.455242192764583,
    "linear_vel": {
      "x": 0.1846837996312898,
      "y": 2.5652794599358917e-06
    },
    "angular_vel_z": -0.02483409600138864
  }
}