{
  "frame_idx": 22,
  "ros_stamp": 203.9,
  "wall_time": 1776684057.7423818,
  "prompt": "small shelves",
  "goal_id": "small_shelf_row",
  "goal_pose": {
    "frame_id": "map",
    "x": 1.937,
    "y": -7.778,
    "yaw_rad": 1.624
  },
  "odom": {
    "position": {
      "x": 0.3742815031094969,
      "y": -2.745652049605529,
      "z": 0.0
    },
    "orientation_quat": {
      "x": -0.001469052314861524,
      "y": -0.0016678626405205487,
      "z": -0.6609687852565347,
      "w": 0.7504101045668358
    },
    "yaw_rad": -1.4442224114161009,
    "linear_vel": {
      "x": 0.15918751436183973,
      "y": 2.454095498393089e-06
    },
    "angular_vel_z": 0.01491256135939297
  }
}