{
  "frame_idx": 23,
  "ros_stamp": 205.9,
  "wall_time": 1776684059.935294,
  "prompt": "small shelves",
  "goal_id": "small_shelf_row",
  "goal_pose": {
    "frame_id": "map",
    "x": 1.937,
    "y": -7.778,
    "yaw_rad": 1.624
  },
  "odom": {
    "position": {
      "x": 0.4207261184865569,
      "y": -3.0690994446800395,
      "z": 0.0
    },
    "orientation_quat": {
      "x": -0.0009689807635726715,
      "y": -0.0011223023665929341,
      "z": -0.6535134171343107,
      "w": 0.7569134792954306
    },
    "yaw_rad": -1.4244357954412086,
    "linear_vel": {
      "x": 0.17293226701785877,
      "y": -4.044263799885857e-07
    },
    "angular_vel_z": -0.01238861949421804
  }
}