{
  "frame_idx": 24,
  "ros_stamp": 207.9,
  "wall_time": 1776684062.0266733,
  "prompt": "small shelves",
  "goal_id": "small_shelf_row",
  "goal_pose": {
    "frame_id": "map",
    "x": 1.937,
    "y": -7.778,
    "yaw_rad": 1.624
  },
  "odom": {
    "position": {
      "x": 0.4683953755608384,
      "y": -3.4045887579315965,
      "z": 0.0
    },
    "orientation_quat": {
      "x": -0.00024621483905970813,
      "y": -0.0002841827997128656,
      "z": -0.6548426566818162,
      "w": 0.7557651444782899
    },
    "yaw_rad": -1.427948944436058,
    "linear_vel": {
      "x": 0.16904248713427011,
      "y": -4.037646763461989e-06
    },
    "angular_vel_z": 0.033891354247806496
  }
}