{
  "frame_idx": 25,
  "ros_stamp": 209.9,
  "wall_time": 1776684064.1781585,
  "prompt": "small shelves",
  "goal_id": "small_shelf_row",
  "goal_pose": {
    "frame_id": "map",
    "x": 1.937,
    "y": -7.778,
    "yaw_rad": 1.624
  },
  "odom": {
    "position": {
      "x": 0.5182804861748928,
      "y": -3.7402187832592713,
      "z": 0.0
    },
    "orientation_quat": {
      "x": -0.0011791495730350179,
      "y": -0.001387825734334134,
      "z": -0.6474913610923432,
      "w": 0.7620706140882223
    },
    "yaw_rad": -1.4085787212596055,
    "linear_vel": {
      "x": 0.1722370021935698,
      "y": 8.539376557114436e-07
    },
    "angular_vel_z": 0.011154051890250906
  }
}