{
  "frame_idx": 26,
  "ros_stamp": 211.9,
  "wall_time": 1776684066.3257985,
  "prompt": "small shelves",
  "goal_id": "small_shelf_row",
  "goal_pose": {
    "frame_id": "map",
    "x": 1.937,
    "y": -7.778,
    "yaw_rad": 1.624
  },
  "odom": {
    "position": {
      "x": 0.5739156045988659,
      "y": -4.081269339193965,
      "z": 0.0
    },
    "orientation_quat": {
      "x": 0.0004772130136780268,
      "y": 0.0005687994655028832,
      "z": -0.6427370218267429,
      "w": 0.7660865287343178
    },
    "yaw_rad": -1.396131792240137,
    "linear_vel": {
      "x": 0.1828748664106253,
      "y": -1.1630652198084244e-05
    },
    "angular_vel_z": 0.036451881215100894
  }
}