{
  "frame_idx": 27,
  "ros_stamp": 213.9,
  "wall_time": 1776684068.418,
  "prompt": "small shelves",
  "goal_id": "small_shelf_row",
  "goal_pose": {
    "frame_id": "map",
    "x": 1.937,
    "y": -7.778,
    "yaw_rad": 1.624
  },
  "odom": {
    "position": {
      "x": 0.6343837310085961,
      "y": -4.414996958368407,
      "z": 0.0
    },
    "orientation_quat": {
      "x": -0.0008133355348994676,
      "y": -0.001000282201585112,
      "z": -0.6338888083264844,
      "w": 0.7734231161526363
    },
    "yaw_rad": -1.3731432865050008,
    "linear_vel": {
      "x": 0.1896234033568641,
      "y": 2.5042049302517115e-06
    },
    "angular_vel_z": 0.03422701396462794
  }
}