{
  "frame_idx": 28,
  "ros_stamp": 215.9,
  "wall_time": 1776684070.60507,
  "prompt": "small shelves",
  "goal_id": "small_shelf_row",
  "goal_pose": {
    "frame_id": "map",
    "x": 1.937,
    "y": -7.778,
    "yaw_rad": 1.624
  },
  "odom": {
    "position": {
      "x": 0.7061693194891343,
      "y": -4.745600118050696,
      "z": 0.0
    },
    "orientation_quat": {
      "x": 0.00011668165374997203,
      "y": 0.00014605926355337555,
      "z": -0.6240968878837626,
      "w": 0.7813469393207383
    },
    "yaw_rad": -1.347950345072373,
    "linear_vel": {
      "x": 0.16753750328406805,
      "y": -4.3720529070896165e-06
    },
    "angular_vel_z": 0.019625033862462164
  }
}