{
  "frame_idx": 29,
  "ros_stamp": 217.9,
  "wall_time": 1776684072.6944177,
  "prompt": "small shelves",
  "goal_id": "small_shelf_row",
  "goal_pose": {
    "frame_id": "map",
    "x": 1.937,
    "y": -7.778,
    "yaw_rad": 1.624
  },
  "odom": {
    "position": {
      "x": 0.7888653814778458,
      "y": -5.084741327356127,
      "z": 0.0
    },
    "orientation_quat": {
      "x": -0.0011941699798371922,
      "y": -0.001555275903915641,
      "z": -0.6090111330828561,
      "w": 0.7931592493667697
    },
    "yaw_rad": -1.3096294575344112,
    "linear_vel": {
      "x": 0.17135974110060864,
      "y": 2.1765844791181e-06
    },
    "angular_vel_z": 0.020274760597168352
  }
}