{
  "frame_idx": 30,
  "ros_stamp": 219.9,
  "wall_time": 1776684074.8348215,
  "prompt": "small shelves",
  "goal_id": "small_shelf_row",
  "goal_pose": {
    "frame_id": "map",
    "x": 1.937,
    "y": -7.778,
    "yaw_rad": 1.624
  },
  "odom": {
    "position": {
      "x": 0.8768245755483772,
      "y": -5.408943339874343,
      "z": 0.0
    },
    "orientation_quat": {
      "x": 0.001360352854953728,
      "y": 0.0017595304384023073,
      "z": -0.611642833782157,
      "w": 0.7911308977506055
    },
    "yaw_rad": -1.3162747917971862,
    "linear_vel": {
      "x": 0.15787372203959135,
      "y": 1.636580757503512e-06
    },
    "angular_vel_z": -0.004387880612467528
  }
}