{
  "frame_idx": 31,
  "ros_stamp": 221.9,
  "wall_time": 1776684077.0000322,
  "prompt": "small shelves",
  "goal_id": "small_shelf_row",
  "goal_pose": {
    "frame_id": "map",
    "x": 1.937,
    "y": -7.778,
    "yaw_rad": 1.624
  },
  "odom": {
    "position": {
      "x": 0.971192204564503,
      "y": -5.746699821776987,
      "z": 0.0
    },
    "orientation_quat": {
      "x": -0.0012305321323660553,
      "y": -0.0016552596525595776,
      "z": -0.5966129129336696,
      "w": 0.8025264967756239
    },
    "yaw_rad": -1.2785510390839427,
    "linear_vel": {
      "x": 0.15475426424927008,
      "y": 1.2745901748711333e-06
    },
    "angular_vel_z": 0.003992258136446299
  }
}