{
  "frame_idx": 32,
  "ros_stamp": 223.9,
  "wall_time": 1776684079.088586,
  "prompt": "small shelves",
  "goal_id": "small_shelf_row",
  "goal_pose": {
    "frame_id": "map",
    "x": 1.937,
    "y": -7.778,
    "yaw_rad": 1.624
  },
  "odom": {
    "position": {
      "x": 1.0744450431967325,
      "y": -6.072233190054824,
      "z": 0.0
    },
    "orientation_quat": {
      "x": -0.0003796359501499518,
      "y": -0.0005348890003247914,
      "z": -0.5789505236462861,
      "w": 0.8153624107965696
    },
    "yaw_rad": -1.2348822523209206,
    "linear_vel": {
      "x": 0.1761380730662771,
      "y": -2.9491375935528454e-06
    },
    "angular_vel_z": 0.02699008162082751
  }
}