{
  "frame_idx": 33,
  "ros_stamp": 225.9,
  "wall_time": 1776684081.2726638,
  "prompt": "small shelves",
  "goal_id": "small_shelf_row",
  "goal_pose": {
    "frame_id": "map",
    "x": 1.937,
    "y": -7.778,
    "yaw_rad": 1.624
  },
  "odom": {
    "position": {
      "x": 1.2054109368008357,
      "y": -6.425875282918193,
      "z": 0.0
    },
    "orientation_quat": {
      "x": -0.0007878736467183356,
      "y": -0.0011491153997075787,
      "z": -0.5654972791428606,
      "w": 0.824748983673782
    },
    "yaw_rad": -1.2020734795288859,
    "linear_vel": {
      "x": 0.18091212123986672,
      "y": 8.886904529192266e-07
    },
    "angular_vel_z": 0.007143658655439078
  }
}