{
  "frame_idx": 34,
  "ros_stamp": 227.9,
  "wall_time": 1776684083.372394,
  "prompt": "small shelves",
  "goal_id": "small_shelf_row",
  "goal_pose": {
    "frame_id": "map",
    "x": 1.937,
    "y": -7.778,
    "yaw_rad": 1.624
  },
  "odom": {
    "position": {
      "x": 1.3458797344276674,
      "y": -6.770671386441508,
      "z": 0.0
    },
    "orientation_quat": {
      "x": 0.0003866404380379946,
      "y": 0.0005916128397052594,
      "z": -0.5471602732129065,
      "w": 0.8370275598336038
    },
    "yaw_rad": -1.157935986262232,
    "linear_vel": {
      "x": 0.21063407396030281,
      "y": -1.1541131440988089e-05
    },
    "angular_vel_z": 0.03374628443629181
  }
}