{
  "frame_idx": 35,
  "ros_stamp": 229.9,
  "wall_time": 1776684085.495832,
  "prompt": "small shelves",
  "goal_id": "small_shelf_row",
  "goal_pose": {
    "frame_id": "map",
    "x": 1.937,
    "y": -7.778,
    "yaw_rad": 1.624
  },
  "odom": {
    "position": {
      "x": 1.516750251439497,
      "y": -7.127175435436856,
      "z": 0.0
    },
    "orientation_quat": {
      "x": 0.0007159637603329008,
      "y": 0.0011872795208877796,
      "z": -0.5163843812930861,
      "w": 0.8563557955194733
    },
    "yaw_rad": -1.0852480722284286,
    "linear_vel": {
      "x": 0.18801969763145387,
      "y": -1.6513252429944578e-05
    },
    "angular_vel_z": 0.039371259259538285
  }
}