{
  "frame_idx": 36,
  "ros_stamp": 231.9,
  "wall_time": 1776684087.67164,
  "prompt": "small shelves",
  "goal_id": "small_shelf_row",
  "goal_pose": {
    "frame_id": "map",
    "x": 1.937,
    "y": -7.778,
    "yaw_rad": 1.624
  },
  "odom": {
    "position": {
      "x": 1.679619799697365,
      "y": -7.41707067428336,
      "z": 0.0
    },
    "orientation_quat": {
      "x": -0.0009532180179477937,
      "y": -0.0017190779630335705,
      "z": -0.48770959876545866,
      "w": 0.873003713290157
    },
    "yaw_rad": -1.0189306711983115,
    "linear_vel": {
      "x": 0.1556691301238505,
      "y": -0.00020115275726628073
    },
    "angular_vel_z": 0.15496948638876437
  }
}