{
  "frame_idx": 37,
  "ros_stamp": 233.9,
  "wall_time": 1776684089.7609065,
  "prompt": "small shelves",
  "goal_id": "small_shelf_row",
  "goal_pose": {
    "frame_id": "map",
    "x": 1.937,
    "y": -7.778,
    "yaw_rad": 1.624
  },
  "odom": {
    "position": {
      "x": 1.8532856796125265,
      "y": -7.62762421894736,
      "z": 0.0
    },
    "orientation_quat": {
      "x": 0.0007792450915853138,
      "y": 0.0020816408366712367,
      "z": -0.350563125036695,
      "w": 0.9365364674763182
    },
    "yaw_rad": -0.7163464871554238,
    "linear_vel": {
      "x": 0.10561670517007622,
      "y": -7.710695995266593e-05
    },
    "angular_vel_z": 0.17038726071995378
  }
}