{
  "frame_idx": 38,
  "ros_stamp": 235.9,
  "wall_time": 1776684091.9315784,
  "prompt": "small shelves",
  "goal_id": "small_shelf_row",
  "goal_pose": {
    "frame_id": "map",
    "x": 1.937,
    "y": -7.778,
    "yaw_rad": 1.624
  },
  "odom": {
    "position": {
      "x": 1.969352453560856,
      "y": -7.7031416608717,
      "z": 0.0
    },
    "orientation_quat": {
      "x": 0.0004100426720028759,
      "y": 0.002187222895424649,
      "z": -0.18521061494237084,
      "w": 0.9826963295106387
    },
    "yaw_rad": -0.37257330485656376,
    "linear_vel": {
      "x": 0.037145131581791335,
      "y": -7.149529822016055e-05
    },
    "angular_vel_z": 0.18169399666838795
  }
}