{
  "frame_idx": 39,
  "ros_stamp": 237.9,
  "wall_time": 1776684094.050325,
  "prompt": "small shelves",
  "goal_id": "small_shelf_row",
  "goal_pose": {
    "frame_id": "map",
    "x": 1.937,
    "y": -7.778,
    "yaw_rad": 1.624
  },
  "odom": {
    "position": {
      "x": 2.002811224248973,
      "y": -7.712113078252149,
      "z": 0.0
    },
    "orientation_quat": {
      "x": 2.839319971447044e-05,
      "y": 0.002083227327509832,
      "z": -0.013239930588844392,
      "w": 0.9999101777638484
    },
    "yaw_rad": -0.02648068897787776,
    "linear_vel": {
      "x": 0.005829566876893193,
      "y": -5.6841258057477514e-05
    },
    "angular_vel_z": 0.17251623196173632
  }
}