{
  "frame_idx": 40,
  "ros_stamp": 239.9,
  "wall_time": 1776684096.1679852,
  "prompt": "small shelves",
  "goal_id": "small_shelf_row",
  "goal_pose": {
    "frame_id": "map",
    "x": 1.937,
    "y": -7.778,
    "yaw_rad": 1.624
  },
  "odom": {
    "position": {
      "x": 2.0046061870925365,
      "y": -7.712170277932297,
      "z": 0.0
    },
    "orientation_quat": {
      "x": -0.0003506798041918888,
      "y": 0.0021947791929848625,
      "z": 0.15780275056346332,
      "w": 0.9874681523383801
    },
    "yaw_rad": 0.3169310427263442,
    "linear_vel": {
      "x": -6.786733450079193e-07,
      "y": -5.206293647869857e-05
    },
    "angular_vel_z": 0.14832158767816345
  }
}