{
  "frame_idx": 41,
  "ros_stamp": 241.9,
  "wall_time": 1776684098.3493226,
  "prompt": "small shelves",
  "goal_id": "small_shelf_row",
  "goal_pose": {
    "frame_id": "map",
    "x": 1.937,
    "y": -7.778,
    "yaw_rad": 1.624
  },
  "odom": {
    "position": {
      "x": 2.004671910369095,
      "y": -7.712251303315446,
      "z": 0.0
    },
    "orientation_quat": {
      "x": -0.0006472702249736845,
      "y": 0.002126265904293494,
      "z": 0.29124246713890584,
      "w": 0.9566466878474014
    },
    "yaw_rad": 0.5910522065644448,
    "linear_vel": {
      "x": -2.335945735804062e-07,
      "y": -4.9677588362515384e-05
    },
    "angular_vel_z": 0.14226175390604817
  }
}