{
  "frame_idx": 42,
  "ros_stamp": 243.9,
  "wall_time": 1776684100.4430268,
  "prompt": "small shelves",
  "goal_id": "small_shelf_row",
  "goal_pose": {
    "frame_id": "map",
    "x": 1.937,
    "y": -7.778,
    "yaw_rad": 1.624
  },
  "odom": {
    "position": {
      "x": 2.0047307095096043,
      "y": -7.712318708235166,
      "z": 0.0
    },
    "orientation_quat": {
      "x": -0.0009092754219474924,
      "y": 0.0020280858671178708,
      "z": 0.4091214154313635,
      "w": 0.9124772476732559
    },
    "yaw_rad": 0.8429842161720406,
    "linear_vel": {
      "x": -5.575617942447354e-09,
      "y": -3.881875179262435e-05
    },
    "angular_vel_z": 0.1119349569753991
  }
}