{
  "frame_idx": 43,
  "ros_stamp": 245.9,
  "wall_time": 1776684102.6090627,
  "prompt": "small shelves",
  "goal_id": "small_shelf_row",
  "goal_pose": {
    "frame_id": "map",
    "x": 1.937,
    "y": -7.778,
    "yaw_rad": 1.624
  },
  "odom": {
    "position": {
      "x": 2.0047952087873218,
      "y": -7.712364590455578,
      "z": 0.0
    },
    "orientation_quat": {
      "x": -0.0011267205337900188,
      "y": 0.0019158237403682507,
      "z": 0.5069519166138182,
      "w": 0.861971469575305
    },
    "yaw_rad": 1.0632927718074363,
    "linear_vel": {
      "x": 2.781049446269535e-07,
      "y": -3.501039375636426e-05
    },
    "angular_vel_z": 0.0995140782852337
  }
}