{
  "frame_idx": 44,
  "ros_stamp": 247.9,
  "wall_time": 1776684104.7391222,
  "prompt": "small shelves",
  "goal_id": "small_shelf_row",
  "goal_pose": {
    "frame_id": "map",
    "x": 1.937,
    "y": -7.778,
    "yaw_rad": 1.624
  },
  "odom": {
    "position": {
      "x": 2.0048429278905373,
      "y": -7.712385013323379,
      "z": 0.0
    },
    "orientation_quat": {
      "x": -0.0012563835922363346,
      "y": 0.0018334023372152007,
      "z": 0.5652882990403594,
      "w": 0.8248904164215973
    },
    "yaw_rad": 1.2015688058971226,
    "linear_vel": {
      "x": 2.4515869419659463e-07,
      "y": -2.876970417112776e-05
    },
    "angular_vel_z": 0.08113210783789725
  }
}