{
  "frame_idx": 45,
  "ros_stamp": 249.9,
  "wall_time": 1776684106.84059,
  "prompt": "small shelves",
  "goal_id": "small_shelf_row",
  "goal_pose": {
    "frame_id": "map",
    "x": 1.937,
    "y": -7.778,
    "yaw_rad": 1.624
  },
  "odom": {
    "position": {
      "x": 2.004898277180924,
      "y": -7.712400448388092,
      "z": 0.0
    },
    "orientation_quat": {
      "x": -0.0013939369005819572,
      "y": 0.001731124379411464,
      "z": 0.6271743842169589,
      "w": 0.7788756973550905
    },
    "yaw_rad": 1.3558441587880452,
    "linear_vel": {
      "x": 1.1569098808056953e-07,
      "y": -2.53639550586548e-05
    },
    "angular_vel_z": 0.07160253614648146
  }
}