{
  "frame_idx": 0,
  "ros_stamp": 1059.9,
  "wall_time": 1776684973.1938193,
  "prompt": "small shelf aisle",
  "goal_id": "small_shelf_row",
  "goal_pose": {
    "frame_id": "map",
    "x": 1.937,
    "y": -7.778,
    "yaw_rad": 1.624
  },
  "odom": {
    "position": {
      "x": 0.29502272811321295,
      "y": 3.5397088991611265,
      "z": 0.0
    },
    "orientation_quat": {
      "x": -0.0022106347512480294,
      "y": 0.00023756147555002133,
      "z": 0.9942703268430357,
      "w": 0.10687176342694327
    },
    "yaw_rad": 2.927439608321752,
    "linear_vel": {
      "x": -0.0008099882693478101,
      "y": -6.26644520196675e-05
    },
    "angular_vel_z": 0.17954364351542235
  }
}