{
  "frame_idx": 1,
  "ros_stamp": 1061.9,
  "wall_time": 1776684975.320724,
  "prompt": "small shelf aisle",
  "goal_id": "small_shelf_row",
  "goal_pose": {
    "frame_id": "map",
    "x": 1.937,
    "y": -7.778,
    "yaw_rad": 1.624
  },
  "odom": {
    "position": {
      "x": 0.2880465913683884,
      "y": 3.5399278749507608,
      "z": 0.0
    },
    "orientation_quat": {
      "x": -0.0012390298788018126,
      "y": -7.340679525029645e-05,
      "z": 0.9983880433154156,
      "w": -0.05674305579731487
    },
    "yaw_rad": -3.0280454734863076,
    "linear_vel": {
      "x": 0.013550628296962384,
      "y": -5.7213732719554704e-05
    },
    "angular_vel_z": 0.2629282303389058
  }
}