{
  "frame_idx": 2,
  "ros_stamp": 1063.9,
  "wall_time": 1776684977.5066366,
  "prompt": "small shelf aisle",
  "goal_id": "small_shelf_row",
  "goal_pose": {
    "frame_id": "map",
    "x": 1.937,
    "y": -7.778,
    "yaw_rad": 1.624
  },
  "odom": {
    "position": {
      "x": 0.2707441085167261,
      "y": 3.5342166506601718,
      "z": 0.0
    },
    "orientation_quat": {
      "x": 0.0018766984289870791,
      "y": 0.0004376814894838354,
      "z": 0.9736682511125144,
      "w": -0.227961451156589
    },
    "yaw_rad": -2.6816247918293095,
    "linear_vel": {
      "x": 0.023877085354164322,
      "y": 4.287804127477798e-05
    },
    "angular_vel_z": 0.1638322904212819
  }
}