{
  "frame_idx": 3,
  "ros_stamp": 1065.9,
  "wall_time": 1776684979.63736,
  "prompt": "small shelf aisle",
  "goal_id": "small_shelf_row",
  "goal_pose": {
    "frame_id": "map",
    "x": 1.937,
    "y": -7.778,
    "yaw_rad": 1.624
  },
  "odom": {
    "position": {
      "x": 0.21536077460259537,
      "y": 3.491285318528764,
      "z": 0.0
    },
    "orientation_quat": {
      "x": 0.0007546047172415184,
      "y": 0.0003207493256234135,
      "z": 0.918383162198694,
      "w": -0.3956914139598156
    },
    "yaw_rad": -2.3279511797748365,
    "linear_vel": {
      "x": 0.040399371295517114,
      "y": 1.6405798984039794e-05
    },
    "angular_vel_z": 0.193179679047313
  }
}