{
  "frame_idx": 4,
  "ros_stamp": 1067.9,
  "wall_time": 1776684981.8018658,
  "prompt": "small shelf aisle",
  "goal_id": "small_shelf_row",
  "goal_pose": {
    "frame_id": "map",
    "x": 1.937,
    "y": -7.778,
    "yaw_rad": 1.624
  },
  "odom": {
    "position": {
      "x": 0.14784511112651333,
      "y": 3.3842767733347117,
      "z": 0.0
    },
    "orientation_quat": {
      "x": -0.001431327939687119,
      "y": -0.0009629603652173207,
      "z": -0.8273583016765536,
      "w": 0.561671847838712
    },
    "yaw_rad": -1.9487803706940126,
    "linear_vel": {
      "x": 0.06479670361090706,
      "y": 0.00010452034293643852
    },
    "angular_vel_z": 0.22981982725677894
  }
}