{
  "frame_idx": 5,
  "ros_stamp": 1069.9,
  "wall_time": 1776684983.9616935,
  "prompt": "small shelf aisle",
  "goal_id": "small_shelf_row",
  "goal_pose": {
    "frame_id": "map",
    "x": 1.937,
    "y": -7.778,
    "yaw_rad": 1.624
  },
  "odom": {
    "position": {
      "x": 0.09319352563592281,
      "y": 3.1403505727500436,
      "z": 0.0
    },
    "orientation_quat": {
      "x": -0.001064807422108393,
      "y": -0.0009614992791348854,
      "z": -0.7422300545020648,
      "w": 0.6701436322894906
    },
    "yaw_rad": -1.6727862260146744,
    "linear_vel": {
      "x": 0.152109377714117,
      "y": 7.8208992251224e-06
    },
    "angular_vel_z": 0.10812648480588186
  }
}