{
  "frame_idx": 6,
  "ros_stamp": 1071.9,
  "wall_time": 1776684986.0588903,
  "prompt": "small shelf aisle",
  "goal_id": "small_shelf_row",
  "goal_pose": {
    "frame_id": "map",
    "x": 1.937,
    "y": -7.778,
    "yaw_rad": 1.624
  },
  "odom": {
    "position": {
      "x": 0.08576332187854303,
      "y": 2.8021791082027567,
      "z": 0.0
    },
    "orientation_quat": {
      "x": -0.0005996187429205099,
      "y": -0.0006207329153615826,
      "z": -0.6947863301921651,
      "w": 0.7192156912401971
    },
    "yaw_rad": -1.536246261832847,
    "linear_vel": {
      "x": 0.17141251581314157,
      "y": -1.114555510567325e-06
    },
    "angular_vel_z": 0.04374411349744767
  }
}