{
  "frame_idx": 7,
  "ros_stamp": 1073.9,
  "wall_time": 1776684988.2522533,
  "prompt": "small shelf aisle",
  "goal_id": "small_shelf_row",
  "goal_pose": {
    "frame_id": "map",
    "x": 1.937,
    "y": -7.778,
    "yaw_rad": 1.624
  },
  "odom": {
    "position": {
      "x": 0.10494603202179657,
      "y": 2.4481423478181465,
      "z": 0.0
    },
    "orientation_quat": {
      "x": 0.0015308224831878283,
      "y": 0.0016213320939182348,
      "z": -0.6865175493661034,
      "w": 0.7271098144552347
    },
    "yaw_rad": -1.5133821667725422,
    "linear_vel": {
      "x": 0.16096526548674917,
      "y": 4.822840729843601e-07
    },
    "angular_vel_z": 0.0
  }
}