{
  "frame_idx": 8,
  "ros_stamp": 1075.9,
  "wall_time": 1776684990.3476386,
  "prompt": "small shelf aisle",
  "goal_id": "small_shelf_row",
  "goal_pose": {
    "frame_id": "map",
    "x": 1.937,
    "y": -7.778,
    "yaw_rad": 1.624
  },
  "odom": {
    "position": {
      "x": 0.1215987715267151,
      "y": 2.107151207365622,
      "z": 0.0
    },
    "orientation_quat": {
      "x": -0.001544173367692716,
      "y": -0.0016087051068920865,
      "z": -0.6924894716150508,
      "w": 0.7214245347219606
    },
    "yaw_rad": -1.5298730108492038,
    "linear_vel": {
      "x": 0.1811872748019824,
      "y": -2.1408671752347503e-06
    },
    "angular_vel_z": -0.012312805133456516
  }
}