{
  "frame_idx": 9,
  "ros_stamp": 1077.9,
  "wall_time": 1776684992.513473,
  "prompt": "small shelf aisle",
  "goal_id": "small_shelf_row",
  "goal_pose": {
    "frame_id": "map",
    "x": 1.937,
    "y": -7.778,
    "yaw_rad": 1.624
  },
  "odom": {
    "position": {
      "x": 0.1285410202954349,
      "y": 1.773731104141005,
      "z": 0.0
    },
    "orientation_quat": {
      "x": -0.0010143635027599297,
      "y": -0.0010371526633837667,
      "z": -0.6992102385277094,
      "w": 0.7149146366658476
    },
    "yaw_rad": -1.548586474119335,
    "linear_vel": {
      "x": 0.16574457420769576,
      "y": 3.771775811275863e-06
    },
    "angular_vel_z": 0.06990727995574396
  }
}