{
  "frame_idx": 10,
  "ros_stamp": 1079.9,
  "wall_time": 1776684994.6939378,
  "prompt": "small shelf aisle",
  "goal_id": "small_shelf_row",
  "goal_pose": {
    "frame_id": "map",
    "x": 1.937,
    "y": -7.778,
    "yaw_rad": 1.624
  },
  "odom": {
    "position": {
      "x": 0.14966380876892943,
      "y": 1.4308823526751977,
      "z": 0.0
    },
    "orientation_quat": {
      "x": 0.0015153474307247686,
      "y": 0.0016329506722157282,
      "z": -0.6802165808589827,
      "w": 0.7330078037229762
    },
    "yaw_rad": -1.4961207283769744,
    "linear_vel": {
      "x": 0.16801380389418757,
      "y": 1.0943125471516796e-05
    },
    "angular_vel_z": -0.021612360783004856
  }
}