{
  "frame_idx": 11,
  "ros_stamp": 1081.9,
  "wall_time": 1776684996.792011,
  "prompt": "small shelf aisle",
  "goal_id": "small_shelf_row",
  "goal_pose": {
    "frame_id": "map",
    "x": 1.937,
    "y": -7.778,
    "yaw_rad": 1.624
  },
  "odom": {
    "position": {
      "x": 0.17049732497642728,
      "y": 1.0915597911921424,
      "z": 0.0
    },
    "orientation_quat": {
      "x": -0.0015358052889953703,
      "y": -0.0016069784562568895,
      "z": -0.690919202767962,
      "w": 0.722928567819006
    },
    "yaw_rad": -1.5255242707880845,
    "linear_vel": {
      "x": 0.17109118660553296,
      "y": -5.319743710535872e-06
    },
    "angular_vel_z": -0.029715305758884224
  }
}