{
  "frame_idx": 12,
  "ros_stamp": 1083.9,
  "wall_time": 1776684998.985496,
  "prompt": "small shelf aisle",
  "goal_id": "small_shelf_row",
  "goal_pose": {
    "frame_id": "map",
    "x": 1.937,
    "y": -7.778,
    "yaw_rad": 1.624
  },
  "odom": {
    "position": {
      "x": 0.18254182614264858,
      "y": 0.7542659135160035,
      "z": 0.0
    },
    "orientation_quat": {
      "x": 0.0015358992905398089,
      "y": 0.001621775938750949,
      "z": -0.6878669864580682,
      "w": 0.7258333278358536
    },
    "yaw_rad": -1.5170972296565577,
    "linear_vel": {
      "x": 0.1627235256115139,
      "y": -2.1775393228563905e-05
    },
    "angular_vel_z": 0.041650811965007487
  }
}