{
  "frame_idx": 13,
  "ros_stamp": 1085.9,
  "wall_time": 1776685001.0935447,
  "prompt": "small shelf aisle",
  "goal_id": "small_shelf_row",
  "goal_pose": {
    "frame_id": "map",
    "x": 1.937,
    "y": -7.778,
    "yaw_rad": 1.624
  },
  "odom": {
    "position": {
      "x": 0.20685583177992514,
      "y": 0.41283056671340007,
      "z": 0.0
    },
    "orientation_quat": {
      "x": 0.0015294803992025956,
      "y": 0.0016274706056758474,
      "z": -0.6848299956178747,
      "w": 0.7286994504808946
    },
    "yaw_rad": -1.5087454397396918,
    "linear_vel": {
      "x": 0.16617814099395983,
      "y": 1.6212259564622474e-05
    },
    "angular_vel_z": -0.03119683086510955
  }
}