{
  "frame_idx": 14,
  "ros_stamp": 1087.9,
  "wall_time": 1776685003.2282631,
  "prompt": "small shelf aisle",
  "goal_id": "small_shelf_row",
  "goal_pose": {
    "frame_id": "map",
    "x": 1.937,
    "y": -7.778,
    "yaw_rad": 1.624
  },
  "odom": {
    "position": {
      "x": 0.22612532035022556,
      "y": 0.05856452827962252,
      "z": 0.0
    },
    "orientation_quat": {
      "x": -0.0015407428008388708,
      "y": -0.0016072394070755817,
      "z": -0.6920155079151016,
      "w": 0.7218792002115825
    },
    "yaw_rad": -1.5285594440098123,
    "linear_vel": {
      "x": 0.17420110423773852,
      "y": -6.76748952067348e-08
    },
    "angular_vel_z": 0.0
  }
}