{
  "frame_idx": 15,
  "ros_stamp": 1089.9,
  "wall_time": 1776685005.4154632,
  "prompt": "small shelf aisle",
  "goal_id": "small_shelf_row",
  "goal_pose": {
    "frame_id": "map",
    "x": 1.937,
    "y": -7.778,
    "yaw_rad": 1.624
  },
  "odom": {
    "position": {
      "x": 0.249006185771332,
      "y": -0.28498460191392955,
      "z": 0.0
    },
    "orientation_quat": {
      "x": -0.0006118834939485246,
      "y": -0.0006647319615944677,
      "z": -0.6772582288687299,
      "w": 0.7357448437873011
    },
    "yaw_rad": -1.4880601330206302,
    "linear_vel": {
      "x": 0.1783141516542961,
      "y": 4.301228560933077e-07
    },
    "angular_vel_z": -0.004361827093687186
  }
}