{
  "frame_idx": 16,
  "ros_stamp": 1091.9,
  "wall_time": 1776685007.5200913,
  "prompt": "small shelf aisle",
  "goal_id": "small_shelf_row",
  "goal_pose": {
    "frame_id": "map",
    "x": 1.937,
    "y": -7.778,
    "yaw_rad": 1.624
  },
  "odom": {
    "position": {
      "x": 0.27365437545489923,
      "y": -0.6010329418419394,
      "z": 0.0
    },
    "orientation_quat": {
      "x": 0.0015216588158213247,
      "y": 0.001626427828786056,
      "z": -0.6831945119794041,
      "w": 0.7302330436841309
    },
    "yaw_rad": -1.504261360330711,
    "linear_vel": {
      "x": 0.16497615657806208,
      "y": 7.824390468105384e-06
    },
    "angular_vel_z": -0.01561248114453652
  }
}