{
  "frame_idx": 17,
  "ros_stamp": 1093.9,
  "wall_time": 1776685009.6942642,
  "prompt": "small shelf aisle",
  "goal_id": "small_shelf_row",
  "goal_pose": {
    "frame_id": "map",
    "x": 1.937,
    "y": -7.778,
    "yaw_rad": 1.624
  },
  "odom": {
    "position": {
      "x": 0.29595677371160606,
      "y": -0.9619603965663003,
      "z": 0.0
    },
    "orientation_quat": {
      "x": 0.0007435462810582303,
      "y": 0.0008071390536811305,
      "z": -0.6775356206638098,
      "w": 0.7354891422700827
    },
    "yaw_rad": -1.4888146648604594,
    "linear_vel": {
      "x": 0.16953512969209525,
      "y": -1.09975141196339e-05
    },
    "angular_vel_z": 0.031704512380171496
  }
}