{
  "frame_idx": 18,
  "ros_stamp": 1095.9,
  "wall_time": 1776685011.821697,
  "prompt": "small shelf aisle",
  "goal_id": "small_shelf_row",
  "goal_pose": {
    "frame_id": "map",
    "x": 1.937,
    "y": -7.778,
    "yaw_rad": 1.624
  },
  "odom": {
    "position": {
      "x": 0.3221146717017061,
      "y": -1.2829203184625828,
      "z": 0.0
    },
    "orientation_quat": {
      "x": -0.0007316744592974904,
      "y": -0.0007890865540219684,
      "z": -0.6799090964746108,
      "w": 0.7332956174190421
    },
    "yaw_rad": -1.4952783975200994,
    "linear_vel": {
      "x": 0.1693755253143446,
      "y": -1.7922361762369866e-07
    },
    "angular_vel_z": -0.04312351349984596
  }
}