{
  "frame_idx": 19,
  "ros_stamp": 1097.9,
  "wall_time": 1776685013.9540908,
  "prompt": "small shelf aisle",
  "goal_id": "small_shelf_row",
  "goal_pose": {
    "frame_id": "map",
    "x": 1.937,
    "y": -7.778,
    "yaw_rad": 1.624
  },
  "odom": {
    "position": {
      "x": 0.3498346063571807,
      "y": -1.6463855392617417,
      "z": 0.0
    },
    "orientation_quat": {
      "x": -0.0014981707432727572,
      "y": -0.0016452098450067195,
      "z": -0.6732946667188305,
      "w": 0.7393709086358272
    },
    "yaw_rad": -1.4773161450411563,
    "linear_vel": {
      "x": 0.1671919589602872,
      "y": -2.5398182209613733e-06
    },
    "angular_vel_z": -0.012690915823136487
  }
}