{
  "frame_idx": 20,
  "ros_stamp": 1099.9,
  "wall_time": 1776685016.161956,
  "prompt": "small shelf aisle",
  "goal_id": "small_shelf_row",
  "goal_pose": {
    "frame_id": "map",
    "x": 1.937,
    "y": -7.778,
    "yaw_rad": 1.624
  },
  "odom": {
    "position": {
      "x": 0.3780096008261965,
      "y": -1.962418645987051,
      "z": 0.0
    },
    "orientation_quat": {
      "x": -0.0005200455103136635,
      "y": -0.0005568439021339912,
      "z": -0.6825406842932437,
      "w": 0.7308472027462694
    },
    "yaw_rad": -1.5024672817428588,
    "linear_vel": {
      "x": 0.17362604683571883,
      "y": 2.144283794699192e-06
    },
    "angular_vel_z": -0.036642117174049624
  }
}