{
  "frame_idx": 21,
  "ros_stamp": 1101.9,
  "wall_time": 1776685018.2479563,
  "prompt": "small shelf aisle",
  "goal_id": "small_shelf_row",
  "goal_pose": {
    "frame_id": "map",
    "x": 1.937,
    "y": -7.778,
    "yaw_rad": 1.624
  },
  "odom": {
    "position": {
      "x": 0.4048760738151427,
      "y": -2.297841926210939,
      "z": 0.0
    },
    "orientation_quat": {
      "x": -0.0003917067006311616,
      "y": -0.0004337751042368846,
      "z": -0.6702083288419473,
      "w": 0.7421727927887843
    },
    "yaw_rad": -1.4689792146144498,
    "linear_vel": {
      "x": 0.15527375357980794,
      "y": 5.120992643632471e-07
    },
    "angular_vel_z": -0.0037701221732558813
  }
}