{
  "frame_idx": 22,
  "ros_stamp": 1103.9,
  "wall_time": 1776685020.4110825,
  "prompt": "small shelf aisle",
  "goal_id": "small_shelf_row",
  "goal_pose": {
    "frame_id": "map",
    "x": 1.937,
    "y": -7.778,
    "yaw_rad": 1.624
  },
  "odom": {
    "position": {
      "x": 0.44255673419037317,
      "y": -2.6380700832400974,
      "z": 0.0
    },
    "orientation_quat": {
      "x": -0.0007767765011526854,
      "y": -0.0008776821135637507,
      "z": -0.6620997657315453,
      "w": 0.7494147893594091
    },
    "yaw_rad": -1.4472355625498323,
    "linear_vel": {
      "x": 0.20212305404590142,
      "y": -1.079010012440971e-06
    },
    "angular_vel_z": 0.009355783826948266
  }
}