{
  "frame_idx": 23,
  "ros_stamp": 1105.9,
  "wall_time": 1776685022.5366273,
  "prompt": "small shelf aisle",
  "goal_id": "small_shelf_row",
  "goal_pose": {
    "frame_id": "map",
    "x": 1.937,
    "y": -7.778,
    "yaw_rad": 1.624
  },
  "odom": {
    "position": {
      "x": 0.48699726977046276,
      "y": -2.974529731569776,
      "z": 0.0
    },
    "orientation_quat": {
      "x": -0.0014690419813509171,
      "y": -0.0016704948822863614,
      "z": -0.660377279821829,
      "w": 0.7509306889837618
    },
    "yaw_rad": -1.4426464800281795,
    "linear_vel": {
      "x": 0.16838171478024805,
      "y": 4.7020709488236763e-07
    },
    "angular_vel_z": 0.004584529506027108
  }
}