{
  "frame_idx": 24,
  "ros_stamp": 1107.9,
  "wall_time": 1776685024.6537554,
  "prompt": "small shelf aisle",
  "goal_id": "small_shelf_row",
  "goal_pose": {
    "frame_id": "map",
    "x": 1.937,
    "y": -7.778,
    "yaw_rad": 1.624
  },
  "odom": {
    "position": {
      "x": 0.5345677548750116,
      "y": -3.3293761248769376,
      "z": 0.0
    },
    "orientation_quat": {
      "x": -0.001057357642731419,
      "y": -0.0012051211540042633,
      "z": -0.6595216633155029,
      "w": 0.7516838466372495
    },
    "yaw_rad": -1.4403667171528294,
    "linear_vel": {
      "x": 0.17523081657885312,
      "y": 2.1227869765474776e-08
    },
    "angular_vel_z": -0.004373197048404258
  }
}