{
  "frame_idx": 25,
  "ros_stamp": 1109.9,
  "wall_time": 1776685026.8419065,
  "prompt": "small shelf aisle",
  "goal_id": "small_shelf_row",
  "goal_pose": {
    "frame_id": "map",
    "x": 1.937,
    "y": -7.778,
    "yaw_rad": 1.624
  },
  "odom": {
    "position": {
      "x": 0.5804795584929451,
      "y": -3.6625641164260085,
      "z": 0.0
    },
    "orientation_quat": {
      "x": 0.0007932161384251392,
      "y": 0.0009094892244878864,
      "z": -0.657284916467898,
      "w": 0.7536412158456414
    },
    "yaw_rad": -1.4344221886589754,
    "linear_vel": {
      "x": 0.17294373414851177,
      "y": -3.0983947605113245e-06
    },
    "angular_vel_z": 0.007837309028515635
  }
}