{
  "frame_idx": 26,
  "ros_stamp": 1111.9,
  "wall_time": 1776685028.9293525,
  "prompt": "small shelf aisle",
  "goal_id": "small_shelf_row",
  "goal_pose": {
    "frame_id": "map",
    "x": 1.937,
    "y": -7.778,
    "yaw_rad": 1.624
  },
  "odom": {
    "position": {
      "x": 0.6329100041506271,
      "y": -3.9903873732035895,
      "z": 0.0
    },
    "orientation_quat": {
      "x": 0.00023542333736647052,
      "y": 0.0002793583019957476,
      "z": -0.6443762783084727,
      "w": 0.7647084924911669
    },
    "yaw_rad": -1.4004148514012618,
    "linear_vel": {
      "x": 0.17375099409610395,
      "y": 3.321270744410741e-06
    },
    "angular_vel_z": -0.011711707277073938
  }
}