{
  "frame_idx": 27,
  "ros_stamp": 1113.9,
  "wall_time": 1776685031.0915897,
  "prompt": "small shelf aisle",
  "goal_id": "small_shelf_row",
  "goal_pose": {
    "frame_id": "map",
    "x": 1.937,
    "y": -7.778,
    "yaw_rad": 1.624
  },
  "odom": {
    "position": {
      "x": 0.6924022424110404,
      "y": -4.328343671439853,
      "z": 0.0
    },
    "orientation_quat": {
      "x": 0.0014407882452936495,
      "y": 0.0017003870619988631,
      "z": -0.6464613083403087,
      "w": 0.7629435166721111
    },
    "yaw_rad": -1.4058783695627604,
    "linear_vel": {
      "x": 0.1683770838241787,
      "y": 7.193093010470118e-06
    },
    "angular_vel_z": -0.01440494639163092
  }
}