{
  "frame_idx": 28,
  "ros_stamp": 1115.9,
  "wall_time": 1776685033.2280574,
  "prompt": "small shelf aisle",
  "goal_id": "small_shelf_row",
  "goal_pose": {
    "frame_id": "map",
    "x": 1.937,
    "y": -7.778,
    "yaw_rad": 1.624
  },
  "odom": {
    "position": {
      "x": 0.7535281227287594,
      "y": -4.660220706176597,
      "z": 0.0
    },
    "orientation_quat": {
      "x": -0.0001372543131038837,
      "y": -0.00016543087843935922,
      "z": -0.6385471295590365,
      "w": 0.7695826902456897
    },
    "yaw_rad": -1.3852178698916846,
    "linear_vel": {
      "x": 0.16073331746995123,
      "y": 2.470112135893285e-06
    },
    "angular_vel_z": -0.016341320839046016
  }
}