{
  "frame_idx": 29,
  "ros_stamp": 1117.9,
  "wall_time": 1776685035.3341382,
  "prompt": "small shelf aisle",
  "goal_id": "small_shelf_row",
  "goal_pose": {
    "frame_id": "map",
    "x": 1.937,
    "y": -7.778,
    "yaw_rad": 1.624
  },
  "odom": {
    "position": {
      "x": 0.8251485176038997,
      "y": -5.00736743306688,
      "z": 0.0
    },
    "orientation_quat": {
      "x": 0.0009404110163178134,
      "y": 0.0011705503716533763,
      "z": -0.626301950791296,
      "w": 0.7795791248320884
    },
    "yaw_rad": -1.3536027724015134,
    "linear_vel": {
      "x": 0.17851780542204476,
      "y": 8.479384263579301e-06
    },
    "angular_vel_z": -0.01981156210776998
  }
}