{
  "frame_idx": 30,
  "ros_stamp": 1119.9,
  "wall_time": 1776685037.5319343,
  "prompt": "small shelf aisle",
  "goal_id": "small_shelf_row",
  "goal_pose": {
    "frame_id": "map",
    "x": 1.937,
    "y": -7.778,
    "yaw_rad": 1.624
  },
  "odom": {
    "position": {
      "x": 0.8976300119794505,
      "y": -5.326050683811531,
      "z": 0.0
    },
    "orientation_quat": {
      "x": 0.0012111270609686331,
      "y": 0.0015549650447052106,
      "z": -0.6144610794600551,
      "w": 0.7889446730181627
    },
    "yaw_rad": -1.3234084181436665,
    "linear_vel": {
      "x": 0.16322843911983895,
      "y": -1.25563658831391e-05
    },
    "angular_vel_z": 0.029670520595192217
  }
}