{
  "frame_idx": 31,
  "ros_stamp": 1121.9,
  "wall_time": 1776685039.6266103,
  "prompt": "small shelf aisle",
  "goal_id": "small_shelf_row",
  "goal_pose": {
    "frame_id": "map",
    "x": 1.937,
    "y": -7.778,
    "yaw_rad": 1.624
  },
  "odom": {
    "position": {
      "x": 0.9849749796178716,
      "y": -5.654994668465744,
      "z": 0.0
    },
    "orientation_quat": {
      "x": 0.001167901632291841,
      "y": 0.0015165201676288938,
      "z": -0.6101457185571424,
      "w": 0.7922869040308231
    },
    "yaw_rad": -1.3124918191177417,
    "linear_vel": {
      "x": 0.15921689414100773,
      "y": -7.594149522294484e-07
    },
    "angular_vel_z": 0.00037677958797743957
  }
}