{
  "frame_idx": 32,
  "ros_stamp": 1123.9,
  "wall_time": 1776685041.7765598,
  "prompt": "small shelf aisle",
  "goal_id": "small_shelf_row",
  "goal_pose": {
    "frame_id": "map",
    "x": 1.937,
    "y": -7.778,
    "yaw_rad": 1.624
  },
  "odom": {
    "position": {
      "x": 1.0803658921472583,
      "y": -5.995656319208614,
      "z": 0.0
    },
    "orientation_quat": {
      "x": 0.001205605462080341,
      "y": 0.0016182536195516112,
      "z": -0.5974224596039804,
      "w": 0.8019241438761044
    },
    "yaw_rad": -1.2805691560172472,
    "linear_vel": {
      "x": 0.1778490808136389,
      "y": -8.834670391887338e-06
    },
    "angular_vel_z": 0.016651932458721742
  }
}