{
  "frame_idx": 33,
  "ros_stamp": 1125.9,
  "wall_time": 1776685043.9307034,
  "prompt": "small shelf aisle",
  "goal_id": "small_shelf_row",
  "goal_pose": {
    "frame_id": "map",
    "x": 1.937,
    "y": -7.778,
    "yaw_rad": 1.624
  },
  "odom": {
    "position": {
      "x": 1.1879197184354267,
      "y": -6.325441497331984,
      "z": 0.0
    },
    "orientation_quat": {
      "x": -0.0012887824360544458,
      "y": -0.0018127470924775852,
      "z": -0.5794436434113454,
      "w": 0.8150092742404818
    },
    "yaw_rad": -1.2360952953781223,
    "linear_vel": {
      "x": 0.18582867917936458,
      "y": 2.6437949620602183e-06
    },
    "angular_vel_z": 0.020305647650612317
  }
}