{
  "frame_idx": 34,
  "ros_stamp": 1127.9,
  "wall_time": 1776685046.0290973,
  "prompt": "small shelf aisle",
  "goal_id": "small_shelf_row",
  "goal_pose": {
    "frame_id": "map",
    "x": 1.937,
    "y": -7.778,
    "yaw_rad": 1.624
  },
  "odom": {
    "position": {
      "x": 1.315098630042596,
      "y": -6.664651352230805,
      "z": 0.0
    },
    "orientation_quat": {
      "x": -0.0012508927666283138,
      "y": -0.0018380611959775894,
      "z": -0.5626273647552017,
      "w": 0.8267076298347218
    },
    "yaw_rad": -1.1951243055544964,
    "linear_vel": {
      "x": 0.21545818288358193,
      "y": 1.9668154433650684e-06
    },
    "angular_vel_z": 0.0197392153804097
  }
}