{
  "frame_idx": 35,
  "ros_stamp": 1129.9,
  "wall_time": 1776685048.2220984,
  "prompt": "small shelf aisle",
  "goal_id": "small_shelf_row",
  "goal_pose": {
    "frame_id": "map",
    "x": 1.937,
    "y": -7.778,
    "yaw_rad": 1.624
  },
  "odom": {
    "position": {
      "x": 1.4816563366045619,
      "y": -7.042773185948826,
      "z": 0.0
    },
    "orientation_quat": {
      "x": 0.0011879156901954389,
      "y": 0.0018792135294572981,
      "z": -0.5343174593685118,
      "w": 0.8452809651392857
    },
    "yaw_rad": -1.1274032676999521,
    "linear_vel": {
      "x": 0.1942052713092552,
      "y": -1.5345843504430362e-05
    },
    "angular_vel_z": 0.02728602395124257
  }
}