{
  "frame_idx": 36,
  "ros_stamp": 1131.9,
  "wall_time": 1776685050.3157332,
  "prompt": "small shelf aisle",
  "goal_id": "small_shelf_row",
  "goal_pose": {
    "frame_id": "map",
    "x": 1.937,
    "y": -7.778,
    "yaw_rad": 1.624
  },
  "odom": {
    "position": {
      "x": 1.639879095688869,
      "y": -7.352350122176709,
      "z": 0.0
    },
    "orientation_quat": {
      "x": 0.0008826390916774807,
      "y": 0.0014924845641617072,
      "z": -0.5090223437636776,
      "w": 0.8607515593871393
    },
    "yaw_rad": -1.0680989651932942,
    "linear_vel": {
      "x": 0.16392850534351266,
      "y": -1.5394158834133734e-05
    },
    "angular_vel_z": 0.034058987452857646
  }
}