{
  "frame_idx": 37,
  "ros_stamp": 1133.9,
  "wall_time": 1776685052.454895,
  "prompt": "small shelf aisle",
  "goal_id": "small_shelf_row",
  "goal_pose": {
    "frame_id": "map",
    "x": 1.937,
    "y": -7.778,
    "yaw_rad": 1.624
  },
  "odom": {
    "position": {
      "x": 1.8041889514171927,
      "y": -7.585379891958981,
      "z": 0.0
    },
    "orientation_quat": {
      "x": 0.0008657257826996336,
      "y": 0.0020474087362737352,
      "z": -0.38943646862472714,
      "w": 0.921050647652689
    },
    "yaw_rad": -0.8000414489196648,
    "linear_vel": {
      "x": 0.12655509586288982,
      "y": -7.274099684178106e-05
    },
    "angular_vel_z": 0.15365980413614852
  }
}