{
  "frame_idx": 38,
  "ros_stamp": 1135.9,
  "wall_time": 1776685054.6235526,
  "prompt": "small shelf aisle",
  "goal_id": "small_shelf_row",
  "goal_pose": {
    "frame_id": "map",
    "x": 1.937,
    "y": -7.778,
    "yaw_rad": 1.624
  },
  "odom": {
    "position": {
      "x": 1.9460021666010485,
      "y": -7.695931038354949,
      "z": 0.0
    },
    "orientation_quat": {
      "x": 0.0005165759564737267,
      "y": 0.0021624273542927364,
      "z": -0.23232530749641,
      "w": 0.9726355990574873
    },
    "yaw_rad": -0.46893663047277134,
    "linear_vel": {
      "x": 0.047282512961049725,
      "y": -6.475013027997328e-05
    },
    "angular_vel_z": 0.16285011640043662
  }
}