{
  "frame_idx": 39,
  "ros_stamp": 1137.9,
  "wall_time": 1776685056.72728,
  "prompt": "small shelf aisle",
  "goal_id": "small_shelf_row",
  "goal_pose": {
    "frame_id": "map",
    "x": 1.937,
    "y": -7.778,
    "yaw_rad": 1.624
  },
  "odom": {
    "position": {
      "x": 1.9973329286077188,
      "y": -7.7138394506718875,
      "z": 0.0
    },
    "orientation_quat": {
      "x": 0.00013545908454606933,
      "y": 0.002220551570943927,
      "z": -0.06085981335089817,
      "w": 0.9981438443032402
    },
    "yaw_rad": -0.12179519359292462,
    "linear_vel": {
      "x": 0.013550213485152151,
      "y": -6.482217208164814e-05
    },
    "angular_vel_z": 0.16410345147809208
  }
}