{
  "frame_idx": 40,
  "ros_stamp": 1139.9,
  "wall_time": 1776685058.9215753,
  "prompt": "small shelf aisle",
  "goal_id": "small_shelf_row",
  "goal_pose": {
    "frame_id": "map",
    "x": 1.937,
    "y": -7.778,
    "yaw_rad": 1.624
  },
  "odom": {
    "position": {
      "x": 2.0027982280047425,
      "y": -7.714156708165492,
      "z": 0.0
    },
    "orientation_quat": {
      "x": -0.00022857994910206297,
      "y": 0.002210843169250074,
      "z": 0.10286820714314805,
      "w": 0.9946925112228614
    },
    "yaw_rad": 0.2061015101439481,
    "linear_vel": {
      "x": -1.2984348155398767e-05,
      "y": -5.2509370899811374e-05
    },
    "angular_vel_z": 0.14994421256778537
  }
}