{
  "frame_idx": 41,
  "ros_stamp": 1141.9,
  "wall_time": 1776685061.012261,
  "prompt": "small shelf aisle",
  "goal_id": "small_shelf_row",
  "goal_pose": {
    "frame_id": "map",
    "x": 1.937,
    "y": -7.778,
    "yaw_rad": 1.624
  },
  "odom": {
    "position": {
      "x": 2.0029302198748185,
      "y": -7.714226663333575,
      "z": 0.0
    },
    "orientation_quat": {
      "x": -0.0005577463274954495,
      "y": 0.002151488555843485,
      "z": 0.2509646269808518,
      "w": 0.9679937066016443
    },
    "yaw_rad": 0.5073545728647973,
    "linear_vel": {
      "x": -2.8974306830602073e-07,
      "y": -5.231386945530723e-05
    },
    "angular_vel_z": 0.14941144628446917
  }
}