{
  "frame_idx": 42,
  "ros_stamp": 1143.9,
  "wall_time": 1776685063.1688719,
  "prompt": "small shelf aisle",
  "goal_id": "small_shelf_row",
  "goal_pose": {
    "frame_id": "map",
    "x": 1.937,
    "y": -7.778,
    "yaw_rad": 1.624
  },
  "odom": {
    "position": {
      "x": 2.00298927720284,
      "y": -7.71430525850506,
      "z": 0.0
    },
    "orientation_quat": {
      "x": -0.0008353167386292267,
      "y": 0.0020596537251473934,
      "z": 0.3758466619653828,
      "w": 0.9266792038035374
    },
    "yaw_rad": 0.7706225125655297,
    "linear_vel": {
      "x": -5.3575429416668764e-09,
      "y": -4.444890766098368e-05
    },
    "angular_vel_z": 0.1281724905958929
  }
}