{
  "frame_idx": 43,
  "ros_stamp": 1145.9,
  "wall_time": 1776685065.3289998,
  "prompt": "small shelf aisle",
  "goal_id": "small_shelf_row",
  "goal_pose": {
    "frame_id": "map",
    "x": 1.937,
    "y": -7.778,
    "yaw_rad": 1.624
  },
  "odom": {
    "position": {
      "x": 2.0030380245765986,
      "y": -7.714347117879424,
      "z": 0.0
    },
    "orientation_quat": {
      "x": -0.0010185534484908974,
      "y": 0.001975460615755176,
      "z": 0.4582866233658904,
      "w": 0.8888016825749818
    },
    "yaw_rad": 0.952135560272136,
    "linear_vel": {
      "x": 0.0,
      "y": 0.0
    },
    "angular_vel_z": 0.0
  }
}