{
  "frame_idx": 44,
  "ros_stamp": 1147.9,
  "wall_time": 1776685067.4347348,
  "prompt": "small shelf aisle",
  "goal_id": "small_shelf_row",
  "goal_pose": {
    "frame_id": "map",
    "x": 1.937,
    "y": -7.778,
    "yaw_rad": 1.624
  },
  "odom": {
    "position": {
      "x": 2.0031032236057142,
      "y": -7.714384226340444,
      "z": 0.0
    },
    "orientation_quat": {
      "x": -0.0012082643519769256,
      "y": 0.0018654668481971955,
      "z": 0.5436391098662176,
      "w": 0.8393161373133253
    },
    "yaw_rad": 1.1495368798456724,
    "linear_vel": {
      "x": 2.7135146610676223e-07,
      "y": -3.2432716692009095e-05
    },
    "angular_vel_z": 0.0917751715608574
  }
}