{
  "frame_idx": 45,
  "ros_stamp": 1149.9,
  "wall_time": 1776685069.6197314,
  "prompt": "small shelf aisle",
  "goal_id": "small_shelf_row",
  "goal_pose": {
    "frame_id": "map",
    "x": 1.937,
    "y": -7.778,
    "yaw_rad": 1.624
  },
  "odom": {
    "position": {
      "x": 2.0031583876811903,
      "y": -7.714402586807659,
      "z": 0.0
    },
    "orientation_quat": {
      "x": -0.0013511330240064032,
      "y": 0.0017647363697147948,
      "z": 0.6079166767281025,
      "w": 0.7939977168109217
    },
    "yaw_rad": 1.3068720161902914,
    "linear_vel": {
      "x": 1.6043354038036114e-07,
      "y": -2.6306378173735042e-05
    },
    "angular_vel_z": 0.07413960648582947
  }
}