{
  "frame_idx": 0,
  "ros_stamp": 621.9,
  "wall_time": 1776684505.103058,
  "prompt": "go in the small shelves",
  "goal_id": "inside_small_shelf",
  "goal_pose": {
    "frame_id": "map",
    "x": 5.231,
    "y": -5.906,
    "yaw_rad": -3.134
  },
  "odom": {
    "position": {
      "x": -0.21254246765935583,
      "y": 7.395810369679891,
      "z": 0.0
    },
    "orientation_quat": {
      "x": -0.00010935823157232985,
      "y": -9.507658805600821e-05,
      "z": -0.7722215892262395,
      "w": 0.6353532845072265
    },
    "yaw_rad": -1.7646607872976476,
    "linear_vel": {
      "x": 0.03175077692743172,
      "y": -4.339546676911073e-06
    },
    "angular_vel_z": 0.16617930060402664
  }
}