{
  "frame_idx": 1,
  "ros_stamp": 623.9,
  "wall_time": 1776684507.2313113,
  "prompt": "go in the small shelves",
  "goal_id": "inside_small_shelf",
  "goal_pose": {
    "frame_id": "map",
    "x": 5.231,
    "y": -5.906,
    "yaw_rad": -3.134
  },
  "odom": {
    "position": {
      "x": -0.23590909555657913,
      "y": 7.092810071932601,
      "z": 0.0
    },
    "orientation_quat": {
      "x": 0.0012536997439622057,
      "y": 0.0012556959811316052,
      "z": -0.70538907538714,
      "w": 0.7088181034574602
    },
    "yaw_rad": -1.5659469261469703,
    "linear_vel": {
      "x": 0.1512312717426755,
      "y": -3.3921019553924116e-05
    },
    "angular_vel_z": 0.08344260145605137
  }
}