{
  "frame_idx": 2,
  "ros_stamp": 625.9,
  "wall_time": 1776684509.3752031,
  "prompt": "go in the small shelves",
  "goal_id": "inside_small_shelf",
  "goal_pose": {
    "frame_id": "map",
    "x": 5.231,
    "y": -5.906,
    "yaw_rad": -3.134
  },
  "odom": {
    "position": {
      "x": -0.20716012088912192,
      "y": 6.776074449251952,
      "z": 0.0
    },
    "orientation_quat": {
      "x": -0.001434293940770715,
      "y": -0.0017131925839452436,
      "z": -0.6421113618415838,
      "w": 0.7666081181190351
    },
    "yaw_rad": -1.394502680873065,
    "linear_vel": {
      "x": 0.16697388471647717,
      "y": 0.0003367027254929057
    },
    "angular_vel_z": 0.11369596685823717
  }
}