{
  "frame_idx": 3,
  "ros_stamp": 627.9,
  "wall_time": 1776684511.5394833,
  "prompt": "go in the small shelves",
  "goal_id": "inside_small_shelf",
  "goal_pose": {
    "frame_id": "map",
    "x": 5.231,
    "y": -5.906,
    "yaw_rad": -3.134
  },
  "odom": {
    "position": {
      "x": -0.12029871003001566,
      "y": 6.447523599236501,
      "z": 0.0
    },
    "orientation_quat": {
      "x": -0.0013133661031342315,
      "y": -0.0017960822296750453,
      "z": -0.590267694372748,
      "w": 0.807204495860859
    },
    "yaw_rad": -1.2627844818505474,
    "linear_vel": {
      "x": 0.19205957680914781,
      "y": 3.797728308807297e-06
    },
    "angular_vel_z": 0.028486749059096393
  }
}