{
  "frame_idx": 4,
  "ros_stamp": 629.9,
  "wall_time": 1776684513.641682,
  "prompt": "go in the small shelves",
  "goal_id": "inside_small_shelf",
  "goal_pose": {
    "frame_id": "map",
    "x": 5.231,
    "y": -5.906,
    "yaw_rad": -3.134
  },
  "odom": {
    "position": {
      "x": -0.00432854487031453,
      "y": 6.12503481228398,
      "z": 0.0
    },
    "orientation_quat": {
      "x": 0.00040586294903467105,
      "y": 0.0005892359729089473,
      "z": -0.5672233733223737,
      "w": 0.8235636786751963
    },
    "yaw_rad": -1.2062612499669774,
    "linear_vel": {
      "x": 0.170208962415306,
      "y": 1.4442814240221832e-06
    },
    "angular_vel_z": -0.007023385855030391
  }
}