{
  "frame_idx": 5,
  "ros_stamp": 631.9,
  "wall_time": 1776684515.8151572,
  "prompt": "go in the small shelves",
  "goal_id": "inside_small_shelf",
  "goal_pose": {
    "frame_id": "map",
    "x": 5.231,
    "y": -5.906,
    "yaw_rad": -3.134
  },
  "odom": {
    "position": {
      "x": 0.12311097387892869,
      "y": 5.788308630353785,
      "z": 0.0
    },
    "orientation_quat": {
      "x": 0.00039816964813918585,
      "y": 0.0005852996071410704,
      "z": -0.5623006044191153,
      "w": 0.8269326025470267
    },
    "yaw_rad": -1.1943308809408146,
    "linear_vel": {
      "x": 0.1638522098121998,
      "y": -7.183683780755232e-06
    },
    "angular_vel_z": 0.023964968602269238
  }
}