{
  "frame_idx": 6,
  "ros_stamp": 633.9,
  "wall_time": 1776684517.9301999,
  "prompt": "go in the small shelves",
  "goal_id": "inside_small_shelf",
  "goal_pose": {
    "frame_id": "map",
    "x": 5.231,
    "y": -5.906,
    "yaw_rad": -3.134
  },
  "odom": {
    "position": {
      "x": 0.25653192770983074,
      "y": 5.461731188474887,
      "z": 0.0
    },
    "orientation_quat": {
      "x": -0.0006483135462110229,
      "y": -0.0009752792665957873,
      "z": -0.5536723990167683,
      "w": 0.8327337528207407
    },
    "yaw_rad": -1.173536617990551,
    "linear_vel": {
      "x": 0.17075957280461398,
      "y": 7.002396374536693e-07
    },
    "angular_vel_z": -0.0076736737179572394
  }
}