{
  "frame_idx": 7,
  "ros_stamp": 635.9,
  "wall_time": 1776684520.0586789,
  "prompt": "go in the small shelves",
  "goal_id": "inside_small_shelf",
  "goal_pose": {
    "frame_id": "map",
    "x": 5.231,
    "y": -5.906,
    "yaw_rad": -3.134
  },
  "odom": {
    "position": {
      "x": 0.39612681997655175,
      "y": 5.126483718605469,
      "z": 0.0
    },
    "orientation_quat": {
      "x": -0.00010442787614294982,
      "y": -0.00015875257676829284,
      "z": -0.549638424045487,
      "w": 0.8354026374780197
    },
    "yaw_rad": -1.1638627434282893,
    "linear_vel": {
      "x": 0.1856033191544002,
      "y": -6.491819065841155e-06
    },
    "angular_vel_z": 0.036701342532227975
  }
}