{
  "frame_idx": 8,
  "ros_stamp": 637.9,
  "wall_time": 1776684522.2377548,
  "prompt": "go in the small shelves",
  "goal_id": "inside_small_shelf",
  "goal_pose": {
    "frame_id": "map",
    "x": 5.231,
    "y": -5.906,
    "yaw_rad": -3.134
  },
  "odom": {
    "position": {
      "x": 0.5384695012122546,
      "y": 4.7998699605730435,
      "z": 0.0
    },
    "orientation_quat": {
      "x": -0.0004019852351608698,
      "y": -0.000609399339229661,
      "z": -0.5506520766474453,
      "w": 0.8347345431478034
    },
    "yaw_rad": -1.1662907814763444,
    "linear_vel": {
      "x": 0.2000064826235472,
      "y": 2.1638339388352096e-06
    },
    "angular_vel_z": -0.016738171857832995
  }
}