{
  "frame_idx": 9,
  "ros_stamp": 639.9,
  "wall_time": 1776684524.342347,
  "prompt": "go in the small shelves",
  "goal_id": "inside_small_shelf",
  "goal_pose": {
    "frame_id": "map",
    "x": 5.231,
    "y": -5.906,
    "yaw_rad": -3.134
  },
  "odom": {
    "position": {
      "x": 0.6888116672228829,
      "y": 4.466737938736136,
      "z": 0.0
    },
    "orientation_quat": {
      "x": 0.0004933774495031759,
      "y": 0.0007772195780446238,
      "z": -0.5359122069592615,
      "w": 0.8442732134448384
    },
    "yaw_rad": -1.1311762191473294,
    "linear_vel": {
      "x": 0.18818546035366096,
      "y": -8.103366273979273e-06
    },
    "angular_vel_z": 0.022613795173947245
  }
}