{
  "frame_idx": 10,
  "ros_stamp": 641.9,
  "wall_time": 1776684526.508091,
  "prompt": "go in the small shelves",
  "goal_id": "inside_small_shelf",
  "goal_pose": {
    "frame_id": "map",
    "x": 5.231,
    "y": -5.906,
    "yaw_rad": -3.134
  },
  "odom": {
    "position": {
      "x": 0.8513639370257293,
      "y": 4.129380111831022,
      "z": 0.0
    },
    "orientation_quat": {
      "x": 0.0006415097967914071,
      "y": 0.0010309076530632788,
      "z": -0.5283160453087307,
      "w": 0.8490469256548396
    },
    "yaw_rad": -1.1132329046807434,
    "linear_vel": {
      "x": 0.18324614012747034,
      "y": 2.745242451949754e-06
    },
    "angular_vel_z": -0.009012339038890708
  }
}