{
  "frame_idx": 11,
  "ros_stamp": 643.9,
  "wall_time": 1776684528.656588,
  "prompt": "go in the small shelves",
  "goal_id": "inside_small_shelf",
  "goal_pose": {
    "frame_id": "map",
    "x": 5.231,
    "y": -5.906,
    "yaw_rad": -3.134
  },
  "odom": {
    "position": {
      "x": 1.019163724837435,
      "y": 3.807866634589092,
      "z": 0.0
    },
    "orientation_quat": {
      "x": 0.001135179757269964,
      "y": 0.001913947484058443,
      "z": -0.5101193180343812,
      "w": 0.8601007670849299
    },
    "yaw_rad": -1.070649956274778,
    "linear_vel": {
      "x": 0.1649327606199196,
      "y": -3.812199748619836e-06
    },
    "angular_vel_z": 0.006452950696603027
  }
}