{
  "frame_idx": 12,
  "ros_stamp": 645.9,
  "wall_time": 1776684530.7626274,
  "prompt": "go in the small shelves",
  "goal_id": "inside_small_shelf",
  "goal_pose": {
    "frame_id": "map",
    "x": 5.231,
    "y": -5.906,
    "yaw_rad": -3.134
  },
  "odom": {
    "position": {
      "x": 1.1993226020053387,
      "y": 3.484627707095324,
      "z": 0.0
    },
    "orientation_quat": {
      "x": 0.0008191443991466273,
      "y": 0.0014127999046828215,
      "z": -0.5015737437435723,
      "w": 0.8651133524492267
    },
    "yaw_rad": -1.0508354134147548,
    "linear_vel": {
      "x": 0.1573098101523221,
      "y": -1.626893536762228e-06
    },
    "angular_vel_z": 0.0028341319656807547
  }
}