{
  "frame_idx": 13,
  "ros_stamp": 647.9,
  "wall_time": 1776684532.9679873,
  "prompt": "go in the small shelves",
  "goal_id": "inside_small_shelf",
  "goal_pose": {
    "frame_id": "map",
    "x": 5.231,
    "y": -5.906,
    "yaw_rad": -3.134
  },
  "odom": {
    "position": {
      "x": 1.401972895897444,
      "y": 3.141957006920512,
      "z": 0.0
    },
    "orientation_quat": {
      "x": -0.0010190503466791544,
      "y": -0.0018168297617168613,
      "z": -0.48920372911466475,
      "w": 0.8721670551484466
    },
    "yaw_rad": -1.0223555175298298,
    "linear_vel": {
      "x": 0.16854477630869347,
      "y": 2.36501425620293e-06
    },
    "angular_vel_z": 0.015231560594328859
  }
}