{
  "frame_idx": 14,
  "ros_stamp": 649.9,
  "wall_time": 1776684535.054557,
  "prompt": "go in the small shelves",
  "goal_id": "inside_small_shelf",
  "goal_pose": {
    "frame_id": "map",
    "x": 5.231,
    "y": -5.906,
    "yaw_rad": -3.134
  },
  "odom": {
    "position": {
      "x": 1.5911831027663352,
      "y": 2.838400602376086,
      "z": 0.0
    },
    "orientation_quat": {
      "x": -0.0004075622208280462,
      "y": -0.0007564064505631524,
      "z": -0.4749559766794181,
      "w": 0.880009137429162
    },
    "yaw_rad": -0.9898284096518888,
    "linear_vel": {
      "x": 0.1792800795807132,
      "y": -4.413205294492872e-07
    },
    "angular_vel_z": 0.02496051081818052
  }
}