{
  "frame_idx": 15,
  "ros_stamp": 651.9,
  "wall_time": 1776684537.2227466,
  "prompt": "go in the small shelves",
  "goal_id": "inside_small_shelf",
  "goal_pose": {
    "frame_id": "map",
    "x": 5.231,
    "y": -5.906,
    "yaw_rad": -3.134
  },
  "odom": {
    "position": {
      "x": 1.8051324686997354,
      "y": 2.538638559382058,
      "z": 0.0
    },
    "orientation_quat": {
      "x": 0.00025088876218328795,
      "y": 0.0005284066623673997,
      "z": -0.42987953220305236,
      "w": 0.902886064591825
    },
    "yaw_rad": -0.888718858596107,
    "linear_vel": {
      "x": 0.1896730551526718,
      "y": -2.4184837602573466e-05
    },
    "angular_vel_z": 0.08610602296776063
  }
}