{
  "frame_idx": 16,
  "ros_stamp": 653.9,
  "wall_time": 1776684539.361543,
  "prompt": "go in the small shelves",
  "goal_id": "inside_small_shelf",
  "goal_pose": {
    "frame_id": "map",
    "x": 5.231,
    "y": -5.906,
    "yaw_rad": -3.134
  },
  "odom": {
    "position": {
      "x": 2.0462996563537432,
      "y": 2.280372719924777,
      "z": 0.0
    },
    "orientation_quat": {
      "x": -0.0002308414250241953,
      "y": -0.0005790573490450767,
      "z": -0.37051101731378094,
      "w": 0.928827862121895
    },
    "yaw_rad": -0.7591184244660483,
    "linear_vel": {
      "x": 0.17633358124709717,
      "y": -5.989753389032935e-06
    },
    "angular_vel_z": 0.07268743939356599
  }
}