{
  "frame_idx": 17,
  "ros_stamp": 655.9,
  "wall_time": 1776684541.459182,
  "prompt": "go in the small shelves",
  "goal_id": "inside_small_shelf",
  "goal_pose": {
    "frame_id": "map",
    "x": 5.231,
    "y": -5.906,
    "yaw_rad": -3.134
  },
  "odom": {
    "position": {
      "x": 2.3188969418460106,
      "y": 2.046486288007852,
      "z": 0.0
    },
    "orientation_quat": {
      "x": 0.000501576533230495,
      "y": 0.0014460778049719086,
      "z": -0.32767585614922495,
      "w": 0.9447889661595523
    },
    "yaw_rad": -0.6676859419625834,
    "linear_vel": {
      "x": 0.17032764005654547,
      "y": -8.355855951858962e-06
    },
    "angular_vel_z": 0.02086963029759926
  }
}