{
  "frame_idx": 18,
  "ros_stamp": 657.9,
  "wall_time": 1776684543.644524,
  "prompt": "go in the small shelves",
  "goal_id": "inside_small_shelf",
  "goal_pose": {
    "frame_id": "map",
    "x": 5.231,
    "y": -5.906,
    "yaw_rad": -3.134
  },
  "odom": {
    "position": {
      "x": 2.583511133195661,
      "y": 1.8532095983193988,
      "z": 0.0
    },
    "orientation_quat": {
      "x": 0.0002482340000265886,
      "y": 0.0008018464913324725,
      "z": -0.2969893442874643,
      "w": 0.9548804243473564
    },
    "yaw_rad": -0.6030765984327114,
    "linear_vel": {
      "x": 0.19126787902747733,
      "y": -1.0275887996871909e-05
    },
    "angular_vel_z": 0.03052815423536375
  }
}