{
  "frame_idx": 19,
  "ros_stamp": 659.9,
  "wall_time": 1776684545.7541096,
  "prompt": "go in the small shelves",
  "goal_id": "inside_small_shelf",
  "goal_pose": {
    "frame_id": "map",
    "x": 5.231,
    "y": -5.906,
    "yaw_rad": -3.134
  },
  "odom": {
    "position": {
      "x": 2.852091007763202,
      "y": 1.671371619189127,
      "z": 0.0
    },
    "orientation_quat": {
      "x": -0.0006556051154661584,
      "y": -0.0021275144501159172,
      "z": -0.29451189424659535,
      "w": 0.9556452207861866
    },
    "yaw_rad": -0.5978909664434082,
    "linear_vel": {
      "x": 0.16109245251388202,
      "y": -1.66666949299836e-06
    },
    "angular_vel_z": -0.010633830755558116
  }
}