{
  "frame_idx": 20,
  "ros_stamp": 661.9,
  "wall_time": 1776684547.9052222,
  "prompt": "go in the small shelves",
  "goal_id": "inside_small_shelf",
  "goal_pose": {
    "frame_id": "map",
    "x": 5.231,
    "y": -5.906,
    "yaw_rad": -3.134
  },
  "odom": {
    "position": {
      "x": 3.101813502087687,
      "y": 1.4913398522933816,
      "z": 0.0
    },
    "orientation_quat": {
      "x": -0.0007315023167306851,
      "y": -0.002099284040303793,
      "z": -0.3290689311633601,
      "w": 0.9443032862665905
    },
    "yaw_rad": -0.6706365690729225,
    "linear_vel": {
      "x": 0.1768447761170284,
      "y": -9.954849530844441e-06
    },
    "angular_vel_z": -0.059409140580315434
  }
}