{
  "frame_idx": 21,
  "ros_stamp": 663.9,
  "wall_time": 1776684550.0633464,
  "prompt": "go in the small shelves",
  "goal_id": "inside_small_shelf",
  "goal_pose": {
    "frame_id": "map",
    "x": 5.231,
    "y": -5.906,
    "yaw_rad": -3.134
  },
  "odom": {
    "position": {
      "x": 3.295709416549493,
      "y": 1.3071747025073384,
      "z": 0.0
    },
    "orientation_quat": {
      "x": -0.0009615035588478728,
      "y": -0.002022717953442414,
      "z": -0.428940864740369,
      "w": 0.9033297950797216
    },
    "yaw_rad": -0.8866423269156806,
    "linear_vel": {
      "x": 0.1264863552343159,
      "y": -3.335289064910308e-05
    },
    "angular_vel_z": -0.14797913713106942
  }
}