{
  "frame_idx": 22,
  "ros_stamp": 665.9,
  "wall_time": 1776684552.1584847,
  "prompt": "go in the small shelves",
  "goal_id": "inside_small_shelf",
  "goal_pose": {
    "frame_id": "map",
    "x": 5.231,
    "y": -5.906,
    "yaw_rad": -3.134
  },
  "odom": {
    "position": {
      "x": 3.414348455083692,
      "y": 1.1075073025271653,
      "z": 0.0
    },
    "orientation_quat": {
      "x": 0.0005079404060384977,
      "y": 0.0007476534130475365,
      "z": -0.557331567905416,
      "w": 0.83028953168579
    },
    "yaw_rad": -1.182337469077461,
    "linear_vel": {
      "x": 0.10207036184883216,
      "y": 2.9815002735833734e-05
    },
    "angular_vel_z": -0.12353912012978334
  }
}