{
  "frame_idx": 23,
  "ros_stamp": 667.9,
  "wall_time": 1776684554.340314,
  "prompt": "go in the small shelves",
  "goal_id": "inside_small_shelf",
  "goal_pose": {
    "frame_id": "map",
    "x": 5.231,
    "y": -5.906,
    "yaw_rad": -3.134
  },
  "odom": {
    "position": {
      "x": 3.481293128739739,
      "y": 0.8550213314337602,
      "z": 0.0
    },
    "orientation_quat": {
      "x": -0.00010938585682967073,
      "y": -0.00012752597184355138,
      "z": -0.6492762719658782,
      "w": 0.7605526243685914
    },
    "yaw_rad": -1.4132649599264007,
    "linear_vel": {
      "x": 0.14809540695487636,
      "y": 1.1276890354516519e-05
    },
    "angular_vel_z": -0.09709326060425916
  }
}