{
  "frame_idx": 24,
  "ros_stamp": 669.9,
  "wall_time": 1776684556.435227,
  "prompt": "go in the small shelves",
  "goal_id": "inside_small_shelf",
  "goal_pose": {
    "frame_id": "map",
    "x": 5.231,
    "y": -5.906,
    "yaw_rad": -3.134
  },
  "odom": {
    "position": {
      "x": 3.5105075663372602,
      "y": 0.5352064005644916,
      "z": 0.0
    },
    "orientation_quat": {
      "x": -0.0005347778586993881,
      "y": -0.0005590265450968278,
      "z": -0.689639607537772,
      "w": 0.7241523411666302
    },
    "yaw_rad": -1.5219830874755729,
    "linear_vel": {
      "x": 0.16249409653740957,
      "y": 1.1629788715048357e-06
    },
    "angular_vel_z": -0.044352702875602903
  }
}