{
  "frame_idx": 25,
  "ros_stamp": 671.9,
  "wall_time": 1776684558.5778706,
  "prompt": "go in the small shelves",
  "goal_id": "inside_small_shelf",
  "goal_pose": {
    "frame_id": "map",
    "x": 5.231,
    "y": -5.906,
    "yaw_rad": -3.134
  },
  "odom": {
    "position": {
      "x": 3.517172069123129,
      "y": 0.19814903095896963,
      "z": 0.0
    },
    "orientation_quat": {
      "x": -5.534238976867106e-05,
      "y": -6.391575286728892e-05,
      "z": -0.706958663940782,
      "w": 0.7072548623594334
    },
    "yaw_rad": -1.5703774399890067,
    "linear_vel": {
      "x": 0.1517513722783045,
      "y": 8.167963338312842e-06
    },
    "angular_vel_z": -0.04578453309823114
  }
}