{
  "frame_idx": 26,
  "ros_stamp": 673.9,
  "wall_time": 1776684560.7409222,
  "prompt": "go in the small shelves",
  "goal_id": "inside_small_shelf",
  "goal_pose": {
    "frame_id": "map",
    "x": 5.231,
    "y": -5.906,
    "yaw_rad": -3.134
  },
  "odom": {
    "position": {
      "x": 3.5130941253592787,
      "y": -0.13918088451016628,
      "z": 0.0
    },
    "orientation_quat": {
      "x": 0.000979466244297512,
      "y": 0.0009651619933115314,
      "z": -0.7122862208376052,
      "w": 0.7018877750132747
    },
    "yaw_rad": -1.5855020963108928,
    "linear_vel": {
      "x": 0.17660071170191233,
      "y": 6.35019220118071e-06
    },
    "angular_vel_z": -0.01603996430795921
  }
}