{
  "frame_idx": 27,
  "ros_stamp": 675.9,
  "wall_time": 1776684562.8340042,
  "prompt": "go in the small shelves",
  "goal_id": "inside_small_shelf",
  "goal_pose": {
    "frame_id": "map",
    "x": 5.231,
    "y": -5.906,
    "yaw_rad": -3.134
  },
  "odom": {
    "position": {
      "x": 3.507968603063374,
      "y": -0.4764705367527997,
      "z": 0.0
    },
    "orientation_quat": {
      "x": 0.0014007690935454388,
      "y": 0.0013797402751053087,
      "z": -0.7124317850690767,
      "w": 0.7017386164278041
    },
    "yaw_rad": -1.5859189242319713,
    "linear_vel": {
      "x": 0.15691996917429216,
      "y": -1.4073507059857419e-06
    },
    "angular_vel_z": 0.003084718002355467
  }
}