{
  "frame_idx": 28,
  "ros_stamp": 677.9,
  "wall_time": 1776684565.018152,
  "prompt": "go in the small shelves",
  "goal_id": "inside_small_shelf",
  "goal_pose": {
    "frame_id": "map",
    "x": 5.231,
    "y": -5.906,
    "yaw_rad": -3.134
  },
  "odom": {
    "position": {
      "x": 3.5050217267737205,
      "y": -0.8147610892592505,
      "z": 0.0
    },
    "orientation_quat": {
      "x": 0.0012525559460622709,
      "y": 0.0012456817166235663,
      "z": -0.7090496527833917,
      "w": 0.705156343847529
    },
    "yaw_rad": -1.576302312649029,
    "linear_vel": {
      "x": 0.16617721192752657,
      "y": -7.403415149192757e-06
    },
    "angular_vel_z": 0.01660758926567935
  }
}