{
  "frame_idx": 29,
  "ros_stamp": 679.9,
  "wall_time": 1776684567.1126635,
  "prompt": "go in the small shelves",
  "goal_id": "inside_small_shelf",
  "goal_pose": {
    "frame_id": "map",
    "x": 5.231,
    "y": -5.906,
    "yaw_rad": -3.134
  },
  "odom": {
    "position": {
      "x": 3.506268727686546,
      "y": -1.1534473651589208,
      "z": 0.0
    },
    "orientation_quat": {
      "x": -0.0015648858175544406,
      "y": -0.0015859043633207354,
      "z": -0.7023734196404713,
      "w": 0.7118051808060116
    },
    "yaw_rad": -1.5574576702623277,
    "linear_vel": {
      "x": 0.17079892060986301,
      "y": -7.11215921118486e-07
    },
    "angular_vel_z": -0.004025425569753429
  }
}