{
  "frame_idx": 30,
  "ros_stamp": 681.9,
  "wall_time": 1776684569.2565122,
  "prompt": "go in the small shelves",
  "goal_id": "inside_small_shelf",
  "goal_pose": {
    "frame_id": "map",
    "x": 5.231,
    "y": -5.906,
    "yaw_rad": -3.134
  },
  "odom": {
    "position": {
      "x": 3.507689021306635,
      "y": -1.4975609263613416,
      "z": 0.0
    },
    "orientation_quat": {
      "x": 0.0008422548877889309,
      "y": 0.0008489402058572284,
      "z": -0.70430085399796,
      "w": 0.7099006106244556
    },
    "yaw_rad": -1.5628770486520358,
    "linear_vel": {
      "x": 0.1636459510615429,
      "y": -4.060529906015897e-06
    },
    "angular_vel_z": 0.011988844172206676
  }
}