{
  "frame_idx": 31,
  "ros_stamp": 683.9,
  "wall_time": 1776684571.4184506,
  "prompt": "go in the small shelves",
  "goal_id": "inside_small_shelf",
  "goal_pose": {
    "frame_id": "map",
    "x": 5.231,
    "y": -5.906,
    "yaw_rad": -3.134
  },
  "odom": {
    "position": {
      "x": 3.5121777731310746,
      "y": -1.8611284450319796,
      "z": 0.0
    },
    "orientation_quat": {
      "x": 0.001422459854299891,
      "y": 0.001440373577548614,
      "z": -0.7026666566283669,
      "w": 0.7115163185722677
    },
    "yaw_rad": -1.5582809075217627,
    "linear_vel": {
      "x": 0.15353369791576577,
      "y": 7.309128913792346e-06
    },
    "angular_vel_z": -0.01558914047950694
  }
}