{
  "frame_idx": 32,
  "ros_stamp": 685.9,
  "wall_time": 1776684573.5097399,
  "prompt": "go in the small shelves",
  "goal_id": "inside_small_shelf",
  "goal_pose": {
    "frame_id": "map",
    "x": 5.231,
    "y": -5.906,
    "yaw_rad": -3.134
  },
  "odom": {
    "position": {
      "x": 3.5180075008184564,
      "y": -2.182540162473324,
      "z": 0.0
    },
    "orientation_quat": {
      "x": -0.0015530937532808183,
      "y": -0.0015912026789329768,
      "z": -0.6984779955107298,
      "w": 0.7156280778177594
    },
    "yaw_rad": -1.5465417932497092,
    "linear_vel": {
      "x": 0.18157298239924805,
      "y": 0.00021180829548043912
    },
    "angular_vel_z": 0.016652567865907353
  }
}