{
  "frame_idx": 33,
  "ros_stamp": 687.9,
  "wall_time": 1776684575.6877527,
  "prompt": "go in the small shelves",
  "goal_id": "inside_small_shelf",
  "goal_pose": {
    "frame_id": "map",
    "x": 5.231,
    "y": -5.906,
    "yaw_rad": -3.134
  },
  "odom": {
    "position": {
      "x": 3.526398340885618,
      "y": -2.529114923645385,
      "z": 0.0
    },
    "orientation_quat": {
      "x": 0.001078147979575175,
      "y": 0.0011067871715652272,
      "z": -0.6977737332893178,
      "w": 0.7163165709032419
    },
    "yaw_rad": -1.5445720115825734,
    "linear_vel": {
      "x": 0.16873386007008281,
      "y": -5.635615182283901e-06
    },
    "angular_vel_z": 0.014201625406608038
  }
}