{
  "frame_idx": 34,
  "ros_stamp": 689.9,
  "wall_time": 1776684577.780706,
  "prompt": "go in the small shelves",
  "goal_id": "inside_small_shelf",
  "goal_pose": {
    "frame_id": "map",
    "x": 5.231,
    "y": -5.906,
    "yaw_rad": -3.134
  },
  "odom": {
    "position": {
      "x": 3.54768299703606,
      "y": -2.8653532172062683,
      "z": 0.0
    },
    "orientation_quat": {
      "x": -0.000894023486802536,
      "y": -0.0009759591766120994,
      "z": -0.6754739967734311,
      "w": 0.7373826197494876
    },
    "yaw_rad": -1.4832162484267613,
    "linear_vel": {
      "x": 0.18155618946838845,
      "y": 3.0395379286153167e-07
    },
    "angular_vel_z": 0.030204718620057174
  }
}