{
  "frame_idx": 35,
  "ros_stamp": 691.9,
  "wall_time": 1776684579.90631,
  "prompt": "go in the small shelves",
  "goal_id": "inside_small_shelf",
  "goal_pose": {
    "frame_id": "map",
    "x": 5.231,
    "y": -5.906,
    "yaw_rad": -3.134
  },
  "odom": {
    "position": {
      "x": 3.5747914040396305,
      "y": -3.2016122073787803,
      "z": 0.0
    },
    "orientation_quat": {
      "x": -0.0015102233953464025,
      "y": -0.0016301204705251033,
      "z": -0.679611938461876,
      "w": 0.733568452860835
    },
    "yaw_rad": -1.494471579148952,
    "linear_vel": {
      "x": 0.18423268306691204,
      "y": 5.74179883122732e-07
    },
    "angular_vel_z": 0.00481772725330217
  }
}