{
  "frame_idx": 36,
  "ros_stamp": 693.9,
  "wall_time": 1776684582.075403,
  "prompt": "go in the small shelves",
  "goal_id": "inside_small_shelf",
  "goal_pose": {
    "frame_id": "map",
    "x": 5.231,
    "y": -5.906,
    "yaw_rad": -3.134
  },
  "odom": {
    "position": {
      "x": 3.6044594679571387,
      "y": -3.539245282545524,
      "z": 0.0
    },
    "orientation_quat": {
      "x": -0.0011344607492613445,
      "y": -0.0012715021384278934,
      "z": -0.6657542600772641,
      "w": 0.7461691239056296
    },
    "yaw_rad": -1.4570109976795815,
    "linear_vel": {
      "x": 0.17579383427709566,
      "y": 9.201593264585999e-07
    },
    "angular_vel_z": 0.01392059815039184
  }
}