{
  "frame_idx": 37,
  "ros_stamp": 695.9,
  "wall_time": 1776684584.1619148,
  "prompt": "go in the small shelves",
  "goal_id": "inside_small_shelf",
  "goal_pose": {
    "frame_id": "map",
    "x": 5.231,
    "y": -5.906,
    "yaw_rad": -3.134
  },
  "odom": {
    "position": {
      "x": 3.6478842364497455,
      "y": -3.8829105548094347,
      "z": 0.0
    },
    "orientation_quat": {
      "x": -0.0014605166609488202,
      "y": -0.001677426232947795,
      "z": -0.6566612044777744,
      "w": 0.7541824153784776
    },
    "yaw_rad": -1.4327706285165902,
    "linear_vel": {
      "x": 0.19286526930911438,
      "y": 6.722028583053589e-06
    },
    "angular_vel_z": 0.04606743680740523
  }
}