{
  "frame_idx": 38,
  "ros_stamp": 697.9,
  "wall_time": 1776684586.3332243,
  "prompt": "go in the small shelves",
  "goal_id": "inside_small_shelf",
  "goal_pose": {
    "frame_id": "map",
    "x": 5.231,
    "y": -5.906,
    "yaw_rad": -3.134
  },
  "odom": {
    "position": {
      "x": 3.7024744826629346,
      "y": -4.215499563437121,
      "z": 0.0
    },
    "orientation_quat": {
      "x": -0.0008871496697600524,
      "y": -0.001064993668045042,
      "z": -0.6400437708309586,
      "w": 0.7683371982238253
    },
    "yaw_rad": -1.3891120653583886,
    "linear_vel": {
      "x": 0.15861929592657786,
      "y": 9.498578029399881e-07
    },
    "angular_vel_z": 0.023348694296152193
  }
}