{
  "frame_idx": 39,
  "ros_stamp": 699.9,
  "wall_time": 1776684588.4523134,
  "prompt": "go in the small shelves",
  "goal_id": "inside_small_shelf",
  "goal_pose": {
    "frame_id": "map",
    "x": 5.231,
    "y": -5.906,
    "yaw_rad": -3.134
  },
  "odom": {
    "position": {
      "x": 3.7740291281368648,
      "y": -4.563651836763557,
      "z": 0.0
    },
    "orientation_quat": {
      "x": 0.001336940282113977,
      "y": 0.0016668201451640332,
      "z": -0.6256746364728639,
      "w": 0.7800812031935107
    },
    "yaw_rad": -1.3519957790107497,
    "linear_vel": {
      "x": 0.17074248669617653,
      "y": -1.2348270397024512e-05
    },
    "angular_vel_z": 0.024477555995029678
  }
}