{
  "frame_idx": 40,
  "ros_stamp": 701.9,
  "wall_time": 1776684590.5737913,
  "prompt": "go in the small shelves",
  "goal_id": "inside_small_shelf",
  "goal_pose": {
    "frame_id": "map",
    "x": 5.231,
    "y": -5.906,
    "yaw_rad": -3.134
  },
  "odom": {
    "position": {
      "x": 3.858041741158558,
      "y": -4.899993605959076,
      "z": 0.0
    },
    "orientation_quat": {
      "x": -0.00033330310756110164,
      "y": -0.0004418306715473772,
      "z": -0.6026077361447693,
      "w": 0.7980373487708281
    },
    "yaw_rad": -1.2935297897721405,
    "linear_vel": {
      "x": 0.17141185942354192,
      "y": -5.4300065288408975e-06
    },
    "angular_vel_z": 0.04755049673388057
  }
}