{
  "frame_idx": 41,
  "ros_stamp": 703.9,
  "wall_time": 1776684592.7599988,
  "prompt": "go in the small shelves",
  "goal_id": "inside_small_shelf",
  "goal_pose": {
    "frame_id": "map",
    "x": 5.231,
    "y": -5.906,
    "yaw_rad": -3.134
  },
  "odom": {
    "position": {
      "x": 3.9650380430132772,
      "y": -5.221742334591173,
      "z": 0.0
    },
    "orientation_quat": {
      "x": 0.0010105743883661797,
      "y": 0.001480144434932984,
      "z": -0.5639028597589589,
      "w": 0.8258391808745363
    },
    "yaw_rad": -1.1982104687804496,
    "linear_vel": {
      "x": 0.1486667429004099,
      "y": -2.7976757583788675e-05
    },
    "angular_vel_z": 0.06324771739865288
  }
}