{
  "frame_idx": 42,
  "ros_stamp": 705.9,
  "wall_time": 1776684594.852774,
  "prompt": "go in the small shelves",
  "goal_id": "inside_small_shelf",
  "goal_pose": {
    "frame_id": "map",
    "x": 5.231,
    "y": -5.906,
    "yaw_rad": -3.134
  },
  "odom": {
    "position": {
      "x": 4.0948964997806225,
      "y": -5.490551285554251,
      "z": 0.0
    },
    "orientation_quat": {
      "x": -0.0007857486722514414,
      "y": -0.001384242333756368,
      "z": -0.49369761701343523,
      "w": 0.8696321805380944
    },
    "yaw_rad": -1.0326745811440665,
    "linear_vel": {
      "x": 0.14283119562370045,
      "y": 8.659065260450255e-06
    },
    "angular_vel_z": 0.0891045458249523
  }
}