{
  "frame_idx": 43,
  "ros_stamp": 707.9,
  "wall_time": 1776684597.0094666,
  "prompt": "go in the small shelves",
  "goal_id": "inside_small_shelf",
  "goal_pose": {
    "frame_id": "map",
    "x": 5.231,
    "y": -5.906,
    "yaw_rad": -3.134
  },
  "odom": {
    "position": {
      "x": 4.235504869543016,
      "y": -5.6784321890523755,
      "z": 0.0
    },
    "orientation_quat": {
      "x": 0.00029068254107297576,
      "y": 0.0006854940841178038,
      "z": -0.39381253521693177,
      "w": 0.9191904768368381
    },
    "yaw_rad": -0.8095515098351166,
    "linear_vel": {
      "x": 0.10848243055865922,
      "y": -2.681422579422203e-05
    },
    "angular_vel_z": 0.11559224416057783
  }
}