{
  "frame_idx": 44,
  "ros_stamp": 709.9,
  "wall_time": 1776684599.1452634,
  "prompt": "go in the small shelves",
  "goal_id": "inside_small_shelf",
  "goal_pose": {
    "frame_id": "map",
    "x": 5.231,
    "y": -5.906,
    "yaw_rad": -3.134
  },
  "odom": {
    "position": {
      "x": 4.3703605110804284,
      "y": -5.79113317905958,
      "z": 0.0
    },
    "orientation_quat": {
      "x": 0.0006057078166435934,
      "y": 0.0021399990761203145,
      "z": -0.2732998948489065,
      "w": 0.9619263074672466
    },
    "yaw_rad": -0.5536451467701453,
    "linear_vel": {
      "x": 0.07222826508609546,
      "y": -6.287295607015594e-05
    },
    "angular_vel_z": 0.14646843658234945
  }
}