{
  "frame_idx": 45,
  "ros_stamp": 711.9,
  "wall_time": 1776684601.250168,
  "prompt": "go in the small shelves",
  "goal_id": "inside_small_shelf",
  "goal_pose": {
    "frame_id": "map",
    "x": 5.231,
    "y": -5.906,
    "yaw_rad": -3.134
  },
  "odom": {
    "position": {
      "x": 4.505680133079863,
      "y": -5.850644449762493,
      "z": 0.0
    },
    "orientation_quat": {
      "x": -0.0002917465010721257,
      "y": -0.00213585205908983,
      "z": -0.13568372181190316,
      "w": 0.9907498577619029
    },
    "yaw_rad": -0.272207706981579,
    "linear_vel": {
      "x": 0.06933328974805024,
      "y": 2.9546645829119897e-05
    },
    "angular_vel_z": 0.11494802102596606
  }
}