{
  "frame_idx": 46,
  "ros_stamp": 713.9,
  "wall_time": 1776684603.4270155,
  "prompt": "go in the small shelves",
  "goal_id": "inside_small_shelf",
  "goal_pose": {
    "frame_id": "map",
    "x": 5.231,
    "y": -5.906,
    "yaw_rad": -3.134
  },
  "odom": {
    "position": {
      "x": 4.6284636497951475,
      "y": -5.868815765745295,
      "z": 0.0
    },
    "orientation_quat": {
      "x": -3.343154587164174e-05,
      "y": -0.001382469933119005,
      "z": -0.019197824112034936,
      "w": 0.9998147484452203
    },
    "yaw_rad": -0.03839802478702639,
    "linear_vel": {
      "x": 0.06390449194699661,
      "y": 1.0738944980647086e-05
    },
    "angular_vel_z": 0.08674779442052048
  }
}