{
  "frame_idx": 47,
  "ros_stamp": 715.9,
  "wall_time": 1776684605.5232506,
  "prompt": "go in the small shelves",
  "goal_id": "inside_small_shelf",
  "goal_pose": {
    "frame_id": "map",
    "x": 5.231,
    "y": -5.906,
    "yaw_rad": -3.134
  },
  "odom": {
    "position": {
      "x": 4.718404742043163,
      "y": -5.867654473741545,
      "z": 0.0
    },
    "orientation_quat": {
      "x": -3.07070702465548e-05,
      "y": 0.001097708691601974,
      "z": 0.028031914222639592,
      "w": 0.9996064254884113
    },
    "yaw_rad": 0.05607120740929649,
    "linear_vel": {
      "x": 0.03182405221423011,
      "y": -4.015917588706402e-06
    },
    "angular_vel_z": 0.018522219407470557
  }
}