{
  "frame_idx": 48,
  "ros_stamp": 717.9,
  "wall_time": 1776684607.6757867,
  "prompt": "go in the small shelves",
  "goal_id": "inside_small_shelf",
  "goal_pose": {
    "frame_id": "map",
    "x": 5.231,
    "y": -5.906,
    "yaw_rad": -3.134
  },
  "odom": {
    "position": {
      "x": 5.003986072789685,
      "y": -5.8753553955830995,
      "z": 0.0
    },
    "orientation_quat": {
      "x": 0.00014728548986081197,
      "y": 0.0019057970904426875,
      "z": -0.07701723539923125,
      "w": 0.9970279292456626
    },
    "yaw_rad": -0.15418744056917313,
    "linear_vel": {
      "x": 0.14256439273835753,
      "y": 6.914525432070915e-05
    },
    "angular_vel_z": -0.15582257530694216
  }
}