{
  "frame_idx": 49,
  "ros_stamp": 719.9,
  "wall_time": 1776684609.806244,
  "prompt": "go in the small shelves",
  "goal_id": "inside_small_shelf",
  "goal_pose": {
    "frame_id": "map",
    "x": 5.231,
    "y": -5.906,
    "yaw_rad": -3.134
  },
  "odom": {
    "position": {
      "x": 5.1959035055418745,
      "y": -5.932683580317131,
      "z": 0.0
    },
    "orientation_quat": {
      "x": 0.0004911904224967897,
      "y": 0.0019371627338642021,
      "z": -0.24550316830289368,
      "w": 0.9693937283094792
    },
    "yaw_rad": -0.4960784331039325,
    "linear_vel": {
      "x": 0.06140751531315718,
      "y": 7.213584980048167e-05
    },
    "angular_vel_z": -0.1903814691263908
  }
}