{
  "frame_idx": 50,
  "ros_stamp": 721.9,
  "wall_time": 1776684611.9179058,
  "prompt": "go in the small shelves",
  "goal_id": "inside_small_shelf",
  "goal_pose": {
    "frame_id": "map",
    "x": 5.231,
    "y": -5.906,
    "yaw_rad": -3.134
  },
  "odom": {
    "position": {
      "x": 5.233568779928027,
      "y": -5.959460270822286,
      "z": 0.0
    },
    "orientation_quat": {
      "x": 0.0009426147387284491,
      "y": 0.002014539151895535,
      "z": -0.42370083312421875,
      "w": 0.9057994574514288
    },
    "yaw_rad": -0.8750565758172734,
    "linear_vel": {
      "x": 0.003954224761368336,
      "y": 6.619324498432546e-05
    },
    "angular_vel_z": -0.18855845951577058
  }
}