{
  "frame_idx": 51,
  "ros_stamp": 723.9,
  "wall_time": 1776684614.1094809,
  "prompt": "go in the small shelves",
  "goal_id": "inside_small_shelf",
  "goal_pose": {
    "frame_id": "map",
    "x": 5.231,
    "y": -5.906,
    "yaw_rad": -3.134
  },
  "odom": {
    "position": {
      "x": 5.236771081391911,
      "y": -5.963734597982095,
      "z": 0.0
    },
    "orientation_quat": {
      "x": 0.0013064873182176294,
      "y": 0.0017981718933741946,
      "z": -0.5877854031105351,
      "w": 0.8090138315003736
    },
    "yaw_rad": -1.256641023535954,
    "linear_vel": {
      "x": 1.3791065370248427e-05,
      "y": 6.426515093530929e-05
    },
    "angular_vel_z": -0.1835047012399485
  }
}