{
  "frame_idx": 52,
  "ros_stamp": 725.9,
  "wall_time": 1776684616.2018235,
  "prompt": "go in the small shelves",
  "goal_id": "inside_small_shelf",
  "goal_pose": {
    "frame_id": "map",
    "x": 5.231,
    "y": -5.906,
    "yaw_rad": -3.134
  },
  "odom": {
    "position": {
      "x": 5.23694485541223,
      "y": -5.963937086354146,
      "z": 0.0
    },
    "orientation_quat": {
      "x": 0.0015861643659137404,
      "y": 0.0015570687597597842,
      "z": -0.713620025846769,
      "w": 0.7005294557189857
    },
    "yaw_rad": -1.5893094987223693,
    "linear_vel": {
      "x": -1.1291975575770065e-08,
      "y": 6.225521237745066e-05
    },
    "angular_vel_z": -0.17952739679392132
  }
}