{
  "frame_idx": 53,
  "ros_stamp": 727.9,
  "wall_time": 1776684618.3420203,
  "prompt": "go in the small shelves",
  "goal_id": "inside_small_shelf",
  "goal_pose": {
    "frame_id": "map",
    "x": 5.231,
    "y": -5.906,
    "yaw_rad": -3.134
  },
  "odom": {
    "position": {
      "x": 5.237064934131456,
      "y": -5.963957881931686,
      "z": 0.0
    },
    "orientation_quat": {
      "x": 0.0018197639185965715,
      "y": 0.0012762540899970926,
      "z": -0.818723409657271,
      "w": 0.5741838016819618
    },
    "yaw_rad": -1.918375414919741,
    "linear_vel": {
      "x": -2.3847083958591314e-07,
      "y": 4.8675609746987755e-05
    },
    "angular_vel_z": -0.13853471998751385
  }
}