{
  "frame_idx": 54,
  "ros_stamp": 729.9,
  "wall_time": 1776684620.498115,
  "prompt": "go in the small shelves",
  "goal_id": "inside_small_shelf",
  "goal_pose": {
    "frame_id": "map",
    "x": 5.231,
    "y": -5.906,
    "yaw_rad": -3.134
  },
  "odom": {
    "position": {
      "x": 5.2577285998363426,
      "y": -5.992713669530875,
      "z": 0.0
    },
    "orientation_quat": {
      "x": -0.0018616288220565558,
      "y": -0.001214170670468539,
      "z": -0.837588826039449,
      "w": 0.5462966397677818
    },
    "yaw_rad": -1.9857166484218152,
    "linear_vel": {
      "x": 0.01092817127146164,
      "y": 0.01719263560291832
    },
    "angular_vel_z": -0.03914674043515558
  }
}