{
  "frame_idx": 55,
  "ros_stamp": 731.9,
  "wall_time": 1776684622.6013234,
  "prompt": "go in the small shelves",
  "goal_id": "inside_small_shelf",
  "goal_pose": {
    "frame_id": "map",
    "x": 5.231,
    "y": -5.906,
    "yaw_rad": -3.134
  },
  "odom": {
    "position": {
      "x": 5.280585250492582,
      "y": -6.0285286874144095,
      "z": 0.0
    },
    "orientation_quat": {
      "x": -0.0019062084673126633,
      "y": -0.0011370252787866332,
      "z": -0.8582029887494653,
      "w": 0.513305662977022
    },
    "yaw_rad": -2.0635252894660208,
    "linear_vel": {
      "x": 0.007969782600269629,
      "y": 0.016523620330838706
    },
    "angular_vel_z": -0.04856723370279894
  }
}