{
  "frame_idx": 56,
  "ros_stamp": 733.9,
  "wall_time": 1776684624.7879763,
  "prompt": "go in the small shelves",
  "goal_id": "inside_small_shelf",
  "goal_pose": {
    "frame_id": "map",
    "x": 5.231,
    "y": -5.906,
    "yaw_rad": -3.134
  },
  "odom": {
    "position": {
      "x": 5.285659804200271,
      "y": -6.036114752455652,
      "z": 0.0
    },
    "orientation_quat": {
      "x": 0.0020252578601123042,
      "y": 0.0009156445347113515,
      "z": 0.9111898700747767,
      "w": -0.41198067988535303
    },
    "yaw_rad": -2.2923369811461134,
    "linear_vel": {
      "x": 2.8413750540785563e-08,
      "y": -4.1603414655264885e-05
    },
    "angular_vel_z": -0.11994772993882694
  }
}