{
  "frame_idx": 0,
  "ros_stamp": 3125.9,
  "wall_time": 1776687204.6411786,
  "prompt": "left can",
  "goal_id": "trash_can_left",
  "goal_pose": {
    "frame_id": "map",
    "x": -0.187,
    "y": 7.555,
    "yaw_rad": -1.536
  },
  "odom": {
    "position": {
      "x": 0.15290673750470604,
      "y": 3.586813568279333,
      "z": 0.0
    },
    "orientation_quat": {
      "x": 0.0022289718309324025,
      "y": -0.00013103533321616326,
      "z": 0.9982787679260623,
      "w": 0.05860474402590255
    },
    "yaw_rad": 3.024315676786836,
    "linear_vel": {
      "x": 0.026895652641667146,
      "y": -0.00043176426611447205
    },
    "angular_vel_z": -0.16708122451386614
  }
}