{
  "frame_idx": 1,
  "ros_stamp": 3127.9,
  "wall_time": 1776687206.7643156,
  "prompt": "left can",
  "goal_id": "trash_can_left",
  "goal_pose": {
    "frame_id": "map",
    "x": -0.187,
    "y": 7.555,
    "yaw_rad": -1.536
  },
  "odom": {
    "position": {
      "x": 0.1299456904046602,
      "y": 3.5930648042101834,
      "z": 0.0
    },
    "orientation_quat": {
      "x": -0.001541605505988602,
      "y": 0.0003228297811608546,
      "z": 0.9787711876206239,
      "w": 0.20494994880972714
    },
    "yaw_rad": 2.7287669936254497,
    "linear_vel": {
      "x": 0.011110051548500862,
      "y": 3.488450471797221e-05
    },
    "angular_vel_z": -0.13067886599203266
  }
}