{
  "frame_idx": 2,
  "ros_stamp": 3129.9,
  "wall_time": 1776687209.0090306,
  "prompt": "left can",
  "goal_id": "trash_can_left",
  "goal_pose": {
    "frame_id": "map",
    "x": -0.187,
    "y": 7.555,
    "yaw_rad": -1.536
  },
  "odom": {
    "position": {
      "x": 0.0813601320033971,
      "y": 3.630147343599909,
      "z": 0.0
    },
    "orientation_quat": {
      "x": 0.00039810015720113435,
      "y": -0.00017195058904215642,
      "z": 0.9182284179083408,
      "w": 0.39605098724129606
    },
    "yaw_rad": 2.3271682721338696,
    "linear_vel": {
      "x": 0.04660132040545048,
      "y": -3.0809110319428827e-06
    },
    "angular_vel_z": -0.17540121663124725
  }
}