{
  "frame_idx": 3,
  "ros_stamp": 3131.9,
  "wall_time": 1776687211.1715655,
  "prompt": "left can",
  "goal_id": "trash_can_left",
  "goal_pose": {
    "frame_id": "map",
    "x": -0.187,
    "y": 7.555,
    "yaw_rad": -1.536
  },
  "odom": {
    "position": {
      "x": 0.021622553238625584,
      "y": 3.7249034629273967,
      "z": 0.0
    },
    "orientation_quat": {
      "x": 0.0006904752832459154,
      "y": -0.00044882822722470744,
      "z": 0.8356405096765418,
      "w": 0.5492761239892329
    },
    "yaw_rad": 1.9785967238287503,
    "linear_vel": {
      "x": 0.06409885833082309,
      "y": -1.0006380260801538e-05
    },
    "angular_vel_z": -0.146504907016709
  }
}