{
  "frame_idx": 4,
  "ros_stamp": 3133.9,
  "wall_time": 1776687213.6322925,
  "prompt": "left can",
  "goal_id": "trash_can_left",
  "goal_pose": {
    "frame_id": "map",
    "x": -0.187,
    "y": 7.555,
    "yaw_rad": -1.536
  },
  "odom": {
    "position": {
      "x": -0.021185504953528105,
      "y": 3.9007212272121667,
      "z": 0.0
    },
    "orientation_quat": {
      "x": 0.0016573650757461878,
      "y": -0.0014821154044491714,
      "z": 0.7454212602251334,
      "w": 0.666589979882167
    },
    "yaw_rad": 1.6823386832535077,
    "linear_vel": {
      "x": 0.10407497283096503,
      "y": -2.2778829115188372e-05
    },
    "angular_vel_z": -0.09508563977389853
  }
}