{
  "frame_idx": 5,
  "ros_stamp": 3135.9,
  "wall_time": 1776687215.9150152,
  "prompt": "left can",
  "goal_id": "trash_can_left",
  "goal_pose": {
    "frame_id": "map",
    "x": -0.187,
    "y": 7.555,
    "yaw_rad": -1.536
  },
  "odom": {
    "position": {
      "x": -0.02352516757492342,
      "y": 4.1285291006901685,
      "z": 0.0
    },
    "orientation_quat": {
      "x": -7.784599587273978e-05,
      "y": 8.860554376219912e-05,
      "z": 0.6917768719570224,
      "w": 0.7221113110278884
    },
    "yaw_rad": 1.5278936622826798,
    "linear_vel": {
      "x": 0.1776752740283048,
      "y": 1.2951958234719995e-05
    },
    "angular_vel_z": -0.05640795928610358
  }
}