{
  "frame_idx": 6,
  "ros_stamp": 3137.9,
  "wall_time": 1776687218.1805768,
  "prompt": "left can",
  "goal_id": "trash_can_left",
  "goal_pose": {
    "frame_id": "map",
    "x": -0.187,
    "y": 7.555,
    "yaw_rad": -1.536
  },
  "odom": {
    "position": {
      "x": 0.00930988670388396,
      "y": 4.5382742928598425,
      "z": 0.0
    },
    "orientation_quat": {
      "x": -0.0006036598025754718,
      "y": 0.0006489417267614647,
      "z": 0.681095926701509,
      "w": 0.7321936581943951
    },
    "yaw_rad": 1.49851746114273,
    "linear_vel": {
      "x": 0.18988532245269674,
      "y": -1.4036863074568152e-05
    },
    "angular_vel_z": 0.041071649232059644
  }
}