{
  "frame_idx": 7,
  "ros_stamp": 3139.9,
  "wall_time": 1776687220.4128315,
  "prompt": "left can",
  "goal_id": "trash_can_left",
  "goal_pose": {
    "frame_id": "map",
    "x": -0.187,
    "y": 7.555,
    "yaw_rad": -1.536
  },
  "odom": {
    "position": {
      "x": 0.021056429904694172,
      "y": 4.940217531362988,
      "z": 0.0
    },
    "orientation_quat": {
      "x": -0.0006405944308350109,
      "y": 0.0006409254723874859,
      "z": 0.7071057841037176,
      "w": 0.7071071976301618
    },
    "yaw_rad": 1.5707943281884031,
    "linear_vel": {
      "x": 0.20243030125943928,
      "y": -2.053471777510842e-06
    },
    "angular_vel_z": 0.006559194029140135
  }
}