{
  "frame_idx": 8,
  "ros_stamp": 3141.9,
  "wall_time": 1776687222.657405,
  "prompt": "left can",
  "goal_id": "trash_can_left",
  "goal_pose": {
    "frame_id": "map",
    "x": -0.187,
    "y": 7.555,
    "yaw_rad": -1.536
  },
  "odom": {
    "position": {
      "x": 0.021730486864605176,
      "y": 5.271413566260342,
      "z": 0.0
    },
    "orientation_quat": {
      "x": -0.00018287828615262382,
      "y": 0.00018343721718835617,
      "z": 0.7060185860852085,
      "w": 0.7081932568222905
    },
    "yaw_rad": 1.567720876628016,
    "linear_vel": {
      "x": 0.16194863333880982,
      "y": 2.6730521809269637e-06
    },
    "angular_vel_z": -0.01369646324559037
  }
}