{
  "frame_idx": 9,
  "ros_stamp": 3143.9,
  "wall_time": 1776687224.8221216,
  "prompt": "left can",
  "goal_id": "trash_can_left",
  "goal_pose": {
    "frame_id": "map",
    "x": -0.187,
    "y": 7.555,
    "yaw_rad": -1.536
  },
  "odom": {
    "position": {
      "x": 0.021294079798365857,
      "y": 5.640301934855961,
      "z": 0.0
    },
    "orientation_quat": {
      "x": -0.0010430271666509903,
      "y": 0.0010233393350642004,
      "z": 0.7138106391008373,
      "w": 0.7003372304664297
    },
    "yaw_rad": 1.589850912618663,
    "linear_vel": {
      "x": 0.16664532809213842,
      "y": -5.5309051317902935e-06
    },
    "angular_vel_z": 0.013826253828376631
  }
}