{
  "frame_idx": 10,
  "ros_stamp": 3145.9,
  "wall_time": 1776687227.0297928,
  "prompt": "left can",
  "goal_id": "trash_can_left",
  "goal_pose": {
    "frame_id": "map",
    "x": -0.187,
    "y": 7.555,
    "yaw_rad": -1.536
  },
  "odom": {
    "position": {
      "x": 0.007575764487305727,
      "y": 5.977979881414685,
      "z": 0.0
    },
    "orientation_quat": {
      "x": -0.0008714113121456731,
      "y": 0.0008275107532278053,
      "z": 0.7251342688953878,
      "w": 0.6886064536016415
    },
    "yaw_rad": 1.622460241491208,
    "linear_vel": {
      "x": 0.17540924028931823,
      "y": 1.6799202558664665e-06
    },
    "angular_vel_z": -0.004181660481629585
  }
}