{
  "frame_idx": 11,
  "ros_stamp": 3147.9,
  "wall_time": 1776687229.2201629,
  "prompt": "left can",
  "goal_id": "trash_can_left",
  "goal_pose": {
    "frame_id": "map",
    "x": -0.187,
    "y": 7.555,
    "yaw_rad": -1.536
  },
  "odom": {
    "position": {
      "x": -0.012336755453515978,
      "y": 6.354322960382812,
      "z": 0.0
    },
    "orientation_quat": {
      "x": 0.00011803462830432654,
      "y": -0.0001118750099580308,
      "z": 0.725776599913435,
      "w": 0.6879304474799052
    },
    "yaw_rad": 1.6243252601175295,
    "linear_vel": {
      "x": 0.21559867380674785,
      "y": -4.130412781030578e-06
    },
    "angular_vel_z": 0.02198498510967457
  }
}