{
  "frame_idx": 12,
  "ros_stamp": 3149.9,
  "wall_time": 1776687231.4583855,
  "prompt": "left can",
  "goal_id": "trash_can_left",
  "goal_pose": {
    "frame_id": "map",
    "x": -0.187,
    "y": 7.555,
    "yaw_rad": -1.536
  },
  "odom": {
    "position": {
      "x": -0.036024993923906116,
      "y": 6.752564750744919,
      "z": 0.0
    },
    "orientation_quat": {
      "x": -0.0016231053472888632,
      "y": 0.0015185579964728747,
      "z": 0.7302304241279246,
      "w": 0.6831973266843147
    },
    "yaw_rad": 1.6373236030939189,
    "linear_vel": {
      "x": 0.18297671434513302,
      "y": -1.9901724095083682e-05
    },
    "angular_vel_z": 0.037236547832566434
  }
}