{
  "frame_idx": 13,
  "ros_stamp": 3151.9,
  "wall_time": 1776687233.623156,
  "prompt": "left can",
  "goal_id": "trash_can_left",
  "goal_pose": {
    "frame_id": "map",
    "x": -0.187,
    "y": 7.555,
    "yaw_rad": -1.536
  },
  "odom": {
    "position": {
      "x": -0.06930587442478409,
      "y": 7.09107292365303,
      "z": 0.0
    },
    "orientation_quat": {
      "x": 0.00011023841235161386,
      "y": -9.724798539886481e-05,
      "z": 0.7499294699191977,
      "w": 0.6615177764331301
    },
    "yaw_rad": 1.6959109324342159,
    "linear_vel": {
      "x": 0.15488817443880828,
      "y": -4.75940157441398e-06
    },
    "angular_vel_z": 0.033736566832194295
  }
}