{
  "frame_idx": 14,
  "ros_stamp": 3153.9,
  "wall_time": 1776687235.747617,
  "prompt": "left can",
  "goal_id": "trash_can_left",
  "goal_pose": {
    "frame_id": "map",
    "x": -0.187,
    "y": 7.555,
    "yaw_rad": -1.536
  },
  "odom": {
    "position": {
      "x": -0.14322688317098675,
      "y": 7.367210017768496,
      "z": 0.0
    },
    "orientation_quat": {
      "x": -0.0018684760220247327,
      "y": 0.0012068523000294657,
      "z": 0.8400058017451997,
      "w": 0.542572857171537
    },
    "yaw_rad": 1.9945954902999958,
    "linear_vel": {
      "x": 0.121962672598613,
      "y": -8.044810373573211e-05
    },
    "angular_vel_z": 0.170240841366043
  }
}