{
  "frame_idx": 15,
  "ros_stamp": 3155.9,
  "wall_time": 1776687237.9928868,
  "prompt": "left can",
  "goal_id": "trash_can_left",
  "goal_pose": {
    "frame_id": "map",
    "x": -0.187,
    "y": 7.555,
    "yaw_rad": -1.536
  },
  "odom": {
    "position": {
      "x": -0.22886458778614754,
      "y": 7.499148489382866,
      "z": 0.0
    },
    "orientation_quat": {
      "x": -0.002062055029638674,
      "y": 0.0008294004651950386,
      "z": 0.9277549744444489,
      "w": 0.3731832893063447
    },
    "yaw_rad": 2.3767150110194075,
    "linear_vel": {
      "x": 0.04125426667748643,
      "y": -7.12595420016422e-05
    },
    "angular_vel_z": 0.1836475208989392
  }
}