{
  "frame_idx": 16,
  "ros_stamp": 3157.9,
  "wall_time": 1776687240.0915122,
  "prompt": "left can",
  "goal_id": "trash_can_left",
  "goal_pose": {
    "frame_id": "map",
    "x": -0.187,
    "y": 7.555,
    "yaw_rad": -1.536
  },
  "odom": {
    "position": {
      "x": -0.255602102445021,
      "y": 7.5196413305807335,
      "z": 0.0
    },
    "orientation_quat": {
      "x": -0.001760566184638958,
      "y": 0.00036865506831465527,
      "z": 0.9792894447560109,
      "w": 0.20245727423240154
    },
    "yaw_rad": 2.733858979741053,
    "linear_vel": {
      "x": 0.007789194297357582,
      "y": -5.797891480886063e-05
    },
    "angular_vel_z": 0.20485824381380366
  }
}