{
  "frame_idx": 17,
  "ros_stamp": 3159.9,
  "wall_time": 1776687242.236534,
  "prompt": "left can",
  "goal_id": "trash_can_left",
  "goal_pose": {
    "frame_id": "map",
    "x": -0.187,
    "y": 7.555,
    "yaw_rad": -1.536
  },
  "odom": {
    "position": {
      "x": -0.2594605495434455,
      "y": 7.521100825010177,
      "z": 0.0
    },
    "orientation_quat": {
      "x": -0.0022218811148959163,
      "y": 5.857641959246068e-05,
      "z": 0.999649478405801,
      "w": 0.02638143544472747
    },
    "yaw_rad": 3.0888235298202296,
    "linear_vel": {
      "x": -8.947032765292309e-05,
      "y": -5.989153019908378e-05
    },
    "angular_vel_z": 0.1723857734481519
  }
}