{
  "frame_idx": 18,
  "ros_stamp": 3161.9,
  "wall_time": 1776687244.3998966,
  "prompt": "left can",
  "goal_id": "trash_can_left",
  "goal_pose": {
    "frame_id": "map",
    "x": -0.187,
    "y": 7.555,
    "yaw_rad": -1.536
  },
  "odom": {
    "position": {
      "x": -0.259516980560713,
      "y": 7.521218071343222,
      "z": 0.0
    },
    "orientation_quat": {
      "x": -0.002201677067024871,
      "y": -0.00030463922530977794,
      "z": 0.9905637383233121,
      "w": -0.13703481357662256
    },
    "yaw_rad": -2.8666572414865144,
    "linear_vel": {
      "x": -1.8296938726854613e-07,
      "y": -5.64960413709263e-05
    },
    "angular_vel_z": 0.1611823551030147
  }
}