{
  "frame_idx": 19,
  "ros_stamp": 3163.9,
  "wall_time": 1776687246.5404842,
  "prompt": "left can",
  "goal_id": "trash_can_left",
  "goal_pose": {
    "frame_id": "map",
    "x": -0.187,
    "y": 7.555,
    "yaw_rad": -1.536
  },
  "odom": {
    "position": {
      "x": -0.2595573040373152,
      "y": 7.5213130642825154,
      "z": 0.0
    },
    "orientation_quat": {
      "x": -0.002135600417422708,
      "y": -0.0006160112762793251,
      "z": 0.9608308476142188,
      "w": -0.27712658121137784
    },
    "yaw_rad": -2.579986697835316,
    "linear_vel": {
      "x": -2.5619593589078014e-07,
      "y": -4.284147989262882e-05
    },
    "angular_vel_z": 0.1223668617926467
  }
}