{
  "frame_idx": 20,
  "ros_stamp": 3165.9,
  "wall_time": 1776687248.7459102,
  "prompt": "left can",
  "goal_id": "trash_can_left",
  "goal_pose": {
    "frame_id": "map",
    "x": -0.187,
    "y": 7.555,
    "yaw_rad": -1.536
  },
  "odom": {
    "position": {
      "x": -0.25960233205402644,
      "y": 7.52137025896268,
      "z": 0.0
    },
    "orientation_quat": {
      "x": -0.002068389592779274,
      "y": -0.0008136712595168152,
      "z": 0.9305894996000789,
      "w": -0.3660577043823129
    },
    "yaw_rad": -2.3920524260690246,
    "linear_vel": {
      "x": -5.249959931459799e-09,
      "y": -4.579656455343648e-05
    },
    "angular_vel_z": 0.1320592713315285
  }
}