{
  "frame_idx": 21,
  "ros_stamp": 3167.9,
  "wall_time": 1776687250.8694108,
  "prompt": "left can",
  "goal_id": "trash_can_left",
  "goal_pose": {
    "frame_id": "map",
    "x": -0.187,
    "y": 7.555,
    "yaw_rad": -1.536
  },
  "odom": {
    "position": {
      "x": -0.2596657825452275,
      "y": 7.521424474917111,
      "z": 0.0
    },
    "orientation_quat": {
      "x": -0.001960939001400499,
      "y": -0.0010464485075901008,
      "z": 0.8822430134223329,
      "w": -0.4707890450416567
    },
    "yaw_rad": -2.161220168537003,
    "linear_vel": {
      "x": 2.2291053949829611e-07,
      "y": -3.2066211834954906e-05
    },
    "angular_vel_z": 0.09147355439469315
  }
}