{
  "frame_idx": 22,
  "ros_stamp": 3169.9,
  "wall_time": 1776687253.0322826,
  "prompt": "left can",
  "goal_id": "trash_can_left",
  "goal_pose": {
    "frame_id": "map",
    "x": -0.187,
    "y": 7.555,
    "yaw_rad": -1.536
  },
  "odom": {
    "position": {
      "x": -0.25970076000380277,
      "y": 7.521514304789923,
      "z": 0.0
    },
    "orientation_quat": {
      "x": 0.0018545980469942493,
      "y": 0.0012251005554269776,
      "z": -0.834392588327807,
      "w": 0.5511660985023804
    },
    "yaw_rad": -1.9740671289227205,
    "linear_vel": {
      "x": 1.2714644615935924e-05,
      "y": -3.456576380661514e-05
    },
    "angular_vel_z": 0.09788640054783307
  }
}