{
  "frame_idx": 23,
  "ros_stamp": 3171.9,
  "wall_time": 1776687255.1964908,
  "prompt": "left can",
  "goal_id": "trash_can_left",
  "goal_pose": {
    "frame_id": "map",
    "x": -0.187,
    "y": 7.555,
    "yaw_rad": -1.536
  },
  "odom": {
    "position": {
      "x": -0.25977620545784663,
      "y": 7.521476781306109,
      "z": 0.0
    },
    "orientation_quat": {
      "x": 0.0017497658481114816,
      "y": 0.0013706750526512545,
      "z": -0.7872244998822273,
      "w": 0.6166625060392062
    },
    "yaw_rad": -1.8125966369702426,
    "linear_vel": {
      "x": -9.783783490060276e-05,
      "y": -2.5596065521333242e-05
    },
    "angular_vel_z": 0.07218252529021661
  }
}