{
  "frame_idx": 0,
  "ros_stamp": 4061.9,
  "wall_time": 1776688220.2532089,
  "prompt": "go to the small shelves",
  "goal_id": "small_shelf_row",
  "goal_pose": {
    "frame_id": "map",
    "x": 1.937,
    "y": -7.778,
    "yaw_rad": 1.624
  },
  "odom": {
    "position": {
      "x": -0.26836162325487,
      "y": 7.477039492429105,
      "z": 0.0
    },
    "orientation_quat": {
      "x": -0.002212579689820073,
      "y": -0.0002690365935854471,
      "z": 0.9927120135020324,
      "w": -0.12049020856139321
    },
    "yaw_rad": -2.900024705167607,
    "linear_vel": {
      "x": 0.004477814305954619,
      "y": -4.452821478049444e-05
    },
    "angular_vel_z": 0.13053648202773532
  }
}