{
  "frame_idx": 1,
  "ros_stamp": 4063.9,
  "wall_time": 1776688222.4360378,
  "prompt": "go to the small shelves",
  "goal_id": "small_shelf_row",
  "goal_pose": {
    "frame_id": "map",
    "x": 1.937,
    "y": -7.778,
    "yaw_rad": 1.624
  },
  "odom": {
    "position": {
      "x": -0.29197300539969206,
      "y": 7.4659541117054395,
      "z": 0.0
    },
    "orientation_quat": {
      "x": 0.002029542624622484,
      "y": 0.0006182283321654188,
      "z": 0.9565634970611312,
      "w": -0.29151633717622655
    },
    "yaw_rad": -2.549967992283199,
    "linear_vel": {
      "x": 0.03040913720902725,
      "y": 8.09435058378341e-05
    },
    "angular_vel_z": 0.26990901610397044
  }
}