{
  "frame_idx": 2,
  "ros_stamp": 4065.9,
  "wall_time": 1776688224.5639136,
  "prompt": "go to the small shelves",
  "goal_id": "small_shelf_row",
  "goal_pose": {
    "frame_id": "map",
    "x": 1.937,
    "y": -7.778,
    "yaw_rad": 1.624
  },
  "odom": {
    "position": {
      "x": -0.32379559610540776,
      "y": 7.437261060395915,
      "z": 0.0
    },
    "orientation_quat": {
      "x": 0.0020044026770767217,
      "y": 0.0009637821907745104,
      "z": 0.9012241334432322,
      "w": -0.433347568117432
    },
    "yaw_rad": -2.245182413378278,
    "linear_vel": {
      "x": 0.03138344351346407,
      "y": 6.533527804145325e-05
    },
    "angular_vel_z": 0.20659711754777071
  }
}