{
  "frame_idx": 3,
  "ros_stamp": 4067.9,
  "wall_time": 1776688226.6948462,
  "prompt": "go to the small shelves",
  "goal_id": "small_shelf_row",
  "goal_pose": {
    "frame_id": "map",
    "x": 1.937,
    "y": -7.778,
    "yaw_rad": 1.624
  },
  "odom": {
    "position": {
      "x": -0.39044240027019983,
      "y": 7.294419214425997,
      "z": 0.0
    },
    "orientation_quat": {
      "x": -0.0008478427800590058,
      "y": -0.0006399262211015047,
      "z": -0.7976005984092596,
      "w": 0.6031850106511625
    },
    "yaw_rad": -1.8466151092909362,
    "linear_vel": {
      "x": 0.11024713021627378,
      "y": 6.929851256946281e-06
    },
    "angular_vel_z": 0.15895208601780872
  }
}