{
  "frame_idx": 4,
  "ros_stamp": 4069.9,
  "wall_time": 1776688228.8805826,
  "prompt": "go to the small shelves",
  "goal_id": "small_shelf_row",
  "goal_pose": {
    "frame_id": "map",
    "x": 1.937,
    "y": -7.778,
    "yaw_rad": 1.624
  },
  "odom": {
    "position": {
      "x": -0.42073938825908713,
      "y": 7.042472532987255,
      "z": 0.0
    },
    "orientation_quat": {
      "x": 0.0011012735984208583,
      "y": 0.0011074202918793347,
      "z": -0.7051744435656233,
      "w": 0.7090321325290357
    },
    "yaw_rad": -1.5653407175930263,
    "linear_vel": {
      "x": 0.13192589355787765,
      "y": -4.209659687692395e-05
    },
    "angular_vel_z": 0.11068091394745846
  }
}