{
  "frame_idx": 5,
  "ros_stamp": 4071.9,
  "wall_time": 1776688230.9893124,
  "prompt": "go to the small shelves",
  "goal_id": "small_shelf_row",
  "goal_pose": {
    "frame_id": "map",
    "x": 1.937,
    "y": -7.778,
    "yaw_rad": 1.624
  },
  "odom": {
    "position": {
      "x": -0.39216068333971227,
      "y": 6.777212977372354,
      "z": 0.0
    },
    "orientation_quat": {
      "x": 0.0011804856084398358,
      "y": 0.0014493189503459974,
      "z": -0.6322742880708274,
      "w": 0.7747423639977594
    },
    "yaw_rad": -1.3689733390490515,
    "linear_vel": {
      "x": 0.14106970256003026,
      "y": -4.085448285839615e-05
    },
    "angular_vel_z": 0.09242958214645278
  }
}