{
  "frame_idx": 6,
  "ros_stamp": 4073.9,
  "wall_time": 1776688233.162343,
  "prompt": "go to the small shelves",
  "goal_id": "small_shelf_row",
  "goal_pose": {
    "frame_id": "map",
    "x": 1.937,
    "y": -7.778,
    "yaw_rad": 1.624
  },
  "odom": {
    "position": {
      "x": -0.31899274748882317,
      "y": 6.523279897656101,
      "z": 0.0
    },
    "orientation_quat": {
      "x": 0.0003849476083899951,
      "y": 0.0005445046435968529,
      "z": -0.5773292409894345,
      "w": 0.8165111774057936
    },
    "yaw_rad": -1.2309082239204374,
    "linear_vel": {
      "x": 0.13500856401022404,
      "y": -1.1295266658465904e-05
    },
    "angular_vel_z": 0.04319474814548123
  }
}