{
  "frame_idx": 7,
  "ros_stamp": 4075.9,
  "wall_time": 1776688235.2970834,
  "prompt": "go to the small shelves",
  "goal_id": "small_shelf_row",
  "goal_pose": {
    "frame_id": "map",
    "x": 1.937,
    "y": -7.778,
    "yaw_rad": 1.624
  },
  "odom": {
    "position": {
      "x": -0.21549889253023372,
      "y": 6.23316201510541,
      "z": 0.0
    },
    "orientation_quat": {
      "x": 0.0011249197916713702,
      "y": 0.0015520267153957374,
      "z": -0.5868414847678771,
      "w": 0.8096995723871727
    },
    "yaw_rad": -1.2543075899144178,
    "linear_vel": {
      "x": 0.12507596975337368,
      "y": 1.6085420913233432e-05
    },
    "angular_vel_z": -0.036245518579353125
  }
}