{
  "frame_idx": 8,
  "ros_stamp": 4077.9,
  "wall_time": 1776688237.4103854,
  "prompt": "go to the small shelves",
  "goal_id": "small_shelf_row",
  "goal_pose": {
    "frame_id": "map",
    "x": 1.937,
    "y": -7.778,
    "yaw_rad": 1.624
  },
  "odom": {
    "position": {
      "x": -0.13793835853469913,
      "y": 5.934138816796149,
      "z": 0.0
    },
    "orientation_quat": {
      "x": -0.0014102021345828552,
      "y": -0.0017219893682395443,
      "z": -0.633592279751572,
      "w": 0.7736639251779556
    },
    "yaw_rad": -1.3723792947009548,
    "linear_vel": {
      "x": 0.15087624195343155,
      "y": -8.036536973254221e-06
    },
    "angular_vel_z": -0.0383889513661481
  }
}