{
  "frame_idx": 9,
  "ros_stamp": 4079.9,
  "wall_time": 1776688239.6316922,
  "prompt": "go to the small shelves",
  "goal_id": "small_shelf_row",
  "goal_pose": {
    "frame_id": "map",
    "x": 1.937,
    "y": -7.778,
    "yaw_rad": 1.624
  },
  "odom": {
    "position": {
      "x": -0.08395506541931534,
      "y": 5.6260701980619325,
      "z": 0.0
    },
    "orientation_quat": {
      "x": 4.575569010401268e-05,
      "y": 5.4050821255171e-05,
      "z": -0.6459764525780938,
      "w": 0.7633573329048116
    },
    "yaw_rad": -1.4046034988431844,
    "linear_vel": {
      "x": 0.14915144033954988,
      "y": -2.8817688375475564e-06
    },
    "angular_vel_z": 0.015770355360522213
  }
}