{
  "frame_idx": 10,
  "ros_stamp": 4081.9,
  "wall_time": 1776688241.7297153,
  "prompt": "go to the small shelves",
  "goal_id": "small_shelf_row",
  "goal_pose": {
    "frame_id": "map",
    "x": 1.937,
    "y": -7.778,
    "yaw_rad": 1.624
  },
  "odom": {
    "position": {
      "x": -0.03364668379888034,
      "y": 5.343250367631559,
      "z": 0.0
    },
    "orientation_quat": {
      "x": 0.0005610575356605458,
      "y": 0.0006785458072480307,
      "z": -0.6372225446171834,
      "w": 0.7706793453970534
    },
    "yaw_rad": -1.3817785794780664,
    "linear_vel": {
      "x": 0.15033404212765883,
      "y": -8.355190319045541e-06
    },
    "angular_vel_z": 0.027198304569642118
  }
}