{
  "frame_idx": 11,
  "ros_stamp": 4083.9,
  "wall_time": 1776688243.896099,
  "prompt": "go to the small shelves",
  "goal_id": "small_shelf_row",
  "goal_pose": {
    "frame_id": "map",
    "x": 1.937,
    "y": -7.778,
    "yaw_rad": 1.624
  },
  "odom": {
    "position": {
      "x": 0.026918908392610255,
      "y": 5.032108945162113,
      "z": 0.0
    },
    "orientation_quat": {
      "x": -0.0010944728234799147,
      "y": -0.0013272233623703408,
      "z": -0.6362198119383018,
      "w": 0.7715059244779504
    },
    "yaw_rad": -1.3791795735793104,
    "linear_vel": {
      "x": 0.1524133132901693,
      "y": 1.7104158526516801e-06
    },
    "angular_vel_z": 0.01861317915593026
  }
}