{
  "frame_idx": 12,
  "ros_stamp": 4085.9,
  "wall_time": 1776688246.0523202,
  "prompt": "go to the small shelves",
  "goal_id": "small_shelf_row",
  "goal_pose": {
    "frame_id": "map",
    "x": 1.937,
    "y": -7.778,
    "yaw_rad": 1.624
  },
  "odom": {
    "position": {
      "x": 0.07913326266904866,
      "y": 4.7029235683377975,
      "z": 0.0
    },
    "orientation_quat": {
      "x": -0.001306821558905551,
      "y": -0.001450592131699054,
      "z": -0.6693295862036942,
      "w": 0.7429630495739826
    },
    "yaw_rad": -1.4666155780501922,
    "linear_vel": {
      "x": 0.166730041310449,
      "y": -1.650406113896675e-06
    },
    "angular_vel_z": -0.013862460617546184
  }
}