{
  "frame_idx": 13,
  "ros_stamp": 4087.9,
  "wall_time": 1776688248.1763177,
  "prompt": "go to the small shelves",
  "goal_id": "small_shelf_row",
  "goal_pose": {
    "frame_id": "map",
    "x": 1.937,
    "y": -7.778,
    "yaw_rad": 1.624
  },
  "odom": {
    "position": {
      "x": 0.10794864380916137,
      "y": 4.357708533962727,
      "z": 0.0
    },
    "orientation_quat": {
      "x": 0.0014662389831838598,
      "y": 0.0015585978316750217,
      "z": -0.6851940364802214,
      "w": 0.7283574351154688
    },
    "yaw_rad": -1.5097444420165111,
    "linear_vel": {
      "x": 0.17368711433874476,
      "y": 9.330011029087895e-06
    },
    "angular_vel_z": -0.01807591403245313
  }
}