{
  "frame_idx": 14,
  "ros_stamp": 4089.9,
  "wall_time": 1776688250.371135,
  "prompt": "go to the small shelves",
  "goal_id": "small_shelf_row",
  "goal_pose": {
    "frame_id": "map",
    "x": 1.937,
    "y": -7.778,
    "yaw_rad": 1.624
  },
  "odom": {
    "position": {
      "x": 0.12268523925055745,
      "y": 4.0279981549428,
      "z": 0.0
    },
    "orientation_quat": {
      "x": -0.0007788876808460098,
      "y": -0.0008022337621929218,
      "z": -0.6965916538546745,
      "w": 0.7174669452560032
    },
    "yaw_rad": -1.5412731159312905,
    "linear_vel": {
      "x": 0.17085030328149423,
      "y": 2.668135288507172e-07
    },
    "angular_vel_z": -0.03378995515135446
  }
}