{
  "frame_idx": 15,
  "ros_stamp": 4091.9,
  "wall_time": 1776688252.4789062,
  "prompt": "go to the small shelves",
  "goal_id": "small_shelf_row",
  "goal_pose": {
    "frame_id": "map",
    "x": 1.937,
    "y": -7.778,
    "yaw_rad": 1.624
  },
  "odom": {
    "position": {
      "x": 0.12614994643449925,
      "y": 3.685481572364461,
      "z": 0.0
    },
    "orientation_quat": {
      "x": -0.0006513582048814268,
      "y": -0.0006512915714788446,
      "z": -0.7021433415975752,
      "w": 0.7120350268083506
    },
    "yaw_rad": -1.556807239459596,
    "linear_vel": {
      "x": 0.16783507336510908,
      "y": -3.919350871456053e-06
    },
    "angular_vel_z": 0.07013600120304717
  }
}