{
  "frame_idx": 16,
  "ros_stamp": 4093.9,
  "wall_time": 1776688254.6408465,
  "prompt": "go to the small shelves",
  "goal_id": "small_shelf_row",
  "goal_pose": {
    "frame_id": "map",
    "x": 1.937,
    "y": -7.778,
    "yaw_rad": 1.624
  },
  "odom": {
    "position": {
      "x": 0.14312910144549573,
      "y": 3.340218112475009,
      "z": 0.0
    },
    "orientation_quat": {
      "x": 0.0006911453872261662,
      "y": 0.0007368420960604703,
      "z": -0.6841304389917766,
      "w": 0.7293589800823036
    },
    "yaw_rad": -1.5068225692656254,
    "linear_vel": {
      "x": 0.18019031667465718,
      "y": -6.44210728002589e-06
    },
    "angular_vel_z": 0.017916171837914528
  }
}