{
  "frame_idx": 17,
  "ros_stamp": 4095.9,
  "wall_time": 1776688256.791711,
  "prompt": "go to the small shelves",
  "goal_id": "small_shelf_row",
  "goal_pose": {
    "frame_id": "map",
    "x": 1.937,
    "y": -7.778,
    "yaw_rad": 1.624
  },
  "odom": {
    "position": {
      "x": 0.16104875334835556,
      "y": 3.00139520228886,
      "z": 0.0
    },
    "orientation_quat": {
      "x": 0.0013656028898772423,
      "y": 0.001412200996058933,
      "z": -0.6951464093059737,
      "w": 0.7188655023341332
    },
    "yaw_rad": -1.5372508261842148,
    "linear_vel": {
      "x": 0.1791726137685174,
      "y": 8.655436356018004e-06
    },
    "angular_vel_z": -0.017693754818791006
  }
}