{
  "frame_idx": 18,
  "ros_stamp": 4097.9,
  "wall_time": 1776688258.8867042,
  "prompt": "go to the small shelves",
  "goal_id": "small_shelf_row",
  "goal_pose": {
    "frame_id": "map",
    "x": 1.937,
    "y": -7.778,
    "yaw_rad": 1.624
  },
  "odom": {
    "position": {
      "x": 0.16876553467507943,
      "y": 2.6590059810901185,
      "z": 0.0
    },
    "orientation_quat": {
      "x": 0.0011101827051133216,
      "y": 0.0011336336375154638,
      "z": -0.699678918750279,
      "w": 0.7144556620431933
    },
    "yaw_rad": -1.5498984494557746,
    "linear_vel": {
      "x": 0.16721088971597614,
      "y": -1.0278521979420515e-05
    },
    "angular_vel_z": 0.024428335779152426
  }
}