{
  "frame_idx": 19,
  "ros_stamp": 4099.9,
  "wall_time": 1776688261.0781143,
  "prompt": "go to the small shelves",
  "goal_id": "small_shelf_row",
  "goal_pose": {
    "frame_id": "map",
    "x": 1.937,
    "y": -7.778,
    "yaw_rad": 1.624
  },
  "odom": {
    "position": {
      "x": 0.17178982459735087,
      "y": 2.3021481721961776,
      "z": 0.0
    },
    "orientation_quat": {
      "x": -0.0015717635741493308,
      "y": -0.0015731724184053326,
      "z": -0.7067882024863162,
      "w": 0.7074217211211224
    },
    "yaw_rad": -1.569900393904294,
    "linear_vel": {
      "x": 0.1748363374746027,
      "y": 1.936241181852435e-06
    },
    "angular_vel_z": 0.011256886463477025
  }
}