{
  "frame_idx": 20,
  "ros_stamp": 4101.9,
  "wall_time": 1776688263.1662917,
  "prompt": "go to the small shelves",
  "goal_id": "small_shelf_row",
  "goal_pose": {
    "frame_id": "map",
    "x": 1.937,
    "y": -7.778,
    "yaw_rad": 1.624
  },
  "odom": {
    "position": {
      "x": 0.17227552258250703,
      "y": 1.9723644218527567,
      "z": 0.0
    },
    "orientation_quat": {
      "x": 0.0009156732229545762,
      "y": 0.0009205052296674443,
      "z": -0.7052422099076663,
      "w": 0.7089652597816214
    },
    "yaw_rad": -1.565531128646413,
    "linear_vel": {
      "x": 0.16509250828345612,
      "y": -4.976668945323515e-06
    },
    "angular_vel_z": 0.013619357066579876
  }
}