{
  "frame_idx": 21,
  "ros_stamp": 4103.9,
  "wall_time": 1776688265.3196106,
  "prompt": "go to the small shelves",
  "goal_id": "small_shelf_row",
  "goal_pose": {
    "frame_id": "map",
    "x": 1.937,
    "y": -7.778,
    "yaw_rad": 1.624
  },
  "odom": {
    "position": {
      "x": 0.17196814670984728,
      "y": 1.6326471628202093,
      "z": 0.0
    },
    "orientation_quat": {
      "x": 0.00035724870533048966,
      "y": 0.0003575300043814859,
      "z": -0.7068311036899904,
      "w": 0.7073821706843118
    },
    "yaw_rad": -1.5700170002604725,
    "linear_vel": {
      "x": 0.16794513386440552,
      "y": -3.4792596805436987e-06
    },
    "angular_vel_z": 0.013878594974255892
  }
}