{
  "frame_idx": 22,
  "ros_stamp": 4105.9,
  "wall_time": 1776688267.4749951,
  "prompt": "go to the small shelves",
  "goal_id": "small_shelf_row",
  "goal_pose": {
    "frame_id": "map",
    "x": 1.937,
    "y": -7.778,
    "yaw_rad": 1.624
  },
  "odom": {
    "position": {
      "x": 0.17564516104415628,
      "y": 1.2865998966561254,
      "z": 0.0
    },
    "orientation_quat": {
      "x": -0.0009007604188038902,
      "y": -0.0009107012031341901,
      "z": -0.7032169431136757,
      "w": 0.7109741838996997
    },
    "yaw_rad": -1.5598258676642105,
    "linear_vel": {
      "x": 0.16914116613171365,
      "y": -1.868718516034876e-07
    },
    "angular_vel_z": -0.008641947115887927
  }
}