{
  "frame_idx": 23,
  "ros_stamp": 4107.9,
  "wall_time": 1776688269.579839,
  "prompt": "go to the small shelves",
  "goal_id": "small_shelf_row",
  "goal_pose": {
    "frame_id": "map",
    "x": 1.937,
    "y": -7.778,
    "yaw_rad": 1.624
  },
  "odom": {
    "position": {
      "x": 0.19443459145047562,
      "y": 0.942592178858998,
      "z": 0.0
    },
    "orientation_quat": {
      "x": -0.00028873561778200446,
      "y": -0.0003109598163274803,
      "z": -0.6804478956893703,
      "w": 0.732796343595984
    },
    "yaw_rad": -1.4967475185322152,
    "linear_vel": {
      "x": 0.17715241774258977,
      "y": -8.006336384984813e-07
    },
    "angular_vel_z": 0.005608139859854934
  }
}