{
  "frame_idx": 24,
  "ros_stamp": 4109.9,
  "wall_time": 1776688271.7700653,
  "prompt": "go to the small shelves",
  "goal_id": "small_shelf_row",
  "goal_pose": {
    "frame_id": "map",
    "x": 1.937,
    "y": -7.778,
    "yaw_rad": 1.624
  },
  "odom": {
    "position": {
      "x": 0.21500497186997422,
      "y": 0.6069491931795553,
      "z": 0.0
    },
    "orientation_quat": {
      "x": 0.000832513051468017,
      "y": 0.0008650348350074034,
      "z": -0.6898636437278055,
      "w": 0.7239383341827872
    },
    "yaw_rad": -1.5226027246043463,
    "linear_vel": {
      "x": 0.16937440571817963,
      "y": 2.1467544386603504e-05
    },
    "angular_vel_z": -0.05436477681477907
  }
}