{
  "frame_idx": 25,
  "ros_stamp": 4111.9,
  "wall_time": 1776688273.86932,
  "prompt": "go to the small shelves",
  "goal_id": "small_shelf_row",
  "goal_pose": {
    "frame_id": "map",
    "x": 1.937,
    "y": -7.778,
    "yaw_rad": 1.624
  },
  "odom": {
    "position": {
      "x": 0.2284800165487239,
      "y": 0.2617870964550828,
      "z": 0.0
    },
    "orientation_quat": {
      "x": -1.563314391107103e-05,
      "y": -1.6199760709434885e-05,
      "z": -0.6935655803826811,
      "w": 0.7203934933087662
    },
    "yaw_rad": -1.5328536525131735,
    "linear_vel": {
      "x": 0.18167531557602593,
      "y": -8.231848353026323e-06
    },
    "angular_vel_z": 0.041544942489015316
  }
}