{
  "frame_idx": 26,
  "ros_stamp": 4113.9,
  "wall_time": 1776688276.0604181,
  "prompt": "go to the small shelves",
  "goal_id": "small_shelf_row",
  "goal_pose": {
    "frame_id": "map",
    "x": 1.937,
    "y": -7.778,
    "yaw_rad": 1.624
  },
  "odom": {
    "position": {
      "x": 0.2511080760607043,
      "y": -0.07934347280022411,
      "z": 0.0
    },
    "orientation_quat": {
      "x": -0.0015200768003375044,
      "y": -0.0016243646624456622,
      "z": -0.6832794579680046,
      "w": 0.7301535681792662
    },
    "yaw_rad": -1.5044940166971315,
    "linear_vel": {
      "x": 0.16331315543869246,
      "y": -3.4410114760179134e-06
    },
    "angular_vel_z": -0.01968554339043445
  }
}