{
  "frame_idx": 27,
  "ros_stamp": 4115.9,
  "wall_time": 1776688278.2424247,
  "prompt": "go to the small shelves",
  "goal_id": "small_shelf_row",
  "goal_pose": {
    "frame_id": "map",
    "x": 1.937,
    "y": -7.778,
    "yaw_rad": 1.624
  },
  "odom": {
    "position": {
      "x": 0.27394615667296746,
      "y": -0.4191257652007033,
      "z": 0.0
    },
    "orientation_quat": {
      "x": 0.001523539111735589,
      "y": 0.0016215165938566474,
      "z": -0.6847437887060828,
      "w": 0.7287804836443896
    },
    "yaw_rad": -1.5085088127722726,
    "linear_vel": {
      "x": 0.1597491852744068,
      "y": 1.0265376550760967e-05
    },
    "angular_vel_z": -0.020570146155803444
  }
}