{
  "frame_idx": 28,
  "ros_stamp": 4117.9,
  "wall_time": 1776688280.3490644,
  "prompt": "go to the small shelves",
  "goal_id": "small_shelf_row",
  "goal_pose": {
    "frame_id": "map",
    "x": 1.937,
    "y": -7.778,
    "yaw_rad": 1.624
  },
  "odom": {
    "position": {
      "x": 0.29987447127584843,
      "y": -0.7545515858602437,
      "z": 0.0
    },
    "orientation_quat": {
      "x": -0.0014985694915364799,
      "y": -0.001641414490638566,
      "z": -0.6742414739272108,
      "w": 0.7385076132880495
    },
    "yaw_rad": -1.479878746124044,
    "linear_vel": {
      "x": 0.17918947479726016,
      "y": -4.026475388442755e-06
    },
    "angular_vel_z": -0.022522067079579693
  }
}