{
  "frame_idx": 29,
  "ros_stamp": 4119.9,
  "wall_time": 1776688282.5610013,
  "prompt": "go to the small shelves",
  "goal_id": "small_shelf_row",
  "goal_pose": {
    "frame_id": "map",
    "x": 1.937,
    "y": -7.778,
    "yaw_rad": 1.624
  },
  "odom": {
    "position": {
      "x": 0.32520793411648447,
      "y": -1.084622186316973,
      "z": 0.0
    },
    "orientation_quat": {
      "x": 0.0007246513227423118,
      "y": 0.000771363763213611,
      "z": -0.6846909742286929,
      "w": 0.7288327309391152
    },
    "yaw_rad": -1.5083602799810156,
    "linear_vel": {
      "x": 0.17153387242065893,
      "y": 3.434428402440043e-06
    },
    "angular_vel_z": -0.009720455085716473
  }
}