{
  "frame_idx": 30,
  "ros_stamp": 4121.9,
  "wall_time": 1776688284.6696105,
  "prompt": "go to the small shelves",
  "goal_id": "small_shelf_row",
  "goal_pose": {
    "frame_id": "map",
    "x": 1.937,
    "y": -7.778,
    "yaw_rad": 1.624
  },
  "odom": {
    "position": {
      "x": 0.3556152755360212,
      "y": -1.426995581534207,
      "z": 0.0
    },
    "orientation_quat": {
      "x": 0.0006504214586820816,
      "y": 0.0007217329626766964,
      "z": -0.6694497649563975,
      "w": 0.7428566942912213
    },
    "yaw_rad": -1.4669365290071725,
    "linear_vel": {
      "x": 0.16023106182173508,
      "y": -2.902612433260227e-06
    },
    "angular_vel_z": 0.008658242008001487
  }
}