{
  "frame_idx": 31,
  "ros_stamp": 4123.9,
  "wall_time": 1776688286.8147385,
  "prompt": "go to the small shelves",
  "goal_id": "small_shelf_row",
  "goal_pose": {
    "frame_id": "map",
    "x": 1.937,
    "y": -7.778,
    "yaw_rad": 1.624
  },
  "odom": {
    "position": {
      "x": 0.38579623830712495,
      "y": -1.7718903196030784,
      "z": 0.0
    },
    "orientation_quat": {
      "x": 0.0015224201040478014,
      "y": 0.0016317224605139034,
      "z": -0.6821908867319826,
      "w": 0.7311707145247749
    },
    "yaw_rad": -1.5015143620129914,
    "linear_vel": {
      "x": 0.1668957165896772,
      "y": -0.0002483993509963266
    },
    "angular_vel_z": 0.0043126506970374455
  }
}