{
  "frame_idx": 32,
  "ros_stamp": 4125.9,
  "wall_time": 1776688289.0264983,
  "prompt": "go to the small shelves",
  "goal_id": "small_shelf_row",
  "goal_pose": {
    "frame_id": "map",
    "x": 1.937,
    "y": -7.778,
    "yaw_rad": 1.624
  },
  "odom": {
    "position": {
      "x": 0.41162845150570004,
      "y": -2.0865738152810085,
      "z": 0.0
    },
    "orientation_quat": {
      "x": 0.0009593162739019224,
      "y": 0.001050028872374147,
      "z": -0.6744923179977332,
      "w": 0.7382804955528071
    },
    "yaw_rad": -1.480555513353743,
    "linear_vel": {
      "x": 0.1578685029399179,
      "y": -7.735084264244365e-06
    },
    "angular_vel_z": 0.020066650837394413
  }
}