{
  "frame_idx": 33,
  "ros_stamp": 4127.9,
  "wall_time": 1776688291.1499927,
  "prompt": "go to the small shelves",
  "goal_id": "small_shelf_row",
  "goal_pose": {
    "frame_id": "map",
    "x": 1.937,
    "y": -7.778,
    "yaw_rad": 1.624
  },
  "odom": {
    "position": {
      "x": 0.43965669239785116,
      "y": -2.4182473765212302,
      "z": 0.0
    },
    "orientation_quat": {
      "x": -0.0015098786556103443,
      "y": -0.0016320289221226727,
      "z": -0.6791034755451365,
      "w": 0.7340391857731839
    },
    "yaw_rad": -1.4930857561081605,
    "linear_vel": {
      "x": 0.1749267441322993,
      "y": 7.111411102618358e-07
    },
    "angular_vel_z": 0.0053492694548758464
  }
}