{
  "frame_idx": 34,
  "ros_stamp": 4129.9,
  "wall_time": 1776688293.3336954,
  "prompt": "go to the small shelves",
  "goal_id": "small_shelf_row",
  "goal_pose": {
    "frame_id": "map",
    "x": 1.937,
    "y": -7.778,
    "yaw_rad": 1.624
  },
  "odom": {
    "position": {
      "x": 0.4747351493399491,
      "y": -2.758969987010179,
      "z": 0.0
    },
    "orientation_quat": {
      "x": 0.001485781770927202,
      "y": 0.0016532225808117982,
      "z": -0.6684343394080515,
      "w": 0.743767835556062
    },
    "yaw_rad": -1.4642079621741177,
    "linear_vel": {
      "x": 0.15668159268813447,
      "y": 2.5726566116098187e-05
    },
    "angular_vel_z": -0.05050821541809699
  }
}