{
  "frame_idx": 35,
  "ros_stamp": 4131.9,
  "wall_time": 1776688295.4489386,
  "prompt": "go to the small shelves",
  "goal_id": "small_shelf_row",
  "goal_pose": {
    "frame_id": "map",
    "x": 1.937,
    "y": -7.778,
    "yaw_rad": 1.624
  },
  "odom": {
    "position": {
      "x": 0.51195763964392,
      "y": -3.0953359165611265,
      "z": 0.0
    },
    "orientation_quat": {
      "x": -0.001461998110492211,
      "y": -0.001664175622798642,
      "z": -0.6601071975613539,
      "w": 0.7511681441652841
    },
    "yaw_rad": -1.4419272317551974,
    "linear_vel": {
      "x": 0.1604291707891922,
      "y": -6.763379001300615e-06
    },
    "angular_vel_z": -0.03610776375209996
  }
}