{
  "frame_idx": 36,
  "ros_stamp": 4133.9,
  "wall_time": 1776688297.5909514,
  "prompt": "go to the small shelves",
  "goal_id": "small_shelf_row",
  "goal_pose": {
    "frame_id": "map",
    "x": 1.937,
    "y": -7.778,
    "yaw_rad": 1.624
  },
  "odom": {
    "position": {
      "x": 0.5503721683073527,
      "y": -3.4239242600770687,
      "z": 0.0
    },
    "orientation_quat": {
      "x": 0.0005167037034452124,
      "y": 0.0005799373048737057,
      "z": -0.6652150451964657,
      "w": 0.7466514182229009
    },
    "yaw_rad": -1.4555641249820475,
    "linear_vel": {
      "x": 0.16532748700937155,
      "y": -9.145025070525959e-06
    },
    "angular_vel_z": 0.03149914463356802
  }
}