{
  "frame_idx": 37,
  "ros_stamp": 4135.9,
  "wall_time": 1776688299.7931478,
  "prompt": "go to the small shelves",
  "goal_id": "small_shelf_row",
  "goal_pose": {
    "frame_id": "map",
    "x": 1.937,
    "y": -7.778,
    "yaw_rad": 1.624
  },
  "odom": {
    "position": {
      "x": 0.5924108729807672,
      "y": -3.7449418366415577,
      "z": 0.0
    },
    "orientation_quat": {
      "x": -0.0014551943282626462,
      "y": -0.0016797007416196144,
      "z": -0.6547885455935843,
      "w": 0.7558088525376797
    },
    "yaw_rad": -1.4278099097198573,
    "linear_vel": {
      "x": 0.1437263297145439,
      "y": 8.036462936613552e-06
    },
    "angular_vel_z": 0.04151855612348387
  }
}