{
  "frame_idx": 38,
  "ros_stamp": 4137.9,
  "wall_time": 1776688301.8927808,
  "prompt": "go to the small shelves",
  "goal_id": "small_shelf_row",
  "goal_pose": {
    "frame_id": "map",
    "x": 1.937,
    "y": -7.778,
    "yaw_rad": 1.624
  },
  "odom": {
    "position": {
      "x": 0.6460373991550658,
      "y": -4.08273086540459,
      "z": 0.0
    },
    "orientation_quat": {
      "x": -0.0009380907140296219,
      "y": -0.001126048344201511,
      "z": -0.6400770673028576,
      "w": 0.7683093126559847
    },
    "yaw_rad": -1.3891989273451326,
    "linear_vel": {
      "x": 0.17391174379406132,
      "y": 2.2574123967545245e-07
    },
    "angular_vel_z": 0.012100128071925328
  }
}