{
  "frame_idx": 39,
  "ros_stamp": 4139.9,
  "wall_time": 1776688304.0488648,
  "prompt": "go to the small shelves",
  "goal_id": "small_shelf_row",
  "goal_pose": {
    "frame_id": "map",
    "x": 1.937,
    "y": -7.778,
    "yaw_rad": 1.624
  },
  "odom": {
    "position": {
      "x": 0.7110563485729754,
      "y": -4.425073224775826,
      "z": 0.0
    },
    "orientation_quat": {
      "x": 0.0012845051621095207,
      "y": 0.001559160536680274,
      "z": -0.6358443892164195,
      "w": 0.7718146356262673
    },
    "yaw_rad": -1.3782074720005635,
    "linear_vel": {
      "x": 0.15846754183007666,
      "y": -2.1263661464398001e-07
    },
    "angular_vel_z": -0.0005790856514634628
  }
}