{
  "frame_idx": 40,
  "ros_stamp": 4141.9,
  "wall_time": 1776688306.1927638,
  "prompt": "go to the small shelves",
  "goal_id": "small_shelf_row",
  "goal_pose": {
    "frame_id": "map",
    "x": 1.937,
    "y": -7.778,
    "yaw_rad": 1.624
  },
  "odom": {
    "position": {
      "x": 0.7729601096301142,
      "y": -4.752821194402074,
      "z": 0.0
    },
    "orientation_quat": {
      "x": -0.0007613306168867664,
      "y": -0.000924492080104369,
      "z": -0.6356951723744076,
      "w": 0.7719392550647738
    },
    "yaw_rad": -1.3778186583515941,
    "linear_vel": {
      "x": 0.176366028957968,
      "y": -5.821808410647002e-07
    },
    "angular_vel_z": 0.037868999004912265
  }
}