{
  "frame_idx": 41,
  "ros_stamp": 4143.9,
  "wall_time": 1776688308.309445,
  "prompt": "go to the small shelves",
  "goal_id": "small_shelf_row",
  "goal_pose": {
    "frame_id": "map",
    "x": 1.937,
    "y": -7.778,
    "yaw_rad": 1.624
  },
  "odom": {
    "position": {
      "x": 0.8489113111343048,
      "y": -5.097680555447388,
      "z": 0.0
    },
    "orientation_quat": {
      "x": -0.0001622757771645914,
      "y": -0.0002037606371158697,
      "z": -0.6230314910968024,
      "w": 0.7821967100735402
    },
    "yaw_rad": -1.3452247765012089,
    "linear_vel": {
      "x": 0.17407958862741363,
      "y": 1.5407193501070849e-06
    },
    "angular_vel_z": -0.007058305771093593
  }
}