{
  "frame_idx": 42,
  "ros_stamp": 4145.9,
  "wall_time": 1776688310.5308852,
  "prompt": "go to the small shelves",
  "goal_id": "small_shelf_row",
  "goal_pose": {
    "frame_id": "map",
    "x": 1.937,
    "y": -7.778,
    "yaw_rad": 1.624
  },
  "odom": {
    "position": {
      "x": 0.9304033466781131,
      "y": -5.432492624355485,
      "z": 0.0
    },
    "orientation_quat": {
      "x": -0.0013561134076133907,
      "y": -0.0017638698208157987,
      "z": -0.6095108266095206,
      "w": 0.792774622427749
    },
    "yaw_rad": -1.310890620396855,
    "linear_vel": {
      "x": 0.18848215493249915,
      "y": 4.398370441788295e-06
    },
    "angular_vel_z": 0.03144742154493403
  }
}