{
  "frame_idx": 43,
  "ros_stamp": 4147.9,
  "wall_time": 1776688312.6295326,
  "prompt": "go to the small shelves",
  "goal_id": "small_shelf_row",
  "goal_pose": {
    "frame_id": "map",
    "x": 1.937,
    "y": -7.778,
    "yaw_rad": 1.624
  },
  "odom": {
    "position": {
      "x": 1.0184747879058975,
      "y": -5.764105576109683,
      "z": 0.0
    },
    "orientation_quat": {
      "x": -0.0009883591475191753,
      "y": -0.0013012917980411115,
      "z": -0.604851563280907,
      "w": 0.796336559616909
    },
    "yaw_rad": -1.2991609384950524,
    "linear_vel": {
      "x": 0.18696864042059658,
      "y": -7.717660708707439e-08
    },
    "angular_vel_z": -0.0129013221549991
  }
}