{
  "frame_idx": 44,
  "ros_stamp": 4149.9,
  "wall_time": 1776688314.7947102,
  "prompt": "go to the small shelves",
  "goal_id": "small_shelf_row",
  "goal_pose": {
    "frame_id": "map",
    "x": 1.937,
    "y": -7.778,
    "yaw_rad": 1.624
  },
  "odom": {
    "position": {
      "x": 1.1172234392168463,
      "y": -6.107632513293722,
      "z": 0.0
    },
    "orientation_quat": {
      "x": -0.0008219974081649603,
      "y": -0.0011135797495593592,
      "z": -0.5938946795250489,
      "w": 0.8045416048236671
    },
    "yaw_rad": -1.2717836176479669,
    "linear_vel": {
      "x": 0.19361089749539293,
      "y": 3.710152752216126e-07
    },
    "angular_vel_z": 0.046589898933169345
  }
}