{
  "frame_idx": 45,
  "ros_stamp": 4151.9,
  "wall_time": 1776688316.9565394,
  "prompt": "go to the small shelves",
  "goal_id": "small_shelf_row",
  "goal_pose": {
    "frame_id": "map",
    "x": 1.937,
    "y": -7.778,
    "yaw_rad": 1.624
  },
  "odom": {
    "position": {
      "x": 1.2316702095625693,
      "y": -6.445779613109477,
      "z": 0.0
    },
    "orientation_quat": {
      "x": 0.0009005284435108014,
      "y": 0.0012790595527306403,
      "z": -0.5756762683502983,
      "w": 0.8176762116592717
    },
    "yaw_rad": -1.226863657251068,
    "linear_vel": {
      "x": 0.14217910422196958,
      "y": -8.623380586412674e-07
    },
    "angular_vel_z": 0.0005860030889874625
  }
}