{
  "frame_idx": 46,
  "ros_stamp": 4153.9,
  "wall_time": 1776688319.0941358,
  "prompt": "go to the small shelves",
  "goal_id": "small_shelf_row",
  "goal_pose": {
    "frame_id": "map",
    "x": 1.937,
    "y": -7.778,
    "yaw_rad": 1.624
  },
  "odom": {
    "position": {
      "x": 1.3736062614834177,
      "y": -6.808330373557645,
      "z": 0.0
    },
    "orientation_quat": {
      "x": 0.001199433769478202,
      "y": 0.001841176460914889,
      "z": -0.5458448719793195,
      "w": 0.8378833732457953
    },
    "yaw_rad": -1.1547973881804094,
    "linear_vel": {
      "x": 0.2105733649485697,
      "y": -2.2869762910125496e-05
    },
    "angular_vel_z": 0.04041199477185109
  }
}