{
  "frame_idx": 47,
  "ros_stamp": 4155.9,
  "wall_time": 1776688321.2940228,
  "prompt": "go to the small shelves",
  "goal_id": "small_shelf_row",
  "goal_pose": {
    "frame_id": "map",
    "x": 1.937,
    "y": -7.778,
    "yaw_rad": 1.624
  },
  "odom": {
    "position": {
      "x": 1.5497643357265578,
      "y": -7.174993803502909,
      "z": 0.0
    },
    "orientation_quat": {
      "x": 0.0011617819781481725,
      "y": 0.0018948989652919314,
      "z": -0.5226784629994704,
      "w": 0.8525269989490408
    },
    "yaw_rad": -1.0999824642142308,
    "linear_vel": {
      "x": 0.1804126042128433,
      "y": -1.9980419438540332e-05
    },
    "angular_vel_z": 0.03685670053904143
  }
}