{
  "frame_idx": 48,
  "ros_stamp": 4157.9,
  "wall_time": 1776688323.3910766,
  "prompt": "go to the small shelves",
  "goal_id": "small_shelf_row",
  "goal_pose": {
    "frame_id": "map",
    "x": 1.937,
    "y": -7.778,
    "yaw_rad": 1.624
  },
  "odom": {
    "position": {
      "x": 1.698165685228242,
      "y": -7.447046486741077,
      "z": 0.0
    },
    "orientation_quat": {
      "x": -0.0005256287459293307,
      "y": -0.0009439247117011129,
      "z": -0.4869207260270074,
      "w": 0.873445498749574
    },
    "yaw_rad": -1.017122339260467,
    "linear_vel": {
      "x": 0.16075517847487655,
      "y": -7.985093388793835e-07
    },
    "angular_vel_z": 0.14963957192809824
  }
}