{
  "frame_idx": 49,
  "ros_stamp": 4159.9,
  "wall_time": 1776688325.538656,
  "prompt": "go to the small shelves",
  "goal_id": "small_shelf_row",
  "goal_pose": {
    "frame_id": "map",
    "x": 1.937,
    "y": -7.778,
    "yaw_rad": 1.624
  },
  "odom": {
    "position": {
      "x": 1.861667832828896,
      "y": -7.644763213874288,
      "z": 0.0
    },
    "orientation_quat": {
      "x": 0.0007688018121242523,
      "y": 0.002085423464247639,
      "z": -0.34593130294941515,
      "w": 0.9382572107862899
    },
    "yaw_rad": -0.7064641997794678,
    "linear_vel": {
      "x": 0.10624298555743432,
      "y": -7.64782736318403e-05
    },
    "angular_vel_z": 0.1685504256827376
  }
}