{
  "frame_idx": 50,
  "ros_stamp": 4161.9,
  "wall_time": 1776688327.6795313,
  "prompt": "go to the small shelves",
  "goal_id": "small_shelf_row",
  "goal_pose": {
    "frame_id": "map",
    "x": 1.937,
    "y": -7.778,
    "yaw_rad": 1.624
  },
  "odom": {
    "position": {
      "x": 1.9716629622568944,
      "y": -7.715007893261607,
      "z": 0.0
    },
    "orientation_quat": {
      "x": 0.0003959407792758381,
      "y": 0.0021938078516272864,
      "z": -0.17768764066058937,
      "w": 0.98408441344962
    },
    "yaw_rad": -0.35727329674397806,
    "linear_vel": {
      "x": 0.021983285319637492,
      "y": -6.853469842861448e-05
    },
    "angular_vel_z": 0.18329824315193313
  }
}