{
  "frame_idx": 51,
  "ros_stamp": 4163.9,
  "wall_time": 1776688329.7825289,
  "prompt": "go to the small shelves",
  "goal_id": "small_shelf_row",
  "goal_pose": {
    "frame_id": "map",
    "x": 1.937,
    "y": -7.778,
    "yaw_rad": 1.624
  },
  "odom": {
    "position": {
      "x": 2.002590869049475,
      "y": -7.722221883833317,
      "z": 0.0
    },
    "orientation_quat": {
      "x": 1.606352891329629e-05,
      "y": 0.0022234519492469085,
      "z": -0.007201224993264062,
      "w": 0.9999715987776797
    },
    "yaw_rad": -0.014402609843832789,
    "linear_vel": {
      "x": 0.0004950161043971648,
      "y": -6.0033132910510606e-05
    },
    "angular_vel_z": 0.17280797624343336
  }
}