{
  "frame_idx": 52,
  "ros_stamp": 4165.9,
  "wall_time": 1776688331.9793377,
  "prompt": "go to the small shelves",
  "goal_id": "small_shelf_row",
  "goal_pose": {
    "frame_id": "map",
    "x": 1.937,
    "y": -7.778,
    "yaw_rad": 1.624
  },
  "odom": {
    "position": {
      "x": 2.003207608555923,
      "y": -7.7222788673945715,
      "z": 0.0
    },
    "orientation_quat": {
      "x": -0.00035030778787110164,
      "y": 0.00219483833828762,
      "z": 0.15763539521341158,
      "w": 0.9874948820854891
    },
    "yaw_rad": 0.3165920888384749,
    "linear_vel": {
      "x": -2.2014649345217068e-07,
      "y": -4.9947888368354284e-05
    },
    "angular_vel_z": 0.14222182119918328
  }
}