{
  "frame_idx": 53,
  "ros_stamp": 4167.9,
  "wall_time": 1776688334.075958,
  "prompt": "go to the small shelves",
  "goal_id": "small_shelf_row",
  "goal_pose": {
    "frame_id": "map",
    "x": 1.937,
    "y": -7.778,
    "yaw_rad": 1.624
  },
  "odom": {
    "position": {
      "x": 2.0034393166375164,
      "y": -7.722295407639883,
      "z": 0.0
    },
    "orientation_quat": {
      "x": -0.0006492303127438759,
      "y": 0.0021256685091172274,
      "z": 0.29212428641044486,
      "w": 0.9563777816964271
    },
    "yaw_rad": 0.5928960286862481,
    "linear_vel": {
      "x": -2.3129685594767945e-07,
      "y": -4.7419781811389466e-05
    },
    "angular_vel_z": 0.1357620917207291
  }
}