{
  "frame_idx": 54,
  "ros_stamp": 4169.9,
  "wall_time": 1776688336.2387743,
  "prompt": "go to the small shelves",
  "goal_id": "small_shelf_row",
  "goal_pose": {
    "frame_id": "map",
    "x": 1.937,
    "y": -7.778,
    "yaw_rad": 1.624
  },
  "odom": {
    "position": {
      "x": 2.0034982078879646,
      "y": -7.722363033159098,
      "z": 0.0
    },
    "orientation_quat": {
      "x": -0.0008963687712191004,
      "y": 0.002033823834974875,
      "z": 0.4033145865927066,
      "w": 0.9150586890058956
    },
    "yaw_rad": 0.8302746235914408,
    "linear_vel": {
      "x": -7.265791650611635e-09,
      "y": -4.6794663115302346e-05
    },
    "angular_vel_z": 0.13493787669764185
  }
}