{
  "frame_idx": 55,
  "ros_stamp": 4171.9,
  "wall_time": 1776688338.4604075,
  "prompt": "go to the small shelves",
  "goal_id": "small_shelf_row",
  "goal_pose": {
    "frame_id": "map",
    "x": 1.937,
    "y": -7.778,
    "yaw_rad": 1.624
  },
  "odom": {
    "position": {
      "x": 2.003562483471509,
      "y": -7.722410965177942,
      "z": 0.0
    },
    "orientation_quat": {
      "x": -0.0011073024870010052,
      "y": 0.0019271133385377296,
      "z": 0.4982154705971414,
      "w": 0.8670504050936437
    },
    "yaw_rad": 1.0430816413587707,
    "linear_vel": {
      "x": 2.707726520737736e-07,
      "y": -3.759432088599945e-05
    },
    "angular_vel_z": 0.10706574995867499
  }
}