{
  "frame_idx": 0,
  "ros_stamp": 3019.9,
  "wall_time": 1776687089.543911,
  "prompt": "go to the left of trash can",
  "goal_id": "trash_can_left",
  "goal_pose": {
    "frame_id": "map",
    "x": -0.187,
    "y": 7.555,
    "yaw_rad": -1.536
  },
  "odom": {
    "position": {
      "x": 3.7521254069888355,
      "y": 1.7103378699682088,
      "z": 0.0
    },
    "orientation_quat": {
      "x": -0.0014944399337405597,
      "y": -0.001645258298994712,
      "z": -0.6723633122218897,
      "w": 0.7402179652996972
    },
    "yaw_rad": -1.4747982615818858,
    "linear_vel": {
      "x": 0.008464029594507653,
      "y": -6.6661447137041e-05
    },
    "angular_vel_z": -0.19625339434599995
  }
}