{
  "frame_idx": 1,
  "ros_stamp": 3021.9,
  "wall_time": 1776687091.683102,
  "prompt": "go to the left of trash can",
  "goal_id": "trash_can_left",
  "goal_pose": {
    "frame_id": "map",
    "x": -0.187,
    "y": 7.555,
    "yaw_rad": -1.536
  },
  "odom": {
    "position": {
      "x": 3.7511133574055577,
      "y": 1.6958496051788856,
      "z": 0.0
    },
    "orientation_quat": {
      "x": 0.0003312911605856337,
      "y": 0.0002552526828774727,
      "z": -0.7932369971791396,
      "w": 0.608912876689643
    },
    "yaw_rad": -1.8322137617388994,
    "linear_vel": {
      "x": 0.01194116043077949,
      "y": 1.2018196506674562e-05
    },
    "angular_vel_z": -0.14104182600422707
  }
}