{
  "frame_idx": 2,
  "ros_stamp": 3023.9,
  "wall_time": 1776687093.8846846,
  "prompt": "go to the left of trash can",
  "goal_id": "trash_can_left",
  "goal_pose": {
    "frame_id": "map",
    "x": -0.187,
    "y": 7.555,
    "yaw_rad": -1.536
  },
  "odom": {
    "position": {
      "x": 3.7427641385643993,
      "y": 1.678329808643689,
      "z": 0.0
    },
    "orientation_quat": {
      "x": -0.0016486098431266107,
      "y": -0.0008647439691725393,
      "z": 0.8862180013489077,
      "w": -0.4632647066080041
    },
    "yaw_rad": -2.178239806620677,
    "linear_vel": {
      "x": 0.008789625649300838,
      "y": 4.689001544261027e-05
    },
    "angular_vel_z": -0.16704555003909638
  }
}