{
  "frame_idx": 3,
  "ros_stamp": 3025.9,
  "wall_time": 1776687095.966396,
  "prompt": "go to the left of trash can",
  "goal_id": "trash_can_left",
  "goal_pose": {
    "frame_id": "map",
    "x": -0.187,
    "y": 7.555,
    "yaw_rad": -1.536
  },
  "odom": {
    "position": {
      "x": 3.7081793725602976,
      "y": 1.6461989728911959,
      "z": 0.0
    },
    "orientation_quat": {
      "x": -0.00026241979266673613,
      "y": -8.564101043233268e-05,
      "z": 0.9550274310314413,
      "w": -0.2965173347022997
    },
    "yaw_rad": -2.539504803899271,
    "linear_vel": {
      "x": 0.04509423204398741,
      "y": 1.848260716237912e-05
    },
    "angular_vel_z": -0.18843168791670073
  }
}