{
  "frame_idx": 4,
  "ros_stamp": 3027.9,
  "wall_time": 1776687098.1595697,
  "prompt": "go to the left of trash can",
  "goal_id": "trash_can_left",
  "goal_pose": {
    "frame_id": "map",
    "x": -0.187,
    "y": 7.555,
    "yaw_rad": -1.536
  },
  "odom": {
    "position": {
      "x": 3.6103632963428955,
      "y": 1.6039352913412623,
      "z": 0.0
    },
    "orientation_quat": {
      "x": 0.001048645261545147,
      "y": 0.0001316991676235819,
      "z": 0.9925946816163417,
      "w": -0.1214688479627527
    },
    "yaw_rad": -2.8980534149086656,
    "linear_vel": {
      "x": 0.07251210610672713,
      "y": -1.564219826328609e-05
    },
    "angular_vel_z": -0.17103342804183516
  }
}