{
  "frame_idx": 5,
  "ros_stamp": 3029.9,
  "wall_time": 1776687100.3011892,
  "prompt": "go to the left of trash can",
  "goal_id": "trash_can_left",
  "goal_pose": {
    "frame_id": "map",
    "x": -0.187,
    "y": 7.555,
    "yaw_rad": -1.536
  },
  "odom": {
    "position": {
      "x": 3.4482928734380267,
      "y": 1.5949898964038338,
      "z": 0.0
    },
    "orientation_quat": {
      "x": -0.002221213481423602,
      "y": 0.00010194866234347845,
      "z": 0.9989441601295517,
      "w": 0.04588704348947553
    },
    "yaw_rad": 3.0497861016646333,
    "linear_vel": {
      "x": 0.10333038790029767,
      "y": 6.68109068666685e-05
    },
    "angular_vel_z": -0.14786072193560335
  }
}