{
  "frame_idx": 6,
  "ros_stamp": 3031.9,
  "wall_time": 1776687102.4122953,
  "prompt": "go to the left of trash can",
  "goal_id": "trash_can_left",
  "goal_pose": {
    "frame_id": "map",
    "x": -0.187,
    "y": 7.555,
    "yaw_rad": -1.536
  },
  "odom": {
    "position": {
      "x": 3.1901551783615276,
      "y": 1.6583185304429644,
      "z": 0.0
    },
    "orientation_quat": {
      "x": 0.0021880548901341943,
      "y": -0.0003972162365363078,
      "z": 0.9839204168147951,
      "w": 0.17859358333954434
    },
    "yaw_rad": 2.782478019992232,
    "linear_vel": {
      "x": 0.14971987137348225,
      "y": -2.4823677823718258e-05
    },
    "angular_vel_z": -0.12909342623629336
  }
}