{
  "frame_idx": 7,
  "ros_stamp": 3033.9,
  "wall_time": 1776687104.618371,
  "prompt": "go to the left of trash can",
  "goal_id": "trash_can_left",
  "goal_pose": {
    "frame_id": "map",
    "x": -0.187,
    "y": 7.555,
    "yaw_rad": -1.536
  },
  "odom": {
    "position": {
      "x": 2.861923939921619,
      "y": 1.818280740825368,
      "z": 0.0
    },
    "orientation_quat": {
      "x": -0.002151385013492542,
      "y": 0.0005673075180356169,
      "z": 0.9669391722002092,
      "w": 0.2549974254173516
    },
    "yaw_rad": 2.625901266707168,
    "linear_vel": {
      "x": 0.17374629943174455,
      "y": 2.4355002769560778e-05
    },
    "angular_vel_z": -0.04581914969436794
  }
}