{
  "frame_idx": 8,
  "ros_stamp": 3035.9,
  "wall_time": 1776687106.7320151,
  "prompt": "go to the left of trash can",
  "goal_id": "trash_can_left",
  "goal_pose": {
    "frame_id": "map",
    "x": -0.187,
    "y": 7.555,
    "yaw_rad": -1.536
  },
  "odom": {
    "position": {
      "x": 2.5709493696414016,
      "y": 1.993446899919929,
      "z": 0.0
    },
    "orientation_quat": {
      "x": -0.0016001820933755138,
      "y": 0.00045549366755213397,
      "z": 0.961782528634146,
      "w": 0.2738094219651592
    },
    "yaw_rad": 2.586888667788204,
    "linear_vel": {
      "x": 0.18833161665150208,
      "y": 3.6010266643815266e-06
    },
    "angular_vel_z": -0.007256527876292199
  }
}