{
  "frame_idx": 9,
  "ros_stamp": 3037.9,
  "wall_time": 1776687108.8792636,
  "prompt": "go to the left of trash can",
  "goal_id": "trash_can_left",
  "goal_pose": {
    "frame_id": "map",
    "x": -0.187,
    "y": 7.555,
    "yaw_rad": -1.536
  },
  "odom": {
    "position": {
      "x": 2.2733936666595094,
      "y": 2.18386336279775,
      "z": 0.0
    },
    "orientation_quat": {
      "x": 0.0021314607182716335,
      "y": -0.0006446820290694923,
      "z": 0.9571797614235464,
      "w": 0.28948565695289724
    },
    "yaw_rad": 2.5542122683211796,
    "linear_vel": {
      "x": 0.18069637888910037,
      "y": -8.549592840018994e-07
    },
    "angular_vel_z": -0.007169484758449434
  }
}