{
  "frame_idx": 10,
  "ros_stamp": 3039.9,
  "wall_time": 1776687111.0388887,
  "prompt": "go to the left of trash can",
  "goal_id": "trash_can_left",
  "goal_pose": {
    "frame_id": "map",
    "x": -0.187,
    "y": 7.555,
    "yaw_rad": -1.536
  },
  "odom": {
    "position": {
      "x": 2.005603315717271,
      "y": 2.377863643158796,
      "z": 0.0
    },
    "orientation_quat": {
      "x": -0.0012538641816979656,
      "y": 0.00044006741376621133,
      "z": 0.9417609270429512,
      "w": 0.3362805234629066
    },
    "yaw_rad": 2.4556627817604806,
    "linear_vel": {
      "x": 0.1653660036339666,
      "y": 2.3283392552944117e-05
    },
    "angular_vel_z": -0.07067741672240277
  }
}