{
  "frame_idx": 11,
  "ros_stamp": 3041.9,
  "wall_time": 1776687113.1783276,
  "prompt": "go to the left of trash can",
  "goal_id": "trash_can_left",
  "goal_pose": {
    "frame_id": "map",
    "x": -0.187,
    "y": 7.555,
    "yaw_rad": -1.536
  },
  "odom": {
    "position": {
      "x": 1.8002045449460766,
      "y": 2.5725986102643104,
      "z": 0.0
    },
    "orientation_quat": {
      "x": -0.0018590820184011202,
      "y": 0.0008457722366706783,
      "z": 0.9102720205212572,
      "w": 0.41400564868069173
    },
    "yaw_rad": 2.287890423602124,
    "linear_vel": {
      "x": 0.12385844283416944,
      "y": 5.74350663577736e-05
    },
    "angular_vel_z": -0.1281812534054934
  }
}