{
  "frame_idx": 12,
  "ros_stamp": 3043.9,
  "wall_time": 1776687115.368691,
  "prompt": "go to the left of trash can",
  "goal_id": "trash_can_left",
  "goal_pose": {
    "frame_id": "map",
    "x": -0.187,
    "y": 7.555,
    "yaw_rad": -1.536
  },
  "odom": {
    "position": {
      "x": 1.6608288274655227,
      "y": 2.7764739318611644,
      "z": 0.0
    },
    "orientation_quat": {
      "x": -1.7708356558348036e-05,
      "y": 1.062942966686336e-05,
      "z": 0.8561356987476676,
      "w": 0.5167510666687327
    },
    "yaw_rad": 2.055489245071952,
    "linear_vel": {
      "x": 0.13707911505613007,
      "y": 1.6755104256814307e-05
    },
    "angular_vel_z": -0.11683946233305487
  }
}