{
  "frame_idx": 13,
  "ros_stamp": 3045.9,
  "wall_time": 1776687117.4964879,
  "prompt": "go to the left of trash can",
  "goal_id": "trash_can_left",
  "goal_pose": {
    "frame_id": "map",
    "x": -0.187,
    "y": 7.555,
    "yaw_rad": -1.536
  },
  "odom": {
    "position": {
      "x": 1.5453309891858895,
      "y": 3.054077495784246,
      "z": 0.0
    },
    "orientation_quat": {
      "x": -0.0018068232228674317,
      "y": 0.0012959156048318223,
      "z": 0.8125750924049772,
      "w": 0.582852275620186
    },
    "yaw_rad": 1.8971202158807248,
    "linear_vel": {
      "x": 0.1572122945804398,
      "y": 4.2841045192506914e-05
    },
    "angular_vel_z": -0.08627640028677687
  }
}