{
  "frame_idx": 14,
  "ros_stamp": 3047.9,
  "wall_time": 1776687119.6485794,
  "prompt": "go to the left of trash can",
  "goal_id": "trash_can_left",
  "goal_pose": {
    "frame_id": "map",
    "x": -0.187,
    "y": 7.555,
    "yaw_rad": -1.536
  },
  "odom": {
    "position": {
      "x": 1.4459521779947664,
      "y": 3.3986263596858373,
      "z": 0.0
    },
    "orientation_quat": {
      "x": 0.0005692863976752657,
      "y": -0.00044089472634831515,
      "z": 0.7906388803679851,
      "w": 0.6122823224422672
    },
    "yaw_rad": 1.823704140897643,
    "linear_vel": {
      "x": 0.1993606271394009,
      "y": 1.7674115924096081e-06
    },
    "angular_vel_z": -0.016251371694184908
  }
}