{
  "frame_idx": 15,
  "ros_stamp": 3049.9,
  "wall_time": 1776687121.8365784,
  "prompt": "go to the left of trash can",
  "goal_id": "trash_can_left",
  "goal_pose": {
    "frame_id": "map",
    "x": -0.187,
    "y": 7.555,
    "yaw_rad": -1.536
  },
  "odom": {
    "position": {
      "x": 1.3682730157985385,
      "y": 3.711184836962396,
      "z": 0.0
    },
    "orientation_quat": {
      "x": -0.0017427098587245024,
      "y": 0.0013880768633394243,
      "z": 0.7821938667984367,
      "w": 0.6230311316040952
    },
    "yaw_rad": 1.7963648965014591,
    "linear_vel": {
      "x": 0.14862759984278334,
      "y": 6.044838040615065e-07
    },
    "angular_vel_z": -0.0023131851035388287
  }
}