{
  "frame_idx": 16,
  "ros_stamp": 3051.9,
  "wall_time": 1776687123.9551532,
  "prompt": "go to the left of trash can",
  "goal_id": "trash_can_left",
  "goal_pose": {
    "frame_id": "map",
    "x": -0.187,
    "y": 7.555,
    "yaw_rad": -1.536
  },
  "odom": {
    "position": {
      "x": 1.2879076258554436,
      "y": 4.056350057904579,
      "z": 0.0
    },
    "orientation_quat": {
      "x": -3.581993513790897e-05,
      "y": 2.8017461113854365e-05,
      "z": 0.7873599873502537,
      "w": 0.6164935103079046
    },
    "yaw_rad": 1.8130298132230924,
    "linear_vel": {
      "x": 0.1746253460192071,
      "y": -4.329803099794449e-06
    },
    "angular_vel_z": 0.019757557068752558
  }
}