{
  "frame_idx": 17,
  "ros_stamp": 3053.9,
  "wall_time": 1776687126.1642983,
  "prompt": "go to the left of trash can",
  "goal_id": "trash_can_left",
  "goal_pose": {
    "frame_id": "map",
    "x": -0.187,
    "y": 7.555,
    "yaw_rad": -1.536
  },
  "odom": {
    "position": {
      "x": 1.1988470391003794,
      "y": 4.401607430258396,
      "z": 0.0
    },
    "orientation_quat": {
      "x": 0.0011117936307966272,
      "y": -0.0008548889296918265,
      "z": 0.7927446805134977,
      "w": 0.609552216464999
    },
    "yaw_rad": 1.8305999074027826,
    "linear_vel": {
      "x": 0.18209259193464228,
      "y": 3.7550973633863763e-07
    },
    "angular_vel_z": 0.021196539891519973
  }
}