{
  "frame_idx": 18,
  "ros_stamp": 3055.9,
  "wall_time": 1776687128.2735255,
  "prompt": "go to the left of trash can",
  "goal_id": "trash_can_left",
  "goal_pose": {
    "frame_id": "map",
    "x": -0.187,
    "y": 7.555,
    "yaw_rad": -1.536
  },
  "odom": {
    "position": {
      "x": 1.1041125416453232,
      "y": 4.7481657229164425,
      "z": 0.0
    },
    "orientation_quat": {
      "x": -0.0015761212917400277,
      "y": 0.0011886635027368437,
      "z": 0.7983935727180199,
      "w": 0.6021327145765349
    },
    "yaw_rad": 1.8492503631411754,
    "linear_vel": {
      "x": 0.1687723526729888,
      "y": -1.0338281921566748e-05
    },
    "angular_vel_z": 0.02032266457437166
  }
}