{
  "frame_idx": 19,
  "ros_stamp": 3057.9,
  "wall_time": 1776687130.4461062,
  "prompt": "go to the left of trash can",
  "goal_id": "trash_can_left",
  "goal_pose": {
    "frame_id": "map",
    "x": -0.187,
    "y": 7.555,
    "yaw_rad": -1.536
  },
  "odom": {
    "position": {
      "x": 0.9985073079102126,
      "y": 5.094195589422621,
      "z": 0.0
    },
    "orientation_quat": {
      "x": 0.0017985578122231708,
      "y": -0.0013082540884783733,
      "z": 0.8086944736447652,
      "w": 0.5882247036273232
    },
    "yaw_rad": 1.88386539644653,
    "linear_vel": {
      "x": 0.19491200841097384,
      "y": 5.4683663817347206e-06
    },
    "angular_vel_z": 0.04007507434205454
  }
}