{
  "frame_idx": 20,
  "ros_stamp": 3059.9,
  "wall_time": 1776687132.6540015,
  "prompt": "go to the left of trash can",
  "goal_id": "trash_can_left",
  "goal_pose": {
    "frame_id": "map",
    "x": -0.187,
    "y": 7.555,
    "yaw_rad": -1.536
  },
  "odom": {
    "position": {
      "x": 0.8777926985876212,
      "y": 5.4525678074082915,
      "z": 0.0
    },
    "orientation_quat": {
      "x": -0.0018174219583617591,
      "y": 0.0012844877173535574,
      "z": 0.8166222571075671,
      "w": 0.5771682044822565
    },
    "yaw_rad": 1.911075666047698,
    "linear_vel": {
      "x": 0.1774191985980804,
      "y": -1.097410823446354e-05
    },
    "angular_vel_z": 0.019709744330397058
  }
}