{
  "frame_idx": 21,
  "ros_stamp": 3061.9,
  "wall_time": 1776687134.7579074,
  "prompt": "go to the left of trash can",
  "goal_id": "trash_can_left",
  "goal_pose": {
    "frame_id": "map",
    "x": -0.187,
    "y": 7.555,
    "yaw_rad": -1.536
  },
  "odom": {
    "position": {
      "x": 0.7581923326282797,
      "y": 5.776058225850052,
      "z": 0.0
    },
    "orientation_quat": {
      "x": 0.0018338443680873085,
      "y": -0.0012565186640430895,
      "z": 0.8249376078168823,
      "w": 0.5652194276429645
    },
    "yaw_rad": 1.9401908249259385,
    "linear_vel": {
      "x": 0.2001838492923357,
      "y": -9.447881698626645e-07
    },
    "angular_vel_z": -0.002137523635396697
  }
}