{
  "frame_idx": 22,
  "ros_stamp": 3063.9,
  "wall_time": 1776687136.9843168,
  "prompt": "go to the left of trash can",
  "goal_id": "trash_can_left",
  "goal_pose": {
    "frame_id": "map",
    "x": -0.187,
    "y": 7.555,
    "yaw_rad": -1.536
  },
  "odom": {
    "position": {
      "x": 0.6157103828027735,
      "y": 6.116314401934331,
      "z": 0.0
    },
    "orientation_quat": {
      "x": -0.0012689243801071507,
      "y": 0.0008209183970713477,
      "z": 0.8396040157602271,
      "w": 0.5431968452073367
    },
    "yaw_rad": 1.9931111813230915,
    "linear_vel": {
      "x": 0.1878679657761193,
      "y": -8.17176525735858e-06
    },
    "angular_vel_z": 0.017596157165201628
  }
}