{
  "frame_idx": 23,
  "ros_stamp": 3065.9,
  "wall_time": 1776687139.1041877,
  "prompt": "go to the left of trash can",
  "goal_id": "trash_can_left",
  "goal_pose": {
    "frame_id": "map",
    "x": -0.187,
    "y": 7.555,
    "yaw_rad": -1.536
  },
  "odom": {
    "position": {
      "x": 0.45923061577500046,
      "y": 6.452281732452651,
      "z": 0.0
    },
    "orientation_quat": {
      "x": 0.001881308151541357,
      "y": -0.0011841499555903295,
      "z": 0.8463139551490114,
      "w": 0.5326797797819612
    },
    "yaw_rad": 2.0180618954142693,
    "linear_vel": {
      "x": 0.2204884818790685,
      "y": 9.91285370677492e-07
    },
    "angular_vel_z": 0.012380426034836103
  }
}