{
  "frame_idx": 24,
  "ros_stamp": 3067.9,
  "wall_time": 1776687141.2474625,
  "prompt": "go to the left of trash can",
  "goal_id": "trash_can_left",
  "goal_pose": {
    "frame_id": "map",
    "x": -0.187,
    "y": 7.555,
    "yaw_rad": -1.536
  },
  "odom": {
    "position": {
      "x": 0.2746043345605846,
      "y": 6.8160398284051595,
      "z": 0.0
    },
    "orientation_quat": {
      "x": 0.001619791846134133,
      "y": -0.0009653454620219844,
      "z": 0.859023580204617,
      "w": 0.5119325473487261
    },
    "yaw_rad": 2.066724568715765,
    "linear_vel": {
      "x": 0.1856708991971374,
      "y": 1.824438430696575e-06
    },
    "angular_vel_z": 0.020999182689597023
  }
}