{
  "frame_idx": 25,
  "ros_stamp": 3069.9,
  "wall_time": 1776687143.445674,
  "prompt": "go to the left of trash can",
  "goal_id": "trash_can_left",
  "goal_pose": {
    "frame_id": "map",
    "x": -0.187,
    "y": 7.555,
    "yaw_rad": -1.536
  },
  "odom": {
    "position": {
      "x": 0.10067045223525373,
      "y": 7.122433917217035,
      "z": 0.0
    },
    "orientation_quat": {
      "x": -0.001444443428570962,
      "y": 0.0008243470275203291,
      "z": 0.8685060965968823,
      "w": 0.49567569459194494
    },
    "yaw_rad": 2.1043657668866143,
    "linear_vel": {
      "x": 0.1580640206332697,
      "y": -1.1512687514763037e-05
    },
    "angular_vel_z": 0.02695434953167758
  }
}