{
  "frame_idx": 26,
  "ros_stamp": 3071.9,
  "wall_time": 1776687145.5766087,
  "prompt": "go to the left of trash can",
  "goal_id": "trash_can_left",
  "goal_pose": {
    "frame_id": "map",
    "x": -0.187,
    "y": 7.555,
    "yaw_rad": -1.536
  },
  "odom": {
    "position": {
      "x": -0.06881197654811125,
      "y": 7.353820760879669,
      "z": 0.0
    },
    "orientation_quat": {
      "x": -0.002050917462888608,
      "y": 0.0008587524529177809,
      "z": 0.9223946201310369,
      "w": 0.3862424381591248
    },
    "yaw_rad": 2.3484817638696946,
    "linear_vel": {
      "x": 0.12900984257768214,
      "y": -7.328685909945183e-05
    },
    "angular_vel_z": 0.1539874224163318
  }
}