{
  "frame_idx": 27,
  "ros_stamp": 3073.9,
  "wall_time": 1776687147.7568011,
  "prompt": "go to the left of trash can",
  "goal_id": "trash_can_left",
  "goal_pose": {
    "frame_id": "map",
    "x": -0.187,
    "y": 7.555,
    "yaw_rad": -1.536
  },
  "odom": {
    "position": {
      "x": -0.19975199191478293,
      "y": 7.454258935397865,
      "z": 0.0
    },
    "orientation_quat": {
      "x": -0.002106571287823646,
      "y": 0.0004882236082001012,
      "z": 0.9737586540474814,
      "w": 0.22757286231612764
    },
    "yaw_rad": 2.6824227143499413,
    "linear_vel": {
      "x": 0.05472533500967106,
      "y": -7.37636430149097e-05
    },
    "angular_vel_z": 0.18842453086978822
  }
}