{
  "frame_idx": 28,
  "ros_stamp": 3075.9,
  "wall_time": 1776687149.8772566,
  "prompt": "go to the left of trash can",
  "goal_id": "trash_can_left",
  "goal_pose": {
    "frame_id": "map",
    "x": -0.187,
    "y": 7.555,
    "yaw_rad": -1.536
  },
  "odom": {
    "position": {
      "x": -0.2531726949255579,
      "y": 7.472809464469482,
      "z": 0.0
    },
    "orientation_quat": {
      "x": -0.0017873263324781276,
      "y": 0.00010867356145927677,
      "z": 0.9983344801193433,
      "w": 0.057663328550116216
    },
    "yaw_rad": 3.026201823585707,
    "linear_vel": {
      "x": 0.009512819660828922,
      "y": -4.96705561010459e-05
    },
    "angular_vel_z": 0.17778106629709872
  }
}