{
  "frame_idx": 29,
  "ros_stamp": 3077.9,
  "wall_time": 1776687152.048016,
  "prompt": "go to the left of trash can",
  "goal_id": "trash_can_left",
  "goal_pose": {
    "frame_id": "map",
    "x": -0.187,
    "y": 7.555,
    "yaw_rad": -1.536
  },
  "odom": {
    "position": {
      "x": -0.25711916861647255,
      "y": 7.472996572122925,
      "z": 0.0
    },
    "orientation_quat": {
      "x": -0.002207815242351927,
      "y": -0.00025683393357937286,
      "z": 0.9933022187148262,
      "w": -0.11552385850719252
    },
    "yaw_rad": -2.910027333156257,
    "linear_vel": {
      "x": -3.2227797356189486e-05,
      "y": -5.5369899131674094e-05
    },
    "angular_vel_z": 0.15808718907057911
  }
}