{
  "frame_idx": 30,
  "ros_stamp": 3079.9,
  "wall_time": 1776687154.3190231,
  "prompt": "go to the left of trash can",
  "goal_id": "trash_can_left",
  "goal_pose": {
    "frame_id": "map",
    "x": -0.187,
    "y": 7.555,
    "yaw_rad": -1.536
  },
  "odom": {
    "position": {
      "x": -0.2571553398798725,
      "y": 7.473094672907676,
      "z": 0.0
    },
    "orientation_quat": {
      "x": -0.0021478426701162174,
      "y": -0.0005718582511364291,
      "z": 0.9663393189901324,
      "w": -0.25726130747489495
    },
    "yaw_rad": -2.6212172451638778,
    "linear_vel": {
      "x": -2.857893472586568e-07,
      "y": -5.032573638652998e-05
    },
    "angular_vel_z": 0.143740056947823
  }
}