{
  "frame_idx": 32,
  "ros_stamp": 3083.9,
  "wall_time": 1776687158.6048565,
  "prompt": "go to the left of trash can",
  "goal_id": "trash_can_left",
  "goal_pose": {
    "frame_id": "map",
    "x": -0.187,
    "y": 7.555,
    "yaw_rad": -1.536
  },
  "odom": {
    "position": {
      "x": -0.25727117842323793,
      "y": 7.473218506570277,
      "z": 0.0
    },
    "orientation_quat": {
      "x": -0.0019602562837475576,
      "y": -0.0010477269402122914,
      "z": 0.8819358328286165,
      "w": -0.4713642396665824
    },
    "yaw_rad": -2.159916004606138,
    "linear_vel": {
      "x": 2.23288233830343e-07,
      "y": -3.6249202430076375e-05
    },
    "angular_vel_z": 0.10352964056146415
  }
}