{
  "frame_idx": 33,
  "ros_stamp": 3085.9,
  "wall_time": 1776687160.75569,
  "prompt": "go to the left of trash can",
  "goal_id": "trash_can_left",
  "goal_pose": {
    "frame_id": "map",
    "x": -0.187,
    "y": 7.555,
    "yaw_rad": -1.536
  },
  "odom": {
    "position": {
      "x": -0.25733224840352675,
      "y": 7.473249967822498,
      "z": 0.0
    },
    "orientation_quat": {
      "x": 0.001852650378997594,
      "y": 0.0012280255477832213,
      "z": -0.8335201124062807,
      "w": 0.5524846439984086
    },
    "yaw_rad": -1.9709049845044968,
    "linear_vel": {
      "x": 2.624501073892565e-07,
      "y": -3.074081861482288e-05
    },
    "angular_vel_z": 0.0868534709763287
  }
}