{
  "frame_idx": 34,
  "ros_stamp": 3087.9,
  "wall_time": 1776687163.2733014,
  "prompt": "go to the left of trash can",
  "goal_id": "trash_can_left",
  "goal_pose": {
    "frame_id": "map",
    "x": -0.187,
    "y": 7.555,
    "yaw_rad": -1.536
  },
  "odom": {
    "position": {
      "x": -0.2573892632418295,
      "y": 7.4732678114907864,
      "z": 0.0
    },
    "orientation_quat": {
      "x": 0.001745429792608996,
      "y": 0.0013761716748988168,
      "z": -0.78527814679158,
      "w": 0.619139153824035
    },
    "yaw_rad": -1.8062967538500192,
    "linear_vel": {
      "x": 1.349746854915252e-07,
      "y": -2.1157292782605832e-05
    },
    "angular_vel_z": 0.05938461371432814
  }
}