{
  "frame_idx": 0,
  "ros_stamp": 4333.9,
  "wall_time": 1776688514.3673308,
  "prompt": "go to the small shelves",
  "goal_id": "small_shelf_row",
  "goal_pose": {
    "frame_id": "map",
    "x": 1.937,
    "y": -7.778,
    "yaw_rad": 1.624
  },
  "odom": {
    "position": {
      "x": 1.5558271758937348,
      "y": 6.305602937860058,
      "z": 0.0
    },
    "orientation_quat": {
      "x": 0.001550409738567932,
      "y": -0.001595640589133056,
      "z": 0.6968673879089151,
      "w": 0.7171965517414026
    },
    "yaw_rad": 1.5420454862141169,
    "linear_vel": {
      "x": 9.899114130585957e-07,
      "y": 2.5462774658347842e-05
    },
    "angular_vel_z": 0.07322478610785513
  }
}