{
  "frame_idx": 1,
  "ros_stamp": 4335.9,
  "wall_time": 1776688516.4784951,
  "prompt": "go to the small shelves",
  "goal_id": "small_shelf_row",
  "goal_pose": {
    "frame_id": "map",
    "x": 1.937,
    "y": -7.778,
    "yaw_rad": 1.624
  },
  "odom": {
    "position": {
      "x": 1.5558044327674385,
      "y": 6.307358967135161,
      "z": 0.0
    },
    "orientation_quat": {
      "x": -0.00176878335385936,
      "y": 0.0013458300108732063,
      "z": 0.795818589662759,
      "w": 0.6055310334691411
    },
    "yaw_rad": 1.8407229446051168,
    "linear_vel": {
      "x": -1.7426678670515263e-07,
      "y": -5.117457318050381e-05
    },
    "angular_vel_z": 0.14584773193581668
  }
}