{
  "frame_idx": 2,
  "ros_stamp": 4337.9,
  "wall_time": 1776688518.6482925,
  "prompt": "go to the small shelves",
  "goal_id": "small_shelf_row",
  "goal_pose": {
    "frame_id": "map",
    "x": 1.937,
    "y": -7.778,
    "yaw_rad": 1.624
  },
  "odom": {
    "position": {
      "x": 1.5552643052932527,
      "y": 6.309714739791654,
      "z": 0.0
    },
    "orientation_quat": {
      "x": -0.001947642845307034,
      "y": 0.0010707900329622246,
      "z": 0.8762851651761884,
      "w": 0.4817876808182135
    },
    "yaw_rad": 2.1362026737375706,
    "linear_vel": {
      "x": -2.551853428319062e-07,
      "y": -3.794970964538154e-05
    },
    "angular_vel_z": 0.10828123707225568
  }
}