{
  "frame_idx": 3,
  "ros_stamp": 4339.9,
  "wall_time": 1776688520.7772982,
  "prompt": "go to the small shelves",
  "goal_id": "small_shelf_row",
  "goal_pose": {
    "frame_id": "map",
    "x": 1.937,
    "y": -7.778,
    "yaw_rad": 1.624
  },
  "odom": {
    "position": {
      "x": 1.5542374197088118,
      "y": 6.310976048423693,
      "z": 0.0
    },
    "orientation_quat": {
      "x": -0.0020553018633834093,
      "y": 0.0008471393581528129,
      "z": 0.9245424684442035,
      "w": 0.3810725418240695
    },
    "yaw_rad": 2.3596784273469886,
    "linear_vel": {
      "x": 0.0001747533729498596,
      "y": -3.823949256265314e-05
    },
    "angular_vel_z": 0.11023958152355814
  }
}