{
  "frame_idx": 4,
  "ros_stamp": 4341.9,
  "wall_time": 1776688522.8994532,
  "prompt": "go to the small shelves",
  "goal_id": "small_shelf_row",
  "goal_pose": {
    "frame_id": "map",
    "x": 1.937,
    "y": -7.778,
    "yaw_rad": 1.624
  },
  "odom": {
    "position": {
      "x": 1.5513967915865927,
      "y": 6.313229919179149,
      "z": 0.0
    },
    "orientation_quat": {
      "x": -0.0020286971904542655,
      "y": 0.0005200920763828862,
      "z": 0.9679593447199865,
      "w": 0.25109822950629473
    },
    "yaw_rad": 2.6339621546059764,
    "linear_vel": {
      "x": 0.0019516506496006832,
      "y": -5.971399100390661e-05
    },
    "angular_vel_z": 0.17715570544988887
  }
}