{
  "frame_idx": 6,
  "ros_stamp": 4345.9,
  "wall_time": 1776688527.1828969,
  "prompt": "go to the small shelves",
  "goal_id": "small_shelf_row",
  "goal_pose": {
    "frame_id": "map",
    "x": 1.937,
    "y": -7.778,
    "yaw_rad": 1.624
  },
  "odom": {
    "position": {
      "x": 1.5365085723398104,
      "y": 6.316605101384972,
      "z": 0.0
    },
    "orientation_quat": {
      "x": -0.0020314534205225095,
      "y": -8.067024011451436e-05,
      "z": 0.9992118038399498,
      "w": -0.03964388674469513
    },
    "yaw_rad": -3.0622839330912015,
    "linear_vel": {
      "x": 0.00407763351526126,
      "y": -6.97590485258931e-05
    },
    "angular_vel_z": 0.21597011157760826
  }
}