{
  "frame_idx": 7,
  "ros_stamp": 4347.9,
  "wall_time": 1776688529.3475711,
  "prompt": "go to the small shelves",
  "goal_id": "small_shelf_row",
  "goal_pose": {
    "frame_id": "map",
    "x": 1.937,
    "y": -7.778,
    "yaw_rad": 1.624
  },
  "odom": {
    "position": {
      "x": 1.4917952085407409,
      "y": 6.301453170617469,
      "z": 0.0
    },
    "orientation_quat": {
      "x": 0.0021843720151172885,
      "y": 0.0004373026012833734,
      "z": 0.9805343856889156,
      "w": -0.19633480528677394
    },
    "yaw_rad": -2.7463545285528346,
    "linear_vel": {
      "x": 0.0715692072038098,
      "y": 3.0464387736250156e-05
    },
    "angular_vel_z": 0.10811935421427929
  }
}