{
  "frame_idx": 8,
  "ros_stamp": 4349.9,
  "wall_time": 1776688531.5055885,
  "prompt": "go to the small shelves",
  "goal_id": "small_shelf_row",
  "goal_pose": {
    "frame_id": "map",
    "x": 1.937,
    "y": -7.778,
    "yaw_rad": 1.624
  },
  "odom": {
    "position": {
      "x": 1.4290559414705366,
      "y": 6.265793071101032,
      "z": 0.0
    },
    "orientation_quat": {
      "x": 0.0018979598031983313,
      "y": 0.0006252025788873407,
      "z": 0.9497880320037595,
      "w": -0.31288768133748346
    },
    "yaw_rad": -2.505127633404126,
    "linear_vel": {
      "x": 0.049504117483972314,
      "y": 1.866964449951473e-05
    },
    "angular_vel_z": 0.06987765273126047
  }
}