{
  "frame_idx": 9,
  "ros_stamp": 4351.9,
  "wall_time": 1776688533.6119475,
  "prompt": "go to the small shelves",
  "goal_id": "small_shelf_row",
  "goal_pose": {
    "frame_id": "map",
    "x": 1.937,
    "y": -7.778,
    "yaw_rad": 1.624
  },
  "odom": {
    "position": {
      "x": 1.3910900782006839,
      "y": 6.231106181600651,
      "z": 0.0
    },
    "orientation_quat": {
      "x": -0.00011893523843812501,
      "y": -5.003042786629824e-05,
      "z": 0.9170154989319392,
      "w": -0.3988515489125898
    },
    "yaw_rad": -2.321064395297351,
    "linear_vel": {
      "x": 0.0338210876699012,
      "y": -4.977711894992219e-06
    },
    "angular_vel_z": 0.09967086582515379
  }
}