{
  "frame_idx": 10,
  "ros_stamp": 4353.9,
  "wall_time": 1776688535.8122394,
  "prompt": "go to the small shelves",
  "goal_id": "small_shelf_row",
  "goal_pose": {
    "frame_id": "map",
    "x": 1.937,
    "y": -7.778,
    "yaw_rad": 1.624
  },
  "odom": {
    "position": {
      "x": 1.298479949315497,
      "y": 6.121679168624424,
      "z": 0.0
    },
    "orientation_quat": {
      "x": 0.0011875048875913076,
      "y": 0.000514503758868702,
      "z": 0.917559245366737,
      "w": -0.397596977302454
    },
    "yaw_rad": -2.323799070145069,
    "linear_vel": {
      "x": 0.10432453395115626,
      "y": -9.49259168247756e-06
    },
    "angular_vel_z": -0.08954610836867757
  }
}