{
  "frame_idx": 11,
  "ros_stamp": 4355.9,
  "wall_time": 1776688537.919433,
  "prompt": "go to the small shelves",
  "goal_id": "small_shelf_row",
  "goal_pose": {
    "frame_id": "map",
    "x": 1.937,
    "y": -7.778,
    "yaw_rad": 1.624
  },
  "odom": {
    "position": {
      "x": 1.232602787113428,
      "y": 6.03995027125266,
      "z": 0.0
    },
    "orientation_quat": {
      "x": 0.0011915385179905797,
      "y": 0.0006008587960263365,
      "z": 0.8927963528949533,
      "w": -0.4504585346756538
    },
    "yaw_rad": -2.207034022760297,
    "linear_vel": {
      "x": 0.17180808044235468,
      "y": 2.3557774250529905e-06
    },
    "angular_vel_z": 0.061720844842183396
  }
}