{
  "frame_idx": 12,
  "ros_stamp": 4357.9,
  "wall_time": 1776688540.0732818,
  "prompt": "go to the small shelves",
  "goal_id": "small_shelf_row",
  "goal_pose": {
    "frame_id": "map",
    "x": 1.937,
    "y": -7.778,
    "yaw_rad": 1.624
  },
  "odom": {
    "position": {
      "x": 1.0804686093206284,
      "y": 5.792313294908234,
      "z": 0.0
    },
    "orientation_quat": {
      "x": 0.0018854501334084686,
      "y": 0.0011872673076204722,
      "z": -0.8462214012635387,
      "w": 0.5328267781537518
    },
    "yaw_rad": -2.01771447717844,
    "linear_vel": {
      "x": 0.1332055464203321,
      "y": -4.378759842193483e-05
    },
    "angular_vel_z": 0.09220056200356097
  }
}