{
  "frame_idx": 13,
  "ros_stamp": 4359.9,
  "wall_time": 1776688542.22077,
  "prompt": "go to the small shelves",
  "goal_id": "small_shelf_row",
  "goal_pose": {
    "frame_id": "map",
    "x": 1.937,
    "y": -7.778,
    "yaw_rad": 1.624
  },
  "odom": {
    "position": {
      "x": 0.9855779666568598,
      "y": 5.530882353808024,
      "z": 0.0
    },
    "orientation_quat": {
      "x": 0.0006139531695086454,
      "y": 0.0004999360243850463,
      "z": -0.781580644371889,
      "w": 0.6238037106884666
    },
    "yaw_rad": -1.7943921764546913,
    "linear_vel": {
      "x": 0.13940405249931717,
      "y": -4.981456525267092e-06
    },
    "angular_vel_z": 0.1406927256344787
  }
}