{
  "frame_idx": 14,
  "ros_stamp": 4361.9,
  "wall_time": 1776688544.3266997,
  "prompt": "go to the small shelves",
  "goal_id": "small_shelf_row",
  "goal_pose": {
    "frame_id": "map",
    "x": 1.937,
    "y": -7.778,
    "yaw_rad": 1.624
  },
  "odom": {
    "position": {
      "x": 0.9478399306434986,
      "y": 5.204796073859841,
      "z": 0.0
    },
    "orientation_quat": {
      "x": 0.0016129077626750846,
      "y": 0.0015371136560068399,
      "z": -0.7239083675117145,
      "w": 0.6898925360204168
    },
    "yaw_rad": -1.6189067361493819,
    "linear_vel": {
      "x": 0.16959104698510094,
      "y": -2.3302406410457996e-05
    },
    "angular_vel_z": 0.044831721623723994
  }
}