{
  "frame_idx": 15,
  "ros_stamp": 4363.9,
  "wall_time": 1776688546.5300949,
  "prompt": "go to the small shelves",
  "goal_id": "small_shelf_row",
  "goal_pose": {
    "frame_id": "map",
    "x": 1.937,
    "y": -7.778,
    "yaw_rad": 1.624
  },
  "odom": {
    "position": {
      "x": 0.9406006589551027,
      "y": 4.88481170269139,
      "z": 0.0
    },
    "orientation_quat": {
      "x": 0.0007498445405528645,
      "y": 0.0007468364393800003,
      "z": -0.7085302669906666,
      "w": 0.7056796303753089
    },
    "yaw_rad": -1.5748277407585067,
    "linear_vel": {
      "x": 0.16505784681643706,
      "y": -1.0660364960290646e-05
    },
    "angular_vel_z": 0.03179560247758874
  }
}