{
  "frame_idx": 16,
  "ros_stamp": 4365.9,
  "wall_time": 1776688548.6246758,
  "prompt": "go to the small shelves",
  "goal_id": "small_shelf_row",
  "goal_pose": {
    "frame_id": "map",
    "x": 1.937,
    "y": -7.778,
    "yaw_rad": 1.624
  },
  "odom": {
    "position": {
      "x": 0.945819018592956,
      "y": 4.552947948527071,
      "z": 0.0
    },
    "orientation_quat": {
      "x": -0.00013689963727505988,
      "y": -0.00014005807157763155,
      "z": -0.6989919240218578,
      "w": 0.7151295349756204
    },
    "yaw_rad": -1.5479738027716585,
    "linear_vel": {
      "x": 0.15699027933311946,
      "y": 2.672526164909759e-07
    },
    "angular_vel_z": -0.002120102759933742
  }
}