{
  "frame_idx": 17,
  "ros_stamp": 4367.9,
  "wall_time": 1776688550.7795186,
  "prompt": "go to the small shelves",
  "goal_id": "small_shelf_row",
  "goal_pose": {
    "frame_id": "map",
    "x": 1.937,
    "y": -7.778,
    "yaw_rad": 1.624
  },
  "odom": {
    "position": {
      "x": 0.9517459869634631,
      "y": 4.203581388338237,
      "z": 0.0
    },
    "orientation_quat": {
      "x": 0.0005671903403447672,
      "y": 0.0005783832672351452,
      "z": -0.7001626112574,
      "w": 0.7139829560746761
    },
    "yaw_rad": -1.5512510901947703,
    "linear_vel": {
      "x": 0.1728908721393651,
      "y": 5.798488522366522e-06
    },
    "angular_vel_z": -0.019856490957574736
  }
}