{
  "frame_idx": 18,
  "ros_stamp": 4369.9,
  "wall_time": 1776688552.9407444,
  "prompt": "go to the small shelves",
  "goal_id": "small_shelf_row",
  "goal_pose": {
    "frame_id": "map",
    "x": 1.937,
    "y": -7.778,
    "yaw_rad": 1.624
  },
  "odom": {
    "position": {
      "x": 0.9545810631127786,
      "y": 3.8581892442934,
      "z": 0.0
    },
    "orientation_quat": {
      "x": -0.0015752623040769015,
      "y": -0.0015679337879812689,
      "z": -0.7087518450262413,
      "w": 0.7054543800304939
    },
    "yaw_rad": -1.5754596622581853,
    "linear_vel": {
      "x": 0.17924247452205153,
      "y": -5.574937730352464e-06
    },
    "angular_vel_z": -0.0332933151946202
  }
}