{
  "frame_idx": 19,
  "ros_stamp": 4371.9,
  "wall_time": 1776688555.0415468,
  "prompt": "go to the small shelves",
  "goal_id": "small_shelf_row",
  "goal_pose": {
    "frame_id": "map",
    "x": 1.937,
    "y": -7.778,
    "yaw_rad": 1.624
  },
  "odom": {
    "position": {
      "x": 0.9527409079288345,
      "y": 3.5216863587989837,
      "z": 0.0
    },
    "orientation_quat": {
      "x": 0.000982693287826662,
      "y": 0.0009759921894919986,
      "z": -0.7095187011612822,
      "w": 0.7046852449537703
    },
    "yaw_rad": -1.5776318859676097,
    "linear_vel": {
      "x": 0.16851661793103595,
      "y": 6.7297639288742514e-06
    },
    "angular_vel_z": -0.017182028070764983
  }
}