{
  "frame_idx": 20,
  "ros_stamp": 4373.9,
  "wall_time": 1776688557.2311957,
  "prompt": "go to the small shelves",
  "goal_id": "small_shelf_row",
  "goal_pose": {
    "frame_id": "map",
    "x": 1.937,
    "y": -7.778,
    "yaw_rad": 1.624
  },
  "odom": {
    "position": {
      "x": 0.95069865895252,
      "y": 3.177513370547167,
      "z": 0.0
    },
    "orientation_quat": {
      "x": 0.0013144229212790554,
      "y": 0.0013090535571474795,
      "z": -0.7085498662148099,
      "w": 0.7056583066599185
    },
    "yaw_rad": -1.5748856194055632,
    "linear_vel": {
      "x": 0.17264199469637673,
      "y": -5.1805564227215345e-06
    },
    "angular_vel_z": 0.011451041676834282
  }
}