{
  "frame_idx": 21,
  "ros_stamp": 4375.9,
  "wall_time": 1776688559.3404932,
  "prompt": "go to the small shelves",
  "goal_id": "small_shelf_row",
  "goal_pose": {
    "frame_id": "map",
    "x": 1.937,
    "y": -7.778,
    "yaw_rad": 1.624
  },
  "odom": {
    "position": {
      "x": 0.9513720626122416,
      "y": 2.8394490487739104,
      "z": 0.0
    },
    "orientation_quat": {
      "x": 0.0009918323123715642,
      "y": 0.0009951921818241564,
      "z": -0.7059091322131236,
      "w": 0.708301011519326
    },
    "yaw_rad": -1.5674136936872811,
    "linear_vel": {
      "x": 0.16219696168280812,
      "y": -1.444383233544939e-06
    },
    "angular_vel_z": 0.003774760168567293
  }
}