{
  "frame_idx": 22,
  "ros_stamp": 4377.9,
  "wall_time": 1776688561.4772623,
  "prompt": "go to the small shelves",
  "goal_id": "small_shelf_row",
  "goal_pose": {
    "frame_id": "map",
    "x": 1.937,
    "y": -7.778,
    "yaw_rad": 1.624
  },
  "odom": {
    "position": {
      "x": 0.9527711285044623,
      "y": 2.4991840879098786,
      "z": 0.0
    },
    "orientation_quat": {
      "x": -0.0009899582985320478,
      "y": -0.0009997160639438481,
      "z": -0.703631849520687,
      "w": 0.7105633264463174
    },
    "yaw_rad": -1.5609936891808143,
    "linear_vel": {
      "x": 0.18302078300906907,
      "y": -4.0071639001786793e-07
    },
    "angular_vel_z": -0.013077219718265027
  }
}