{
  "frame_idx": 23,
  "ros_stamp": 4379.9,
  "wall_time": 1776688563.638071,
  "prompt": "go to the small shelves",
  "goal_id": "small_shelf_row",
  "goal_pose": {
    "frame_id": "map",
    "x": 1.937,
    "y": -7.778,
    "yaw_rad": 1.624
  },
  "odom": {
    "position": {
      "x": 0.9545488958308449,
      "y": 2.1601176815940675,
      "z": 0.0
    },
    "orientation_quat": {
      "x": -0.00020774037790274608,
      "y": -0.0002070569683827032,
      "z": -0.7082777160830195,
      "w": 0.7059338431266552
    },
    "yaw_rad": -1.574111065380061,
    "linear_vel": {
      "x": 0.16771167745905385,
      "y": 4.7441931946060757e-07
    },
    "angular_vel_z": -0.0039061466570259598
  }
}