{
  "frame_idx": 24,
  "ros_stamp": 4381.9,
  "wall_time": 1776688565.7413392,
  "prompt": "go to the small shelves",
  "goal_id": "small_shelf_row",
  "goal_pose": {
    "frame_id": "map",
    "x": 1.937,
    "y": -7.778,
    "yaw_rad": 1.624
  },
  "odom": {
    "position": {
      "x": 0.9538697661918101,
      "y": 1.8140495967745742,
      "z": 0.0
    },
    "orientation_quat": {
      "x": 0.0006238557265731435,
      "y": 0.0006251522399150969,
      "z": -0.7063702187692272,
      "w": 0.7078420261785983
    },
    "yaw_rad": -1.5687148756036464,
    "linear_vel": {
      "x": 0.16497884095623966,
      "y": -9.735104440485463e-07
    },
    "angular_vel_z": 0.0033834005574241354
  }
}