{
  "frame_idx": 25,
  "ros_stamp": 4383.9,
  "wall_time": 1776688567.925414,
  "prompt": "go to the small shelves",
  "goal_id": "small_shelf_row",
  "goal_pose": {
    "frame_id": "map",
    "x": 1.937,
    "y": -7.778,
    "yaw_rad": 1.624
  },
  "odom": {
    "position": {
      "x": 0.9545521028243662,
      "y": 1.4761334844982918,
      "z": 0.0
    },
    "orientation_quat": {
      "x": -0.0015550251176726967,
      "y": -0.0015618231876354909,
      "z": -0.7055611350522746,
      "w": 0.7086456288646391
    },
    "yaw_rad": -1.5664341797594907,
    "linear_vel": {
      "x": 0.17447564168219742,
      "y": 4.332301795788937e-06
    },
    "angular_vel_z": 0.02562495785402295
  }
}