{
  "frame_idx": 26,
  "ros_stamp": 4385.9,
  "wall_time": 1776688570.0297534,
  "prompt": "go to the small shelves",
  "goal_id": "small_shelf_row",
  "goal_pose": {
    "frame_id": "map",
    "x": 1.937,
    "y": -7.778,
    "yaw_rad": 1.624
  },
  "odom": {
    "position": {
      "x": 0.9566831061480667,
      "y": 1.1393058812962282,
      "z": 0.0
    },
    "orientation_quat": {
      "x": 0.00017750338516463513,
      "y": 0.00017806552447387637,
      "z": -0.7059850750291103,
      "w": 0.7082266661326435
    },
    "yaw_rad": -1.5676262368268652,
    "linear_vel": {
      "x": 0.17255891256188316,
      "y": -1.5572110411787348e-07
    },
    "angular_vel_z": 0.00021612652145439737
  }
}