{
  "frame_idx": 27,
  "ros_stamp": 4387.9,
  "wall_time": 1776688572.1712077,
  "prompt": "go to the small shelves",
  "goal_id": "small_shelf_row",
  "goal_pose": {
    "frame_id": "map",
    "x": 1.937,
    "y": -7.778,
    "yaw_rad": 1.624
  },
  "odom": {
    "position": {
      "x": 0.9568846659661785,
      "y": 0.7770071806430887,
      "z": 0.0
    },
    "orientation_quat": {
      "x": 0.0007043836920342704,
      "y": 0.0007056360095875953,
      "z": -0.706483532099766,
      "w": 0.7077287791190037
    },
    "yaw_rad": -1.5690352804840892,
    "linear_vel": {
      "x": 0.18291477542472165,
      "y": -6.846918719078468e-06
    },
    "angular_vel_z": 0.019535213065466607
  }
}