{
  "frame_idx": 28,
  "ros_stamp": 4389.9,
  "wall_time": 1776688574.3407853,
  "prompt": "go to the small shelves",
  "goal_id": "small_shelf_row",
  "goal_pose": {
    "frame_id": "map",
    "x": 1.937,
    "y": -7.778,
    "yaw_rad": 1.624
  },
  "odom": {
    "position": {
      "x": 0.9563372830827824,
      "y": 0.44766170550526313,
      "z": 0.0
    },
    "orientation_quat": {
      "x": 0.0006287365061530779,
      "y": 0.0006240511883700644,
      "z": -0.7097478855428997,
      "w": 0.7044552180358261
    },
    "yaw_rad": -1.5782813093782493,
    "linear_vel": {
      "x": 0.15380349230763596,
      "y": 1.5678513960048954e-06
    },
    "angular_vel_z": -0.00561949946786062
  }
}