{
  "frame_idx": 29,
  "ros_stamp": 4391.9,
  "wall_time": 1776688576.4331472,
  "prompt": "go to the small shelves",
  "goal_id": "small_shelf_row",
  "goal_pose": {
    "frame_id": "map",
    "x": 1.937,
    "y": -7.778,
    "yaw_rad": 1.624
  },
  "odom": {
    "position": {
      "x": 0.9552471729770335,
      "y": 0.11572486647106374,
      "z": 0.0
    },
    "orientation_quat": {
      "x": -0.0015704152684939611,
      "y": -0.0015773453382703583,
      "z": -0.7055466815650114,
      "w": 0.7086599508298522
    },
    "yaw_rad": -1.5663934847163026,
    "linear_vel": {
      "x": 0.1632309578119391,
      "y": 1.8514098387061354e-06
    },
    "angular_vel_z": 0.010060695279138642
  }
}