{
  "frame_idx": 30,
  "ros_stamp": 4393.9,
  "wall_time": 1776688578.6087027,
  "prompt": "go to the small shelves",
  "goal_id": "small_shelf_row",
  "goal_pose": {
    "frame_id": "map",
    "x": 1.937,
    "y": -7.778,
    "yaw_rad": 1.624
  },
  "odom": {
    "position": {
      "x": 0.9560424186466278,
      "y": -0.2246303297260149,
      "z": 0.0
    },
    "orientation_quat": {
      "x": 0.0010052619033176914,
      "y": 0.0010159148889777553,
      "z": -0.703367540499635,
      "w": 0.7108249153884088
    },
    "yaw_rad": -1.5602499464295876,
    "linear_vel": {
      "x": 0.1668547990559877,
      "y": -6.660757121895945e-06
    },
    "angular_vel_z": 0.01679610258516975
  }
}