{
  "frame_idx": 31,
  "ros_stamp": 4395.9,
  "wall_time": 1776688580.7327392,
  "prompt": "go to the small shelves",
  "goal_id": "small_shelf_row",
  "goal_pose": {
    "frame_id": "map",
    "x": 1.937,
    "y": -7.778,
    "yaw_rad": 1.624
  },
  "odom": {
    "position": {
      "x": 0.9607487069882874,
      "y": -0.5654264515521371,
      "z": 0.0
    },
    "orientation_quat": {
      "x": -0.0015624618447116797,
      "y": -0.001587476784271945,
      "z": -0.7014684989598878,
      "w": 0.7126969788047407
    },
    "yaw_rad": -1.5549166520906577,
    "linear_vel": {
      "x": 0.17686124195005956,
      "y": -2.9360646616098156e-06
    },
    "angular_vel_z": -0.017205167121451904
  }
}