{
  "frame_idx": 32,
  "ros_stamp": 4397.9,
  "wall_time": 1776688582.861508,
  "prompt": "go to the small shelves",
  "goal_id": "small_shelf_row",
  "goal_pose": {
    "frame_id": "map",
    "x": 1.937,
    "y": -7.778,
    "yaw_rad": 1.624
  },
  "odom": {
    "position": {
      "x": 0.96208058066139,
      "y": -0.9216921453433697,
      "z": 0.0
    },
    "orientation_quat": {
      "x": 0.00013083455342621322,
      "y": 0.00013067064835725481,
      "z": -0.707554544763568,
      "w": 0.7066587096979144
    },
    "yaw_rad": -1.5720632290012353,
    "linear_vel": {
      "x": 0.16715966144818747,
      "y": 8.551075900205668e-07
    },
    "angular_vel_z": -0.004306674803933678
  }
}