{
  "frame_idx": 33,
  "ros_stamp": 4399.9,
  "wall_time": 1776688585.0399659,
  "prompt": "go to the small shelves",
  "goal_id": "small_shelf_row",
  "goal_pose": {
    "frame_id": "map",
    "x": 1.937,
    "y": -7.778,
    "yaw_rad": 1.624
  },
  "odom": {
    "position": {
      "x": 0.9632433189756636,
      "y": -1.2351907336767258,
      "z": 0.0
    },
    "orientation_quat": {
      "x": 0.00022208253984917618,
      "y": 0.0002227715794927542,
      "z": -0.7060040148549487,
      "w": 0.7082077605200766
    },
    "yaw_rad": -1.567679758369907,
    "linear_vel": {
      "x": 0.16601405480567746,
      "y": 3.862488225768192e-06
    },
    "angular_vel_z": -0.017592575714686413
  }
}