{
  "frame_idx": 34,
  "ros_stamp": 4401.9,
  "wall_time": 1776688587.1412137,
  "prompt": "go to the small shelves",
  "goal_id": "small_shelf_row",
  "goal_pose": {
    "frame_id": "map",
    "x": 1.937,
    "y": -7.778,
    "yaw_rad": 1.624
  },
  "odom": {
    "position": {
      "x": 0.9645198626304106,
      "y": -1.5774153125843713,
      "z": 0.0
    },
    "orientation_quat": {
      "x": -0.0005266088346853622,
      "y": -0.0005332363695961053,
      "z": -0.702675024782251,
      "w": 0.7115105395490444
    },
    "yaw_rad": -1.5583009371882786,
    "linear_vel": {
      "x": 0.1677049892017321,
      "y": -6.082474445523647e-07
    },
    "angular_vel_z": 0.014150164050025605
  }
}