{
  "frame_idx": 35,
  "ros_stamp": 4403.9,
  "wall_time": 1776688589.304864,
  "prompt": "go to the small shelves",
  "goal_id": "small_shelf_row",
  "goal_pose": {
    "frame_id": "map",
    "x": 1.937,
    "y": -7.778,
    "yaw_rad": 1.624
  },
  "odom": {
    "position": {
      "x": 0.9674118596814572,
      "y": -1.918216141279938,
      "z": 0.0
    },
    "orientation_quat": {
      "x": -0.0015720639866546764,
      "y": -0.001572493295693677,
      "z": -0.7069405954205653,
      "w": 0.707269432695966
    },
    "yaw_rad": -1.5703312785571222,
    "linear_vel": {
      "x": 0.1779785029681633,
      "y": 1.1024693520916905e-06
    },
    "angular_vel_z": 0.007051825375035012
  }
}