{
  "frame_idx": 36,
  "ros_stamp": 4405.9,
  "wall_time": 1776688591.4417326,
  "prompt": "go to the small shelves",
  "goal_id": "small_shelf_row",
  "goal_pose": {
    "frame_id": "map",
    "x": 1.937,
    "y": -7.778,
    "yaw_rad": 1.624
  },
  "odom": {
    "position": {
      "x": 0.9710889112142176,
      "y": -2.2567243433908595,
      "z": 0.0
    },
    "orientation_quat": {
      "x": 0.0006066716951365652,
      "y": 0.0006138694507946786,
      "z": -0.7029213004010413,
      "w": 0.711267109148357
    },
    "yaw_rad": -1.5589934979644138,
    "linear_vel": {
      "x": 0.17756077548456298,
      "y": 9.357482800060309e-07
    },
    "angular_vel_z": -0.002890699290271929
  }
}