{
  "frame_idx": 37,
  "ros_stamp": 4407.9,
  "wall_time": 1776688593.5607526,
  "prompt": "go to the small shelves",
  "goal_id": "small_shelf_row",
  "goal_pose": {
    "frame_id": "map",
    "x": 1.937,
    "y": -7.778,
    "yaw_rad": 1.624
  },
  "odom": {
    "position": {
      "x": 0.9752575073267775,
      "y": -2.619918080538338,
      "z": 0.0
    },
    "orientation_quat": {
      "x": 0.0010593680825029136,
      "y": 0.0010731563806504227,
      "z": -0.7025190372416886,
      "w": 0.7116633532701114
    },
    "yaw_rad": -1.5578642062286574,
    "linear_vel": {
      "x": 0.17732738721181196,
      "y": 1.323217118107114e-06
    },
    "angular_vel_z": -0.003165547207084218
  }
}