{
  "frame_idx": 38,
  "ros_stamp": 4409.9,
  "wall_time": 1776688595.7413354,
  "prompt": "go to the small shelves",
  "goal_id": "small_shelf_row",
  "goal_pose": {
    "frame_id": "map",
    "x": 1.937,
    "y": -7.778,
    "yaw_rad": 1.624
  },
  "odom": {
    "position": {
      "x": 0.9886538821068332,
      "y": -2.942467281208,
      "z": 0.0
    },
    "orientation_quat": {
      "x": 0.0004884714468402557,
      "y": 0.0005214952659748398,
      "z": -0.6836068440622878,
      "w": 0.7298501025481412
    },
    "yaw_rad": -1.5053868070343455,
    "linear_vel": {
      "x": 0.1748551197399919,
      "y": -7.0617883532869674e-06
    },
    "angular_vel_z": 0.024691078896828766
  }
}