{
  "frame_idx": 39,
  "ros_stamp": 4411.9,
  "wall_time": 1776688597.8461924,
  "prompt": "go to the small shelves",
  "goal_id": "small_shelf_row",
  "goal_pose": {
    "frame_id": "map",
    "x": 1.937,
    "y": -7.778,
    "yaw_rad": 1.624
  },
  "odom": {
    "position": {
      "x": 1.0124116640081058,
      "y": -3.282757106548216,
      "z": 0.0
    },
    "orientation_quat": {
      "x": -0.0011588568854022808,
      "y": -0.0012381262552560715,
      "z": -0.6833500422625816,
      "w": 0.7300889287161004
    },
    "yaw_rad": -1.5046854258227347,
    "linear_vel": {
      "x": 0.16826739342038402,
      "y": 4.460302018765921e-07
    },
    "angular_vel_z": 0.007130293220542974
  }
}