{
  "frame_idx": 40,
  "ros_stamp": 4413.9,
  "wall_time": 1776688600.0191393,
  "prompt": "go to the small shelves",
  "goal_id": "small_shelf_row",
  "goal_pose": {
    "frame_id": "map",
    "x": 1.937,
    "y": -7.778,
    "yaw_rad": 1.624
  },
  "odom": {
    "position": {
      "x": 1.032277339747706,
      "y": -3.62903012303748,
      "z": 0.0
    },
    "orientation_quat": {
      "x": 0.0008713294074190229,
      "y": 0.0009173827666969301,
      "z": -0.6886634862609115,
      "w": 0.7250799968864751
    },
    "yaw_rad": -1.5192898690744385,
    "linear_vel": {
      "x": 0.1695137995701557,
      "y": -6.784080246897758e-06
    },
    "angular_vel_z": 0.018689544732346734
  }
}