{
  "frame_idx": 41,
  "ros_stamp": 4415.9,
  "wall_time": 1776688602.158785,
  "prompt": "go to the small shelves",
  "goal_id": "small_shelf_row",
  "goal_pose": {
    "frame_id": "map",
    "x": 1.937,
    "y": -7.778,
    "yaw_rad": 1.624
  },
  "odom": {
    "position": {
      "x": 1.0571271320282942,
      "y": -3.9709597526939096,
      "z": 0.0
    },
    "orientation_quat": {
      "x": 0.00016996598014941075,
      "y": 0.00018438364586948006,
      "z": -0.6777595205681968,
      "w": 0.735283597935793
    },
    "yaw_rad": -1.4894225443761744,
    "linear_vel": {
      "x": 0.17479453534211575,
      "y": -9.914131191959071e-08
    },
    "angular_vel_z": -0.0005156745597141197
  }
}