{
  "frame_idx": 42,
  "ros_stamp": 4417.9,
  "wall_time": 1776688604.28238,
  "prompt": "go to the small shelves",
  "goal_id": "small_shelf_row",
  "goal_pose": {
    "frame_id": "map",
    "x": 1.937,
    "y": -7.778,
    "yaw_rad": 1.624
  },
  "odom": {
    "position": {
      "x": 1.0858819970096707,
      "y": -4.324252612294558,
      "z": 0.0
    },
    "orientation_quat": {
      "x": -0.00017256871785663913,
      "y": -0.00018691054057574303,
      "z": -0.6783493423513615,
      "w": 0.7347394810515923
    },
    "yaw_rad": -1.491027478015187,
    "linear_vel": {
      "x": 0.18578499926563552,
      "y": -1.561086361585947e-06
    },
    "angular_vel_z": 0.00830818813637475
  }
}