{
  "frame_idx": 43,
  "ros_stamp": 4419.9,
  "wall_time": 1776688606.485498,
  "prompt": "go to the small shelves",
  "goal_id": "small_shelf_row",
  "goal_pose": {
    "frame_id": "map",
    "x": 1.937,
    "y": -7.778,
    "yaw_rad": 1.624
  },
  "odom": {
    "position": {
      "x": 1.1166076959694176,
      "y": -4.639174443554028,
      "z": 0.0
    },
    "orientation_quat": {
      "x": 0.0007741718774509429,
      "y": 0.0008582819376611698,
      "z": -0.6697828734188486,
      "w": 0.7425561032573971
    },
    "yaw_rad": -1.4678338949601377,
    "linear_vel": {
      "x": 0.17443151098629114,
      "y": 5.915631513035523e-06
    },
    "angular_vel_z": -0.01587310733668227
  }
}