{
  "frame_idx": 44,
  "ros_stamp": 4421.9,
  "wall_time": 1776688608.7327065,
  "prompt": "go to the small shelves",
  "goal_id": "small_shelf_row",
  "goal_pose": {
    "frame_id": "map",
    "x": 1.937,
    "y": -7.778,
    "yaw_rad": 1.624
  },
  "odom": {
    "position": {
      "x": 1.1546702239399167,
      "y": -4.977293197960396,
      "z": 0.0
    },
    "orientation_quat": {
      "x": -0.0014804004450262563,
      "y": -0.0016732856865813584,
      "z": -0.6626205188900673,
      "w": 0.74895197207524
    },
    "yaw_rad": -1.448628952164245,
    "linear_vel": {
      "x": 0.19011598230683152,
      "y": 1.5094884398910742e-06
    },
    "angular_vel_z": 0.011648936015087444
  }
}