{
  "frame_idx": 45,
  "ros_stamp": 4423.9,
  "wall_time": 1776688610.8870077,
  "prompt": "go to the small shelves",
  "goal_id": "small_shelf_row",
  "goal_pose": {
    "frame_id": "map",
    "x": 1.937,
    "y": -7.778,
    "yaw_rad": 1.624
  },
  "odom": {
    "position": {
      "x": 1.1988664755109282,
      "y": -5.329283256884558,
      "z": 0.0
    },
    "orientation_quat": {
      "x": -0.0002441480587560624,
      "y": -0.0002826232022732339,
      "z": -0.6537398935160939,
      "w": 0.7567192426134128
    },
    "yaw_rad": -1.4250325147483198,
    "linear_vel": {
      "x": 0.16866023494013424,
      "y": -4.541690270312219e-06
    },
    "angular_vel_z": 0.041951805974142366
  }
}