{
  "frame_idx": 46,
  "ros_stamp": 4425.9,
  "wall_time": 1776688613.0512161,
  "prompt": "go to the small shelves",
  "goal_id": "small_shelf_row",
  "goal_pose": {
    "frame_id": "map",
    "x": 1.937,
    "y": -7.778,
    "yaw_rad": 1.624
  },
  "odom": {
    "position": {
      "x": 1.2500770722322787,
      "y": -5.648219196289567,
      "z": 0.0
    },
    "orientation_quat": {
      "x": 0.0003949921156719152,
      "y": 0.00047070933185638746,
      "z": -0.6427169981049266,
      "w": 0.7661034412929792
    },
    "yaw_rad": -1.3960793716621478,
    "linear_vel": {
      "x": 0.17422771769236184,
      "y": -5.79421560184949e-06
    },
    "angular_vel_z": 0.02560568541922097
  }
}