{
  "frame_idx": 47,
  "ros_stamp": 4427.9,
  "wall_time": 1776688615.1579735,
  "prompt": "go to the small shelves",
  "goal_id": "small_shelf_row",
  "goal_pose": {
    "frame_id": "map",
    "x": 1.937,
    "y": -7.778,
    "yaw_rad": 1.624
  },
  "odom": {
    "position": {
      "x": 1.3087176449519293,
      "y": -5.97107419690326,
      "z": 0.0
    },
    "orientation_quat": {
      "x": -0.0012470502810747032,
      "y": -0.0015165282201308836,
      "z": -0.6351413027476754,
      "w": 0.7723934687396959
    },
    "yaw_rad": -1.376386064144627,
    "linear_vel": {
      "x": 0.17725831445590914,
      "y": 5.872286049974805e-07
    },
    "angular_vel_z": 0.009793352180403753
  }
}