{
  "frame_idx": 48,
  "ros_stamp": 4429.9,
  "wall_time": 1776688617.394017,
  "prompt": "go to the small shelves",
  "goal_id": "small_shelf_row",
  "goal_pose": {
    "frame_id": "map",
    "x": 1.937,
    "y": -7.778,
    "yaw_rad": 1.624
  },
  "odom": {
    "position": {
      "x": 1.3822416778443667,
      "y": -6.319818042775915,
      "z": 0.0
    },
    "orientation_quat": {
      "x": -0.0009119830056180576,
      "y": -0.0011467469797483408,
      "z": -0.6224457019196216,
      "w": 0.7826616136109855
    },
    "yaw_rad": -1.3437290709136567,
    "linear_vel": {
      "x": 0.17852630521740342,
      "y": 1.0793695561640935e-06
    },
    "angular_vel_z": 0.03412281014170811
  }
}