{
  "frame_idx": 49,
  "ros_stamp": 4431.9,
  "wall_time": 1776688619.50838,
  "prompt": "go to the small shelves",
  "goal_id": "small_shelf_row",
  "goal_pose": {
    "frame_id": "map",
    "x": 1.937,
    "y": -7.778,
    "yaw_rad": 1.624
  },
  "odom": {
    "position": {
      "x": 1.4655091105965317,
      "y": -6.668715756873475,
      "z": 0.0
    },
    "orientation_quat": {
      "x": 0.00046223970238089843,
      "y": 0.0005971080721372433,
      "z": -0.6121143659244668,
      "w": 0.7907688871125973
    },
    "yaw_rad": -1.3174637248838257,
    "linear_vel": {
      "x": 0.2223855773721873,
      "y": -1.1720927198914113e-05
    },
    "angular_vel_z": 0.03323982147849037
  }
}