{
  "frame_idx": 50,
  "ros_stamp": 4433.9,
  "wall_time": 1776688621.7264445,
  "prompt": "go to the small shelves",
  "goal_id": "small_shelf_row",
  "goal_pose": {
    "frame_id": "map",
    "x": 1.937,
    "y": -7.778,
    "yaw_rad": 1.624
  },
  "odom": {
    "position": {
      "x": 1.5777815203503116,
      "y": -7.050397427875877,
      "z": 0.0
    },
    "orientation_quat": {
      "x": 0.0012991244997331496,
      "y": 0.0018037006834387308,
      "z": -0.5844327458291616,
      "w": 0.8114391071066056
    },
    "yaw_rad": -1.248365183642626,
    "linear_vel": {
      "x": 0.1855819246046407,
      "y": -9.78702957511038e-06
    },
    "angular_vel_z": 0.0171954882589771
  }
}