{
  "frame_idx": 51,
  "ros_stamp": 4435.9,
  "wall_time": 1776688623.8725808,
  "prompt": "go to the small shelves",
  "goal_id": "small_shelf_row",
  "goal_pose": {
    "frame_id": "map",
    "x": 1.937,
    "y": -7.778,
    "yaw_rad": 1.624
  },
  "odom": {
    "position": {
      "x": 1.6957090752294524,
      "y": -7.369503965795314,
      "z": 0.0
    },
    "orientation_quat": {
      "x": 0.0008639217022967096,
      "y": 0.0012972494764130742,
      "z": -0.5553396701039196,
      "w": 0.8316221627590008
    },
    "yaw_rad": -1.1775443334184759,
    "linear_vel": {
      "x": 0.15179009335068452,
      "y": -1.3180439425654236e-05
    },
    "angular_vel_z": 0.03032647531213692
  }
}