{
  "frame_idx": 52,
  "ros_stamp": 4437.9,
  "wall_time": 1776688625.9802096,
  "prompt": "go to the small shelves",
  "goal_id": "small_shelf_row",
  "goal_pose": {
    "frame_id": "map",
    "x": 1.937,
    "y": -7.778,
    "yaw_rad": 1.624
  },
  "odom": {
    "position": {
      "x": 1.842150274223193,
      "y": -7.616249294578874,
      "z": 0.0
    },
    "orientation_quat": {
      "x": 0.000850911145380858,
      "y": 0.0018270323372908154,
      "z": -0.4222406761720152,
      "w": 0.9064815217580888
    },
    "yaw_rad": -0.8718333603226194,
    "linear_vel": {
      "x": 0.11713595862610222,
      "y": -7.162769146579025e-05
    },
    "angular_vel_z": 0.16514857153383392
  }
}