{
  "frame_idx": 53,
  "ros_stamp": 4439.9,
  "wall_time": 1776688628.1626074,
  "prompt": "go to the small shelves",
  "goal_id": "small_shelf_row",
  "goal_pose": {
    "frame_id": "map",
    "x": 1.937,
    "y": -7.778,
    "yaw_rad": 1.624
  },
  "odom": {
    "position": {
      "x": 1.9535691891699198,
      "y": -7.716517362195106,
      "z": 0.0
    },
    "orientation_quat": {
      "x": 0.00039036221464260485,
      "y": 0.0014372574733218081,
      "z": -0.25914050337614647,
      "w": 0.9658384861964521
    },
    "yaw_rad": -0.5242649829773541,
    "linear_vel": {
      "x": 0.04565307303437201,
      "y": -4.934653376710453e-05
    },
    "angular_vel_z": 0.178600049560137
  }
}