{
  "frame_idx": 54,
  "ros_stamp": 4441.9,
  "wall_time": 1776688630.2526443,
  "prompt": "go to the small shelves",
  "goal_id": "small_shelf_row",
  "goal_pose": {
    "frame_id": "map",
    "x": 1.937,
    "y": -7.778,
    "yaw_rad": 1.624
  },
  "odom": {
    "position": {
      "x": 1.9940145264269666,
      "y": -7.733694939415888,
      "z": 0.0
    },
    "orientation_quat": {
      "x": 0.00015870546127768923,
      "y": 0.0018803438833425782,
      "z": -0.08304076638319952,
      "w": 0.9965443644103096
    },
    "yaw_rad": -0.16627329329289153,
    "linear_vel": {
      "x": 0.005071641097753746,
      "y": -5.36728270865395e-05
    },
    "angular_vel_z": 0.18172879617406817
  }
}