{
  "frame_idx": 55,
  "ros_stamp": 4443.9,
  "wall_time": 1776688632.3815887,
  "prompt": "go to the small shelves",
  "goal_id": "small_shelf_row",
  "goal_pose": {
    "frame_id": "map",
    "x": 1.937,
    "y": -7.778,
    "yaw_rad": 1.624
  },
  "odom": {
    "position": {
      "x": 1.9962670830492535,
      "y": -7.734026856641033,
      "z": 0.0
    },
    "orientation_quat": {
      "x": -0.0001882647249487375,
      "y": 0.0022147481763252676,
      "z": 0.0847258887728878,
      "w": 0.9964018181529744
    },
    "yaw_rad": 0.16965558988071988,
    "linear_vel": {
      "x": -2.2578185349055866e-05,
      "y": -5.721591540117455e-05
    },
    "angular_vel_z": 0.1637157673779735
  }
}