{
  "frame_idx": 0,
  "ros_stamp": 333.9,
  "wall_time": 1776684196.817823,
  "prompt": "left can",
  "goal_id": "trash_can_left",
  "goal_pose": {
    "frame_id": "map",
    "x": -0.187,
    "y": 7.555,
    "yaw_rad": -1.536
  },
  "odom": {
    "position": {
      "x": 1.6285985028034806,
      "y": 6.354080823876256,
      "z": 0.0
    },
    "orientation_quat": {
      "x": 0.0003369247036736846,
      "y": -0.0002746581741740935,
      "z": 0.7659234564203438,
      "w": 0.6429316215195401
    },
    "yaw_rad": 1.7449530700909477,
    "linear_vel": {
      "x": 0.056435843764721064,
      "y": 3.4312554757769486e-06
    },
    "angular_vel_z": 0.19111186747143563
  }
}