{
  "frame_idx": 1,
  "ros_stamp": 335.9,
  "wall_time": 1776684198.9209473,
  "prompt": "left can",
  "goal_id": "trash_can_left",
  "goal_pose": {
    "frame_id": "map",
    "x": -0.187,
    "y": 7.555,
    "yaw_rad": -1.536
  },
  "odom": {
    "position": {
      "x": 1.5739752704426775,
      "y": 6.483697186571114,
      "z": 0.0
    },
    "orientation_quat": {
      "x": 0.0004755620560618893,
      "y": -0.0002612957068255089,
      "z": 0.8764089018090377,
      "w": 0.48156738095012286
    },
    "yaw_rad": 2.136707995780666,
    "linear_vel": {
      "x": 0.07616713299916587,
      "y": 3.7216920618782776e-07
    },
    "angular_vel_z": 0.1594626125431
  }
}