{
  "frame_idx": 2,
  "ros_stamp": 337.9,
  "wall_time": 1776684201.1138895,
  "prompt": "left can",
  "goal_id": "trash_can_left",
  "goal_pose": {
    "frame_id": "map",
    "x": -0.187,
    "y": 7.555,
    "yaw_rad": -1.536
  },
  "odom": {
    "position": {
      "x": 1.4267485684565986,
      "y": 6.651166627087871,
      "z": 0.0
    },
    "orientation_quat": {
      "x": 0.0006635252309436653,
      "y": -0.0002529076054634779,
      "z": 0.9344718494110398,
      "w": 0.35603631616777814
    },
    "yaw_rad": 2.4135468237015765,
    "linear_vel": {
      "x": 0.14830264613556424,
      "y": -4.487950534829896e-06
    },
    "angular_vel_z": 0.1268840362816716
  }
}