{
  "frame_idx": 3,
  "ros_stamp": 339.9,
  "wall_time": 1776684203.2044868,
  "prompt": "left can",
  "goal_id": "trash_can_left",
  "goal_pose": {
    "frame_id": "map",
    "x": -0.187,
    "y": 7.555,
    "yaw_rad": -1.536
  },
  "odom": {
    "position": {
      "x": 1.1742709754342968,
      "y": 6.831643728505122,
      "z": 0.0
    },
    "orientation_quat": {
      "x": 0.0003355418967677178,
      "y": -9.103964496072526e-05,
      "z": 0.9648038844652563,
      "w": 0.2629702333804551
    },
    "yaw_rad": 2.609393610929428,
    "linear_vel": {
      "x": 0.17627492763838193,
      "y": -1.0109979687558841e-05
    },
    "angular_vel_z": 0.06970009277726051
  }
}