{
  "frame_idx": 4,
  "ros_stamp": 341.9,
  "wall_time": 1776684205.351739,
  "prompt": "left can",
  "goal_id": "trash_can_left",
  "goal_pose": {
    "frame_id": "map",
    "x": -0.187,
    "y": 7.555,
    "yaw_rad": -1.536
  },
  "odom": {
    "position": {
      "x": 0.8414240466479586,
      "y": 7.005481019813778,
      "z": 0.0
    },
    "orientation_quat": {
      "x": 0.0018649110289412996,
      "y": -0.00042497361468363004,
      "z": 0.97501222650117,
      "w": 0.22214297125390214
    },
    "yaw_rad": 2.693568200988768,
    "linear_vel": {
      "x": 0.19560941870311047,
      "y": 2.4302304130159125e-06
    },
    "angular_vel_z": 0.03468419129367595
  }
}