{
  "frame_idx": 5,
  "ros_stamp": 343.9,
  "wall_time": 1776684207.511743,
  "prompt": "left can",
  "goal_id": "trash_can_left",
  "goal_pose": {
    "frame_id": "map",
    "x": -0.187,
    "y": 7.555,
    "yaw_rad": -1.536
  },
  "odom": {
    "position": {
      "x": 0.48670815414590934,
      "y": 7.172497120455841,
      "z": 0.0
    },
    "orientation_quat": {
      "x": 0.0021566479689287647,
      "y": -0.00047712837229100304,
      "z": 0.976392803316933,
      "w": 0.21599123789856664
    },
    "yaw_rad": 2.7061777396089486,
    "linear_vel": {
      "x": 0.19189904947405773,
      "y": -1.5695483384254314e-06
    },
    "angular_vel_z": -0.007386941104428212
  }
}