{
  "frame_idx": 6,
  "ros_stamp": 345.9,
  "wall_time": 1776684209.6052692,
  "prompt": "left can",
  "goal_id": "trash_can_left",
  "goal_pose": {
    "frame_id": "map",
    "x": -0.187,
    "y": 7.555,
    "yaw_rad": -1.536
  },
  "odom": {
    "position": {
      "x": 0.17340072741466553,
      "y": 7.3208229889595335,
      "z": 0.0
    },
    "orientation_quat": {
      "x": -0.001471258298057981,
      "y": 0.00032256298499637774,
      "z": 0.9762246267715987,
      "w": 0.21675610588122723
    },
    "yaw_rad": 2.704611449052351,
    "linear_vel": {
      "x": 0.13252353596992267,
      "y": -4.070802140794969e-05
    },
    "angular_vel_z": 0.11239904951748284
  }
}