{
  "frame_idx": 7,
  "ros_stamp": 347.9,
  "wall_time": 1776684211.7963595,
  "prompt": "left can",
  "goal_id": "trash_can_left",
  "goal_pose": {
    "frame_id": "map",
    "x": -0.187,
    "y": 7.555,
    "yaw_rad": -1.536
  },
  "odom": {
    "position": {
      "x": -0.04472894822472512,
      "y": 7.393396104758708,
      "z": 0.0
    },
    "orientation_quat": {
      "x": -0.001548943520297966,
      "y": 0.00014706554015377025,
      "z": 0.9957810842418999,
      "w": 0.09174754172033317
    },
    "yaw_rad": 2.9578389488209016,
    "linear_vel": {
      "x": 0.09999441799525187,
      "y": -4.691450679125285e-05
    },
    "angular_vel_z": 0.13990007496609405
  }
}