{
  "frame_idx": 8,
  "ros_stamp": 349.9,
  "wall_time": 1776684213.8860455,
  "prompt": "left can",
  "goal_id": "trash_can_left",
  "goal_pose": {
    "frame_id": "map",
    "x": -0.187,
    "y": 7.555,
    "yaw_rad": -1.536
  },
  "odom": {
    "position": {
      "x": -0.1792837761206978,
      "y": 7.4018174205755045,
      "z": 0.0
    },
    "orientation_quat": {
      "x": -0.002219343811348279,
      "y": -0.00012144744795543969,
      "z": 0.9985050330236652,
      "w": -0.054614638971377985
    },
    "yaw_rad": -3.0323087319086897,
    "linear_vel": {
      "x": 0.04127499977342351,
      "y": -6.233049034197482e-05
    },
    "angular_vel_z": 0.15986318700607352
  }
}