{
  "frame_idx": 9,
  "ros_stamp": 351.9,
  "wall_time": 1776684216.0199466,
  "prompt": "left can",
  "goal_id": "trash_can_left",
  "goal_pose": {
    "frame_id": "map",
    "x": -0.187,
    "y": 7.555,
    "yaw_rad": -1.536
  },
  "odom": {
    "position": {
      "x": -0.209032270452005,
      "y": 7.395656543240749,
      "z": 0.0
    },
    "orientation_quat": {
      "x": -0.0017911144811999463,
      "y": -0.00037220715376762645,
      "z": 0.9790041748373498,
      "w": -0.2038319872389751
    },
    "yaw_rad": -2.731050956744905,
    "linear_vel": {
      "x": 0.005230127410305511,
      "y": -4.0550866334838865e-05
    },
    "angular_vel_z": 0.14451340576622873
  }
}