{
  "frame_idx": 10,
  "ros_stamp": 353.9,
  "wall_time": 1776684218.1947434,
  "prompt": "left can",
  "goal_id": "trash_can_left",
  "goal_pose": {
    "frame_id": "map",
    "x": -0.187,
    "y": 7.555,
    "yaw_rad": -1.536
  },
  "odom": {
    "position": {
      "x": -0.2105711775031795,
      "y": 7.395002689684611,
      "z": 0.0
    },
    "orientation_quat": {
      "x": -0.002091986359438673,
      "y": -0.000750959934376068,
      "z": 0.9412007640706227,
      "w": -0.3378404673290707
    },
    "yaw_rad": -2.452347856342089,
    "linear_vel": {
      "x": 0.00011737388553461465,
      "y": -4.37679491641484e-05
    },
    "angular_vel_z": 0.12587121768795828
  }
}