{
  "frame_idx": 11,
  "ros_stamp": 355.9,
  "wall_time": 1776684220.2962286,
  "prompt": "left can",
  "goal_id": "trash_can_left",
  "goal_pose": {
    "frame_id": "map",
    "x": -0.187,
    "y": 7.555,
    "yaw_rad": -1.536
  },
  "odom": {
    "position": {
      "x": -0.21063127489975825,
      "y": 7.395069244333054,
      "z": 0.0
    },
    "orientation_quat": {
      "x": -0.0019808079064047705,
      "y": -0.0010083304985369144,
      "z": 0.891182799016457,
      "w": -0.4536389295539316
    },
    "yaw_rad": -2.1999014164853996,
    "linear_vel": {
      "x": 1.7637809368519845e-07,
      "y": -3.8161447649425865e-05
    },
    "angular_vel_z": 0.10931259861357083
  }
}