{
  "frame_idx": 12,
  "ros_stamp": 357.9,
  "wall_time": 1776684222.481368,
  "prompt": "left can",
  "goal_id": "trash_can_left",
  "goal_pose": {
    "frame_id": "map",
    "x": -0.187,
    "y": 7.555,
    "yaw_rad": -1.536
  },
  "odom": {
    "position": {
      "x": -0.2106991454360351,
      "y": 7.395106680955296,
      "z": 0.0
    },
    "orientation_quat": {
      "x": 0.0018657553295073272,
      "y": 0.0012080210906372563,
      "z": -0.8394164713693107,
      "w": 0.5434841738597269
    },
    "yaw_rad": -1.9924249474037885,
    "linear_vel": {
      "x": 2.7051654837393285e-07,
      "y": -3.746481196000607e-05
    },
    "angular_vel_z": 0.10628906696376364
  }
}