{
  "frame_idx": 13,
  "ros_stamp": 359.9,
  "wall_time": 1776684224.5972526,
  "prompt": "left can",
  "goal_id": "trash_can_left",
  "goal_pose": {
    "frame_id": "map",
    "x": -0.187,
    "y": 7.555,
    "yaw_rad": -1.536
  },
  "odom": {
    "position": {
      "x": -0.21075632680217873,
      "y": 7.395125336547517,
      "z": 0.0
    },
    "orientation_quat": {
      "x": 0.0017633932497557563,
      "y": 0.0013530765690948695,
      "z": -0.7933604586251729,
      "w": 0.6087480943034648
    },
    "yaw_rad": -1.8326255397353386,
    "linear_vel": {
      "x": 1.5907917454433806e-07,
      "y": -2.1791132208291395e-05
    },
    "angular_vel_z": 0.06112364761552874
  }
}