{
  "frame_idx": 0,
  "ros_stamp": 3709.9,
  "wall_time": 1776687837.7527313,
  "prompt": "package table area",
  "goal_id": "mini_packaging_section",
  "goal_pose": {
    "frame_id": "map",
    "x": 0.342,
    "y": 3.57,
    "yaw_rad": 3.101
  },
  "odom": {
    "position": {
      "x": 3.823975295253825,
      "y": 1.8373819430378475,
      "z": 0.0
    },
    "orientation_quat": {
      "x": 0.00046713097047077894,
      "y": 0.002120688429858974,
      "z": -0.21509185095118039,
      "w": 0.9765914089954074
    },
    "yaw_rad": -0.43357280080415744,
    "linear_vel": {
      "x": 0.0022155453115402486,
      "y": -6.514300297250653e-05
    },
    "angular_vel_z": 0.19304052200020752
  }
}