{
  "frame_idx": 1,
  "ros_stamp": 3711.9,
  "wall_time": 1776687839.8521473,
  "prompt": "package table area",
  "goal_id": "mini_packaging_section",
  "goal_pose": {
    "frame_id": "map",
    "x": 0.342,
    "y": 3.57,
    "yaw_rad": 3.101
  },
  "odom": {
    "position": {
      "x": 3.8281854192236393,
      "y": 1.8356997896783773,
      "z": 0.0
    },
    "orientation_quat": {
      "x": -0.00016539002845532646,
      "y": -0.002216501990178808,
      "z": -0.07443658083167723,
      "w": 0.99722327249175
    },
    "yaw_rad": -0.14901135411665192,
    "linear_vel": {
      "x": 1.130727564791634e-05,
      "y": 4.4392531371600276e-05
    },
    "angular_vel_z": 0.12686174788235205
  }
}