{
  "frame_idx": 2,
  "ros_stamp": 3713.9,
  "wall_time": 1776687842.0910778,
  "prompt": "package table area",
  "goal_id": "mini_packaging_section",
  "goal_pose": {
    "frame_id": "map",
    "x": 0.342,
    "y": 3.57,
    "yaw_rad": 3.101
  },
  "odom": {
    "position": {
      "x": 3.8286299594601654,
      "y": 1.8358227754711751,
      "z": 0.0
    },
    "orientation_quat": {
      "x": 2.813923767563168e-05,
      "y": -0.000415565509840527,
      "z": 0.06805868987273538,
      "w": 0.9976812322812819
    },
    "yaw_rad": 0.13622269367571962,
    "linear_vel": {
      "x": -0.0004754755579589562,
      "y": 9.573342920451536e-06
    },
    "angular_vel_z": 0.14669032403599488
  }
}