{
  "frame_idx": 3,
  "ros_stamp": 3715.9,
  "wall_time": 1776687844.209181,
  "prompt": "package table area",
  "goal_id": "mini_packaging_section",
  "goal_pose": {
    "frame_id": "map",
    "x": 0.342,
    "y": 3.57,
    "yaw_rad": 3.101
  },
  "odom": {
    "position": {
      "x": 3.8304636304919804,
      "y": 1.8361923446390207,
      "z": 0.0
    },
    "orientation_quat": {
      "x": -0.0004093784081428006,
      "y": 0.0021836539127753542,
      "z": 0.18392261609150368,
      "w": 0.9829382154311458
    },
    "yaw_rad": 0.36995225499177364,
    "linear_vel": {
      "x": 0.000707547937888972,
      "y": -5.632234875597653e-05
    },
    "angular_vel_z": 0.15922132447626797
  }
}