{
  "frame_idx": 4,
  "ros_stamp": 3717.9,
  "wall_time": 1776687846.459519,
  "prompt": "package table area",
  "goal_id": "mini_packaging_section",
  "goal_pose": {
    "frame_id": "map",
    "x": 0.342,
    "y": 3.57,
    "yaw_rad": 3.101
  },
  "odom": {
    "position": {
      "x": 3.8331079517947404,
      "y": 1.837504905679209,
      "z": 0.0
    },
    "orientation_quat": {
      "x": -0.0007210040476800217,
      "y": 0.002102388147243222,
      "z": 0.3244146274877853,
      "w": 0.9459123688742013
    },
    "yaw_rad": 0.6607873338521203,
    "linear_vel": {
      "x": 0.00025435557539634044,
      "y": -5.8677392778827035e-05
    },
    "angular_vel_z": 0.16856352083396103
  }
}