{
  "frame_idx": 5,
  "ros_stamp": 3719.9,
  "wall_time": 1776687848.6998663,
  "prompt": "package table area",
  "goal_id": "mini_packaging_section",
  "goal_pose": {
    "frame_id": "map",
    "x": 0.342,
    "y": 3.57,
    "yaw_rad": 3.101
  },
  "odom": {
    "position": {
      "x": 3.8221819271657367,
      "y": 1.8218527941783154,
      "z": 0.0
    },
    "orientation_quat": {
      "x": -0.0009886918096410962,
      "y": 0.0019908777806768403,
      "z": 0.44479798870886733,
      "w": 0.8956281639914604
    },
    "yaw_rad": 0.9218998466050339,
    "linear_vel": {
      "x": -0.13636376298878083,
      "y": 2.015774249993288e-09
    },
    "angular_vel_z": 0.0
  }
}