{
  "frame_idx": 6,
  "ros_stamp": 3721.9,
  "wall_time": 1776687850.8102028,
  "prompt": "package table area",
  "goal_id": "mini_packaging_section",
  "goal_pose": {
    "frame_id": "map",
    "x": 0.342,
    "y": 3.57,
    "yaw_rad": 3.101
  },
  "odom": {
    "position": {
      "x": 3.657370768405704,
      "y": 1.6045570152442201,
      "z": 0.0
    },
    "orientation_quat": {
      "x": -0.0009885724783724875,
      "y": 0.001990632980077343,
      "z": 0.4447979867297003,
      "w": 0.8956281656502317
    },
    "yaw_rad": 0.9218998415751951,
    "linear_vel": {
      "x": -0.1363636362917152,
      "y": 1.7622718009261545e-09
    },
    "angular_vel_z": 0.0
  }
}