{
  "frame_idx": 7,
  "ros_stamp": 3723.9,
  "wall_time": 1776687853.2210672,
  "prompt": "package table area",
  "goal_id": "mini_packaging_section",
  "goal_pose": {
    "frame_id": "map",
    "x": 0.342,
    "y": 3.57,
    "yaw_rad": 3.101
  },
  "odom": {
    "position": {
      "x": 3.6351520478627157,
      "y": 1.5761828487573164,
      "z": 0.0
    },
    "orientation_quat": {
      "x": -0.0009027811812534639,
      "y": 0.0013158946977033337,
      "z": 0.5682678935796205,
      "w": 0.822842059288333
    },
    "yaw_rad": 1.20880036697398,
    "linear_vel": {
      "x": 0.008867257243328253,
      "y": -3.8942723506298764e-05
    },
    "angular_vel_z": 0.15401736803822347
  }
}