{
  "frame_idx": 8,
  "ros_stamp": 3725.9,
  "wall_time": 1776687855.5287728,
  "prompt": "package table area",
  "goal_id": "mini_packaging_section",
  "goal_pose": {
    "frame_id": "map",
    "x": 0.342,
    "y": 3.57,
    "yaw_rad": 3.101
  },
  "odom": {
    "position": {
      "x": 3.6419043287246233,
      "y": 1.6172707888915636,
      "z": 0.0
    },
    "orientation_quat": {
      "x": 0.001548338551052371,
      "y": -0.0015948680280926956,
      "z": 0.6964184563876913,
      "w": 0.7176324913535407
    },
    "yaw_rad": 1.5407939494941048,
    "linear_vel": {
      "x": 0.004125297837712159,
      "y": 7.399632263747482e-05
    },
    "angular_vel_z": 0.1596816160374711
  }
}