{
  "frame_idx": 9,
  "ros_stamp": 3727.9,
  "wall_time": 1776687857.713304,
  "prompt": "package table area",
  "goal_id": "mini_packaging_section",
  "goal_pose": {
    "frame_id": "map",
    "x": 0.342,
    "y": 3.57,
    "yaw_rad": 3.101
  },
  "odom": {
    "position": {
      "x": 3.630763194314373,
      "y": 1.6717251634648338,
      "z": 0.0
    },
    "orientation_quat": {
      "x": -0.001688017275045502,
      "y": 0.0012071026585647794,
      "z": 0.8140230746064756,
      "w": 0.5808288280630284
    },
    "yaw_rad": 1.902096578978518,
    "linear_vel": {
      "x": 0.03709224576202028,
      "y": -7.922500707017087e-05
    },
    "angular_vel_z": 0.22041118132621323
  }
}