{
  "frame_idx": 10,
  "ros_stamp": 3729.9,
  "wall_time": 1776687859.91778,
  "prompt": "package table area",
  "goal_id": "mini_packaging_section",
  "goal_pose": {
    "frame_id": "map",
    "x": 0.342,
    "y": 3.57,
    "yaw_rad": 3.101
  },
  "odom": {
    "position": {
      "x": 3.5563140578764583,
      "y": 1.7998659159155947,
      "z": 0.0
    },
    "orientation_quat": {
      "x": 0.0014075343092561311,
      "y": -0.0006841204903208414,
      "z": 0.8993773637998734,
      "w": 0.43717034244183717
    },
    "yaw_rad": 2.236691417179231,
    "linear_vel": {
      "x": 0.11579374253258892,
      "y": 2.3397744123443968e-05
    },
    "angular_vel_z": 0.17558120221135987
  }
}