{
  "frame_idx": 11,
  "ros_stamp": 3731.9,
  "wall_time": 1776687862.0420756,
  "prompt": "package table area",
  "goal_id": "mini_packaging_section",
  "goal_pose": {
    "frame_id": "map",
    "x": 0.342,
    "y": 3.57,
    "yaw_rad": 3.101
  },
  "odom": {
    "position": {
      "x": 3.3790553773387857,
      "y": 1.966980125620867,
      "z": 0.0
    },
    "orientation_quat": {
      "x": 0.0021146825304293126,
      "y": -0.000691463255202378,
      "z": 0.9505148681271599,
      "w": 0.31067110497368433
    },
    "yaw_rad": 2.5097930514187974,
    "linear_vel": {
      "x": 0.13387953205466174,
      "y": -0.00015145723157978746
    },
    "angular_vel_z": 0.10498597832265515
  }
}