{
  "frame_idx": 12,
  "ros_stamp": 3733.9,
  "wall_time": 1776687864.253736,
  "prompt": "package table area",
  "goal_id": "mini_packaging_section",
  "goal_pose": {
    "frame_id": "map",
    "x": 0.342,
    "y": 3.57,
    "yaw_rad": 3.101
  },
  "odom": {
    "position": {
      "x": 3.1257430494691834,
      "y": 2.116979640128061,
      "z": 0.0
    },
    "orientation_quat": {
      "x": 0.0017055589588027011,
      "y": -0.0003900157876484529,
      "z": 0.9747891378299791,
      "w": 0.22312121307712868
    },
    "yaw_rad": 2.691561481705327,
    "linear_vel": {
      "x": 0.16099390508541672,
      "y": 8.876920984462685e-06
    },
    "angular_vel_z": 0.08782211759898499
  }
}