{
  "frame_idx": 13,
  "ros_stamp": 3735.9,
  "wall_time": 1776687866.442404,
  "prompt": "package table area",
  "goal_id": "mini_packaging_section",
  "goal_pose": {
    "frame_id": "map",
    "x": 0.342,
    "y": 3.57,
    "yaw_rad": 3.101
  },
  "odom": {
    "position": {
      "x": 2.8321241879886427,
      "y": 2.2299601650816174,
      "z": 0.0
    },
    "orientation_quat": {
      "x": 0.0019656082762977106,
      "y": -0.0002744235766511354,
      "z": 0.9902947510456979,
      "w": 0.13896894303096605
    },
    "yaw_rad": 2.862751737608626,
    "linear_vel": {
      "x": 0.15105119175952772,
      "y": 1.61077660869652e-05
    },
    "angular_vel_z": 0.1069878786588376
  }
}