{
  "frame_idx": 14,
  "ros_stamp": 3737.9,
  "wall_time": 1776687868.5980275,
  "prompt": "package table area",
  "goal_id": "mini_packaging_section",
  "goal_pose": {
    "frame_id": "map",
    "x": 0.342,
    "y": 3.57,
    "yaw_rad": 3.101
  },
  "odom": {
    "position": {
      "x": 2.5077244595907433,
      "y": 2.2968865307051525,
      "z": 0.0
    },
    "orientation_quat": {
      "x": -0.0012847456211062963,
      "y": 9.923690932034036e-05,
      "z": 0.9970252431965478,
      "w": 0.07706493372208745
    },
    "yaw_rad": 2.987309685467497,
    "linear_vel": {
      "x": 0.18885531739803102,
      "y": -1.0905088629856077e-05
    },
    "angular_vel_z": 0.02655128916045611
  }
}