{
  "frame_idx": 15,
  "ros_stamp": 3739.9,
  "wall_time": 1776687870.804267,
  "prompt": "package table area",
  "goal_id": "mini_packaging_section",
  "goal_pose": {
    "frame_id": "map",
    "x": 0.342,
    "y": 3.57,
    "yaw_rad": 3.101
  },
  "odom": {
    "position": {
      "x": 2.1450278883191753,
      "y": 2.3578635607488745,
      "z": 0.0
    },
    "orientation_quat": {
      "x": -0.0006536968488835891,
      "y": 7.542359757074247e-05,
      "z": 0.993680335825994,
      "w": 0.11224507643745646
    },
    "yaw_rad": 2.9166283707905856,
    "linear_vel": {
      "x": 0.17709565492878826,
      "y": 2.4853424955810776e-05
    },
    "angular_vel_z": -0.08984971674162287
  }
}