{
  "frame_idx": 16,
  "ros_stamp": 3741.9,
  "wall_time": 1776687873.0368814,
  "prompt": "package table area",
  "goal_id": "mini_packaging_section",
  "goal_pose": {
    "frame_id": "map",
    "x": 0.342,
    "y": 3.57,
    "yaw_rad": 3.101
  },
  "odom": {
    "position": {
      "x": 1.8218369075856045,
      "y": 2.4697885237296084,
      "z": 0.0
    },
    "orientation_quat": {
      "x": 0.0017793638382570974,
      "y": -0.0004062887692964893,
      "z": 0.9749446354909365,
      "w": 0.22244016391203317
    },
    "yaw_rad": 2.6929586369867873,
    "linear_vel": {
      "x": 0.1664143830072801,
      "y": -1.0038258942967628e-05
    },
    "angular_vel_z": -0.12724761475160004
  }
}