{
  "frame_idx": 17,
  "ros_stamp": 3743.9,
  "wall_time": 1776687875.243602,
  "prompt": "package table area",
  "goal_id": "mini_packaging_section",
  "goal_pose": {
    "frame_id": "map",
    "x": 0.342,
    "y": 3.57,
    "yaw_rad": 3.101
  },
  "odom": {
    "position": {
      "x": 1.5198234327164535,
      "y": 2.6427631233302376,
      "z": 0.0
    },
    "orientation_quat": {
      "x": -0.0007612511488088539,
      "y": 0.00022397243207179543,
      "z": 0.9596774561051814,
      "w": 0.2811023845087867
    },
    "yaw_rad": 2.571707232617327,
    "linear_vel": {
      "x": 0.2002746216674515,
      "y": 1.2195480876041136e-05
    },
    "angular_vel_z": -0.03489888250403525
  }
}