{
  "frame_idx": 18,
  "ros_stamp": 3745.9,
  "wall_time": 1776687877.4868608,
  "prompt": "package table area",
  "goal_id": "mini_packaging_section",
  "goal_pose": {
    "frame_id": "map",
    "x": 0.342,
    "y": 3.57,
    "yaw_rad": 3.101
  },
  "odom": {
    "position": {
      "x": 1.186995347703029,
      "y": 2.8703560551643847,
      "z": 0.0
    },
    "orientation_quat": {
      "x": -0.0014460983360217328,
      "y": 0.0004666270390662863,
      "z": 0.9516708983275121,
      "w": 0.30711592654128983
    },
    "yaw_rad": 2.5172698848882296,
    "linear_vel": {
      "x": 0.2163715048614268,
      "y": 1.1528954804212652e-05
    },
    "angular_vel_z": -0.02457714404129007
  }
}