{
  "frame_idx": 19,
  "ros_stamp": 3747.9,
  "wall_time": 1776687879.6265855,
  "prompt": "package table area",
  "goal_id": "mini_packaging_section",
  "goal_pose": {
    "frame_id": "map",
    "x": 0.342,
    "y": 3.57,
    "yaw_rad": 3.101
  },
  "odom": {
    "position": {
      "x": 0.8785370204309666,
      "y": 3.1032835550468447,
      "z": 0.0
    },
    "orientation_quat": {
      "x": 0.00015876134584801477,
      "y": -5.543149546543687e-05,
      "z": 0.9442070120744586,
      "w": 0.3293525316004232
    },
    "yaw_rad": 2.4703571119142462,
    "linear_vel": {
      "x": 0.17323246809877674,
      "y": 2.876224373511108e-06
    },
    "angular_vel_z": -0.02010797361339175
  }
}