{
  "frame_idx": 20,
  "ros_stamp": 3749.9,
  "wall_time": 1776687881.8444426,
  "prompt": "package table area",
  "goal_id": "mini_packaging_section",
  "goal_pose": {
    "frame_id": "map",
    "x": 0.342,
    "y": 3.57,
    "yaw_rad": 3.101
  },
  "odom": {
    "position": {
      "x": 0.6326049274812631,
      "y": 3.3002015147937236,
      "z": 0.0
    },
    "orientation_quat": {
      "x": -0.0014767367729869346,
      "y": 0.00048377796622574624,
      "z": 0.9502903721782615,
      "w": 0.3113611950013746
    },
    "yaw_rad": 2.508341674034896,
    "linear_vel": {
      "x": 0.12880806767380854,
      "y": -2.2573330368138677e-05
    },
    "angular_vel_z": 0.06028877108636137
  }
}