{
  "frame_idx": 21,
  "ros_stamp": 3751.9,
  "wall_time": 1776687884.098998,
  "prompt": "package table area",
  "goal_id": "mini_packaging_section",
  "goal_pose": {
    "frame_id": "map",
    "x": 0.342,
    "y": 3.57,
    "yaw_rad": 3.101
  },
  "odom": {
    "position": {
      "x": 0.44934833657953666,
      "y": 3.4188887678784066,
      "z": 0.0
    },
    "orientation_quat": {
      "x": -0.0021520523140028396,
      "y": 0.0005561531713043692,
      "z": 0.9681834770668104,
      "w": 0.2502315209946758
    },
    "yaw_rad": 2.635752623659944,
    "linear_vel": {
      "x": 0.08125661654287433,
      "y": -3.449320832159505e-05
    },
    "angular_vel_z": 0.07941009389122701
  }
}