{
  "frame_idx": 22,
  "ros_stamp": 3753.9,
  "wall_time": 1776687886.307904,
  "prompt": "package table area",
  "goal_id": "mini_packaging_section",
  "goal_pose": {
    "frame_id": "map",
    "x": 0.342,
    "y": 3.57,
    "yaw_rad": 3.101
  },
  "odom": {
    "position": {
      "x": 0.34604063238949706,
      "y": 3.4682035143402357,
      "z": 0.0
    },
    "orientation_quat": {
      "x": -0.0021873096069658566,
      "y": 0.0004047102415552737,
      "z": 0.9833029223667674,
      "w": 0.1819626740605854
    },
    "yaw_rad": 2.775627576823866,
    "linear_vel": {
      "x": 0.03573423800183799,
      "y": -2.6887410609752822e-05
    },
    "angular_vel_z": 0.06856912370267862
  }
}