{
  "frame_idx": 0,
  "ros_stamp": 4283.9,
  "wall_time": 1776688460.7267992,
  "prompt": "box staging area",
  "goal_id": "box_staging_area",
  "goal_pose": {
    "frame_id": "map",
    "x": 1.545,
    "y": 6.535,
    "yaw_rad": 1.485
  },
  "odom": {
    "position": {
      "x": 3.8369436930123135,
      "y": 1.8346396140658938,
      "z": 0.0
    },
    "orientation_quat": {
      "x": 0.0014342046799224217,
      "y": 0.0016982759815594955,
      "z": -0.6451972843301881,
      "w": 0.7640127768621261
    },
    "yaw_rad": -1.4025671230180705,
    "linear_vel": {
      "x": 8.111630595381077e-06,
      "y": 4.3229458018240504e-05
    },
    "angular_vel_z": -0.12333979012523635
  }
}