{
  "frame_idx": 1,
  "ros_stamp": 4285.9,
  "wall_time": 1776688462.8410585,
  "prompt": "box staging area",
  "goal_id": "box_staging_area",
  "goal_pose": {
    "frame_id": "map",
    "x": 1.545,
    "y": 6.535,
    "yaw_rad": 1.485
  },
  "odom": {
    "position": {
      "x": 3.839988624566545,
      "y": 1.8816935839495672,
      "z": 0.0
    },
    "orientation_quat": {
      "x": 0.0016172801715508053,
      "y": 0.0015277312863571412,
      "z": -0.7269449063661015,
      "w": 0.686692182531841
    },
    "yaw_rad": -1.6277301048562907,
    "linear_vel": {
      "x": -0.13636459655747876,
      "y": -3.6164670054201348e-09
    },
    "angular_vel_z": 0.0
  }
}