{
  "frame_idx": 2,
  "ros_stamp": 4287.9,
  "wall_time": 1776688465.0437891,
  "prompt": "box staging area",
  "goal_id": "box_staging_area",
  "goal_pose": {
    "frame_id": "map",
    "x": 1.545,
    "y": 6.535,
    "yaw_rad": 1.485
  },
  "odom": {
    "position": {
      "x": 3.8547316916372605,
      "y": 2.1403647815701365,
      "z": 0.0
    },
    "orientation_quat": {
      "x": 0.0016157800052303503,
      "y": 0.001526314251378136,
      "z": -0.7269449229975421,
      "w": 0.686692171608122
    },
    "yaw_rad": -1.6277301435801115,
    "linear_vel": {
      "x": -0.13636363647229652,
      "y": 1.6253191279080718e-09
    },
    "angular_vel_z": 0.0
  }
}