{
  "frame_idx": 3,
  "ros_stamp": 4289.9,
  "wall_time": 1776688467.1568923,
  "prompt": "box staging area",
  "goal_id": "box_staging_area",
  "goal_pose": {
    "frame_id": "map",
    "x": 1.545,
    "y": 6.535,
    "yaw_rad": 1.485
  },
  "odom": {
    "position": {
      "x": 3.8527986415133784,
      "y": 2.164142654372571,
      "z": 0.0
    },
    "orientation_quat": {
      "x": 0.0002963783486263142,
      "y": 0.00020992418897771884,
      "z": -0.8218710373081628,
      "w": 0.5696734732508735
    },
    "yaw_rad": -1.9293755574351064,
    "linear_vel": {
      "x": 0.02815856057144862,
      "y": 1.8422380739860562e-05
    },
    "angular_vel_z": -0.2044631931196581
  }
}