{
  "frame_idx": 4,
  "ros_stamp": 4291.9,
  "wall_time": 1776688469.3423312,
  "prompt": "box staging area",
  "goal_id": "box_staging_area",
  "goal_pose": {
    "frame_id": "map",
    "x": 1.545,
    "y": 6.535,
    "yaw_rad": 1.485
  },
  "odom": {
    "position": {
      "x": 3.833171367814393,
      "y": 2.131249191393495,
      "z": 0.0
    },
    "orientation_quat": {
      "x": 0.0005341267881047826,
      "y": 0.00025150080833079844,
      "z": 0.9031385884859061,
      "w": -0.429348741052775
    },
    "yaw_rad": -2.2540493911918897,
    "linear_vel": {
      "x": 0.03793908027845734,
      "y": -9.60517948053429e-06
    },
    "angular_vel_z": -0.21718674720760944
  }
}