{
  "frame_idx": 5,
  "ros_stamp": 4293.9,
  "wall_time": 1776688471.5728796,
  "prompt": "box staging area",
  "goal_id": "box_staging_area",
  "goal_pose": {
    "frame_id": "map",
    "x": 1.545,
    "y": 6.535,
    "yaw_rad": 1.485
  },
  "odom": {
    "position": {
      "x": 3.7714448710753774,
      "y": 2.080709478263614,
      "z": 0.0
    },
    "orientation_quat": {
      "x": -0.000979417397760159,
      "y": -0.00026902175999466603,
      "z": 0.9636524341262859,
      "w": -0.26715717203799316
    },
    "yaw_rad": -2.6007088303146535,
    "linear_vel": {
      "x": 0.04303489881919663,
      "y": 3.3729339361024594e-05
    },
    "angular_vel_z": -0.17477974609510605
  }
}