{
  "frame_idx": 6,
  "ros_stamp": 4295.9,
  "wall_time": 1776688473.682671,
  "prompt": "box staging area",
  "goal_id": "box_staging_area",
  "goal_pose": {
    "frame_id": "map",
    "x": 1.545,
    "y": 6.535,
    "yaw_rad": 1.485
  },
  "odom": {
    "position": {
      "x": 3.6558904349620254,
      "y": 2.035164961758423,
      "z": 0.0
    },
    "orientation_quat": {
      "x": -9.914259810417145e-05,
      "y": -1.187148173335676e-05,
      "z": 0.992877667407323,
      "w": -0.11913827090236938
    },
    "yaw_rad": -2.9027487994962744,
    "linear_vel": {
      "x": 0.07144784586441741,
      "y": 1.2631578080438995e-05
    },
    "angular_vel_z": -0.1405723893346101
  }
}