{
  "frame_idx": 7,
  "ros_stamp": 4297.9,
  "wall_time": 1776688475.895235,
  "prompt": "box staging area",
  "goal_id": "box_staging_area",
  "goal_pose": {
    "frame_id": "map",
    "x": 1.545,
    "y": 6.535,
    "yaw_rad": 1.485
  },
  "odom": {
    "position": {
      "x": 3.460230190263155,
      "y": 2.017452891660403,
      "z": 0.0
    },
    "orientation_quat": {
      "x": -0.0018491760661396588,
      "y": 2.204485576079517e-05,
      "z": 0.9999534186524875,
      "w": 0.009473150854052592
    },
    "yaw_rad": 3.1226460528368967,
    "linear_vel": {
      "x": 0.11113303474161293,
      "y": 4.036500016156505e-05
    },
    "angular_vel_z": -0.1040073323211905
  }
}