{
  "frame_idx": 8,
  "ros_stamp": 4299.9,
  "wall_time": 1776688477.9886882,
  "prompt": "box staging area",
  "goal_id": "box_staging_area",
  "goal_pose": {
    "frame_id": "map",
    "x": 1.545,
    "y": 6.535,
    "yaw_rad": 1.485
  },
  "odom": {
    "position": {
      "x": 3.234335388656015,
      "y": 2.0410458552016366,
      "z": 0.0
    },
    "orientation_quat": {
      "x": -0.0013330896104896748,
      "y": 0.00011708308531009946,
      "z": 0.9961648994765004,
      "w": 0.08748544001498287
    },
    "yaw_rad": 2.9663976482269274,
    "linear_vel": {
      "x": 0.15072807367202706,
      "y": 2.6301558092386057e-05
    },
    "angular_vel_z": -0.07043992497733369
  }
}