{
  "frame_idx": 9,
  "ros_stamp": 4301.9,
  "wall_time": 1776688480.1349647,
  "prompt": "box staging area",
  "goal_id": "box_staging_area",
  "goal_pose": {
    "frame_id": "map",
    "x": 1.545,
    "y": 6.535,
    "yaw_rad": 1.485
  },
  "odom": {
    "position": {
      "x": 2.957342212467332,
      "y": 2.1049727126930895,
      "z": 0.0
    },
    "orientation_quat": {
      "x": -0.0009953162112051734,
      "y": 0.0001293437926879965,
      "z": 0.9916509024937524,
      "w": 0.12894758702336942
    },
    "yaw_rad": 2.8829772561257103,
    "linear_vel": {
      "x": 0.13859541924485613,
      "y": 6.928513617980624e-06
    },
    "angular_vel_z": -0.023268629979830778
  }
}