{
  "frame_idx": 10,
  "ros_stamp": 4303.9,
  "wall_time": 1776688482.2945352,
  "prompt": "box staging area",
  "goal_id": "box_staging_area",
  "goal_pose": {
    "frame_id": "map",
    "x": 1.545,
    "y": 6.535,
    "yaw_rad": 1.485
  },
  "odom": {
    "position": {
      "x": 2.644381337483142,
      "y": 2.1919731764956887,
      "z": 0.0
    },
    "orientation_quat": {
      "x": 0.002209588547825929,
      "y": -0.000298834680091076,
      "z": 0.9909788520145518,
      "w": 0.13399978834387727
    },
    "yaw_rad": 2.872783823350574,
    "linear_vel": {
      "x": 0.17297461222277902,
      "y": -2.125795324945751e-06
    },
    "angular_vel_z": -0.015555010963690899
  }
}