{
  "frame_idx": 11,
  "ros_stamp": 4305.9,
  "wall_time": 1776688484.4024484,
  "prompt": "box staging area",
  "goal_id": "box_staging_area",
  "goal_pose": {
    "frame_id": "map",
    "x": 1.545,
    "y": 6.535,
    "yaw_rad": 1.485
  },
  "odom": {
    "position": {
      "x": 2.291890170582869,
      "y": 2.2915012164543014,
      "z": 0.0
    },
    "orientation_quat": {
      "x": -0.0018221599902916786,
      "y": 0.0002717511329488535,
      "z": 0.9890530200365939,
      "w": 0.14754907468630288
    },
    "yaw_rad": 2.8454126193050704,
    "linear_vel": {
      "x": 0.15749639189637796,
      "y": 1.4730379470114365e-05
    },
    "angular_vel_z": -0.030733243691832522
  }
}