{
  "frame_idx": 12,
  "ros_stamp": 4307.9,
  "wall_time": 1776688486.5987666,
  "prompt": "box staging area",
  "goal_id": "box_staging_area",
  "goal_pose": {
    "frame_id": "map",
    "x": 1.545,
    "y": 6.535,
    "yaw_rad": 1.485
  },
  "odom": {
    "position": {
      "x": 2.007789145862685,
      "y": 2.4015892985251552,
      "z": 0.0
    },
    "orientation_quat": {
      "x": -0.001350104584123301,
      "y": 0.0003357029490127557,
      "z": 0.9707296478983833,
      "w": 0.24017080424610868
    },
    "yaw_rad": 2.656508576187089,
    "linear_vel": {
      "x": 0.12198991733535254,
      "y": 3.411704335862866e-05
    },
    "angular_vel_z": -0.10251037958998757
  }
}