{
  "frame_idx": 13,
  "ros_stamp": 4309.9,
  "wall_time": 1776688488.6908605,
  "prompt": "box staging area",
  "goal_id": "box_staging_area",
  "goal_pose": {
    "frame_id": "map",
    "x": 1.545,
    "y": 6.535,
    "yaw_rad": 1.485
  },
  "odom": {
    "position": {
      "x": 1.7957250395570437,
      "y": 2.5570478529567895,
      "z": 0.0
    },
    "orientation_quat": {
      "x": -0.00045782382872342446,
      "y": 0.00019266405237916087,
      "z": 0.921741935020923,
      "w": 0.3878035050148324
    },
    "yaw_rad": 2.345097724987902,
    "linear_vel": {
      "x": 0.10171479978726691,
      "y": 3.469984710059753e-05
    },
    "angular_vel_z": -0.18390150254360646
  }
}