{
  "frame_idx": 14,
  "ros_stamp": 4311.9,
  "wall_time": 1776688490.8408527,
  "prompt": "box staging area",
  "goal_id": "box_staging_area",
  "goal_pose": {
    "frame_id": "map",
    "x": 1.545,
    "y": 6.535,
    "yaw_rad": 1.485
  },
  "odom": {
    "position": {
      "x": 1.6740847058683401,
      "y": 2.729327843345731,
      "z": 0.0
    },
    "orientation_quat": {
      "x": 0.0014122049411365153,
      "y": -0.0008850537180155029,
      "z": 0.8471533161875012,
      "w": 0.5313459148517468
    },
    "yaw_rad": 2.0212138650993117,
    "linear_vel": {
      "x": 0.12115819723065643,
      "y": -1.7589038516053693e-05
    },
    "angular_vel_z": -0.14786934914271513
  }
}