{
  "frame_idx": 15,
  "ros_stamp": 4313.9,
  "wall_time": 1776688493.0065694,
  "prompt": "box staging area",
  "goal_id": "box_staging_area",
  "goal_pose": {
    "frame_id": "map",
    "x": 1.545,
    "y": 6.535,
    "yaw_rad": 1.485
  },
  "odom": {
    "position": {
      "x": 1.5991861430503025,
      "y": 2.964532272314101,
      "z": 0.0
    },
    "orientation_quat": {
      "x": -0.00031893278525958497,
      "y": 0.0002626454259617749,
      "z": 0.7719330661442116,
      "w": 0.6357036815155743
    },
    "yaw_rad": 1.7637529895916269,
    "linear_vel": {
      "x": 0.13978744937210402,
      "y": 1.776201553283779e-05
    },
    "angular_vel_z": -0.08614572967475752
  }
}