{
  "frame_idx": 16,
  "ros_stamp": 4315.9,
  "wall_time": 1776688495.0972254,
  "prompt": "box staging area",
  "goal_id": "box_staging_area",
  "goal_pose": {
    "frame_id": "map",
    "x": 1.545,
    "y": 6.535,
    "yaw_rad": 1.485
  },
  "odom": {
    "position": {
      "x": 1.5662890662861075,
      "y": 3.275976755743155,
      "z": 0.0
    },
    "orientation_quat": {
      "x": -0.0014791716869884328,
      "y": 0.00143142977495048,
      "z": 0.718698637275539,
      "w": 0.6953186548901181
    },
    "yaw_rad": 1.6038621924719567,
    "linear_vel": {
      "x": 0.16176620104172884,
      "y": 2.9241381647387694e-05
    },
    "angular_vel_z": -0.06035083382157773
  }
}