{
  "frame_idx": 17,
  "ros_stamp": 4317.9,
  "wall_time": 1776688497.2934923,
  "prompt": "box staging area",
  "goal_id": "box_staging_area",
  "goal_pose": {
    "frame_id": "map",
    "x": 1.545,
    "y": 6.535,
    "yaw_rad": 1.485
  },
  "odom": {
    "position": {
      "x": 1.5544018572191638,
      "y": 3.6186435306467755,
      "z": 0.0
    },
    "orientation_quat": {
      "x": 0.0008728252959712221,
      "y": -0.0008491861201934303,
      "z": 0.7167440038435126,
      "w": 0.6973353210710803
    },
    "yaw_rad": 1.5982452312516393,
    "linear_vel": {
      "x": 0.16914375893674222,
      "y": -8.257556286631897e-08
    },
    "angular_vel_z": -0.011005167689812424
  }
}