{
  "frame_idx": 18,
  "ros_stamp": 4319.9,
  "wall_time": 1776688499.3976605,
  "prompt": "box staging area",
  "goal_id": "box_staging_area",
  "goal_pose": {
    "frame_id": "map",
    "x": 1.545,
    "y": 6.535,
    "yaw_rad": 1.485
  },
  "odom": {
    "position": {
      "x": 1.5498263224154596,
      "y": 3.9670038149817852,
      "z": 0.0
    },
    "orientation_quat": {
      "x": 0.001320709105223052,
      "y": -0.0013185737212045299,
      "z": 0.7076764264615626,
      "w": 0.7065342118548781
    },
    "yaw_rad": 1.572411665161665,
    "linear_vel": {
      "x": 0.16238646101018037,
      "y": 7.964268185069232e-07
    },
    "angular_vel_z": 0.006119060118483215
  }
}