{
  "frame_idx": 19,
  "ros_stamp": 4321.9,
  "wall_time": 1776688501.5250404,
  "prompt": "box staging area",
  "goal_id": "box_staging_area",
  "goal_pose": {
    "frame_id": "map",
    "x": 1.545,
    "y": 6.535,
    "yaw_rad": 1.485
  },
  "odom": {
    "position": {
      "x": 1.5504550811117013,
      "y": 4.321752217436665,
      "z": 0.0
    },
    "orientation_quat": {
      "x": -0.0007010838462655852,
      "y": 0.000703411329550656,
      "z": 0.7059388962611501,
      "w": 0.7082720440900736
    },
    "yaw_rad": 1.567496754382782,
    "linear_vel": {
      "x": 0.16721262901678324,
      "y": -5.1681342215224136e-06
    },
    "angular_vel_z": 0.01652784885877301
  }
}