{
  "frame_idx": 20,
  "ros_stamp": 4323.9,
  "wall_time": 1776688503.691683,
  "prompt": "box staging area",
  "goal_id": "box_staging_area",
  "goal_pose": {
    "frame_id": "map",
    "x": 1.545,
    "y": 6.535,
    "yaw_rad": 1.485
  },
  "odom": {
    "position": {
      "x": 1.5515927609640208,
      "y": 4.667191890150802,
      "z": 0.0
    },
    "orientation_quat": {
      "x": -0.001071338402260622,
      "y": 0.0010742347499956954,
      "z": 0.7061510124799923,
      "w": 0.708059634372142
    },
    "yaw_rad": 1.56809712390519,
    "linear_vel": {
      "x": 0.17004655523163045,
      "y": -4.069525065699615e-07
    },
    "angular_vel_z": 0.0009927851155439196
  }
}