{
  "frame_idx": 21,
  "ros_stamp": 4325.9,
  "wall_time": 1776688505.789321,
  "prompt": "box staging area",
  "goal_id": "box_staging_area",
  "goal_pose": {
    "frame_id": "map",
    "x": 1.545,
    "y": 6.535,
    "yaw_rad": 1.485
  },
  "odom": {
    "position": {
      "x": 1.5515393200104104,
      "y": 5.017710480575704,
      "z": 0.0
    },
    "orientation_quat": {
      "x": -0.00020461350870593849,
      "y": 0.0002047965689580856,
      "z": 0.7067960849306668,
      "w": 0.707417281749859
    },
    "yaw_rad": 1.56991782176455,
    "linear_vel": {
      "x": 0.17028875922051384,
      "y": -3.20175374875695e-06
    },
    "angular_vel_z": 0.015305347671954506
  }
}