{
  "frame_idx": 22,
  "ros_stamp": 4327.9,
  "wall_time": 1776688507.9628437,
  "prompt": "box staging area",
  "goal_id": "box_staging_area",
  "goal_pose": {
    "frame_id": "map",
    "x": 1.545,
    "y": 6.535,
    "yaw_rad": 1.485
  },
  "odom": {
    "position": {
      "x": 1.5497437330855848,
      "y": 5.415241905604159,
      "z": 0.0
    },
    "orientation_quat": {
      "x": -0.001446636176989547,
      "y": 0.0014390828205057976,
      "z": 0.7089533272996583,
      "w": 0.705252448414857
    },
    "yaw_rad": 1.5760301767717357,
    "linear_vel": {
      "x": 0.21072012973702542,
      "y": 4.91230609253764e-06
    },
    "angular_vel_z": -0.009331002554253653
  }
}