{
  "frame_idx": 23,
  "ros_stamp": 4329.9,
  "wall_time": 1776688510.0820806,
  "prompt": "box staging area",
  "goal_id": "box_staging_area",
  "goal_pose": {
    "frame_id": "map",
    "x": 1.545,
    "y": 6.535,
    "yaw_rad": 1.485
  },
  "odom": {
    "position": {
      "x": 1.5496265334903658,
      "y": 5.813287479712024,
      "z": 0.0
    },
    "orientation_quat": {
      "x": -0.001570128043138662,
      "y": 0.0015760264020087424,
      "z": 0.7057777358902972,
      "w": 0.7084298401114073
    },
    "yaw_rad": 1.5670456735514657,
    "linear_vel": {
      "x": 0.17653473095096986,
      "y": 3.1247275028578444e-06
    },
    "angular_vel_z": -0.006004557275542584
  }
}