{
  "frame_idx": 24,
  "ros_stamp": 4331.9,
  "wall_time": 1776688512.1948857,
  "prompt": "box staging area",
  "goal_id": "box_staging_area",
  "goal_pose": {
    "frame_id": "map",
    "x": 1.545,
    "y": 6.535,
    "yaw_rad": 1.485
  },
  "odom": {
    "position": {
      "x": 1.5508104445726874,
      "y": 6.1258440298613035,
      "z": 0.0
    },
    "orientation_quat": {
      "x": -8.588791341905788e-05,
      "y": 8.749028453930135e-05,
      "z": 0.7021560341368535,
      "w": 0.712023095618339
    },
    "yaw_rad": 1.556842081374486,
    "linear_vel": {
      "x": 0.12099139687963609,
      "y": 2.8597254499532617e-06
    },
    "angular_vel_z": -0.01896054891004837
  }
}