{
  "frame_idx": 0,
  "ros_stamp": 251.9,
  "wall_time": 1776684109.0318308,
  "prompt": "go to the box staging area",
  "goal_id": "box_staging_area",
  "goal_pose": {
    "frame_id": "map",
    "x": 1.545,
    "y": 6.535,
    "yaw_rad": 1.485
  },
  "odom": {
    "position": {
      "x": 2.0282852765320034,
      "y": -7.523930681055098,
      "z": 0.0
    },
    "orientation_quat": {
      "x": 0.0015119799059919888,
      "y": -0.001629242399832739,
      "z": 0.6801318573912819,
      "w": 0.7330864314986681
    },
    "yaw_rad": 1.4958895520901039,
    "linear_vel": {
      "x": 0.1619897894121902,
      "y": 1.3484083269626771e-05
    },
    "angular_vel_z": 0.07323768034643001
  }
}