{
  "frame_idx": 1,
  "ros_stamp": 253.9,
  "wall_time": 1776684111.1416936,
  "prompt": "go to the box staging area",
  "goal_id": "box_staging_area",
  "goal_pose": {
    "frame_id": "map",
    "x": 1.545,
    "y": 6.535,
    "yaw_rad": 1.485
  },
  "odom": {
    "position": {
      "x": 2.0394500567654426,
      "y": -7.18609083508629,
      "z": 0.0
    },
    "orientation_quat": {
      "x": 0.0010666557274026855,
      "y": -0.0011014219421233659,
      "z": 0.695676177706031,
      "w": 0.7183538855519551
    },
    "yaw_rad": 1.5387237924666652,
    "linear_vel": {
      "x": 0.170003657423427,
      "y": 1.982671253839333e-08
    },
    "angular_vel_z": 0.0010385973562356795
  }
}