{
  "frame_idx": 2,
  "ros_stamp": 255.9,
  "wall_time": 1776684113.2925832,
  "prompt": "go to the box staging area",
  "goal_id": "box_staging_area",
  "goal_pose": {
    "frame_id": "map",
    "x": 1.545,
    "y": 6.535,
    "yaw_rad": 1.485
  },
  "odom": {
    "position": {
      "x": 2.0485542506736696,
      "y": -6.833796632806894,
      "z": 0.0
    },
    "orientation_quat": {
      "x": -0.0014945622266571558,
      "y": 0.0015223572570792023,
      "z": 0.7005623418677462,
      "w": 0.713588014101212
    },
    "yaw_rad": 1.5523749420948092,
    "linear_vel": {
      "x": 0.15777242437173414,
      "y": -2.440271887340028e-06
    },
    "angular_vel_z": 0.004931119649958802
  }
}