{
  "frame_idx": 3,
  "ros_stamp": 257.9,
  "wall_time": 1776684115.4402993,
  "prompt": "go to the box staging area",
  "goal_id": "box_staging_area",
  "goal_pose": {
    "frame_id": "map",
    "x": 1.545,
    "y": 6.535,
    "yaw_rad": 1.485
  },
  "odom": {
    "position": {
      "x": 2.052364030034859,
      "y": -6.490057918665421,
      "z": 0.0
    },
    "orientation_quat": {
      "x": -0.0014964806807165937,
      "y": 0.0014958583024788587,
      "z": 0.7072543707260537,
      "w": 0.706955994417195
    },
    "yaw_rad": 1.5712182955921015,
    "linear_vel": {
      "x": 0.1649459346361207,
      "y": -5.469788080973657e-06
    },
    "angular_vel_z": 0.011014659482860026
  }
}