{
  "frame_idx": 4,
  "ros_stamp": 259.9,
  "wall_time": 1776684117.5320764,
  "prompt": "go to the box staging area",
  "goal_id": "box_staging_area",
  "goal_pose": {
    "frame_id": "map",
    "x": 1.545,
    "y": 6.535,
    "yaw_rad": 1.485
  },
  "odom": {
    "position": {
      "x": 2.0506960418055424,
      "y": -6.139764273278597,
      "z": 0.0
    },
    "orientation_quat": {
      "x": 0.0015918318310184725,
      "y": -0.0015723227807001587,
      "z": 0.7114519063173473,
      "w": 0.7027312280451946
    },
    "yaw_rad": 1.5831293373219524,
    "linear_vel": {
      "x": 0.20123155132845127,
      "y": 2.6479996908896788e-06
    },
    "angular_vel_z": 0.017899431333334884
  }
}