{
  "frame_idx": 5,
  "ros_stamp": 261.9,
  "wall_time": 1776684119.7319221,
  "prompt": "go to the box staging area",
  "goal_id": "box_staging_area",
  "goal_pose": {
    "frame_id": "map",
    "x": 1.545,
    "y": 6.535,
    "yaw_rad": 1.485
  },
  "odom": {
    "position": {
      "x": 2.048898282243732,
      "y": -5.793945164714752,
      "z": 0.0
    },
    "orientation_quat": {
      "x": -0.0004262003855966111,
      "y": 0.000425102548683408,
      "z": 0.7080145243750495,
      "w": 0.706197614634195
    },
    "yaw_rad": 1.5733658263609114,
    "linear_vel": {
      "x": 0.15773623612173707,
      "y": 8.669931336842185e-07
    },
    "angular_vel_z": -0.0038270754146125783
  }
}