{
  "frame_idx": 6,
  "ros_stamp": 263.9,
  "wall_time": 1776684121.8413227,
  "prompt": "go to the box staging area",
  "goal_id": "box_staging_area",
  "goal_pose": {
    "frame_id": "map",
    "x": 1.545,
    "y": 6.535,
    "yaw_rad": 1.485
  },
  "odom": {
    "position": {
      "x": 2.0497620171244497,
      "y": -5.447675806285904,
      "z": 0.0
    },
    "orientation_quat": {
      "x": -0.0013871800571816206,
      "y": 0.001397822267812328,
      "z": 0.7043980876977691,
      "w": 0.7098024062174788
    },
    "yaw_rad": 1.563153432825005,
    "linear_vel": {
      "x": 0.1659163895927271,
      "y": -8.738286958382827e-06
    },
    "angular_vel_z": 0.01838695210920578
  }
}