{
  "frame_idx": 7,
  "ros_stamp": 265.9,
  "wall_time": 1776684123.995094,
  "prompt": "go to the box staging area",
  "goal_id": "box_staging_area",
  "goal_pose": {
    "frame_id": "map",
    "x": 1.545,
    "y": 6.535,
    "yaw_rad": 1.485
  },
  "odom": {
    "position": {
      "x": 2.051011314732102,
      "y": -5.103586149934222,
      "z": 0.0
    },
    "orientation_quat": {
      "x": -0.0014599504754000696,
      "y": 0.0014610105725110986,
      "z": 0.7068529698043842,
      "w": 0.7073574860503272
    },
    "yaw_rad": 1.5700828315931499,
    "linear_vel": {
      "x": 0.18117226667149527,
      "y": -5.788491256229622e-06
    },
    "angular_vel_z": 0.012005111731539755
  }
}