{
  "frame_idx": 8,
  "ros_stamp": 267.9,
  "wall_time": 1776684126.1570055,
  "prompt": "go to the box staging area",
  "goal_id": "box_staging_area",
  "goal_pose": {
    "frame_id": "map",
    "x": 1.545,
    "y": 6.535,
    "yaw_rad": 1.485
  },
  "odom": {
    "position": {
      "x": 2.0497229771039076,
      "y": -4.747611153828188,
      "z": 0.0
    },
    "orientation_quat": {
      "x": 0.0006624601920779965,
      "y": -0.0006588309256311717,
      "z": 0.709102591865745,
      "w": 0.7051047023652502
    },
    "yaw_rad": 1.5764502064856045,
    "linear_vel": {
      "x": 0.17417936018109953,
      "y": 1.722263093595971e-07
    },
    "angular_vel_z": -0.011544211644853862
  }
}