{
  "frame_idx": 9,
  "ros_stamp": 269.9,
  "wall_time": 1776684128.26791,
  "prompt": "go to the box staging area",
  "goal_id": "box_staging_area",
  "goal_pose": {
    "frame_id": "map",
    "x": 1.545,
    "y": 6.535,
    "yaw_rad": 1.485
  },
  "odom": {
    "position": {
      "x": 2.048853797060496,
      "y": -4.3928303561709825,
      "z": 0.0
    },
    "orientation_quat": {
      "x": -0.00023449211153566085,
      "y": 0.00023331041278068724,
      "z": 0.7089031533788878,
      "w": 0.7053057561860459
    },
    "yaw_rad": 1.5758838204630266,
    "linear_vel": {
      "x": 0.16622214032444485,
      "y": -2.4375862850800695e-06
    },
    "angular_vel_z": 0.011613605865995968
  }
}