{
  "frame_idx": 10,
  "ros_stamp": 271.9,
  "wall_time": 1776684130.4474754,
  "prompt": "go to the box staging area",
  "goal_id": "box_staging_area",
  "goal_pose": {
    "frame_id": "map",
    "x": 1.545,
    "y": 6.535,
    "yaw_rad": 1.485
  },
  "odom": {
    "position": {
      "x": 2.0472321026026825,
      "y": -4.038877026542135,
      "z": 0.0
    },
    "orientation_quat": {
      "x": 0.0005760407714110832,
      "y": -0.0005719327157072716,
      "z": 0.7096339514704912,
      "w": 0.7045700788355796
    },
    "yaw_rad": 1.5779577418189388,
    "linear_vel": {
      "x": 0.1778983888143695,
      "y": -3.4109064124159014e-07
    },
    "angular_vel_z": 0.006385806497976071
  }
}