{
  "frame_idx": 11,
  "ros_stamp": 273.9,
  "wall_time": 1776684132.5524838,
  "prompt": "go to the box staging area",
  "goal_id": "box_staging_area",
  "goal_pose": {
    "frame_id": "map",
    "x": 1.545,
    "y": 6.535,
    "yaw_rad": 1.485
  },
  "odom": {
    "position": {
      "x": 2.0461874631807393,
      "y": -3.6869167974262087,
      "z": 0.0
    },
    "orientation_quat": {
      "x": -0.0004511704078116467,
      "y": 0.0004500915153496657,
      "z": 0.7079534883100935,
      "w": 0.7062587714516976
    },
    "yaw_rad": 1.5731930194217576,
    "linear_vel": {
      "x": 0.1913868574672783,
      "y": 3.6062852139933225e-06
    },
    "angular_vel_z": -0.01226992639268601
  }
}