{
  "frame_idx": 12,
  "ros_stamp": 275.9,
  "wall_time": 1776684134.7013426,
  "prompt": "go to the box staging area",
  "goal_id": "box_staging_area",
  "goal_pose": {
    "frame_id": "map",
    "x": 1.545,
    "y": 6.535,
    "yaw_rad": 1.485
  },
  "odom": {
    "position": {
      "x": 2.0457109280067898,
      "y": -3.349215573154411,
      "z": 0.0
    },
    "orientation_quat": {
      "x": 0.00016058790594984494,
      "y": -0.0001602405054071985,
      "z": 0.707870954977227,
      "w": 0.7063417442245175
    },
    "yaw_rad": 1.572958957858041,
    "linear_vel": {
      "x": 0.17788227307425827,
      "y": -9.222578303227161e-07
    },
    "angular_vel_z": 0.0064123031693391185
  }
}