{
  "frame_idx": 13,
  "ros_stamp": 277.9,
  "wall_time": 1776684136.8694134,
  "prompt": "go to the box staging area",
  "goal_id": "box_staging_area",
  "goal_pose": {
    "frame_id": "map",
    "x": 1.545,
    "y": 6.535,
    "yaw_rad": 1.485
  },
  "odom": {
    "position": {
      "x": 2.0452350036872327,
      "y": -3.002081669480943,
      "z": 0.0
    },
    "orientation_quat": {
      "x": 0.0015756429515402734,
      "y": -0.0015741176571252707,
      "z": 0.7074472169271631,
      "w": 0.706762672164357
    },
    "yaw_rad": 1.5717644217193512,
    "linear_vel": {
      "x": 0.1805459190001401,
      "y": 1.568491848353317e-06
    },
    "angular_vel_z": 0.009410227713703418
  }
}