{
  "frame_idx": 14,
  "ros_stamp": 279.9,
  "wall_time": 1776684138.9594917,
  "prompt": "go to the box staging area",
  "goal_id": "box_staging_area",
  "goal_pose": {
    "frame_id": "map",
    "x": 1.545,
    "y": 6.535,
    "yaw_rad": 1.485
  },
  "odom": {
    "position": {
      "x": 2.046621995581361,
      "y": -2.6350829996076723,
      "z": 0.0
    },
    "orientation_quat": {
      "x": -0.0001285652703397728,
      "y": 0.0001237847013839127,
      "z": 0.7067750724410161,
      "w": 0.7074383118861427
    },
    "yaw_rad": 1.5698583632909466,
    "linear_vel": {
      "x": 0.17542821532990052,
      "y": -3.5242287623146287e-06
    },
    "angular_vel_z": 0.008289507988992275
  }
}