{
  "frame_idx": 15,
  "ros_stamp": 281.9,
  "wall_time": 1776684141.1495237,
  "prompt": "go to the box staging area",
  "goal_id": "box_staging_area",
  "goal_pose": {
    "frame_id": "map",
    "x": 1.545,
    "y": 6.535,
    "yaw_rad": 1.485
  },
  "odom": {
    "position": {
      "x": 2.0468929928725372,
      "y": -2.309271507802668,
      "z": 0.0
    },
    "orientation_quat": {
      "x": -0.0006042275411346704,
      "y": 0.0006048024001354066,
      "z": 0.7067657945327824,
      "w": 0.7074470869270577
    },
    "yaw_rad": 1.569832833452432,
    "linear_vel": {
      "x": 0.17794959383867406,
      "y": -5.2217949590202786e-06
    },
    "angular_vel_z": 0.016368885832847728
  }
}