{
  "frame_idx": 16,
  "ros_stamp": 283.9,
  "wall_time": 1776684143.2670841,
  "prompt": "go to the box staging area",
  "goal_id": "box_staging_area",
  "goal_pose": {
    "frame_id": "map",
    "x": 1.545,
    "y": 6.535,
    "yaw_rad": 1.485
  },
  "odom": {
    "position": {
      "x": 2.0464989943336027,
      "y": -1.959556807943211,
      "z": 0.0
    },
    "orientation_quat": {
      "x": 0.0003660687585400774,
      "y": -0.00036610081747578103,
      "z": 0.7070657371514014,
      "w": 0.7071476333202289
    },
    "yaw_rad": 1.5706805080990769,
    "linear_vel": {
      "x": 0.1713802596681642,
      "y": -8.929620771710991e-07
    },
    "angular_vel_z": 0.01193312309234829
  }
}