{
  "frame_idx": 17,
  "ros_stamp": 285.9,
  "wall_time": 1776684145.4214594,
  "prompt": "go to the box staging area",
  "goal_id": "box_staging_area",
  "goal_pose": {
    "frame_id": "map",
    "x": 1.545,
    "y": 6.535,
    "yaw_rad": 1.485
  },
  "odom": {
    "position": {
      "x": 2.0442797672744075,
      "y": -1.6168449563155982,
      "z": 0.0
    },
    "orientation_quat": {
      "x": 0.0011418390879081516,
      "y": -0.0011316468258587187,
      "z": 0.710268536660384,
      "w": 0.7039289888968031
    },
    "yaw_rad": 1.579761842832317,
    "linear_vel": {
      "x": 0.17372759567040247,
      "y": 3.4133075941619885e-07
    },
    "angular_vel_z": 0.0041727054060108765
  }
}