{
  "frame_idx": 18,
  "ros_stamp": 287.9,
  "wall_time": 1776684147.5998166,
  "prompt": "go to the box staging area",
  "goal_id": "box_staging_area",
  "goal_pose": {
    "frame_id": "map",
    "x": 1.545,
    "y": 6.535,
    "yaw_rad": 1.485
  },
  "odom": {
    "position": {
      "x": 2.0431168508578548,
      "y": -1.2718836696314906,
      "z": 0.0
    },
    "orientation_quat": {
      "x": 0.00044439761614017503,
      "y": -0.00044412056371926376,
      "z": 0.7073257049253101,
      "w": 0.706887510442501
    },
    "yaw_rad": 1.571416027506116,
    "linear_vel": {
      "x": 0.1834332333591412,
      "y": 4.702914547659758e-07
    },
    "angular_vel_z": -0.004879844151818139
  }
}