{
  "frame_idx": 19,
  "ros_stamp": 289.9,
  "wall_time": 1776684149.7091093,
  "prompt": "go to the box staging area",
  "goal_id": "box_staging_area",
  "goal_pose": {
    "frame_id": "map",
    "x": 1.545,
    "y": 6.535,
    "yaw_rad": 1.485
  },
  "odom": {
    "position": {
      "x": 2.0412823118832937,
      "y": -0.9240736937082537,
      "z": 0.0
    },
    "orientation_quat": {
      "x": -0.0005442652645254799,
      "y": 0.0005352340085749948,
      "z": 0.7130056662034239,
      "w": 0.7011578547386385
    },
    "yaw_rad": 1.5875518633510592,
    "linear_vel": {
      "x": 0.15038528182207261,
      "y": -3.037961451910638e-06
    },
    "angular_vel_z": 0.012412170029291295
  }
}