{
  "frame_idx": 20,
  "ros_stamp": 291.9,
  "wall_time": 1776684151.8930397,
  "prompt": "go to the box staging area",
  "goal_id": "box_staging_area",
  "goal_pose": {
    "frame_id": "map",
    "x": 1.545,
    "y": 6.535,
    "yaw_rad": 1.485
  },
  "odom": {
    "position": {
      "x": 2.0377324475669307,
      "y": -0.5741852240865218,
      "z": 0.0
    },
    "orientation_quat": {
      "x": 0.00139973617077443,
      "y": -0.001384041671219049,
      "z": 0.7110808086508917,
      "w": 0.7031075371063081
    },
    "yaw_rad": 1.5820723171357767,
    "linear_vel": {
      "x": 0.1841801059142058,
      "y": -1.1121746257301177e-07
    },
    "angular_vel_z": -0.0009874730739188851
  }
}