{
  "frame_idx": 21,
  "ros_stamp": 293.9,
  "wall_time": 1776684153.9996438,
  "prompt": "go to the box staging area",
  "goal_id": "box_staging_area",
  "goal_pose": {
    "frame_id": "map",
    "x": 1.545,
    "y": 6.535,
    "yaw_rad": 1.485
  },
  "odom": {
    "position": {
      "x": 2.0353025393739355,
      "y": -0.22219489658293665,
      "z": 0.0
    },
    "orientation_quat": {
      "x": -0.0008090469015309496,
      "y": 0.0008100453481094095,
      "z": 0.7066729396436802,
      "w": 0.7075394304524694
    },
    "yaw_rad": 1.5695709228720813,
    "linear_vel": {
      "x": 0.18010462742320527,
      "y": 6.784121040390982e-06
    },
    "angular_vel_z": -0.01850700216864786
  }
}