{
  "frame_idx": 22,
  "ros_stamp": 295.9,
  "wall_time": 1776684156.1300771,
  "prompt": "go to the box staging area",
  "goal_id": "box_staging_area",
  "goal_pose": {
    "frame_id": "map",
    "x": 1.545,
    "y": 6.535,
    "yaw_rad": 1.485
  },
  "odom": {
    "position": {
      "x": 2.034669430015426,
      "y": 0.12757973601253575,
      "z": 0.0
    },
    "orientation_quat": {
      "x": -0.0013296238647427473,
      "y": 0.00131655537105742,
      "z": 0.7105898375976303,
      "w": 0.7036039947906114
    },
    "yaw_rad": 1.5806758579194031,
    "linear_vel": {
      "x": 0.17913862642928163,
      "y": -7.240027933058191e-06
    },
    "angular_vel_z": 0.0155182810177836
  }
}