{
  "frame_idx": 23,
  "ros_stamp": 297.9,
  "wall_time": 1776684158.3205035,
  "prompt": "go to the box staging area",
  "goal_id": "box_staging_area",
  "goal_pose": {
    "frame_id": "map",
    "x": 1.545,
    "y": 6.535,
    "yaw_rad": 1.485
  },
  "odom": {
    "position": {
      "x": 2.0287795119524668,
      "y": 0.49397600345909826,
      "z": 0.0
    },
    "orientation_quat": {
      "x": -0.000452091276975011,
      "y": 0.00044476690096955393,
      "z": 0.7128542505841917,
      "w": 0.7013119243389004
    },
    "yaw_rad": 1.5871198256198746,
    "linear_vel": {
      "x": 0.17006738579451924,
      "y": -2.850025664149098e-06
    },
    "angular_vel_z": 0.010587873990872906
  }
}