{
  "frame_idx": 24,
  "ros_stamp": 299.9,
  "wall_time": 1776684160.4296703,
  "prompt": "go to the box staging area",
  "goal_id": "box_staging_area",
  "goal_pose": {
    "frame_id": "map",
    "x": 1.545,
    "y": 6.535,
    "yaw_rad": 1.485
  },
  "odom": {
    "position": {
      "x": 2.020132978543407,
      "y": 0.8299926268465594,
      "z": 0.0
    },
    "orientation_quat": {
      "x": -0.0005531448192858957,
      "y": 0.0005255983841229828,
      "z": 0.7249209265295276,
      "w": 0.688831668883421
    },
    "yaw_rad": 1.6218398003528864,
    "linear_vel": {
      "x": 0.17925770604981592,
      "y": -1.2827216787093413e-05
    },
    "angular_vel_z": 0.042019430761282575
  }
}