{
  "frame_idx": 25,
  "ros_stamp": 301.9,
  "wall_time": 1776684162.6015325,
  "prompt": "go to the box staging area",
  "goal_id": "box_staging_area",
  "goal_pose": {
    "frame_id": "map",
    "x": 1.545,
    "y": 6.535,
    "yaw_rad": 1.485
  },
  "odom": {
    "position": {
      "x": 1.9920197804370172,
      "y": 1.1814782236415546,
      "z": 0.0
    },
    "orientation_quat": {
      "x": -0.00033419450214055066,
      "y": 0.0003081257794366711,
      "z": 0.7351935393126783,
      "w": 0.6778571037655622
    },
    "yaw_rad": 1.651904530343296,
    "linear_vel": {
      "x": 0.16245572945779452,
      "y": -1.8764011812686326e-06
    },
    "angular_vel_z": 0.007298891943052324
  }
}