{
  "frame_idx": 26,
  "ros_stamp": 303.9,
  "wall_time": 1776684164.71458,
  "prompt": "go to the box staging area",
  "goal_id": "box_staging_area",
  "goal_pose": {
    "frame_id": "map",
    "x": 1.545,
    "y": 6.535,
    "yaw_rad": 1.485
  },
  "odom": {
    "position": {
      "x": 1.9614014265171553,
      "y": 1.5275351406463893,
      "z": 0.0
    },
    "orientation_quat": {
      "x": 0.0010139736662139384,
      "y": -0.0009221418065648309,
      "z": 0.7398150250524291,
      "w": 0.6728089254896716
    },
    "yaw_rad": 1.6655928414784198,
    "linear_vel": {
      "x": 0.15858705787019925,
      "y": 2.5491126258165697e-07
    },
    "angular_vel_z": 0.008258590948329238
  }
}