{
  "frame_idx": 27,
  "ros_stamp": 305.9,
  "wall_time": 1776684166.844008,
  "prompt": "go to the box staging area",
  "goal_id": "box_staging_area",
  "goal_pose": {
    "frame_id": "map",
    "x": 1.545,
    "y": 6.535,
    "yaw_rad": 1.485
  },
  "odom": {
    "position": {
      "x": 1.9172392219203407,
      "y": 1.875217003297439,
      "z": 0.0
    },
    "orientation_quat": {
      "x": -0.0016939509657210034,
      "y": 0.0014400397049696707,
      "z": 0.7618946547141219,
      "w": 0.6476971452259327
    },
    "yaw_rad": 1.7324724216535714,
    "linear_vel": {
      "x": 0.17195124677388834,
      "y": -2.370655084797557e-05
    },
    "angular_vel_z": 0.04486211101415295
  }
}