{
  "frame_idx": 28,
  "ros_stamp": 307.9,
  "wall_time": 1776684169.0270464,
  "prompt": "go to the box staging area",
  "goal_id": "box_staging_area",
  "goal_pose": {
    "frame_id": "map",
    "x": 1.545,
    "y": 6.535,
    "yaw_rad": 1.485
  },
  "odom": {
    "position": {
      "x": 1.856611508338699,
      "y": 2.1935266767801456,
      "z": 0.0
    },
    "orientation_quat": {
      "x": 0.0014056289236374093,
      "y": -0.001125589672399999,
      "z": 0.7805881534035697,
      "w": 0.6250431121300544
    },
    "yaw_rad": 1.791216533401505,
    "linear_vel": {
      "x": 0.17496984832558654,
      "y": 1.0197194435112471e-06
    },
    "angular_vel_z": 0.01741285113353752
  }
}