{
  "frame_idx": 29,
  "ros_stamp": 309.9,
  "wall_time": 1776684171.1292124,
  "prompt": "go to the box staging area",
  "goal_id": "box_staging_area",
  "goal_pose": {
    "frame_id": "map",
    "x": 1.545,
    "y": 6.535,
    "yaw_rad": 1.485
  },
  "odom": {
    "position": {
      "x": 1.7727821618722983,
      "y": 2.508712936426412,
      "z": 0.0
    },
    "orientation_quat": {
      "x": 0.0005491333146625619,
      "y": -0.00040846089871070956,
      "z": 0.8023965725188245,
      "w": 0.5967908109399302
    },
    "yaw_rad": 1.8626010488572269,
    "linear_vel": {
      "x": 0.16865591193177115,
      "y": -1.8715013718777402e-06
    },
    "angular_vel_z": 0.01732675109887017
  }
}