{
  "frame_idx": 30,
  "ros_stamp": 311.9,
  "wall_time": 1776684173.2898061,
  "prompt": "go to the box staging area",
  "goal_id": "box_staging_area",
  "goal_pose": {
    "frame_id": "map",
    "x": 1.545,
    "y": 6.535,
    "yaw_rad": 1.485
  },
  "odom": {
    "position": {
      "x": 1.6874017116284168,
      "y": 2.8253716135801454,
      "z": 0.0
    },
    "orientation_quat": {
      "x": 0.0012220193587281693,
      "y": -0.0009794883394295775,
      "z": 0.7802956948497429,
      "w": 0.6254088069976602
    },
    "yaw_rad": 1.7902800180627112,
    "linear_vel": {
      "x": 0.16501431837269045,
      "y": -5.934387139554492e-06
    },
    "angular_vel_z": -0.07560299067333881
  }
}