{
  "frame_idx": 31,
  "ros_stamp": 313.9,
  "wall_time": 1776684175.4300022,
  "prompt": "go to the box staging area",
  "goal_id": "box_staging_area",
  "goal_pose": {
    "frame_id": "map",
    "x": 1.545,
    "y": 6.535,
    "yaw_rad": 1.485
  },
  "odom": {
    "position": {
      "x": 1.6405940886483321,
      "y": 3.1474321791977755,
      "z": 0.0
    },
    "orientation_quat": {
      "x": -0.001400749122411969,
      "y": 0.0012918131594209928,
      "z": 0.7351230470411425,
      "w": 0.6779310251268955
    },
    "yaw_rad": 1.651700269681718,
    "linear_vel": {
      "x": 0.1617886821386263,
      "y": 1.6860704625618247e-05
    },
    "angular_vel_z": -0.03607353218117185
  }
}