{
  "frame_idx": 32,
  "ros_stamp": 315.9,
  "wall_time": 1776684177.546156,
  "prompt": "go to the box staging area",
  "goal_id": "box_staging_area",
  "goal_pose": {
    "frame_id": "map",
    "x": 1.545,
    "y": 6.535,
    "yaw_rad": 1.485
  },
  "odom": {
    "position": {
      "x": 1.6299666916238829,
      "y": 3.508876863269705,
      "z": 0.0
    },
    "orientation_quat": {
      "x": -0.0002931811099985813,
      "y": 0.0002950963923289394,
      "z": 0.7047760553378133,
      "w": 0.7094297278698064
    },
    "yaw_rad": 1.5642150275263662,
    "linear_vel": {
      "x": 0.17487343676345649,
      "y": 6.266181809749967e-06
    },
    "angular_vel_z": -0.027422588324901652
  }
}