{
  "frame_idx": 33,
  "ros_stamp": 317.9,
  "wall_time": 1776684179.7228463,
  "prompt": "go to the box staging area",
  "goal_id": "box_staging_area",
  "goal_pose": {
    "frame_id": "map",
    "x": 1.545,
    "y": 6.535,
    "yaw_rad": 1.485
  },
  "odom": {
    "position": {
      "x": 1.6365588281477963,
      "y": 3.85143094363425,
      "z": 0.0
    },
    "orientation_quat": {
      "x": 0.0004845394628230761,
      "y": -0.000499092215235793,
      "z": 0.696563850413945,
      "w": 0.7174944727487237
    },
    "yaw_rad": 1.5411948689069161,
    "linear_vel": {
      "x": 0.17867735087035275,
      "y": 7.327933803195941e-07
    },
    "angular_vel_z": -0.009746923895552952
  }
}