{
  "frame_idx": 34,
  "ros_stamp": 319.9,
  "wall_time": 1776684181.8303962,
  "prompt": "go to the box staging area",
  "goal_id": "box_staging_area",
  "goal_pose": {
    "frame_id": "map",
    "x": 1.545,
    "y": 6.535,
    "yaw_rad": 1.485
  },
  "odom": {
    "position": {
      "x": 1.6460294791828016,
      "y": 4.196672014620361,
      "z": 0.0
    },
    "orientation_quat": {
      "x": 3.55271783404536e-05,
      "y": -3.61219903197958e-05,
      "z": 0.7012550084821865,
      "w": 0.7129105206908298
    },
    "yaw_rad": 1.5543127567195116,
    "linear_vel": {
      "x": 0.17762793604345592,
      "y": -1.5901032639676808e-06
    },
    "angular_vel_z": 0.00909294874609235
  }
}