{
  "frame_idx": 35,
  "ros_stamp": 321.9,
  "wall_time": 1776684183.9962022,
  "prompt": "go to the box staging area",
  "goal_id": "box_staging_area",
  "goal_pose": {
    "frame_id": "map",
    "x": 1.545,
    "y": 6.535,
    "yaw_rad": 1.485
  },
  "odom": {
    "position": {
      "x": 1.6514297925801256,
      "y": 4.533256508813365,
      "z": 0.0
    },
    "orientation_quat": {
      "x": -0.0015705318067954419,
      "y": 0.001580018264973582,
      "z": 0.704973438074799,
      "w": 0.7092302084521808
    },
    "yaw_rad": 1.5647763203765266,
    "linear_vel": {
      "x": 0.16038002323841907,
      "y": -9.153794035119159e-06
    },
    "angular_vel_z": 0.018021123375031728
  }
}