{
  "frame_idx": 36,
  "ros_stamp": 323.9,
  "wall_time": 1776684186.1277704,
  "prompt": "go to the box staging area",
  "goal_id": "box_staging_area",
  "goal_pose": {
    "frame_id": "map",
    "x": 1.545,
    "y": 6.535,
    "yaw_rad": 1.485
  },
  "odom": {
    "position": {
      "x": 1.6499375101664095,
      "y": 4.877946002657052,
      "z": 0.0
    },
    "orientation_quat": {
      "x": -0.000268859100804004,
      "y": 0.00026661987110083996,
      "z": 0.7100513165039327,
      "w": 0.7041498310442602
    },
    "yaw_rad": 1.5791423123885286,
    "linear_vel": {
      "x": 0.17636376742413373,
      "y": -4.474378334477023e-06
    },
    "angular_vel_z": 0.018943982421794646
  }
}