{
  "frame_idx": 37,
  "ros_stamp": 325.9,
  "wall_time": 1776684188.2389042,
  "prompt": "go to the box staging area",
  "goal_id": "box_staging_area",
  "goal_pose": {
    "frame_id": "map",
    "x": 1.545,
    "y": 6.535,
    "yaw_rad": 1.485
  },
  "odom": {
    "position": {
      "x": 1.6477684359591591,
      "y": 5.231823164132734,
      "z": 0.0
    },
    "orientation_quat": {
      "x": 0.001581617047511472,
      "y": -0.0015788448281883615,
      "z": 0.7077263526186417,
      "w": 0.7064831318196052
    },
    "yaw_rad": 1.5725545111461343,
    "linear_vel": {
      "x": 0.21421466569316153,
      "y": 1.955560722132214e-05
    },
    "angular_vel_z": 0.0007068757131296262
  }
}