{
  "frame_idx": 38,
  "ros_stamp": 327.9,
  "wall_time": 1776684190.4322565,
  "prompt": "go to the box staging area",
  "goal_id": "box_staging_area",
  "goal_pose": {
    "frame_id": "map",
    "x": 1.545,
    "y": 6.535,
    "yaw_rad": 1.485
  },
  "odom": {
    "position": {
      "x": 1.6440550039785995,
      "y": 5.665446571428285,
      "z": 0.0
    },
    "orientation_quat": {
      "x": -0.001484106764036407,
      "y": 0.0014549300816511822,
      "z": 0.7140896510873389,
      "w": 0.7000511772831564
    },
    "yaw_rad": 1.5906500957940488,
    "linear_vel": {
      "x": 0.19796606733378952,
      "y": -8.466965311623763e-06
    },
    "angular_vel_z": 0.016285120957463782
  }
}