{
  "frame_idx": 39,
  "ros_stamp": 329.9,
  "wall_time": 1776684192.5234663,
  "prompt": "go to the box staging area",
  "goal_id": "box_staging_area",
  "goal_pose": {
    "frame_id": "map",
    "x": 1.545,
    "y": 6.535,
    "yaw_rad": 1.485
  },
  "odom": {
    "position": {
      "x": 1.6367540874130775,
      "y": 6.0040037218319275,
      "z": 0.0
    },
    "orientation_quat": {
      "x": -0.0008690416731816305,
      "y": 0.0008462584291087052,
      "z": 0.7164318015895186,
      "w": 0.6976560773650854
    },
    "yaw_rad": 1.5973500102734335,
    "linear_vel": {
      "x": 0.16682035154456457,
      "y": -4.286489154367557e-06
    },
    "angular_vel_z": 0.011659965025752492
  }
}