{
  "frame_idx": 40,
  "ros_stamp": 331.9,
  "wall_time": 1776684194.681375,
  "prompt": "go to the box staging area",
  "goal_id": "box_staging_area",
  "goal_pose": {
    "frame_id": "map",
    "x": 1.545,
    "y": 6.535,
    "yaw_rad": 1.485
  },
  "odom": {
    "position": {
      "x": 1.6317556969733515,
      "y": 6.252995334473228,
      "z": 0.0
    },
    "orientation_quat": {
      "x": -0.00032659737143734586,
      "y": 0.0003255549273551174,
      "z": 0.7082425429346864,
      "w": 0.7059690416197834
    },
    "yaw_rad": 1.5740115449191605,
    "linear_vel": {
      "x": 0.10261467601870997,
      "y": 1.7471193863736326e-06
    },
    "angular_vel_z": -0.009574147101889221
  }
}