{
  "frame_idx": 0,
  "ros_stamp": 5.9,
  "wall_time": 1776683845.6722667,
  "prompt": "big shelf section",
  "goal_id": "big_shelf_area",
  "goal_pose": {
    "frame_id": "map",
    "x": -3.858,
    "y": -8.011,
    "yaw_rad": 1.5399999999999998
  },
  "odom": {
    "position": {
      "x": 0.003451304179540109,
      "y": -0.00022189777194566148,
      "z": 0.0
    },
    "orientation_quat": {
      "x": 2.332133989129449e-07,
      "y": 5.4953338042841575e-06,
      "z": -0.06405788647532841,
      "w": 0.9979461844959682
    },
    "yaw_rad": -0.12820355379202103,
    "linear_vel": {
      "x": 0.003978350001555062,
      "y": 1.1648543520592098e-06
    },
    "angular_vel_z": -0.19643926632947317
  }
}