{
  "frame_idx": 1,
  "ros_stamp": 7.9,
  "wall_time": 1776683847.873445,
  "prompt": "big shelf section",
  "goal_id": "big_shelf_area",
  "goal_pose": {
    "frame_id": "map",
    "x": -3.858,
    "y": -8.011,
    "yaw_rad": 1.5399999999999998
  },
  "odom": {
    "position": {
      "x": 0.016726428748205034,
      "y": -0.0037176992030178843,
      "z": 0.0
    },
    "orientation_quat": {
      "x": 0.00040137857029448094,
      "y": 0.0017108831255222949,
      "z": -0.22835952478838217,
      "w": 0.9735752868744144
    },
    "yaw_rad": -0.46078542574487463,
    "linear_vel": {
      "x": 0.003556422205233608,
      "y": 5.161036298648851e-05
    },
    "angular_vel_z": -0.18581358811848042
  }
}