{
  "frame_idx": 2,
  "ros_stamp": 9.9,
  "wall_time": 1776683849.994998,
  "prompt": "big shelf section",
  "goal_id": "big_shelf_area",
  "goal_pose": {
    "frame_id": "map",
    "x": -3.858,
    "y": -8.011,
    "yaw_rad": 1.5399999999999998
  },
  "odom": {
    "position": {
      "x": 0.04263901211600447,
      "y": -0.02512095767119712,
      "z": 0.0
    },
    "orientation_quat": {
      "x": -0.000791561257082234,
      "y": -0.0018204582856783543,
      "z": -0.39872195351327705,
      "w": 0.917069715533646
    },
    "yaw_rad": -0.8202473263638583,
    "linear_vel": {
      "x": 0.03502370768840403,
      "y": -7.803023747822758e-05
    },
    "angular_vel_z": -0.2834094694118764
  }
}