{
  "frame_idx": 3,
  "ros_stamp": 11.9,
  "wall_time": 1776683852.176772,
  "prompt": "big shelf section",
  "goal_id": "big_shelf_area",
  "goal_pose": {
    "frame_id": "map",
    "x": -3.858,
    "y": -8.011,
    "yaw_rad": 1.5399999999999998
  },
  "odom": {
    "position": {
      "x": 0.09149798612058427,
      "y": -0.11124840447583474,
      "z": 0.0
    },
    "orientation_quat": {
      "x": -0.001182719381868247,
      "y": -0.001686088540800587,
      "z": -0.5741965755172311,
      "w": 0.8187148776861093
    },
    "yaw_rad": -1.2232479525415296,
    "linear_vel": {
      "x": 0.06578759717566901,
      "y": -4.687618933323522e-05
    },
    "angular_vel_z": -0.19404557694190777
  }
}