{
  "frame_idx": 4,
  "ros_stamp": 13.9,
  "wall_time": 1776683854.474938,
  "prompt": "big shelf section",
  "goal_id": "big_shelf_area",
  "goal_pose": {
    "frame_id": "map",
    "x": -3.858,
    "y": -8.011,
    "yaw_rad": 1.5399999999999998
  },
  "odom": {
    "position": {
      "x": 0.12238275855228671,
      "y": -0.30747583621065966,
      "z": 0.0
    },
    "orientation_quat": {
      "x": -0.0015757170621485289,
      "y": -0.0015690833976813407,
      "z": -0.7085953148391259,
      "w": 0.7056116034200905
    },
    "yaw_rad": -1.57501594551719,
    "linear_vel": {
      "x": 0.12175122818965585,
      "y": -3.889508598196237e-05
    },
    "angular_vel_z": -0.1727432819915335
  }
}