{
  "frame_idx": 5,
  "ros_stamp": 15.9,
  "wall_time": 1776683856.6052618,
  "prompt": "big shelf section",
  "goal_id": "big_shelf_area",
  "goal_pose": {
    "frame_id": "map",
    "x": -3.858,
    "y": -8.011,
    "yaw_rad": 1.5399999999999998
  },
  "odom": {
    "position": {
      "x": 0.07964208534508721,
      "y": -0.5927709671824343,
      "z": 0.0
    },
    "orientation_quat": {
      "x": 0.0016660511010760952,
      "y": 0.001287557305287603,
      "z": -0.7912637950892532,
      "w": 0.611471318256929
    },
    "yaw_rad": -1.8257518178777,
    "linear_vel": {
      "x": 0.16622614662743557,
      "y": 3.3689660922268325e-05
    },
    "angular_vel_z": -0.06997117415805476
  }
}