{
  "frame_idx": 6,
  "ros_stamp": 17.9,
  "wall_time": 1776683858.8169775,
  "prompt": "big shelf section",
  "goal_id": "big_shelf_area",
  "goal_pose": {
    "frame_id": "map",
    "x": -3.858,
    "y": -8.011,
    "yaw_rad": 1.5399999999999998
  },
  "odom": {
    "position": {
      "x": -0.022016379483431294,
      "y": -0.9336441028541508,
      "z": 0.0
    },
    "orientation_quat": {
      "x": -0.0018083295575538729,
      "y": -0.0013026980065817954,
      "z": -0.8113410541400998,
      "w": 0.584568838366318
    },
    "yaw_rad": -1.892891995141543,
    "linear_vel": {
      "x": 0.19179184976151537,
      "y": -3.89348406124886e-06
    },
    "angular_vel_z": -0.028570480017805634
  }
}