{
  "frame_idx": 7,
  "ros_stamp": 19.9,
  "wall_time": 1776683860.9398348,
  "prompt": "big shelf section",
  "goal_id": "big_shelf_area",
  "goal_pose": {
    "frame_id": "map",
    "x": -3.858,
    "y": -8.011,
    "yaw_rad": 1.5399999999999998
  },
  "odom": {
    "position": {
      "x": -0.14477854177077687,
      "y": -1.2698423305841162,
      "z": 0.0
    },
    "orientation_quat": {
      "x": 0.0004259094301205129,
      "y": 0.0002944482604508508,
      "z": -0.8225856287111741,
      "w": 0.5686410250230117
    },
    "yaw_rad": -1.9318868020607964,
    "linear_vel": {
      "x": 0.1837718474982839,
      "y": -6.428898791192026e-06
    },
    "angular_vel_z": 0.022249926925453245
  }
}