{
  "frame_idx": 8,
  "ros_stamp": 21.9,
  "wall_time": 1776683863.1009767,
  "prompt": "big shelf section",
  "goal_id": "big_shelf_area",
  "goal_pose": {
    "frame_id": "map",
    "x": -3.858,
    "y": -8.011,
    "yaw_rad": 1.5399999999999998
  },
  "odom": {
    "position": {
      "x": -0.2750513688923003,
      "y": -1.6097977181919865,
      "z": 0.0
    },
    "orientation_quat": {
      "x": -0.0009557129854916377,
      "y": -0.0006602578738463094,
      "z": -0.822737601896824,
      "w": 0.5684201695025368
    },
    "yaw_rad": -1.9324229839472513,
    "linear_vel": {
      "x": 0.16834002509526808,
      "y": 2.9636153123447284e-07
    },
    "angular_vel_z": -0.014853069397077551
  }
}