{
  "frame_idx": 9,
  "ros_stamp": 23.9,
  "wall_time": 1776683865.2648058,
  "prompt": "big shelf section",
  "goal_id": "big_shelf_area",
  "goal_pose": {
    "frame_id": "map",
    "x": -3.858,
    "y": -8.011,
    "yaw_rad": 1.5399999999999998
  },
  "odom": {
    "position": {
      "x": -0.41277190484861326,
      "y": -1.966231381599086,
      "z": 0.0
    },
    "orientation_quat": {
      "x": 0.0010008238353122504,
      "y": 0.0006740788050119923,
      "z": -0.8294240641076599,
      "w": 0.5586181753653813
    },
    "yaw_rad": -1.9561539524518503,
    "linear_vel": {
      "x": 0.17035707450123666,
      "y": 1.0724223567283597e-05
    },
    "angular_vel_z": -0.028036331957293204
  }
}