{
  "frame_idx": 10,
  "ros_stamp": 25.9,
  "wall_time": 1776683867.3672314,
  "prompt": "big shelf section",
  "goal_id": "big_shelf_area",
  "goal_pose": {
    "frame_id": "map",
    "x": -3.858,
    "y": -8.011,
    "yaw_rad": 1.5399999999999998
  },
  "odom": {
    "position": {
      "x": -0.548565579520315,
      "y": -2.29339277397502,
      "z": 0.0
    },
    "orientation_quat": {
      "x": 0.0008250579586999342,
      "y": 0.0005464579933802951,
      "z": -0.83372870541843,
      "w": 0.5521734024962945
    },
    "yaw_rad": -1.9716543276578604,
    "linear_vel": {
      "x": 0.1954402532326123,
      "y": 4.239330447195497e-06
    },
    "angular_vel_z": -0.010245340132750035
  }
}