{
  "frame_idx": 11,
  "ros_stamp": 27.9,
  "wall_time": 1776683869.5452352,
  "prompt": "big shelf section",
  "goal_id": "big_shelf_area",
  "goal_pose": {
    "frame_id": "map",
    "x": -3.858,
    "y": -8.011,
    "yaw_rad": 1.5399999999999998
  },
  "odom": {
    "position": {
      "x": -0.6936070036643097,
      "y": -2.626176540161014,
      "z": 0.0
    },
    "orientation_quat": {
      "x": 0.00037335491542703225,
      "y": 0.0002442296281964731,
      "z": -0.8368826143976165,
      "w": 0.5473822162593579
    },
    "yaw_rad": -1.9831265056061569,
    "linear_vel": {
      "x": 0.17392305935730593,
      "y": 4.052499977665004e-06
    },
    "angular_vel_z": -0.014150775180098829
  }
}