{
  "frame_idx": 12,
  "ros_stamp": 29.9,
  "wall_time": 1776683871.648883,
  "prompt": "big shelf section",
  "goal_id": "big_shelf_area",
  "goal_pose": {
    "frame_id": "map",
    "x": -3.858,
    "y": -8.011,
    "yaw_rad": 1.5399999999999998
  },
  "odom": {
    "position": {
      "x": -0.8389728549648415,
      "y": -2.9628405753140297,
      "z": 0.0
    },
    "orientation_quat": {
      "x": -0.0003882317460951157,
      "y": -0.00025716921393051265,
      "z": -0.8336550558712005,
      "w": 0.5522852804126617
    },
    "yaw_rad": -1.9713864411264717,
    "linear_vel": {
      "x": 0.17955624970088063,
      "y": 2.9068365292711485e-06
    },
    "angular_vel_z": -0.021658047749391406
  }
}