{
  "frame_idx": 13,
  "ros_stamp": 31.9,
  "wall_time": 1776683873.77459,
  "prompt": "big shelf section",
  "goal_id": "big_shelf_area",
  "goal_pose": {
    "frame_id": "map",
    "x": -3.858,
    "y": -8.011,
    "yaw_rad": 1.5399999999999998
  },
  "odom": {
    "position": {
      "x": -0.9982257644628015,
      "y": -3.3125018276905105,
      "z": 0.0
    },
    "orientation_quat": {
      "x": 0.00039370087689798465,
      "y": 0.00025030051553819353,
      "z": -0.8439175003916447,
      "w": 0.5364727717992684
    },
    "yaw_rad": -2.0090886319229955,
    "linear_vel": {
      "x": 0.17635956215626042,
      "y": 2.5735757961975773e-07
    },
    "angular_vel_z": 0.0014373715868363508
  }
}