{
  "frame_idx": 14,
  "ros_stamp": 33.9,
  "wall_time": 1776683875.9530387,
  "prompt": "big shelf section",
  "goal_id": "big_shelf_area",
  "goal_pose": {
    "frame_id": "map",
    "x": -3.858,
    "y": -8.011,
    "yaw_rad": 1.5399999999999998
  },
  "odom": {
    "position": {
      "x": -1.1574478074954118,
      "y": -3.65238565743704,
      "z": 0.0
    },
    "orientation_quat": {
      "x": -8.572594734622855e-05,
      "y": -5.456547880153168e-05,
      "z": -0.8434692736572037,
      "w": 0.5371774139610297
    },
    "yaw_rad": -2.007418388930709,
    "linear_vel": {
      "x": 0.19775294487603767,
      "y": -3.9814011218095025e-06
    },
    "angular_vel_z": 0.018352157058716394
  }
}