{
  "frame_idx": 15,
  "ros_stamp": 35.9,
  "wall_time": 1776683878.0441034,
  "prompt": "big shelf section",
  "goal_id": "big_shelf_area",
  "goal_pose": {
    "frame_id": "map",
    "x": -3.858,
    "y": -8.011,
    "yaw_rad": 1.5399999999999998
  },
  "odom": {
    "position": {
      "x": -1.3040526740928462,
      "y": -3.970518872136351,
      "z": 0.0
    },
    "orientation_quat": {
      "x": -0.0018844372859011893,
      "y": -0.0011791373739864182,
      "z": -0.8477144256635305,
      "w": 0.5304482171269115
    },
    "yaw_rad": -2.023331137198855,
    "linear_vel": {
      "x": 0.20903508190879344,
      "y": -5.689176798461199e-06
    },
    "angular_vel_z": -0.04546248225748954
  }
}