{
  "frame_idx": 16,
  "ros_stamp": 37.9,
  "wall_time": 1776683880.2203503,
  "prompt": "big shelf section",
  "goal_id": "big_shelf_area",
  "goal_pose": {
    "frame_id": "map",
    "x": -3.858,
    "y": -8.011,
    "yaw_rad": 1.5399999999999998
  },
  "odom": {
    "position": {
      "x": -1.4785023007528015,
      "y": -4.30093357999656,
      "z": 0.0
    },
    "orientation_quat": {
      "x": -0.0013885669595647555,
      "y": -0.0008258526376234359,
      "z": -0.8594662894046561,
      "w": 0.5111898739472557
    },
    "yaw_rad": -2.0684537964800223,
    "linear_vel": {
      "x": 0.20133855900833714,
      "y": -9.99787504964622e-07
    },
    "angular_vel_z": -0.01067272445770678
  }
}