{
  "frame_idx": 17,
  "ros_stamp": 39.9,
  "wall_time": 1776683882.3417962,
  "prompt": "big shelf section",
  "goal_id": "big_shelf_area",
  "goal_pose": {
    "frame_id": "map",
    "x": -3.858,
    "y": -8.011,
    "yaw_rad": 1.5399999999999998
  },
  "odom": {
    "position": {
      "x": -1.6520019681679579,
      "y": -4.627759998235898,
      "z": 0.0
    },
    "orientation_quat": {
      "x": 0.0006170379004015407,
      "y": 0.0003753452846055286,
      "z": -0.8543644471170672,
      "w": 0.5196738110415942
    },
    "yaw_rad": -2.048654106087243,
    "linear_vel": {
      "x": 0.17742755563060056,
      "y": 3.938145415843905e-06
    },
    "angular_vel_z": -0.01131535907689175
  }
}