{
  "frame_idx": 18,
  "ros_stamp": 41.9,
  "wall_time": 1776683884.4633875,
  "prompt": "big shelf section",
  "goal_id": "big_shelf_area",
  "goal_pose": {
    "frame_id": "map",
    "x": -3.858,
    "y": -8.011,
    "yaw_rad": 1.5399999999999998
  },
  "odom": {
    "position": {
      "x": -1.8313781244601837,
      "y": -4.9610111197187265,
      "z": 0.0
    },
    "orientation_quat": {
      "x": -0.0019237431830370505,
      "y": -0.0011127697039503342,
      "z": -0.865291298766057,
      "w": 0.5012644304511356
    },
    "yaw_rad": -2.0914709249533643,
    "linear_vel": {
      "x": 0.1945235648536891,
      "y": -6.2305730967656e-06
    },
    "angular_vel_z": -0.03317438851352365
  }
}