{
  "frame_idx": 19,
  "ros_stamp": 43.9,
  "wall_time": 1776683886.6418612,
  "prompt": "big shelf section",
  "goal_id": "big_shelf_area",
  "goal_pose": {
    "frame_id": "map",
    "x": -3.858,
    "y": -8.011,
    "yaw_rad": 1.5399999999999998
  },
  "odom": {
    "position": {
      "x": -2.0195346254704996,
      "y": -5.283188244234473,
      "z": 0.0
    },
    "orientation_quat": {
      "x": 0.001367803726615432,
      "y": 0.0007840434418810679,
      "z": 0.8675683461751481,
      "w": -0.49731547241541285
    },
    "yaw_rad": -2.100587800487412,
    "linear_vel": {
      "x": 0.19166867174476795,
      "y": -7.955970972333597e-07
    },
    "angular_vel_z": -0.028672226168891368
  }
}