{
  "frame_idx": 20,
  "ros_stamp": 45.9,
  "wall_time": 1776683888.727486,
  "prompt": "big shelf section",
  "goal_id": "big_shelf_area",
  "goal_pose": {
    "frame_id": "map",
    "x": -3.858,
    "y": -8.011,
    "yaw_rad": 1.5399999999999998
  },
  "odom": {
    "position": {
      "x": -2.2094157197210476,
      "y": -5.607545070501577,
      "z": 0.0
    },
    "orientation_quat": {
      "x": -0.0009442699429469373,
      "y": -0.000542597522685245,
      "z": 0.8670618682309015,
      "w": -0.498199288038574
    },
    "yaw_rad": -2.0985504969681386,
    "linear_vel": {
      "x": 0.18286845070984115,
      "y": 2.1316334281623497e-06
    },
    "angular_vel_z": -0.0048851094522193595
  }
}