{
  "frame_idx": 21,
  "ros_stamp": 47.9,
  "wall_time": 1776683890.8877645,
  "prompt": "big shelf section",
  "goal_id": "big_shelf_area",
  "goal_pose": {
    "frame_id": "map",
    "x": -3.858,
    "y": -8.011,
    "yaw_rad": 1.5399999999999998
  },
  "odom": {
    "position": {
      "x": -2.40573099847181,
      "y": -5.93168995127035,
      "z": 0.0
    },
    "orientation_quat": {
      "x": 0.0008053668096415993,
      "y": 0.00044029826851957094,
      "z": 0.8774098769603367,
      "w": -0.4797406229768157
    },
    "yaw_rad": -2.1408740489557476,
    "linear_vel": {
      "x": 0.18316447726669116,
      "y": -2.814738016314799e-07
    },
    "angular_vel_z": -0.003215904998896789
  }
}