{
  "frame_idx": 22,
  "ros_stamp": 49.9,
  "wall_time": 1776683893.021127,
  "prompt": "big shelf section",
  "goal_id": "big_shelf_area",
  "goal_pose": {
    "frame_id": "map",
    "x": -3.858,
    "y": -8.011,
    "yaw_rad": 1.5399999999999998
  },
  "odom": {
    "position": {
      "x": -2.6081631211459384,
      "y": -6.239443616748715,
      "z": 0.0
    },
    "orientation_quat": {
      "x": 0.0019622065677368508,
      "y": 0.0010639153122932123,
      "z": 0.8790843024024613,
      "w": -0.4766611029853094
    },
    "yaw_rad": -2.1478846659736552,
    "linear_vel": {
      "x": 0.1916739647973723,
      "y": 4.3188118602102525e-06
    },
    "angular_vel_z": 0.02532113591638565
  }
}