{
  "frame_idx": 23,
  "ros_stamp": 51.9,
  "wall_time": 1776683895.1358635,
  "prompt": "big shelf section",
  "goal_id": "big_shelf_area",
  "goal_pose": {
    "frame_id": "map",
    "x": -3.858,
    "y": -8.011,
    "yaw_rad": 1.5399999999999998
  },
  "odom": {
    "position": {
      "x": -2.824064966061955,
      "y": -6.578944496339248,
      "z": 0.0
    },
    "orientation_quat": {
      "x": -0.0019481223142206762,
      "y": -0.0010727767947377664,
      "z": 0.8759722093924923,
      "w": -0.4823564473928312
    },
    "yaw_rad": -2.1349043076169756,
    "linear_vel": {
      "x": 0.18587159940800538,
      "y": 1.4789900433057079e-06
    },
    "angular_vel_z": -0.0020496284475974976
  }
}