{
  "frame_idx": 24,
  "ros_stamp": 53.9,
  "wall_time": 1776683897.3143363,
  "prompt": "big shelf section",
  "goal_id": "big_shelf_area",
  "goal_pose": {
    "frame_id": "map",
    "x": -3.858,
    "y": -8.011,
    "yaw_rad": 1.5399999999999998
  },
  "odom": {
    "position": {
      "x": -3.023552728801851,
      "y": -6.889792411022416,
      "z": 0.0
    },
    "orientation_quat": {
      "x": -0.0010778300680628508,
      "y": -0.000579434320623122,
      "z": 0.8808011509811783,
      "w": -0.4734847779690959
    },
    "yaw_rad": -2.1551059300920716,
    "linear_vel": {
      "x": 0.18222094133315472,
      "y": 8.67638109469036e-06
    },
    "angular_vel_z": -0.02235529282880148
  }
}