{
  "frame_idx": 25,
  "ros_stamp": 55.9,
  "wall_time": 1776683899.390575,
  "prompt": "big shelf section",
  "goal_id": "big_shelf_area",
  "goal_pose": {
    "frame_id": "map",
    "x": -3.858,
    "y": -8.011,
    "yaw_rad": 1.5399999999999998
  },
  "odom": {
    "position": {
      "x": -3.246480316012355,
      "y": -7.220053999357275,
      "z": 0.0
    },
    "orientation_quat": {
      "x": -0.0016521052374589042,
      "y": -0.0008716386640285729,
      "z": 0.8844597795738736,
      "w": -0.46661269711663306
    },
    "yaw_rad": -2.1706766096111867,
    "linear_vel": {
      "x": 0.19723883154067262,
      "y": 5.702192097824634e-06
    },
    "angular_vel_z": -0.010938637916185264
  }
}