{
  "frame_idx": 26,
  "ros_stamp": 57.9,
  "wall_time": 1776683901.5392942,
  "prompt": "big shelf section",
  "goal_id": "big_shelf_area",
  "goal_pose": {
    "frame_id": "map",
    "x": -3.858,
    "y": -8.011,
    "yaw_rad": 1.5399999999999998
  },
  "odom": {
    "position": {
      "x": -3.469159803644824,
      "y": -7.528720376842045,
      "z": 0.0
    },
    "orientation_quat": {
      "x": 0.001799667755030961,
      "y": 0.0008971654368669662,
      "z": 0.8949488702529012,
      "w": -0.4461641804573807
    },
    "yaw_rad": -2.2166412955489116,
    "linear_vel": {
      "x": 0.17027913282099447,
      "y": -2.2776898797580484e-06
    },
    "angular_vel_z": -0.015425585242607818
  }
}