{
  "frame_idx": 27,
  "ros_stamp": 59.9,
  "wall_time": 1776683903.6702728,
  "prompt": "big shelf section",
  "goal_id": "big_shelf_area",
  "goal_pose": {
    "frame_id": "map",
    "x": -3.858,
    "y": -8.011,
    "yaw_rad": 1.5399999999999998
  },
  "odom": {
    "position": {
      "x": -3.665695721887526,
      "y": -7.770399516723905,
      "z": 0.0
    },
    "orientation_quat": {
      "x": -0.0017363557207905542,
      "y": -0.000709440585996321,
      "z": 0.9256722222458589,
      "w": -0.3783218454243411
    },
    "yaw_rad": -2.3656257681467863,
    "linear_vel": {
      "x": 0.13544024820363268,
      "y": 5.9674973387198276e-05
    },
    "angular_vel_z": -0.1440216168632149
  }
}