{
  "frame_idx": 28,
  "ros_stamp": 61.9,
  "wall_time": 1776683905.7715604,
  "prompt": "big shelf section",
  "goal_id": "big_shelf_area",
  "goal_pose": {
    "frame_id": "map",
    "x": -3.858,
    "y": -8.011,
    "yaw_rad": 1.5399999999999998
  },
  "odom": {
    "position": {
      "x": -3.834437144100809,
      "y": -7.896361424920828,
      "z": 0.0
    },
    "orientation_quat": {
      "x": -0.0021636278279491884,
      "y": -0.0005161453905027224,
      "z": 0.9727085510345478,
      "w": -0.23201966953865885
    },
    "yaw_rad": -2.673284472138217,
    "linear_vel": {
      "x": 0.06969688377687214,
      "y": 6.924774535181444e-05
    },
    "angular_vel_z": -0.16481070133415052
  }
}