{
  "frame_idx": 29,
  "ros_stamp": 63.9,
  "wall_time": 1776683907.9472785,
  "prompt": "big shelf section",
  "goal_id": "big_shelf_area",
  "goal_pose": {
    "frame_id": "map",
    "x": -3.858,
    "y": -8.011,
    "yaw_rad": 1.5399999999999998
  },
  "odom": {
    "position": {
      "x": -3.909352606574354,
      "y": -7.923273755905829,
      "z": 0.0
    },
    "orientation_quat": {
      "x": -0.0022180669345230174,
      "y": -0.000135077559485131,
      "z": 0.9981105061978117,
      "w": -0.06140422909437952
    },
    "yaw_rad": -3.0187065797943244,
    "linear_vel": {
      "x": 0.011722596938834637,
      "y": 6.315006099504178e-05
    },
    "angular_vel_z": -0.17529728225248045
  }
}