{
  "frame_idx": 30,
  "ros_stamp": 65.9,
  "wall_time": 1776683910.036674,
  "prompt": "big shelf section",
  "goal_id": "big_shelf_area",
  "goal_pose": {
    "frame_id": "map",
    "x": -3.858,
    "y": -8.011,
    "yaw_rad": 1.5399999999999998
  },
  "odom": {
    "position": {
      "x": -3.9235303160282977,
      "y": -7.923775432120346,
      "z": 0.0
    },
    "orientation_quat": {
      "x": -0.0022103928769528288,
      "y": 0.00023316808780726148,
      "z": 0.9944768972284492,
      "w": 0.10493217178181813
    },
    "yaw_rad": 2.9313407399638503,
    "linear_vel": {
      "x": 5.740964045004459e-05,
      "y": 5.374857496353101e-05
    },
    "angular_vel_z": -0.15346856399673353
  }
}