{
  "frame_idx": 31,
  "ros_stamp": 67.9,
  "wall_time": 1776683912.1834877,
  "prompt": "big shelf section",
  "goal_id": "big_shelf_area",
  "goal_pose": {
    "frame_id": "map",
    "x": -3.858,
    "y": -8.011,
    "yaw_rad": 1.5399999999999998
  },
  "odom": {
    "position": {
      "x": -3.923668336354225,
      "y": -7.92385032917469,
      "z": 0.0
    },
    "orientation_quat": {
      "x": -0.0021500304276672066,
      "y": 0.0005633363031100609,
      "z": 0.9673382044114979,
      "w": 0.25347950273603737
    },
    "yaw_rad": 2.6290402656665415,
    "linear_vel": {
      "x": -2.884033780957259e-07,
      "y": 5.213840215845951e-05
    },
    "angular_vel_z": -0.1489298296117882
  }
}