{
  "frame_idx": 32,
  "ros_stamp": 69.9,
  "wall_time": 1776683914.3267574,
  "prompt": "big shelf section",
  "goal_id": "big_shelf_area",
  "goal_pose": {
    "frame_id": "map",
    "x": -3.858,
    "y": -8.011,
    "yaw_rad": 1.5399999999999998
  },
  "odom": {
    "position": {
      "x": -3.923730361387952,
      "y": -7.9239310191517,
      "z": 0.0
    },
    "orientation_quat": {
      "x": -0.002057358253103262,
      "y": 0.0008409519052710453,
      "z": 0.9256469486733119,
      "w": 0.3783817998909285
    },
    "yaw_rad": 2.3654956486700187,
    "linear_vel": {
      "x": -4.933215712875681e-09,
      "y": 4.2286908081721466e-05
    },
    "angular_vel_z": -0.12193715386941524
  }
}