{
  "frame_idx": 33,
  "ros_stamp": 71.9,
  "wall_time": 1776683916.4269228,
  "prompt": "big shelf section",
  "goal_id": "big_shelf_area",
  "goal_pose": {
    "frame_id": "map",
    "x": -3.858,
    "y": -8.011,
    "yaw_rad": 1.5399999999999998
  },
  "odom": {
    "position": {
      "x": -3.923792561612779,
      "y": -7.92398159383006,
      "z": 0.0
    },
    "orientation_quat": {
      "x": -0.0019502222269850563,
      "y": 0.0010660765301613296,
      "z": 0.8774475500267822,
      "w": 0.4796674442424615
    },
    "yaw_rad": 2.141038611462219,
    "linear_vel": {
      "x": 2.3954502260701096e-07,
      "y": 3.701989963120727e-05
    },
    "angular_vel_z": -0.10563550244904656
  }
}