{
  "frame_idx": 34,
  "ros_stamp": 73.9,
  "wall_time": 1776683918.6155055,
  "prompt": "big shelf section",
  "goal_id": "big_shelf_area",
  "goal_pose": {
    "frame_id": "map",
    "x": -3.858,
    "y": -8.011,
    "yaw_rad": 1.5399999999999998
  },
  "odom": {
    "position": {
      "x": -3.923856880951789,
      "y": -7.924013642570221,
      "z": 0.0
    },
    "orientation_quat": {
      "x": -0.001836309979700678,
      "y": 0.0012521294852123716,
      "z": 0.8261989529577901,
      "w": 0.5633740766745147
    },
    "yaw_rad": 1.9446613229145289,
    "linear_vel": {
      "x": 2.478964335703609e-07,
      "y": 2.9983284035142124e-05
    },
    "angular_vel_z": -0.08463570412864377
  }
}