{
  "frame_idx": 35,
  "ros_stamp": 75.9,
  "wall_time": 1776683920.7091208,
  "prompt": "big shelf section",
  "goal_id": "big_shelf_area",
  "goal_pose": {
    "frame_id": "map",
    "x": -3.858,
    "y": -8.011,
    "yaw_rad": 1.5399999999999998
  },
  "odom": {
    "position": {
      "x": -3.9239079269581585,
      "y": -7.924028651306998,
      "z": 0.0
    },
    "orientation_quat": {
      "x": -0.0017401464876325339,
      "y": 0.0013826574489950172,
      "z": 0.7829351177553402,
      "w": 0.6220993984356615
    },
    "yaw_rad": 1.7987461456594251,
    "linear_vel": {
      "x": 1.2778473425914562e-07,
      "y": 2.3477842170011773e-05
    },
    "angular_vel_z": -0.06610697162537275
  }
}