{
  "frame_idx": 0,
  "ros_stamp": 3393.9,
  "wall_time": 1776687494.9894679,
  "prompt": "package pile",
  "goal_id": "box_staging_area",
  "goal_pose": {
    "frame_id": "map",
    "x": 1.545,
    "y": 6.535,
    "yaw_rad": 1.485
  },
  "odom": {
    "position": {
      "x": -3.9216091971430074,
      "y": -7.9113640038978525,
      "z": 0.0
    },
    "orientation_quat": {
      "x": -0.001721405401532283,
      "y": 0.001405920837844702,
      "z": 0.7745035000866443,
      "w": 0.6325657187230261
    },
    "yaw_rad": 1.771865695640775,
    "linear_vel": {
      "x": 0.0,
      "y": 0.0
    },
    "angular_vel_z": 0.0
  }
}