{
  "frame_idx": 1,
  "ros_stamp": 3395.9,
  "wall_time": 1776687497.1228552,
  "prompt": "package pile",
  "goal_id": "box_staging_area",
  "goal_pose": {
    "frame_id": "map",
    "x": 1.545,
    "y": 6.535,
    "yaw_rad": 1.485
  },
  "odom": {
    "position": {
      "x": -3.9335784438709442,
      "y": -7.643574127623312,
      "z": 0.0
    },
    "orientation_quat": {
      "x": -0.0015213970299809314,
      "y": 0.0016242924275428217,
      "z": 0.6836310651601096,
      "w": 0.7298243718684934
    },
    "yaw_rad": 1.505457342410243,
    "linear_vel": {
      "x": 0.15697021100001368,
      "y": 5.0209472172093985e-05
    },
    "angular_vel_z": -0.09919476244024507
  }
}