{
  "frame_idx": 2,
  "ros_stamp": 3397.9,
  "wall_time": 1776687499.329693,
  "prompt": "package pile",
  "goal_id": "box_staging_area",
  "goal_pose": {
    "frame_id": "map",
    "x": 1.545,
    "y": 6.535,
    "yaw_rad": 1.485
  },
  "odom": {
    "position": {
      "x": -3.887992501395599,
      "y": -7.315938608930739,
      "z": 0.0
    },
    "orientation_quat": {
      "x": 0.00042584325159125344,
      "y": -0.0005283974226792565,
      "z": 0.6256382906877332,
      "w": 0.7801129845599419
    },
    "yaw_rad": 1.3518993018009844,
    "linear_vel": {
      "x": 0.188743757555766,
      "y": 4.856090582646848e-06
    },
    "angular_vel_z": -0.03212556263826426
  }
}