{
  "frame_idx": 3,
  "ros_stamp": 3399.9,
  "wall_time": 1776687501.5158298,
  "prompt": "package pile",
  "goal_id": "box_staging_area",
  "goal_pose": {
    "frame_id": "map",
    "x": 1.545,
    "y": 6.535,
    "yaw_rad": 1.485
  },
  "odom": {
    "position": {
      "x": -3.807371928230133,
      "y": -6.9736821975495,
      "z": 0.0
    },
    "orientation_quat": {
      "x": -0.00016923480500472674,
      "y": 0.00021285901037502422,
      "z": 0.6206425552930017,
      "w": 0.7840935815385788
    },
    "yaw_rad": 1.3391239095116578,
    "linear_vel": {
      "x": 0.15840884017474602,
      "y": -5.029246697326178e-07
    },
    "angular_vel_z": 0.0037965005569248825
  }
}