{
  "frame_idx": 4,
  "ros_stamp": 3401.9,
  "wall_time": 1776687503.7213204,
  "prompt": "package pile",
  "goal_id": "box_staging_area",
  "goal_pose": {
    "frame_id": "map",
    "x": 1.545,
    "y": 6.535,
    "yaw_rad": 1.485
  },
  "odom": {
    "position": {
      "x": -3.729895737623314,
      "y": -6.634819993998228,
      "z": 0.0
    },
    "orientation_quat": {
      "x": -0.0007269040622237403,
      "y": 0.0009149327461049218,
      "z": 0.6220736296243009,
      "w": 0.7829578748787207
    },
    "yaw_rad": 1.34277784270318,
    "linear_vel": {
      "x": 0.18627557006935822,
      "y": 9.373030673076675e-06
    },
    "angular_vel_z": -0.0233682716370661
  }
}