{
  "frame_idx": 5,
  "ros_stamp": 3403.9,
  "wall_time": 1776687505.9514441,
  "prompt": "package pile",
  "goal_id": "box_staging_area",
  "goal_pose": {
    "frame_id": "map",
    "x": 1.545,
    "y": 6.535,
    "yaw_rad": 1.485
  },
  "odom": {
    "position": {
      "x": -3.6472210432327734,
      "y": -6.299824900062837,
      "z": 0.0
    },
    "orientation_quat": {
      "x": -0.0005900703767806821,
      "y": 0.0007471378001242904,
      "z": 0.6197927606193742,
      "w": 0.7847649504698034
    },
    "yaw_rad": 1.336957910996783,
    "linear_vel": {
      "x": 0.16575533008195506,
      "y": -1.389367426054991e-05
    },
    "angular_vel_z": 0.04179374079357873
  }
}