{
  "frame_idx": 6,
  "ros_stamp": 3405.9,
  "wall_time": 1776687508.0840614,
  "prompt": "package pile",
  "goal_id": "box_staging_area",
  "goal_pose": {
    "frame_id": "map",
    "x": 1.545,
    "y": 6.535,
    "yaw_rad": 1.485
  },
  "odom": {
    "position": {
      "x": -3.562029652672045,
      "y": -5.951349825352513,
      "z": 0.0
    },
    "orientation_quat": {
      "x": 0.0009675364412831139,
      "y": -0.0012490919699832423,
      "z": 0.612362202856167,
      "w": 0.7905757624387607
    },
    "yaw_rad": 1.3180921180966167,
    "linear_vel": {
      "x": 0.18063383169245373,
      "y": -7.246232496572753e-07
    },
    "angular_vel_z": -0.002022390723718756
  }
}