{
  "frame_idx": 7,
  "ros_stamp": 3407.9,
  "wall_time": 1776687510.2372968,
  "prompt": "package pile",
  "goal_id": "box_staging_area",
  "goal_pose": {
    "frame_id": "map",
    "x": 1.545,
    "y": 6.535,
    "yaw_rad": 1.485
  },
  "odom": {
    "position": {
      "x": -3.4676267787656,
      "y": -5.616820666161541,
      "z": 0.0
    },
    "orientation_quat": {
      "x": 0.00112563726467899,
      "y": -0.001526309405185797,
      "z": 0.5935241408235842,
      "w": 0.8048139521529024
    },
    "yaw_rad": 1.2708638960653849,
    "linear_vel": {
      "x": 0.18022058122855555,
      "y": -2.4356998314453574e-06
    },
    "angular_vel_z": -0.027926228451687345
  }
}