{
  "frame_idx": 8,
  "ros_stamp": 3409.9,
  "wall_time": 1776687512.4687836,
  "prompt": "package pile",
  "goal_id": "box_staging_area",
  "goal_pose": {
    "frame_id": "map",
    "x": 1.545,
    "y": 6.535,
    "yaw_rad": 1.485
  },
  "odom": {
    "position": {
      "x": -3.357704037948889,
      "y": -5.278236981686977,
      "z": 0.0
    },
    "orientation_quat": {
      "x": 0.0010717415084353496,
      "y": -0.0014878700510624263,
      "z": 0.5844569742687696,
      "w": 0.8114226289927124
    },
    "yaw_rad": 1.2484237643303278,
    "linear_vel": {
      "x": 0.20653578573577241,
      "y": -9.384541333542096e-07
    },
    "angular_vel_z": -0.026977041140797214
  }
}