{
  "frame_idx": 9,
  "ros_stamp": 3411.9,
  "wall_time": 1776687514.5859075,
  "prompt": "package pile",
  "goal_id": "box_staging_area",
  "goal_pose": {
    "frame_id": "map",
    "x": 1.545,
    "y": 6.535,
    "yaw_rad": 1.485
  },
  "odom": {
    "position": {
      "x": -3.242641821844026,
      "y": -4.937477634673799,
      "z": 0.0
    },
    "orientation_quat": {
      "x": 0.001304585349447028,
      "y": -0.0018396293663305316,
      "z": 0.5784479685235269,
      "w": 0.8157161648097121
    },
    "yaw_rad": 1.2336531072359942,
    "linear_vel": {
      "x": 0.20666246499157595,
      "y": 0.0009148366828206055
    },
    "angular_vel_z": -0.028944442459107177
  }
}