{
  "frame_idx": 10,
  "ros_stamp": 3413.9,
  "wall_time": 1776687516.7510557,
  "prompt": "package pile",
  "goal_id": "box_staging_area",
  "goal_pose": {
    "frame_id": "map",
    "x": 1.545,
    "y": 6.535,
    "yaw_rad": 1.485
  },
  "odom": {
    "position": {
      "x": -3.1240908106328353,
      "y": -4.598836828973558,
      "z": 0.0
    },
    "orientation_quat": {
      "x": -0.0009291579073964431,
      "y": 0.0013038666337972851,
      "z": 0.5803488219102503,
      "w": 0.8143664295050288
    },
    "yaw_rad": 1.238315746511304,
    "linear_vel": {
      "x": 0.16119998413142692,
      "y": -3.4375670566147594e-06
    },
    "angular_vel_z": 0.010277058932340544
  }
}