{
  "frame_idx": 11,
  "ros_stamp": 3415.9,
  "wall_time": 1776687518.9004936,
  "prompt": "package pile",
  "goal_id": "box_staging_area",
  "goal_pose": {
    "frame_id": "map",
    "x": 1.545,
    "y": 6.535,
    "yaw_rad": 1.485
  },
  "odom": {
    "position": {
      "x": -3.0082374121058537,
      "y": -4.262216426414785,
      "z": 0.0
    },
    "orientation_quat": {
      "x": -0.0008556650563738957,
      "y": 0.0012005904462763497,
      "z": 0.5803942694477426,
      "w": 0.8143342792810043
    },
    "yaw_rad": 1.2384270853444406,
    "linear_vel": {
      "x": 0.18068264785032168,
      "y": -8.783710515873107e-06
    },
    "angular_vel_z": 0.019876183274254226
  }
}