{
  "frame_idx": 12,
  "ros_stamp": 3417.9,
  "wall_time": 1776687521.0325718,
  "prompt": "package pile",
  "goal_id": "box_staging_area",
  "goal_pose": {
    "frame_id": "map",
    "x": 1.545,
    "y": 6.535,
    "yaw_rad": 1.485
  },
  "odom": {
    "position": {
      "x": -2.8869182599280965,
      "y": -3.9076073798149573,
      "z": 0.0
    },
    "orientation_quat": {
      "x": 0.0012268089803829448,
      "y": -0.001699468528003744,
      "z": 0.5853008249201437,
      "w": 0.8108135119090254
    },
    "yaw_rad": 1.250505217350727,
    "linear_vel": {
      "x": 0.1741333897672239,
      "y": -5.033284409243109e-07
    },
    "angular_vel_z": 0.0006564325758225927
  }
}