{
  "frame_idx": 13,
  "ros_stamp": 3419.9,
  "wall_time": 1776687523.282447,
  "prompt": "package pile",
  "goal_id": "box_staging_area",
  "goal_pose": {
    "frame_id": "map",
    "x": 1.545,
    "y": 6.535,
    "yaw_rad": 1.485
  },
  "odom": {
    "position": {
      "x": -2.7677674103106655,
      "y": -3.577018253815284,
      "z": 0.0
    },
    "orientation_quat": {
      "x": 0.0009713943618996437,
      "y": -0.0014278619355095636,
      "z": 0.5624712331099999,
      "w": 0.8268150515846957
    },
    "yaw_rad": 1.1947452765689548,
    "linear_vel": {
      "x": 0.19543861878808233,
      "y": -1.4708776173362774e-06
    },
    "angular_vel_z": -0.03169706182617125
  }
}