{
  "frame_idx": 14,
  "ros_stamp": 3421.9,
  "wall_time": 1776687525.4140487,
  "prompt": "package pile",
  "goal_id": "box_staging_area",
  "goal_pose": {
    "frame_id": "map",
    "x": 1.545,
    "y": 6.535,
    "yaw_rad": 1.485
  },
  "odom": {
    "position": {
      "x": -2.6309352592993367,
      "y": -3.236295285954749,
      "z": 0.0
    },
    "orientation_quat": {
      "x": 0.0012418071653480757,
      "y": -0.0018474591083420281,
      "z": 0.5578463519695638,
      "w": 0.8299412584057119
    },
    "yaw_rad": 1.1835805287660852,
    "linear_vel": {
      "x": 0.19399146585746135,
      "y": -9.451451958138938e-07
    },
    "angular_vel_z": -0.010223267561796843
  }
}