{
  "frame_idx": 15,
  "ros_stamp": 3423.9,
  "wall_time": 1776687527.6117356,
  "prompt": "package pile",
  "goal_id": "box_staging_area",
  "goal_pose": {
    "frame_id": "map",
    "x": 1.545,
    "y": 6.535,
    "yaw_rad": 1.485
  },
  "odom": {
    "position": {
      "x": -2.4811183177917924,
      "y": -2.8851726851664314,
      "z": 0.0
    },
    "orientation_quat": {
      "x": 0.0012164534932160489,
      "y": -0.0018643703212664839,
      "z": 0.5464317297478716,
      "w": 0.8375006919931189
    },
    "yaw_rad": 1.15619860090174,
    "linear_vel": {
      "x": 0.18783446083504549,
      "y": -8.238158322738096e-07
    },
    "angular_vel_z": -0.008961169966395512
  }
}