{
  "frame_idx": 16,
  "ros_stamp": 3425.9,
  "wall_time": 1776687529.8484528,
  "prompt": "package pile",
  "goal_id": "box_staging_area",
  "goal_pose": {
    "frame_id": "map",
    "x": 1.545,
    "y": 6.535,
    "yaw_rad": 1.485
  },
  "odom": {
    "position": {
      "x": -2.339799083127639,
      "y": -2.565505290594551,
      "z": 0.0
    },
    "orientation_quat": {
      "x": -0.0009876555796695253,
      "y": 0.0015392980736374767,
      "z": 0.5400285948303684,
      "w": 0.8416446826680688
    },
    "yaw_rad": 1.1409443140286022,
    "linear_vel": {
      "x": 0.18229053901388234,
      "y": 9.865095811983037e-06
    },
    "angular_vel_z": -0.020430364403047872
  }
}