{
  "frame_idx": 17,
  "ros_stamp": 3427.9,
  "wall_time": 1776687532.0055437,
  "prompt": "package pile",
  "goal_id": "box_staging_area",
  "goal_pose": {
    "frame_id": "map",
    "x": 1.545,
    "y": 6.535,
    "yaw_rad": 1.485
  },
  "odom": {
    "position": {
      "x": -2.1823215501802884,
      "y": -2.22654546720891,
      "z": 0.0
    },
    "orientation_quat": {
      "x": -0.001094416398957915,
      "y": 0.0017223126853634393,
      "z": 0.5363258241260958,
      "w": 0.84400855817179
    },
    "yaw_rad": 1.132158297561588,
    "linear_vel": {
      "x": 0.18452046247238246,
      "y": 1.6391325982978498e-06
    },
    "angular_vel_z": -0.002115248032629435
  }
}