{
  "frame_idx": 18,
  "ros_stamp": 3429.9,
  "wall_time": 1776687534.2148216,
  "prompt": "package pile",
  "goal_id": "box_staging_area",
  "goal_pose": {
    "frame_id": "map",
    "x": 1.545,
    "y": 6.535,
    "yaw_rad": 1.485
  },
  "odom": {
    "position": {
      "x": -2.0170506221840854,
      "y": -1.878261132218846,
      "z": 0.0
    },
    "orientation_quat": {
      "x": 0.0002486951575860094,
      "y": -0.0003920536998885143,
      "z": 0.5356168091330644,
      "w": 0.8444610223205861
    },
    "yaw_rad": 1.1304761277016329,
    "linear_vel": {
      "x": 0.2064066738305451,
      "y": -7.125697047417586e-07
    },
    "angular_vel_z": 0.0035726263517387815
  }
}