{
  "frame_idx": 19,
  "ros_stamp": 3431.9,
  "wall_time": 1776687536.3346872,
  "prompt": "package pile",
  "goal_id": "box_staging_area",
  "goal_pose": {
    "frame_id": "map",
    "x": 1.545,
    "y": 6.535,
    "yaw_rad": 1.485
  },
  "odom": {
    "position": {
      "x": -1.8667079012416703,
      "y": -1.5627190509036009,
      "z": 0.0
    },
    "orientation_quat": {
      "x": 0.000130372213108164,
      "y": -0.00020772900707707748,
      "z": 0.5314967575980266,
      "w": 0.8470602909560395
    },
    "yaw_rad": 1.120733218024387,
    "linear_vel": {
      "x": 0.19018299153468549,
      "y": -1.132683619212713e-06
    },
    "angular_vel_z": 0.00459769638216192
  }
}