{
  "frame_idx": 20,
  "ros_stamp": 3433.9,
  "wall_time": 1776687538.5494268,
  "prompt": "package pile",
  "goal_id": "box_staging_area",
  "goal_pose": {
    "frame_id": "map",
    "x": 1.545,
    "y": 6.535,
    "yaw_rad": 1.485
  },
  "odom": {
    "position": {
      "x": -1.6888620801628005,
      "y": -1.2290669469564706,
      "z": 0.0
    },
    "orientation_quat": {
      "x": 0.00011346206055053615,
      "y": -0.0001946563379935996,
      "z": 0.5034788600475216,
      "w": 0.8640075154305772
    },
    "yaw_rad": 1.0552410237802985,
    "linear_vel": {
      "x": 0.1865916405662909,
      "y": 2.6278355177641877e-07
    },
    "angular_vel_z": 0.0013478584564007622
  }
}