{
  "frame_idx": 21,
  "ros_stamp": 3435.9,
  "wall_time": 1776687540.8126142,
  "prompt": "package pile",
  "goal_id": "box_staging_area",
  "goal_pose": {
    "frame_id": "map",
    "x": 1.545,
    "y": 6.535,
    "yaw_rad": 1.485
  },
  "odom": {
    "position": {
      "x": -1.5029839531475269,
      "y": -0.8977486632842234,
      "z": 0.0
    },
    "orientation_quat": {
      "x": 0.0011280327699152322,
      "y": -0.0019247732698216,
      "z": 0.5056424530656476,
      "w": 0.862740246219964
    },
    "yaw_rad": 1.0602558496387222,
    "linear_vel": {
      "x": 0.20251628755631335,
      "y": 3.977330875754156e-07
    },
    "angular_vel_z": 0.0
  }
}