{
  "frame_idx": 22,
  "ros_stamp": 3437.9,
  "wall_time": 1776687542.9676266,
  "prompt": "package pile",
  "goal_id": "box_staging_area",
  "goal_pose": {
    "frame_id": "map",
    "x": 1.545,
    "y": 6.535,
    "yaw_rad": 1.485
  },
  "odom": {
    "position": {
      "x": -1.3047514819222112,
      "y": -0.5445588526861755,
      "z": 0.0
    },
    "orientation_quat": {
      "x": 0.0001816447897622571,
      "y": -0.0003081909780983428,
      "z": 0.5076906030766455,
      "w": 0.8615393917698501
    },
    "yaw_rad": 1.0650043148565265,
    "linear_vel": {
      "x": 0.19254842611313555,
      "y": -9.118947947106353e-07
    },
    "angular_vel_z": 0.003017857126270936
  }
}