{
  "frame_idx": 23,
  "ros_stamp": 3439.9,
  "wall_time": 1776687545.1876686,
  "prompt": "package pile",
  "goal_id": "box_staging_area",
  "goal_pose": {
    "frame_id": "map",
    "x": 1.545,
    "y": 6.535,
    "yaw_rad": 1.485
  },
  "odom": {
    "position": {
      "x": -1.1253890521937746,
      "y": -0.24447294911484915,
      "z": 0.0
    },
    "orientation_quat": {
      "x": -8.96375934877048e-05,
      "y": 0.00016750115442287674,
      "z": 0.4773870689079608,
      "w": 0.8786930922386559
    },
    "yaw_rad": 0.9953573120646786,
    "linear_vel": {
      "x": 0.1879369296877537,
      "y": 3.10816291844776e-06
    },
    "angular_vel_z": -0.009322424932508037
  }
}