{
  "frame_idx": 24,
  "ros_stamp": 3441.9,
  "wall_time": 1776687547.3033519,
  "prompt": "package pile",
  "goal_id": "box_staging_area",
  "goal_pose": {
    "frame_id": "map",
    "x": 1.545,
    "y": 6.535,
    "yaw_rad": 1.485
  },
  "odom": {
    "position": {
      "x": -0.9416064596937653,
      "y": 0.048395555401993716,
      "z": 0.0
    },
    "orientation_quat": {
      "x": 0.0010912179296982355,
      "y": -0.00193639701423263,
      "z": 0.490931693692936,
      "w": 0.8711952317005749
    },
    "yaw_rad": 1.0263205252029854,
    "linear_vel": {
      "x": 0.18566379588592974,
      "y": -2.157610058789428e-06
    },
    "angular_vel_z": -0.016030128839236983
  }
}