{
  "frame_idx": 25,
  "ros_stamp": 3443.9,
  "wall_time": 1776687549.4547436,
  "prompt": "package pile",
  "goal_id": "box_staging_area",
  "goal_pose": {
    "frame_id": "map",
    "x": 1.545,
    "y": 6.535,
    "yaw_rad": 1.485
  },
  "odom": {
    "position": {
      "x": -0.7635590869236228,
      "y": 0.316858457883429,
      "z": 0.0
    },
    "orientation_quat": {
      "x": 0.0010199875703396503,
      "y": -0.0019750074768724265,
      "z": 0.45885094181208763,
      "w": 0.8885104794930574
    },
    "yaw_rad": 0.953405609640796,
    "linear_vel": {
      "x": 0.1742658289137422,
      "y": -6.933468315475466e-06
    },
    "angular_vel_z": -0.04177342906634288
  }
}