{
  "frame_idx": 26,
  "ros_stamp": 3445.9,
  "wall_time": 1776687551.616389,
  "prompt": "package pile",
  "goal_id": "box_staging_area",
  "goal_pose": {
    "frame_id": "map",
    "x": 1.545,
    "y": 6.535,
    "yaw_rad": 1.485
  },
  "odom": {
    "position": {
      "x": -0.5831258924650539,
      "y": 0.555243755845401,
      "z": 0.0
    },
    "orientation_quat": {
      "x": -0.0009593006147909727,
      "y": 0.0020064172443826733,
      "z": 0.43136227520927584,
      "w": 0.9021760590696524
    },
    "yaw_rad": 0.892006797869859,
    "linear_vel": {
      "x": 0.11505723940132193,
      "y": 1.2529132134108371e-05
    },
    "angular_vel_z": -0.026882790777881832
  }
}