{
  "frame_idx": 27,
  "ros_stamp": 3447.9,
  "wall_time": 1776687553.7121294,
  "prompt": "package pile",
  "goal_id": "box_staging_area",
  "goal_pose": {
    "frame_id": "map",
    "x": 1.545,
    "y": 6.535,
    "yaw_rad": 1.485
  },
  "odom": {
    "position": {
      "x": -0.39542123817756586,
      "y": 0.7812910482814396,
      "z": 0.0
    },
    "orientation_quat": {
      "x": 1.071728646268816e-05,
      "y": -2.2803661258890267e-05,
      "z": 0.42399002003386754,
      "w": 0.905666860538031
    },
    "yaw_rad": 0.8756928320848143,
    "linear_vel": {
      "x": 0.14422849016823236,
      "y": -3.359076470305761e-07
    },
    "angular_vel_z": 0.0033565285184067616
  }
}