{
  "frame_idx": 28,
  "ros_stamp": 3449.9,
  "wall_time": 1776687555.9196763,
  "prompt": "package pile",
  "goal_id": "box_staging_area",
  "goal_pose": {
    "frame_id": "map",
    "x": 1.545,
    "y": 6.535,
    "yaw_rad": 1.485
  },
  "odom": {
    "position": {
      "x": -0.23318976471944386,
      "y": 0.9892028663794634,
      "z": 0.0
    },
    "orientation_quat": {
      "x": 0.0006377298886678126,
      "y": -0.0012040745272200906,
      "z": 0.46825724814626446,
      "w": 0.8835911345546704
    },
    "yaw_rad": 0.9746357771562513,
    "linear_vel": {
      "x": 0.10956297498641596,
      "y": 6.381476176696779e-06
    },
    "angular_vel_z": 0.08404353266337941
  }
}