{
  "frame_idx": 29,
  "ros_stamp": 3451.9,
  "wall_time": 1776687558.0286245,
  "prompt": "package pile",
  "goal_id": "box_staging_area",
  "goal_pose": {
    "frame_id": "map",
    "x": 1.545,
    "y": 6.535,
    "yaw_rad": 1.485
  },
  "odom": {
    "position": {
      "x": -0.115076546330526,
      "y": 1.21363867429222,
      "z": 0.0
    },
    "orientation_quat": {
      "x": 0.0003544847260037906,
      "y": -0.0005181677123109128,
      "z": 0.564587928831007,
      "w": 0.8253726894325464
    },
    "yaw_rad": 1.199868097092096,
    "linear_vel": {
      "x": 0.1387887052583702,
      "y": -4.259988115275828e-06
    },
    "angular_vel_z": 0.09020704232878136
  }
}