{
  "frame_idx": 30,
  "ros_stamp": 3453.9,
  "wall_time": 1776687560.2202356,
  "prompt": "package pile",
  "goal_id": "box_staging_area",
  "goal_pose": {
    "frame_id": "map",
    "x": 1.545,
    "y": 6.535,
    "yaw_rad": 1.485
  },
  "odom": {
    "position": {
      "x": -0.024791499283352683,
      "y": 1.5247363172647044,
      "z": 0.0
    },
    "orientation_quat": {
      "x": 0.0012235147370727227,
      "y": -0.0015163663360993535,
      "z": 0.6278193429931123,
      "w": 0.7783566510337789
    },
    "yaw_rad": 1.357499915424428,
    "linear_vel": {
      "x": 0.17241693906484784,
      "y": 3.678328152256007e-06
    },
    "angular_vel_z": 0.030297872159557575
  }
}