{
  "frame_idx": 31,
  "ros_stamp": 3455.9,
  "wall_time": 1776687562.408334,
  "prompt": "package pile",
  "goal_id": "box_staging_area",
  "goal_pose": {
    "frame_id": "map",
    "x": 1.545,
    "y": 6.535,
    "yaw_rad": 1.485
  },
  "odom": {
    "position": {
      "x": 0.03874490545625728,
      "y": 1.863021679724566,
      "z": 0.0
    },
    "orientation_quat": {
      "x": 0.0014407410232558312,
      "y": -0.001699626519038564,
      "z": 0.6466163906292363,
      "w": 0.7628120862339681
    },
    "yaw_rad": 1.406284939012284,
    "linear_vel": {
      "x": 0.18354627278586727,
      "y": 3.49558606359092e-07
    },
    "angular_vel_z": 0.0
  }
}