{
  "frame_idx": 32,
  "ros_stamp": 3457.9,
  "wall_time": 1776687564.5316167,
  "prompt": "package pile",
  "goal_id": "box_staging_area",
  "goal_pose": {
    "frame_id": "map",
    "x": 1.545,
    "y": 6.535,
    "yaw_rad": 1.485
  },
  "odom": {
    "position": {
      "x": 0.08823959914010285,
      "y": 2.1766370793179672,
      "z": 0.0
    },
    "orientation_quat": {
      "x": 0.0003258458759871993,
      "y": -0.0003788279998046755,
      "z": 0.6520877984607277,
      "w": 0.758143293456094
    },
    "yaw_rad": 1.4206702484935272,
    "linear_vel": {
      "x": 0.1675336283929704,
      "y": -7.40968740900279e-07
    },
    "angular_vel_z": 0.003818299797790345
  }
}