{
  "frame_idx": 33,
  "ros_stamp": 3459.9,
  "wall_time": 1776687566.770213,
  "prompt": "package pile",
  "goal_id": "box_staging_area",
  "goal_pose": {
    "frame_id": "map",
    "x": 1.545,
    "y": 6.535,
    "yaw_rad": 1.485
  },
  "odom": {
    "position": {
      "x": 0.1441143926846729,
      "y": 2.534817741170559,
      "z": 0.0
    },
    "orientation_quat": {
      "x": 0.0014528150484060135,
      "y": -0.0016943689478381542,
      "z": 0.6509111712879206,
      "w": 0.7591506211121024
    },
    "yaw_rad": 1.417572402916594,
    "linear_vel": {
      "x": 0.17724259725723596,
      "y": -5.871126260772872e-06
    },
    "angular_vel_z": -0.03676536299437817
  }
}