{
  "frame_idx": 34,
  "ros_stamp": 3461.9,
  "wall_time": 1776687568.973921,
  "prompt": "package pile",
  "goal_id": "box_staging_area",
  "goal_pose": {
    "frame_id": "map",
    "x": 1.545,
    "y": 6.535,
    "yaw_rad": 1.485
  },
  "odom": {
    "position": {
      "x": 0.1988312480869661,
      "y": 2.852032369119664,
      "z": 0.0
    },
    "orientation_quat": {
      "x": -0.00021199249762401885,
      "y": 0.00025331559979969943,
      "z": 0.6417922337240132,
      "w": 0.7668784907805991
    },
    "yaw_rad": 1.3936661652707116,
    "linear_vel": {
      "x": 0.15872634950978187,
      "y": 2.3913543729094192e-06
    },
    "angular_vel_z": -0.0099338132592808
  }
}