{
  "frame_idx": 35,
  "ros_stamp": 3463.9,
  "wall_time": 1776687571.1232855,
  "prompt": "package pile",
  "goal_id": "box_staging_area",
  "goal_pose": {
    "frame_id": "map",
    "x": 1.545,
    "y": 6.535,
    "yaw_rad": 1.485
  },
  "odom": {
    "position": {
      "x": 0.2611476225650978,
      "y": 3.1888972639913353,
      "z": 0.0
    },
    "orientation_quat": {
      "x": 0.00016602297313444118,
      "y": -0.00020049048210686124,
      "z": 0.6377628315968452,
      "w": 0.7702327588940325
    },
    "yaw_rad": 1.3831805062043403,
    "linear_vel": {
      "x": 0.17703271549998553,
      "y": 3.7017998233627026e-06
    },
    "angular_vel_z": -0.024271185912669045
  }
}