{
  "frame_idx": 36,
  "ros_stamp": 3465.9,
  "wall_time": 1776687573.346195,
  "prompt": "package pile",
  "goal_id": "box_staging_area",
  "goal_pose": {
    "frame_id": "map",
    "x": 1.545,
    "y": 6.535,
    "yaw_rad": 1.485
  },
  "odom": {
    "position": {
      "x": 0.33269115740187877,
      "y": 3.520266552930371,
      "z": 0.0
    },
    "orientation_quat": {
      "x": 0.0013851325271304591,
      "y": -0.0017391353707754843,
      "z": 0.622988398897519,
      "w": 0.7822279154154179
    },
    "yaw_rad": 1.345118479125961,
    "linear_vel": {
      "x": 0.19192305403142157,
      "y": 3.254718768004323e-06
    },
    "angular_vel_z": 0.01742406983040126
  }
}