{
  "frame_idx": 37,
  "ros_stamp": 3467.9,
  "wall_time": 1776687575.467836,
  "prompt": "package pile",
  "goal_id": "box_staging_area",
  "goal_pose": {
    "frame_id": "map",
    "x": 1.545,
    "y": 6.535,
    "yaw_rad": 1.485
  },
  "odom": {
    "position": {
      "x": 0.41103876415845053,
      "y": 3.8611736241167947,
      "z": 0.0
    },
    "orientation_quat": {
      "x": -0.001113772266431318,
      "y": 0.0014203809496914283,
      "z": 0.61704283459117,
      "w": 0.7869274949504499
    },
    "yaw_rad": 1.3299611321147973,
    "linear_vel": {
      "x": 0.17757551842336128,
      "y": 1.6069402120810945e-06
    },
    "angular_vel_z": -0.0023273603304496135
  }
}