{
  "frame_idx": 38,
  "ros_stamp": 3469.9,
  "wall_time": 1776687577.700273,
  "prompt": "package pile",
  "goal_id": "box_staging_area",
  "goal_pose": {
    "frame_id": "map",
    "x": 1.545,
    "y": 6.535,
    "yaw_rad": 1.485
  },
  "odom": {
    "position": {
      "x": 0.49790008421858223,
      "y": 4.190217712132356,
      "z": 0.0
    },
    "orientation_quat": {
      "x": 0.0004901122824752772,
      "y": -0.000641511022093054,
      "z": 0.6070756745098069,
      "w": 0.7946436142523402
    },
    "yaw_rad": 1.3047511984267666,
    "linear_vel": {
      "x": 0.18260220346968162,
      "y": 1.3821878181113998e-06
    },
    "angular_vel_z": -0.011472455424299718
  }
}