{
  "frame_idx": 39,
  "ros_stamp": 3471.9,
  "wall_time": 1776687579.819041,
  "prompt": "package pile",
  "goal_id": "box_staging_area",
  "goal_pose": {
    "frame_id": "map",
    "x": 1.545,
    "y": 6.535,
    "yaw_rad": 1.485
  },
  "odom": {
    "position": {
      "x": 0.5975984605836205,
      "y": 4.533404386372294,
      "z": 0.0
    },
    "orientation_quat": {
      "x": 0.0006446332457651022,
      "y": -0.0008768892886740142,
      "z": 0.5922811271827528,
      "w": 0.8057306509599108
    },
    "yaw_rad": 1.2677749322923972,
    "linear_vel": {
      "x": 0.19120910514444298,
      "y": 1.5017930986576007e-06
    },
    "angular_vel_z": -0.017669740575985894
  }
}