{
  "frame_idx": 40,
  "ros_stamp": 3473.9,
  "wall_time": 1776687581.9487746,
  "prompt": "package pile",
  "goal_id": "box_staging_area",
  "goal_pose": {
    "frame_id": "map",
    "x": 1.545,
    "y": 6.535,
    "yaw_rad": 1.485
  },
  "odom": {
    "position": {
      "x": 0.7089612514364861,
      "y": 4.873821639488538,
      "z": 0.0
    },
    "orientation_quat": {
      "x": 0.001156397433037911,
      "y": -0.0016330741646021687,
      "z": 0.5778824828464657,
      "w": 0.8161175355504586
    },
    "yaw_rad": 1.2322662050883901,
    "linear_vel": {
      "x": 0.18703497333780814,
      "y": -6.0033210703680495e-06
    },
    "angular_vel_z": -0.05670357432410118
  }
}