{
  "frame_idx": 41,
  "ros_stamp": 3475.9,
  "wall_time": 1776687584.1583455,
  "prompt": "package pile",
  "goal_id": "box_staging_area",
  "goal_pose": {
    "frame_id": "map",
    "x": 1.545,
    "y": 6.535,
    "yaw_rad": 1.485
  },
  "odom": {
    "position": {
      "x": 0.836809190787937,
      "y": 5.221538937642549,
      "z": 0.0
    },
    "orientation_quat": {
      "x": -0.000930059285030292,
      "y": 0.0013551201780504273,
      "z": 0.5658781433860762,
      "w": 0.8244872500390511
    },
    "yaw_rad": 1.2029977357887116,
    "linear_vel": {
      "x": 0.14297304276898012,
      "y": 1.0300658792351407e-05
    },
    "angular_vel_z": -0.023602034090374605
  }
}