{
  "frame_idx": 42,
  "ros_stamp": 3477.9,
  "wall_time": 1776687586.266261,
  "prompt": "package pile",
  "goal_id": "box_staging_area",
  "goal_pose": {
    "frame_id": "map",
    "x": 1.545,
    "y": 6.535,
    "yaw_rad": 1.485
  },
  "odom": {
    "position": {
      "x": 0.980940292102231,
      "y": 5.571547800718322,
      "z": 0.0
    },
    "orientation_quat": {
      "x": -0.0012044873207939658,
      "y": 0.0018610668253864386,
      "z": 0.5434202889840282,
      "w": 0.839457845970291
    },
    "yaw_rad": 1.149015481626523,
    "linear_vel": {
      "x": 0.21447460258376827,
      "y": 2.261342744473222e-05
    },
    "angular_vel_z": -0.03914086216759358
  }
}