{
  "frame_idx": 43,
  "ros_stamp": 3479.9,
  "wall_time": 1776687588.4424555,
  "prompt": "package pile",
  "goal_id": "box_staging_area",
  "goal_pose": {
    "frame_id": "map",
    "x": 1.545,
    "y": 6.535,
    "yaw_rad": 1.485
  },
  "odom": {
    "position": {
      "x": 1.1534824785589586,
      "y": 5.930166398878303,
      "z": 0.0
    },
    "orientation_quat": {
      "x": -0.0010976482515743047,
      "y": 0.001817511806989574,
      "z": 0.5169762762124889,
      "w": 0.855997092081869
    },
    "yaw_rad": 1.0866322799728674,
    "linear_vel": {
      "x": 0.17482668326877965,
      "y": 3.6411442046690133e-06
    },
    "angular_vel_z": -0.006148751109987825
  }
}