{
  "frame_idx": 44,
  "ros_stamp": 3481.9,
  "wall_time": 1776687590.5964322,
  "prompt": "package pile",
  "goal_id": "box_staging_area",
  "goal_pose": {
    "frame_id": "map",
    "x": 1.545,
    "y": 6.535,
    "yaw_rad": 1.485
  },
  "odom": {
    "position": {
      "x": 1.3022713483149426,
      "y": 6.197457469622867,
      "z": 0.0
    },
    "orientation_quat": {
      "x": -0.0004038307316608679,
      "y": 0.0006867830237446024,
      "z": 0.5040406404529906,
      "w": 0.8636795690657256
    },
    "yaw_rad": 1.056542013273703,
    "linear_vel": {
      "x": 0.1316790501368981,
      "y": -1.6375046617647817e-05
    },
    "angular_vel_z": 0.057790644073528054
  }
}