{
  "frame_idx": 45,
  "ros_stamp": 3483.9,
  "wall_time": 1776687592.807369,
  "prompt": "package pile",
  "goal_id": "box_staging_area",
  "goal_pose": {
    "frame_id": "map",
    "x": 1.545,
    "y": 6.535,
    "yaw_rad": 1.485
  },
  "odom": {
    "position": {
      "x": 1.402496494697196,
      "y": 6.3952458547117805,
      "z": 0.0
    },
    "orientation_quat": {
      "x": -0.0012150707631570581,
      "y": 0.0018614241095994651,
      "z": 0.5466223865954093,
      "w": 0.8373762745481051
    },
    "yaw_rad": 1.1566539251628702,
    "linear_vel": {
      "x": 0.08804629558988557,
      "y": -2.531055028789339e-05
    },
    "angular_vel_z": 0.05958556019995748
  }
}