{
  "frame_idx": 0,
  "ros_stamp": 1553.9,
  "wall_time": 1776685502.92662,
  "prompt": "entrance to small shelves",
  "goal_id": "enter_small_shelf_row",
  "goal_pose": {
    "frame_id": "map",
    "x": 3.774,
    "y": 1.856,
    "yaw_rad": -1.5940000000000003
  },
  "odom": {
    "position": {
      "x": -0.22230451891796468,
      "y": 7.147146764398678,
      "z": 0.0
    },
    "orientation_quat": {
      "x": -0.0013753243533915682,
      "y": -0.001333376782621257,
      "z": -0.7209189427354253,
      "w": 0.6930167448153869
    },
    "yaw_rad": -1.6102586575880167,
    "linear_vel": {
      "x": 0.1655346963005356,
      "y": 5.611604398760997e-06
    },
    "angular_vel_z": 0.10526753862055668
  }
}