{
  "frame_idx": 1,
  "ros_stamp": 1556.0,
  "wall_time": 1776685505.1130054,
  "prompt": "entrance to small shelves",
  "goal_id": "enter_small_shelf_row",
  "goal_pose": {
    "frame_id": "map",
    "x": 3.774,
    "y": 1.856,
    "yaw_rad": -1.5940000000000003
  },
  "odom": {
    "position": {
      "x": -0.19679458422454812,
      "y": 6.823114800757932,
      "z": 0.0
    },
    "orientation_quat": {
      "x": -0.00011997710839042785,
      "y": -0.0001511711426685021,
      "z": -0.6388239097305665,
      "w": 0.7693529587317723
    },
    "yaw_rad": -1.38593727083647,
    "linear_vel": {
      "x": 0.18031725571299476,
      "y": -1.4489267047287051e-05
    },
    "angular_vel_z": 0.09656864165929155
  }
}