{
  "frame_idx": 2,
  "ros_stamp": 1557.9,
  "wall_time": 1776685507.2246573,
  "prompt": "entrance to small shelves",
  "goal_id": "enter_small_shelf_row",
  "goal_pose": {
    "frame_id": "map",
    "x": 3.774,
    "y": 1.856,
    "yaw_rad": -1.5940000000000003
  },
  "odom": {
    "position": {
      "x": -0.11516480250283484,
      "y": 6.499831514671212,
      "z": 0.0
    },
    "orientation_quat": {
      "x": 0.00016528529932557454,
      "y": 0.00022301413451461104,
      "z": -0.5928351202395786,
      "w": 0.8053238126095552
    },
    "yaw_rad": -1.2691495965733919,
    "linear_vel": {
      "x": 0.17005480661929157,
      "y": -1.7623334395184696e-05
    },
    "angular_vel_z": 0.07584880031382324
  }
}