{
  "frame_idx": 3,
  "ros_stamp": 1559.9,
  "wall_time": 1776685509.3551173,
  "prompt": "entrance to small shelves",
  "goal_id": "enter_small_shelf_row",
  "goal_pose": {
    "frame_id": "map",
    "x": 3.774,
    "y": 1.856,
    "yaw_rad": -1.5940000000000003
  },
  "odom": {
    "position": {
      "x": 0.003233322355014625,
      "y": 6.1647369768379505,
      "z": 0.0
    },
    "orientation_quat": {
      "x": -0.001103575578700675,
      "y": -0.0016041959102074393,
      "z": -0.5667768864472882,
      "w": 0.8238690245819061
    },
    "yaw_rad": -1.205179428281672,
    "linear_vel": {
      "x": 0.18887206483132252,
      "y": 1.1996228896601663e-06
    },
    "angular_vel_z": 0.01688530875997879
  }
}