{
  "frame_idx": 4,
  "ros_stamp": 1561.9,
  "wall_time": 1776685511.5233362,
  "prompt": "entrance to small shelves",
  "goal_id": "enter_small_shelf_row",
  "goal_pose": {
    "frame_id": "map",
    "x": 3.774,
    "y": 1.856,
    "yaw_rad": -1.5940000000000003
  },
  "odom": {
    "position": {
      "x": 0.13513913849057832,
      "y": 5.828208854916745,
      "z": 0.0
    },
    "orientation_quat": {
      "x": 0.0008211642240312411,
      "y": 0.0012110469546097126,
      "z": -0.5612049640858715,
      "w": 0.8276755688915595
    },
    "yaw_rad": -1.1916832945667126,
    "linear_vel": {
      "x": 0.17046733158866126,
      "y": 1.3788763133584656e-05
    },
    "angular_vel_z": -0.03405556576663804
  }
}