{
  "frame_idx": 5,
  "ros_stamp": 1563.9,
  "wall_time": 1776685513.6192925,
  "prompt": "entrance to small shelves",
  "goal_id": "enter_small_shelf_row",
  "goal_pose": {
    "frame_id": "map",
    "x": 3.774,
    "y": 1.856,
    "yaw_rad": -1.5940000000000003
  },
  "odom": {
    "position": {
      "x": 0.2605267968111883,
      "y": 5.502694841852592,
      "z": 0.0
    },
    "orientation_quat": {
      "x": 0.0005475703840983043,
      "y": 0.0007965154553450008,
      "z": -0.5664847507458448,
      "w": 0.82407165519888
    },
    "yaw_rad": -1.2044683706546029,
    "linear_vel": {
      "x": 0.18275459236984018,
      "y": -3.0094652957561867e-06
    },
    "angular_vel_z": 0.007466319256442691
  }
}