{
  "frame_idx": 6,
  "ros_stamp": 1565.9,
  "wall_time": 1776685515.7902558,
  "prompt": "entrance to small shelves",
  "goal_id": "enter_small_shelf_row",
  "goal_pose": {
    "frame_id": "map",
    "x": 3.774,
    "y": 1.856,
    "yaw_rad": -1.5940000000000003
  },
  "odom": {
    "position": {
      "x": 0.39564814182266483,
      "y": 5.170045197834371,
      "z": 0.0
    },
    "orientation_quat": {
      "x": 0.0007394162711933885,
      "y": 0.0011135595909209448,
      "z": -0.5531549637703438,
      "w": 0.833077306919859
    },
    "yaw_rad": -1.1722944111983735,
    "linear_vel": {
      "x": 0.15891826978277337,
      "y": 2.2943255808341456e-06
    },
    "angular_vel_z": -0.008215708405005318
  }
}