{
  "frame_idx": 7,
  "ros_stamp": 1567.9,
  "wall_time": 1776685517.9309945,
  "prompt": "entrance to small shelves",
  "goal_id": "enter_small_shelf_row",
  "goal_pose": {
    "frame_id": "map",
    "x": 3.774,
    "y": 1.856,
    "yaw_rad": -1.5940000000000003
  },
  "odom": {
    "position": {
      "x": 0.5373097037231963,
      "y": 4.837410839937557,
      "z": 0.0
    },
    "orientation_quat": {
      "x": 0.0007117252129428145,
      "y": 0.0010943363559402864,
      "z": -0.5451915939979531,
      "w": 0.8383104566383104
    },
    "yaw_rad": -1.1532363987356253,
    "linear_vel": {
      "x": 0.19111900956974692,
      "y": -3.2205999463109057e-06
    },
    "angular_vel_z": 0.006514575824246242
  }
}