{
  "frame_idx": 8,
  "ros_stamp": 1569.9,
  "wall_time": 1776685520.053482,
  "prompt": "entrance to small shelves",
  "goal_id": "enter_small_shelf_row",
  "goal_pose": {
    "frame_id": "map",
    "x": 3.774,
    "y": 1.856,
    "yaw_rad": -1.5940000000000003
  },
  "odom": {
    "position": {
      "x": 0.6987796480296856,
      "y": 4.490997900023199,
      "z": 0.0
    },
    "orientation_quat": {
      "x": 0.000508637499963675,
      "y": 0.0008089230270991802,
      "z": -0.5322770715457236,
      "w": 0.8465696699257177
    },
    "yaw_rad": -1.122576692038442,
    "linear_vel": {
      "x": 0.18273979507421542,
      "y": 1.249874424547352e-06
    },
    "angular_vel_z": -0.005642937201993626
  }
}