{
  "frame_idx": 9,
  "ros_stamp": 1571.9,
  "wall_time": 1776685522.3215811,
  "prompt": "entrance to small shelves",
  "goal_id": "enter_small_shelf_row",
  "goal_pose": {
    "frame_id": "map",
    "x": 3.774,
    "y": 1.856,
    "yaw_rad": -1.5940000000000003
  },
  "odom": {
    "position": {
      "x": 0.8531692288984244,
      "y": 4.1701276676639845,
      "z": 0.0
    },
    "orientation_quat": {
      "x": 5.52949700092728e-06,
      "y": 8.834287520301723e-06,
      "z": -0.5288497084802024,
      "w": 0.8487154916294299
    },
    "yaw_rad": -1.1144893197317445,
    "linear_vel": {
      "x": 0.18628085288464724,
      "y": -2.6564093215974732e-06
    },
    "angular_vel_z": 0.010418200392285974
  }
}