{
  "frame_idx": 10,
  "ros_stamp": 1573.9,
  "wall_time": 1776685524.5274358,
  "prompt": "entrance to small shelves",
  "goal_id": "enter_small_shelf_row",
  "goal_pose": {
    "frame_id": "map",
    "x": 3.774,
    "y": 1.856,
    "yaw_rad": -1.5940000000000003
  },
  "odom": {
    "position": {
      "x": 1.0196656863655926,
      "y": 3.8395364032275454,
      "z": 0.0
    },
    "orientation_quat": {
      "x": 0.0011417986498475534,
      "y": 0.0019072286923451404,
      "z": -0.5136455541700349,
      "w": 0.8579995940884332
    },
    "yaw_rad": -1.0788595546391684,
    "linear_vel": {
      "x": 0.14892017224495377,
      "y": -1.8022703087961194e-05
    },
    "angular_vel_z": 0.03529965001980202
  }
}