{
  "frame_idx": 11,
  "ros_stamp": 1575.9,
  "wall_time": 1776685526.6984997,
  "prompt": "entrance to small shelves",
  "goal_id": "enter_small_shelf_row",
  "goal_pose": {
    "frame_id": "map",
    "x": 3.774,
    "y": 1.856,
    "yaw_rad": -1.5940000000000003
  },
  "odom": {
    "position": {
      "x": 1.1958374592297445,
      "y": 3.5185847987856596,
      "z": 0.0
    },
    "orientation_quat": {
      "x": 0.0004028554538029629,
      "y": 0.0006849306529385806,
      "z": -0.5069452473605716,
      "w": 0.8619778911062701
    },
    "yaw_rad": -1.063274763351029,
    "linear_vel": {
      "x": 0.18385077849312098,
      "y": -1.3870764231757766e-07
    },
    "angular_vel_z": -0.0010889915528548998
  }
}