{
  "frame_idx": 12,
  "ros_stamp": 1577.9,
  "wall_time": 1776685528.8573177,
  "prompt": "entrance to small shelves",
  "goal_id": "enter_small_shelf_row",
  "goal_pose": {
    "frame_id": "map",
    "x": 3.774,
    "y": 1.856,
    "yaw_rad": -1.5940000000000003
  },
  "odom": {
    "position": {
      "x": 1.3710383762035798,
      "y": 3.2043668430560373,
      "z": 0.0
    },
    "orientation_quat": {
      "x": -0.0011246827033677854,
      "y": -0.001925764919039848,
      "z": -0.5043189816054459,
      "w": 0.863514557671577
    },
    "yaw_rad": -1.0571891593841487,
    "linear_vel": {
      "x": 0.18728398192238682,
      "y": 2.8897320386608145e-06
    },
    "angular_vel_z": 0.021040518479428096
  }
}