{
  "frame_idx": 13,
  "ros_stamp": 1579.9,
  "wall_time": 1776685530.980538,
  "prompt": "entrance to small shelves",
  "goal_id": "enter_small_shelf_row",
  "goal_pose": {
    "frame_id": "map",
    "x": 3.774,
    "y": 1.856,
    "yaw_rad": -1.5940000000000003
  },
  "odom": {
    "position": {
      "x": 1.552337120777679,
      "y": 2.896862495870487,
      "z": 0.0
    },
    "orientation_quat": {
      "x": 0.00106377243334433,
      "y": 0.0019517405393323906,
      "z": -0.478554810693107,
      "w": 0.8780548685928242
    },
    "yaw_rad": -0.9980188515705035,
    "linear_vel": {
      "x": 0.1721309259650397,
      "y": -1.9497191318691297e-05
    },
    "angular_vel_z": 0.03685098504902516
  }
}