{
  "frame_idx": 14,
  "ros_stamp": 1581.9,
  "wall_time": 1776685533.1862361,
  "prompt": "entrance to small shelves",
  "goal_id": "enter_small_shelf_row",
  "goal_pose": {
    "frame_id": "map",
    "x": 3.774,
    "y": 1.856,
    "yaw_rad": -1.5940000000000003
  },
  "odom": {
    "position": {
      "x": 1.759765068553069,
      "y": 2.613941422030418,
      "z": 0.0
    },
    "orientation_quat": {
      "x": -0.0006977482303096591,
      "y": -0.0015307671332681037,
      "z": -0.41509532456236775,
      "w": 0.9097763689093344
    },
    "yaw_rad": -0.8560964499600339,
    "linear_vel": {
      "x": 0.1579740505046347,
      "y": 1.154753433918671e-05
    },
    "angular_vel_z": 0.10199099814803707
  }
}