{
  "frame_idx": 15,
  "ros_stamp": 1583.9,
  "wall_time": 1776685535.3783236,
  "prompt": "entrance to small shelves",
  "goal_id": "enter_small_shelf_row",
  "goal_pose": {
    "frame_id": "map",
    "x": 3.774,
    "y": 1.856,
    "yaw_rad": -1.5940000000000003
  },
  "odom": {
    "position": {
      "x": 1.9452855398095334,
      "y": 2.438429857650375,
      "z": 0.0
    },
    "orientation_quat": {
      "x": -0.0006031208770094658,
      "y": -0.0017919423810070427,
      "z": -0.3190132248103281,
      "w": 0.9477483777795803
    },
    "yaw_rad": -0.6493774598943955,
    "linear_vel": {
      "x": 0.1328077116264929,
      "y": 1.6340517661616748e-05
    },
    "angular_vel_z": 0.10667952601113603
  }
}