{
  "frame_idx": 16,
  "ros_stamp": 1585.9,
  "wall_time": 1776685537.6203206,
  "prompt": "entrance to small shelves",
  "goal_id": "enter_small_shelf_row",
  "goal_pose": {
    "frame_id": "map",
    "x": 3.774,
    "y": 1.856,
    "yaw_rad": -1.5940000000000003
  },
  "odom": {
    "position": {
      "x": 2.1645182402786047,
      "y": 2.3130390848020808,
      "z": 0.0
    },
    "orientation_quat": {
      "x": 0.00025626119820358894,
      "y": 0.0012954332358006808,
      "z": -0.19411017003932143,
      "w": 0.9809788469025392
    },
    "yaw_rad": -0.390700916644652,
    "linear_vel": {
      "x": 0.12915409766957184,
      "y": -4.6506481421391526e-05
    },
    "angular_vel_z": 0.13682066526233316
  }
}