{
  "frame_idx": 17,
  "ros_stamp": 1587.9,
  "wall_time": 1776685539.8527691,
  "prompt": "entrance to small shelves",
  "goal_id": "enter_small_shelf_row",
  "goal_pose": {
    "frame_id": "map",
    "x": 3.774,
    "y": 1.856,
    "yaw_rad": -1.5940000000000003
  },
  "odom": {
    "position": {
      "x": 2.439215059407981,
      "y": 2.231652504123855,
      "z": 0.0
    },
    "orientation_quat": {
      "x": 0.00011365476635933295,
      "y": 0.0010345423883202018,
      "z": -0.10845116246892421,
      "w": 0.9941012333579412
    },
    "yaw_rad": -0.21732989613909803,
    "linear_vel": {
      "x": 0.14527575164700612,
      "y": -1.3920636521223129e-05
    },
    "angular_vel_z": 0.04442854503236539
  }
}