{
  "frame_idx": 18,
  "ros_stamp": 1589.9,
  "wall_time": 1776685542.023225,
  "prompt": "entrance to small shelves",
  "goal_id": "enter_small_shelf_row",
  "goal_pose": {
    "frame_id": "map",
    "x": 3.774,
    "y": 1.856,
    "yaw_rad": -1.5940000000000003
  },
  "odom": {
    "position": {
      "x": 2.8470427683098034,
      "y": 2.1504153179828402,
      "z": 0.0
    },
    "orientation_quat": {
      "x": 0.00020409083691385422,
      "y": 0.0022138518308399534,
      "z": -0.0917716850485592,
      "w": 0.995777593155394
    },
    "yaw_rad": -0.18380244170161475,
    "linear_vel": {
      "x": 0.1916938254734375,
      "y": -6.535652233320146e-06
    },
    "angular_vel_z": 0.013014017706115013
  }
}