{
  "frame_idx": 19,
  "ros_stamp": 1591.9,
  "wall_time": 1776685544.2742398,
  "prompt": "entrance to small shelves",
  "goal_id": "enter_small_shelf_row",
  "goal_pose": {
    "frame_id": "map",
    "x": 3.774,
    "y": 1.856,
    "yaw_rad": -1.5940000000000003
  },
  "odom": {
    "position": {
      "x": 3.2186508734451826,
      "y": 2.0685491330926937,
      "z": 0.0
    },
    "orientation_quat": {
      "x": 5.9514398676449614e-05,
      "y": 0.000446103882328628,
      "z": -0.1320534141808908,
      "w": 0.9912424997206953
    },
    "yaw_rad": -0.26488052897723147,
    "linear_vel": {
      "x": 0.17416204465661894,
      "y": 7.099666663585685e-06
    },
    "angular_vel_z": -0.025973607097515096
  }
}