{
  "frame_idx": 20,
  "ros_stamp": 1593.9,
  "wall_time": 1776685546.4194796,
  "prompt": "entrance to small shelves",
  "goal_id": "enter_small_shelf_row",
  "goal_pose": {
    "frame_id": "map",
    "x": 3.774,
    "y": 1.856,
    "yaw_rad": -1.5940000000000003
  },
  "odom": {
    "position": {
      "x": 3.4874155703933045,
      "y": 1.9812481291572632,
      "z": 0.0
    },
    "orientation_quat": {
      "x": 0.00045296215409100016,
      "y": 0.002176737501769352,
      "z": -0.20370298667106523,
      "w": 0.9790302088599836
    },
    "yaw_rad": -0.4102784956438152,
    "linear_vel": {
      "x": 0.12632572007523485,
      "y": 5.246255576734076e-05
    },
    "angular_vel_z": -0.10957084561052999
  }
}