{
  "frame_idx": 21,
  "ros_stamp": 1595.9,
  "wall_time": 1776685548.6327028,
  "prompt": "entrance to small shelves",
  "goal_id": "enter_small_shelf_row",
  "goal_pose": {
    "frame_id": "map",
    "x": 3.774,
    "y": 1.856,
    "yaw_rad": -1.5940000000000003
  },
  "odom": {
    "position": {
      "x": 3.6663845001380597,
      "y": 1.8810282134454903,
      "z": 0.0
    },
    "orientation_quat": {
      "x": -6.393373188090263e-05,
      "y": -0.00019583495446966756,
      "z": -0.30967481385805784,
      "w": 0.95084250390016
    },
    "yaw_rad": -0.6297020447436399,
    "linear_vel": {
      "x": 0.08619957653324198,
      "y": 5.692623588660783e-06
    },
    "angular_vel_z": -0.10680552997963362
  }
}