{
  "frame_idx": 22,
  "ros_stamp": 1597.9,
  "wall_time": 1776685550.8631504,
  "prompt": "entrance to small shelves",
  "goal_id": "enter_small_shelf_row",
  "goal_pose": {
    "frame_id": "map",
    "x": 3.774,
    "y": 1.856,
    "yaw_rad": -1.5940000000000003
  },
  "odom": {
    "position": {
      "x": 3.7344161476080244,
      "y": 1.8217797312992998,
      "z": 0.0
    },
    "orientation_quat": {
      "x": 0.0009256254826772978,
      "y": 0.0020209855530361766,
      "z": -0.41639305876206806,
      "w": 0.9091819836807311
    },
    "yaw_rad": -0.8589512086452186,
    "linear_vel": {
      "x": 0.012243865220390017,
      "y": 4.193880473363145e-05
    },
    "angular_vel_z": -0.1166930660872068
  }
}