{
  "frame_idx": 23,
  "ros_stamp": 1599.9,
  "wall_time": 1776685552.9808853,
  "prompt": "entrance to small shelves",
  "goal_id": "enter_small_shelf_row",
  "goal_pose": {
    "frame_id": "map",
    "x": 3.774,
    "y": 1.856,
    "yaw_rad": -1.5940000000000003
  },
  "odom": {
    "position": {
      "x": 3.7468634471008664,
      "y": 1.8050245149830568,
      "z": 0.0
    },
    "orientation_quat": {
      "x": 0.001117908339834263,
      "y": 0.0018793859735369508,
      "z": -0.5111828599362278,
      "w": 0.8594691977591316
    },
    "yaw_rad": -1.0731238264780534,
    "linear_vel": {
      "x": 0.00357064457142535,
      "y": 3.3389849322003414e-05
    },
    "angular_vel_z": -0.09841775308487286
  }
}