{
  "frame_idx": 24,
  "ros_stamp": 1601.9,
  "wall_time": 1776685555.198352,
  "prompt": "entrance to small shelves",
  "goal_id": "enter_small_shelf_row",
  "goal_pose": {
    "frame_id": "map",
    "x": 3.774,
    "y": 1.856,
    "yaw_rad": -1.5940000000000003
  },
  "odom": {
    "position": {
      "x": 3.748048963223258,
      "y": 1.8027154996988928,
      "z": 0.0
    },
    "orientation_quat": {
      "x": 0.0013106528172046237,
      "y": 0.0017951570205798713,
      "z": -0.5896583942717486,
      "w": 0.8076496998484722
    },
    "yaw_rad": -1.2612752354710073,
    "linear_vel": {
      "x": -5.989623986365579e-05,
      "y": 2.9567479387558367e-05
    },
    "angular_vel_z": -0.0834645577921213
  }
}