{
  "frame_idx": 0,
  "ros_stamp": 2253.9,
  "wall_time": 1776686259.3294551,
  "prompt": "go to the entrance of the small shelf row",
  "goal_id": "enter_small_shelf_row",
  "goal_pose": {
    "frame_id": "map",
    "x": 3.774,
    "y": 1.856,
    "yaw_rad": -1.5940000000000003
  },
  "odom": {
    "position": {
      "x": -3.9304917439547267,
      "y": -7.903812096330034,
      "z": 0.0
    },
    "orientation_quat": {
      "x": 0.0017037628189253862,
      "y": -0.0014427065846825432,
      "z": 0.7635413904820431,
      "w": 0.6457550315798674
    },
    "yaw_rad": 1.7375650026365703,
    "linear_vel": {
      "x": 0.08569329806963213,
      "y": -7.489671443726158e-05
    },
    "angular_vel_z": -0.2843876777240221
  }
}