{
  "frame_idx": 1,
  "ros_stamp": 2255.9,
  "wall_time": 1776686261.4825203,
  "prompt": "go to the entrance of the small shelf row",
  "goal_id": "enter_small_shelf_row",
  "goal_pose": {
    "frame_id": "map",
    "x": 3.774,
    "y": 1.856,
    "yaw_rad": -1.5940000000000003
  },
  "odom": {
    "position": {
      "x": -3.9235137335131034,
      "y": -7.690439782086809,
      "z": 0.0
    },
    "orientation_quat": {
      "x": 0.0008634204913858734,
      "y": -0.0010427823334436045,
      "z": 0.6378342992589816,
      "w": 0.7701724312119098
    },
    "yaw_rad": 1.383367549742186,
    "linear_vel": {
      "x": 0.12665100788690684,
      "y": -1.1327702688001612e-05
    },
    "angular_vel_z": -0.12171897123067388
  }
}