{
  "frame_idx": 2,
  "ros_stamp": 2257.9,
  "wall_time": 1776686263.6579516,
  "prompt": "go to the entrance of the small shelf row",
  "goal_id": "enter_small_shelf_row",
  "goal_pose": {
    "frame_id": "map",
    "x": 3.774,
    "y": 1.856,
    "yaw_rad": -1.5940000000000003
  },
  "odom": {
    "position": {
      "x": -3.830806009600618,
      "y": -7.425767525988819,
      "z": 0.0
    },
    "orientation_quat": {
      "x": -0.0011809817935733503,
      "y": 0.0018880530232854031,
      "z": 0.5305332279896147,
      "w": 0.8476612144817669
    },
    "yaw_rad": 1.118462101380136,
    "linear_vel": {
      "x": 0.1657409857860253,
      "y": 6.153595073904032e-05
    },
    "angular_vel_z": -0.11815414821312464
  }
}