{
  "frame_idx": 3,
  "ros_stamp": 2259.9,
  "wall_time": 1776686265.7569938,
  "prompt": "go to the entrance of the small shelf row",
  "goal_id": "enter_small_shelf_row",
  "goal_pose": {
    "frame_id": "map",
    "x": 3.774,
    "y": 1.856,
    "yaw_rad": -1.5940000000000003
  },
  "odom": {
    "position": {
      "x": -3.637728206583698,
      "y": -7.0962792321442825,
      "z": 0.0
    },
    "orientation_quat": {
      "x": 0.0010700884855779109,
      "y": -0.0019493813560514958,
      "z": 0.4811939054067279,
      "w": 0.8766113621339748
    },
    "yaw_rad": 1.0040350242900196,
    "linear_vel": {
      "x": 0.20723432446320772,
      "y": -1.4936794345794336e-06
    },
    "angular_vel_z": -0.013395861722759566
  }
}