{
  "frame_idx": 4,
  "ros_stamp": 2261.9,
  "wall_time": 1776686267.9544406,
  "prompt": "go to the entrance of the small shelf row",
  "goal_id": "enter_small_shelf_row",
  "goal_pose": {
    "frame_id": "map",
    "x": 3.774,
    "y": 1.856,
    "yaw_rad": -1.5940000000000003
  },
  "odom": {
    "position": {
      "x": -3.440337022344461,
      "y": -6.79189046523332,
      "z": 0.0
    },
    "orientation_quat": {
      "x": -0.0010510973862246592,
      "y": 0.0019586285512550065,
      "z": 0.472873661900799,
      "w": 0.8811274362139745
    },
    "yaw_rad": 0.9851011934931656,
    "linear_vel": {
      "x": 0.18230570679465213,
      "y": 7.467921885014929e-06
    },
    "angular_vel_z": -0.013463303679631342
  }
}