{
  "frame_idx": 5,
  "ros_stamp": 2263.9,
  "wall_time": 1776686270.049757,
  "prompt": "go to the entrance of the small shelf row",
  "goal_id": "enter_small_shelf_row",
  "goal_pose": {
    "frame_id": "map",
    "x": 3.774,
    "y": 1.856,
    "yaw_rad": -1.5940000000000003
  },
  "odom": {
    "position": {
      "x": -3.2368501640526928,
      "y": -6.485676045075028,
      "z": 0.0
    },
    "orientation_quat": {
      "x": -0.0010550759336298387,
      "y": 0.0019575356488018406,
      "z": 0.47446726710326714,
      "w": 0.8802703376329994
    },
    "yaw_rad": 0.9887201505852199,
    "linear_vel": {
      "x": 0.17726200600840586,
      "y": 1.833290438836739e-07
    },
    "angular_vel_z": 0.0
  }
}