{
  "frame_idx": 6,
  "ros_stamp": 2265.9,
  "wall_time": 1776686272.2034714,
  "prompt": "go to the entrance of the small shelf row",
  "goal_id": "enter_small_shelf_row",
  "goal_pose": {
    "frame_id": "map",
    "x": 3.774,
    "y": 1.856,
    "yaw_rad": -1.5940000000000003
  },
  "odom": {
    "position": {
      "x": -3.0393776130397367,
      "y": -6.176140158293194,
      "z": 0.0
    },
    "orientation_quat": {
      "x": 0.0010693592146791087,
      "y": -0.0019521916395217795,
      "z": 0.4804043865944784,
      "w": 0.8770442809570423
    },
    "yaw_rad": 1.002234176954989,
    "linear_vel": {
      "x": 0.19503736804110958,
      "y": -2.5378479364399683e-06
    },
    "angular_vel_z": -0.019156712539180377
  }
}