{
  "frame_idx": 7,
  "ros_stamp": 2267.9,
  "wall_time": 1776686274.3837035,
  "prompt": "go to the entrance of the small shelf row",
  "goal_id": "enter_small_shelf_row",
  "goal_pose": {
    "frame_id": "map",
    "x": 3.774,
    "y": 1.856,
    "yaw_rad": -1.5940000000000003
  },
  "odom": {
    "position": {
      "x": -2.8326282927108046,
      "y": -5.859110596646023,
      "z": 0.0
    },
    "orientation_quat": {
      "x": 0.0005691985414275243,
      "y": -0.0010378939638289828,
      "z": 0.4808406939007361,
      "w": 0.8768071771365691
    },
    "yaw_rad": 1.0032273133521117,
    "linear_vel": {
      "x": 0.19695569472608937,
      "y": -6.013218840030432e-07
    },
    "angular_vel_z": 0.016886406551823767
  }
}