{
  "frame_idx": 8,
  "ros_stamp": 2269.9,
  "wall_time": 1776686276.4776917,
  "prompt": "go to the entrance of the small shelf row",
  "goal_id": "enter_small_shelf_row",
  "goal_pose": {
    "frame_id": "map",
    "x": 3.774,
    "y": 1.856,
    "yaw_rad": -1.5940000000000003
  },
  "odom": {
    "position": {
      "x": -2.6283087305203745,
      "y": -5.548616222552677,
      "z": 0.0
    },
    "orientation_quat": {
      "x": -0.0010411107269833713,
      "y": 0.001964015941503565,
      "z": 0.4684161321549535,
      "w": 0.8835051702547241
    },
    "yaw_rad": 0.9749970619859735,
    "linear_vel": {
      "x": 0.18599860457026027,
      "y": 6.417482872020407e-06
    },
    "angular_vel_z": -0.011232831457743321
  }
}