{
  "frame_idx": 9,
  "ros_stamp": 2271.9,
  "wall_time": 1776686278.6697423,
  "prompt": "go to the entrance of the small shelf row",
  "goal_id": "enter_small_shelf_row",
  "goal_pose": {
    "frame_id": "map",
    "x": 3.774,
    "y": 1.856,
    "yaw_rad": -1.5940000000000003
  },
  "odom": {
    "position": {
      "x": -2.4174952800849985,
      "y": -5.237376181022287,
      "z": 0.0
    },
    "orientation_quat": {
      "x": -0.0006446502033836365,
      "y": 0.0011969816553937147,
      "z": 0.4741903066873394,
      "w": 0.8804213222683779
    },
    "yaw_rad": 0.9880892737564694,
    "linear_vel": {
      "x": 0.18786077821396954,
      "y": 2.0615138421594477e-06
    },
    "angular_vel_z": -0.004279866763084764
  }
}