{
  "frame_idx": 10,
  "ros_stamp": 2273.9,
  "wall_time": 1776686280.7745109,
  "prompt": "go to the entrance of the small shelf row",
  "goal_id": "enter_small_shelf_row",
  "goal_pose": {
    "frame_id": "map",
    "x": 3.774,
    "y": 1.856,
    "yaw_rad": -1.5940000000000003
  },
  "odom": {
    "position": {
      "x": -2.2067978117695364,
      "y": -4.923043630623786,
      "z": 0.0
    },
    "orientation_quat": {
      "x": -0.0010500815437627202,
      "y": 0.0019594053622970643,
      "z": 0.4723727691211768,
      "w": 0.8813960659386726
    },
    "yaw_rad": 0.9839644312250406,
    "linear_vel": {
      "x": 0.18409505053261083,
      "y": 1.4613785236809241e-05
    },
    "angular_vel_z": -0.026878833399971637
  }
}