{
  "frame_idx": 11,
  "ros_stamp": 2275.9,
  "wall_time": 1776686282.9053385,
  "prompt": "go to the entrance of the small shelf row",
  "goal_id": "enter_small_shelf_row",
  "goal_pose": {
    "frame_id": "map",
    "x": 3.774,
    "y": 1.856,
    "yaw_rad": -1.5940000000000003
  },
  "odom": {
    "position": {
      "x": -1.992111210022481,
      "y": -4.607980561703159,
      "z": 0.0
    },
    "orientation_quat": {
      "x": 0.000153157456248728,
      "y": -0.0002891799442938807,
      "z": 0.4679384287705703,
      "w": 0.8837610083034233
    },
    "yaw_rad": 0.9739132743481616,
    "linear_vel": {
      "x": 0.19606422054709172,
      "y": -1.855416925364338e-06
    },
    "angular_vel_z": 0.010468466277013156
  }
}