{
  "frame_idx": 12,
  "ros_stamp": 2277.9,
  "wall_time": 1776686285.082835,
  "prompt": "go to the entrance of the small shelf row",
  "goal_id": "enter_small_shelf_row",
  "goal_pose": {
    "frame_id": "map",
    "x": 3.774,
    "y": 1.856,
    "yaw_rad": -1.5940000000000003
  },
  "odom": {
    "position": {
      "x": -1.7782617685908448,
      "y": -4.294470403236549,
      "z": 0.0
    },
    "orientation_quat": {
      "x": 0.0007492400220523968,
      "y": -0.0013971106484403984,
      "z": 0.47272954681829044,
      "w": 0.8812061406312368
    },
    "yaw_rad": 0.9847727908215175,
    "linear_vel": {
      "x": 0.172867903439969,
      "y": 4.604792322744481e-07
    },
    "angular_vel_z": 0.01935563264198311
  }
}