{
  "frame_idx": 13,
  "ros_stamp": 2279.9,
  "wall_time": 1776686287.1832302,
  "prompt": "go to the entrance of the small shelf row",
  "goal_id": "enter_small_shelf_row",
  "goal_pose": {
    "frame_id": "map",
    "x": 3.774,
    "y": 1.856,
    "yaw_rad": -1.5940000000000003
  },
  "odom": {
    "position": {
      "x": -1.570405674567893,
      "y": -3.9829982894186173,
      "z": 0.0
    },
    "orientation_quat": {
      "x": 0.0010625532448340722,
      "y": -0.001982322410012735,
      "z": 0.47243620220673116,
      "w": 0.8813620006688201
    },
    "yaw_rad": 0.9841084342794165,
    "linear_vel": {
      "x": 0.18270859250643395,
      "y": 1.01174146216278e-05
    },
    "angular_vel_z": 0.06094607423229868
  }
}