{
  "frame_idx": 14,
  "ros_stamp": 2281.9,
  "wall_time": 1776686289.377441,
  "prompt": "go to the entrance of the small shelf row",
  "goal_id": "enter_small_shelf_row",
  "goal_pose": {
    "frame_id": "map",
    "x": 3.774,
    "y": 1.856,
    "yaw_rad": -1.5940000000000003
  },
  "odom": {
    "position": {
      "x": -1.3562429015164237,
      "y": -3.6637451122245577,
      "z": 0.0
    },
    "orientation_quat": {
      "x": -0.0006265102175011381,
      "y": 0.0011891207195201402,
      "z": 0.46615787477942683,
      "w": 0.8847005308340161
    },
    "yaw_rad": 0.96988682214323,
    "linear_vel": {
      "x": 0.20458343702214127,
      "y": 1.585209851799992e-05
    },
    "angular_vel_z": -0.03666874944380293
  }
}