{
  "frame_idx": 15,
  "ros_stamp": 2283.9,
  "wall_time": 1776686291.4948356,
  "prompt": "go to the entrance of the small shelf row",
  "goal_id": "enter_small_shelf_row",
  "goal_pose": {
    "frame_id": "map",
    "x": 3.774,
    "y": 1.856,
    "yaw_rad": -1.5940000000000003
  },
  "odom": {
    "position": {
      "x": -1.1393712027910858,
      "y": -3.351246376943032,
      "z": 0.0
    },
    "orientation_quat": {
      "x": -0.0009361306236511165,
      "y": 0.0017848285439074035,
      "z": 0.4644962860842651,
      "w": 0.8855727741187897
    },
    "yaw_rad": 0.9661335859946257,
    "linear_vel": {
      "x": 0.1781741583334387,
      "y": 2.137349253559704e-06
    },
    "angular_vel_z": -0.003697552508072843
  }
}