{
  "frame_idx": 16,
  "ros_stamp": 2285.9,
  "wall_time": 1776686293.6226485,
  "prompt": "go to the entrance of the small shelf row",
  "goal_id": "enter_small_shelf_row",
  "goal_pose": {
    "frame_id": "map",
    "x": 3.774,
    "y": 1.856,
    "yaw_rad": -1.5940000000000003
  },
  "odom": {
    "position": {
      "x": -0.9231871223916364,
      "y": -3.035830356421455,
      "z": 0.0
    },
    "orientation_quat": {
      "x": 0.0010336525187704755,
      "y": -0.001970668692314638,
      "z": 0.46448352983976215,
      "w": 0.8855789623376169
    },
    "yaw_rad": 0.9661052435849663,
    "linear_vel": {
      "x": 0.20792941244953536,
      "y": 5.601425163371458e-07
    },
    "angular_vel_z": 0.0
  }
}