{
  "frame_idx": 17,
  "ros_stamp": 2287.9,
  "wall_time": 1776686295.7989528,
  "prompt": "go to the entrance of the small shelf row",
  "goal_id": "enter_small_shelf_row",
  "goal_pose": {
    "frame_id": "map",
    "x": 3.774,
    "y": 1.856,
    "yaw_rad": -1.5940000000000003
  },
  "odom": {
    "position": {
      "x": -0.7054338320483592,
      "y": -2.727295557057282,
      "z": 0.0
    },
    "orientation_quat": {
      "x": 0.000999593535193436,
      "y": -0.0019864530577141503,
      "z": 0.44948021239140473,
      "w": 0.8932875200547646
    },
    "yaw_rad": 0.9323692359952697,
    "linear_vel": {
      "x": 0.19487301413326008,
      "y": -5.820682100937983e-06
    },
    "angular_vel_z": -0.03978682477873453
  }
}