{
  "frame_idx": 18,
  "ros_stamp": 2289.9,
  "wall_time": 1776686297.9031808,
  "prompt": "go to the entrance of the small shelf row",
  "goal_id": "enter_small_shelf_row",
  "goal_pose": {
    "frame_id": "map",
    "x": 3.774,
    "y": 1.856,
    "yaw_rad": -1.5940000000000003
  },
  "odom": {
    "position": {
      "x": -0.47948529463514483,
      "y": -2.4258642757024487,
      "z": 0.0
    },
    "orientation_quat": {
      "x": 3.010297282592443e-05,
      "y": -5.960127473847635e-05,
      "z": 0.45015876089155044,
      "w": 0.8929485346502805
    },
    "yaw_rad": 0.9338862524015441,
    "linear_vel": {
      "x": 0.180437474149904,
      "y": -3.870765347607557e-06
    },
    "angular_vel_z": 0.024228900720972304
  }
}