{
  "frame_idx": 19,
  "ros_stamp": 2291.9,
  "wall_time": 1776686300.0670598,
  "prompt": "go to the entrance of the small shelf row",
  "goal_id": "enter_small_shelf_row",
  "goal_pose": {
    "frame_id": "map",
    "x": 3.774,
    "y": 1.856,
    "yaw_rad": -1.5940000000000003
  },
  "odom": {
    "position": {
      "x": -0.24555439093804315,
      "y": -2.103065365023712,
      "z": 0.0
    },
    "orientation_quat": {
      "x": -0.0009382231800655989,
      "y": 0.00181844424693075,
      "z": 0.4585308386191762,
      "w": 0.8886761406907356
    },
    "yaw_rad": 0.9526847489656519,
    "linear_vel": {
      "x": 0.1811574618039235,
      "y": -4.830056263440243e-06
    },
    "angular_vel_z": 0.010208669258301111
  }
}