{
  "frame_idx": 20,
  "ros_stamp": 2293.9,
  "wall_time": 1776686302.1926732,
  "prompt": "go to the entrance of the small shelf row",
  "goal_id": "enter_small_shelf_row",
  "goal_pose": {
    "frame_id": "map",
    "x": 3.774,
    "y": 1.856,
    "yaw_rad": -1.5940000000000003
  },
  "odom": {
    "position": {
      "x": -0.04114350275839835,
      "y": -1.810850998160509,
      "z": 0.0
    },
    "orientation_quat": {
      "x": -0.0009828344597942575,
      "y": 0.0019310831749575093,
      "z": 0.45360370866205657,
      "w": 0.8912008642512775
    },
    "yaw_rad": 0.9416120703747634,
    "linear_vel": {
      "x": 0.17655285885267932,
      "y": 8.553001219179228e-06
    },
    "angular_vel_z": -0.01616214064566224
  }
}