{
  "frame_idx": 21,
  "ros_stamp": 2295.9,
  "wall_time": 1776686304.3042128,
  "prompt": "go to the entrance of the small shelf row",
  "goal_id": "enter_small_shelf_row",
  "goal_pose": {
    "frame_id": "map",
    "x": 3.774,
    "y": 1.856,
    "yaw_rad": -1.5940000000000003
  },
  "odom": {
    "position": {
      "x": 0.19831393529627792,
      "y": -1.488450062408199,
      "z": 0.0
    },
    "orientation_quat": {
      "x": -0.0009989818809193322,
      "y": 0.001990822980447618,
      "z": 0.4485099664880388,
      "w": 0.8937750548208203
    },
    "yaw_rad": 0.9301975336466239,
    "linear_vel": {
      "x": 0.18516219859846267,
      "y": -1.5178407494527565e-05
    },
    "angular_vel_z": 0.02888535788645762
  }
}