{
  "frame_idx": 22,
  "ros_stamp": 2297.9,
  "wall_time": 1776686306.4877567,
  "prompt": "go to the entrance of the small shelf row",
  "goal_id": "enter_small_shelf_row",
  "goal_pose": {
    "frame_id": "map",
    "x": 3.774,
    "y": 1.856,
    "yaw_rad": -1.5940000000000003
  },
  "odom": {
    "position": {
      "x": 0.4102790134497864,
      "y": -1.1989688516883459,
      "z": 0.0
    },
    "orientation_quat": {
      "x": 0.0003042979185193868,
      "y": -0.0005952831130045819,
      "z": 0.4551105926534219,
      "w": 0.8904346699760983
    },
    "yaw_rad": 0.9449930501987128,
    "linear_vel": {
      "x": 0.19017441680105626,
      "y": -2.7305779127189235e-07
    },
    "angular_vel_z": 0.00032714586432101747
  }
}