{
  "frame_idx": 23,
  "ros_stamp": 2299.9,
  "wall_time": 1776686308.58872,
  "prompt": "go to the entrance of the small shelf row",
  "goal_id": "enter_small_shelf_row",
  "goal_pose": {
    "frame_id": "map",
    "x": 3.774,
    "y": 1.856,
    "yaw_rad": -1.5940000000000003
  },
  "odom": {
    "position": {
      "x": 0.6229374856311388,
      "y": -0.896067337998394,
      "z": 0.0
    },
    "orientation_quat": {
      "x": -0.0008381481409595475,
      "y": 0.0015918053623524444,
      "z": 0.46591842726486926,
      "w": 0.8848258488529893
    },
    "yaw_rad": 0.9693463061367036,
    "linear_vel": {
      "x": 0.19031398916402267,
      "y": -2.027221259228698e-06
    },
    "angular_vel_z": 0.0045374350533821306
  }
}