{
  "frame_idx": 24,
  "ros_stamp": 2301.9,
  "wall_time": 1776686310.7615225,
  "prompt": "go to the entrance of the small shelf row",
  "goal_id": "enter_small_shelf_row",
  "goal_pose": {
    "frame_id": "map",
    "x": 3.774,
    "y": 1.856,
    "yaw_rad": -1.5940000000000003
  },
  "odom": {
    "position": {
      "x": 0.8455921134149951,
      "y": -0.584157797041415,
      "z": 0.0
    },
    "orientation_quat": {
      "x": 0.0003988488185534875,
      "y": -0.0007986539744039101,
      "z": 0.4467617686833606,
      "w": 0.8946525164075517
    },
    "yaw_rad": 0.9262854279630259,
    "linear_vel": {
      "x": 0.18607173041564473,
      "y": 1.1997716003100804e-06
    },
    "angular_vel_z": -0.0295214229011244
  }
}