{
  "frame_idx": 25,
  "ros_stamp": 2303.9,
  "wall_time": 1776686312.9039376,
  "prompt": "go to the entrance of the small shelf row",
  "goal_id": "enter_small_shelf_row",
  "goal_pose": {
    "frame_id": "map",
    "x": 3.774,
    "y": 1.856,
    "yaw_rad": -1.5940000000000003
  },
  "odom": {
    "position": {
      "x": 1.0796735629917718,
      "y": -0.28294396903560587,
      "z": 0.0
    },
    "orientation_quat": {
      "x": 0.0006333402797834643,
      "y": -0.0012908415025094213,
      "z": 0.44045556163564487,
      "w": 0.8977732624847624
    },
    "yaw_rad": 0.9122131035454809,
    "linear_vel": {
      "x": 0.18084268936593584,
      "y": -3.740078137248531e-07
    },
    "angular_vel_z": -0.00652981487025632
  }
}