{
  "frame_idx": 26,
  "ros_stamp": 2305.9,
  "wall_time": 1776686315.0153313,
  "prompt": "go to the entrance of the small shelf row",
  "goal_id": "enter_small_shelf_row",
  "goal_pose": {
    "frame_id": "map",
    "x": 3.774,
    "y": 1.856,
    "yaw_rad": -1.5940000000000003
  },
  "odom": {
    "position": {
      "x": 1.3167452997018954,
      "y": 0.020439894420545238,
      "z": 0.0
    },
    "orientation_quat": {
      "x": 0.0003193644899417634,
      "y": -0.0006492007915767426,
      "z": 0.44136770015655463,
      "w": 0.8973260443134192
    },
    "yaw_rad": 0.9142448531936479,
    "linear_vel": {
      "x": 0.1841550822239461,
      "y": -4.838963133999268e-08
    },
    "angular_vel_z": -0.0017854913655644187
  }
}