{
  "frame_idx": 27,
  "ros_stamp": 2307.9,
  "wall_time": 1776686317.2203033,
  "prompt": "go to the entrance of the small shelf row",
  "goal_id": "enter_small_shelf_row",
  "goal_pose": {
    "frame_id": "map",
    "x": 3.774,
    "y": 1.856,
    "yaw_rad": -1.5940000000000003
  },
  "odom": {
    "position": {
      "x": 1.5404111490783403,
      "y": 0.30780393452647287,
      "z": 0.0
    },
    "orientation_quat": {
      "x": 4.2535890819320096e-05,
      "y": -8.898672574533167e-05,
      "z": 0.43041862879151027,
      "w": 0.9026293781288622
    },
    "yaw_rad": 0.8899130322327197,
    "linear_vel": {
      "x": 0.16006756629426586,
      "y": 3.880057722056678e-06
    },
    "angular_vel_z": -0.02765577499036715
  }
}