{
  "frame_idx": 28,
  "ros_stamp": 2309.9,
  "wall_time": 1776686319.3248038,
  "prompt": "go to the entrance of the small shelf row",
  "goal_id": "enter_small_shelf_row",
  "goal_pose": {
    "frame_id": "map",
    "x": 3.774,
    "y": 1.856,
    "yaw_rad": -1.5940000000000003
  },
  "odom": {
    "position": {
      "x": 1.742361582958113,
      "y": 0.5590136938366606,
      "z": 0.0
    },
    "orientation_quat": {
      "x": -0.0001375779110115674,
      "y": 0.00027996231829097103,
      "z": 0.44119488741906326,
      "w": 0.8974112624703898
    },
    "yaw_rad": 0.9138594893358585,
    "linear_vel": {
      "x": 0.16327038525547682,
      "y": -4.480096823050402e-06
    },
    "angular_vel_z": 0.022787192141635996
  }
}