{
  "frame_idx": 29,
  "ros_stamp": 2311.9,
  "wall_time": 1776686321.4711404,
  "prompt": "go to the entrance of the small shelf row",
  "goal_id": "enter_small_shelf_row",
  "goal_pose": {
    "frame_id": "map",
    "x": 3.774,
    "y": 1.856,
    "yaw_rad": -1.5940000000000003
  },
  "odom": {
    "position": {
      "x": 1.937180956101642,
      "y": 0.8196851016635075,
      "z": 0.0
    },
    "orientation_quat": {
      "x": -0.0010183202797213568,
      "y": 0.0019800943992691407,
      "z": 0.45633335243560286,
      "w": 0.8898061101750547
    },
    "yaw_rad": 0.9477427511573301,
    "linear_vel": {
      "x": 0.15329342658178174,
      "y": -1.325976083164888e-05
    },
    "angular_vel_z": 0.024822396560970128
  }
}