{
  "frame_idx": 30,
  "ros_stamp": 2313.9,
  "wall_time": 1776686323.6152563,
  "prompt": "go to the entrance of the small shelf row",
  "goal_id": "enter_small_shelf_row",
  "goal_pose": {
    "frame_id": "map",
    "x": 3.774,
    "y": 1.856,
    "yaw_rad": -1.5940000000000003
  },
  "odom": {
    "position": {
      "x": 2.122615474774361,
      "y": 1.0895136530184453,
      "z": 0.0
    },
    "orientation_quat": {
      "x": -0.00028675534135143104,
      "y": 0.0005314380802909796,
      "z": 0.47490816814450504,
      "w": 0.8800351511016884
    },
    "yaw_rad": 0.9897195540005411,
    "linear_vel": {
      "x": 0.16141945909152,
      "y": -1.654717351145087e-06
    },
    "angular_vel_z": 0.007885228494307733
  }
}