{
  "frame_idx": 31,
  "ros_stamp": 2315.9,
  "wall_time": 1776686325.709455,
  "prompt": "go to the entrance of the small shelf row",
  "goal_id": "enter_small_shelf_row",
  "goal_pose": {
    "frame_id": "map",
    "x": 3.774,
    "y": 1.856,
    "yaw_rad": -1.5940000000000003
  },
  "odom": {
    "position": {
      "x": 2.304387197595326,
      "y": 1.3390432624667188,
      "z": 0.0
    },
    "orientation_quat": {
      "x": 0.0006034566650270332,
      "y": -0.001292874457117044,
      "z": 0.42256296004860355,
      "w": 0.9063324495518484
    },
    "yaw_rad": 0.8725435377619186,
    "linear_vel": {
      "x": 0.1527661879903544,
      "y": -3.05187638292956e-06
    },
    "angular_vel_z": -0.08603029507312875
  }
}