{
  "frame_idx": 32,
  "ros_stamp": 2317.9,
  "wall_time": 1776686327.893438,
  "prompt": "go to the entrance of the small shelf row",
  "goal_id": "enter_small_shelf_row",
  "goal_pose": {
    "frame_id": "map",
    "x": 3.774,
    "y": 1.856,
    "yaw_rad": -1.5940000000000003
  },
  "odom": {
    "position": {
      "x": 2.4905230242745757,
      "y": 1.5182077382015198,
      "z": 0.0
    },
    "orientation_quat": {
      "x": 0.0006997381616158006,
      "y": -0.002110357781129852,
      "z": 0.3147773674508789,
      "w": 0.9491629289522612
    },
    "yaw_rad": 0.6404458176124322,
    "linear_vel": {
      "x": 0.15527330404046086,
      "y": -3.4732368784433864e-05
    },
    "angular_vel_z": -0.18220640259096282
  }
}