{
  "frame_idx": 33,
  "ros_stamp": 2319.9,
  "wall_time": 1776686329.9846551,
  "prompt": "go to the entrance of the small shelf row",
  "goal_id": "enter_small_shelf_row",
  "goal_pose": {
    "frame_id": "map",
    "x": 3.774,
    "y": 1.856,
    "yaw_rad": -1.5940000000000003
  },
  "odom": {
    "position": {
      "x": 2.767193505194302,
      "y": 1.6638411206485229,
      "z": 0.0
    },
    "orientation_quat": {
      "x": 0.00014385533932089945,
      "y": -0.0008167267512796717,
      "z": 0.17177573334822785,
      "w": 0.9851357316104892
    },
    "yaw_rad": 0.3452639433051297,
    "linear_vel": {
      "x": 0.1613146973188861,
      "y": 3.598645695608013e-06
    },
    "angular_vel_z": -0.11599463429325399
  }
}