{
  "frame_idx": 34,
  "ros_stamp": 2321.9,
  "wall_time": 1776686332.1205854,
  "prompt": "go to the entrance of the small shelf row",
  "goal_id": "enter_small_shelf_row",
  "goal_pose": {
    "frame_id": "map",
    "x": 3.774,
    "y": 1.856,
    "yaw_rad": -1.5940000000000003
  },
  "odom": {
    "position": {
      "x": 3.100576869042034,
      "y": 1.7436918597990552,
      "z": 0.0
    },
    "orientation_quat": {
      "x": 2.134969336030266e-05,
      "y": -0.00028072780641645736,
      "z": 0.07562558871316447,
      "w": 0.9971362449875526
    },
    "yaw_rad": 0.15139572909567464,
    "linear_vel": {
      "x": 0.17887397995682217,
      "y": 6.340545725408097e-06
    },
    "angular_vel_z": -0.04180396698779183
  }
}