{
  "frame_idx": 35,
  "ros_stamp": 2323.9,
  "wall_time": 1776686334.2877235,
  "prompt": "go to the entrance of the small shelf row",
  "goal_id": "enter_small_shelf_row",
  "goal_pose": {
    "frame_id": "map",
    "x": 3.774,
    "y": 1.856,
    "yaw_rad": -1.5940000000000003
  },
  "odom": {
    "position": {
      "x": 3.3990385214833156,
      "y": 1.7781756233631418,
      "z": 0.0
    },
    "orientation_quat": {
      "x": -5.002492655070914e-05,
      "y": 0.0021556413407245586,
      "z": 0.023267476976402524,
      "w": 0.9997269503334745
    },
    "yaw_rad": 0.0465392626224948,
    "linear_vel": {
      "x": 0.14541560959755434,
      "y": 5.032862750455138e-05
    },
    "angular_vel_z": -0.10521900290111641
  }
}