{
  "frame_idx": 36,
  "ros_stamp": 2325.9,
  "wall_time": 1776686336.3745277,
  "prompt": "go to the entrance of the small shelf row",
  "goal_id": "enter_small_shelf_row",
  "goal_pose": {
    "frame_id": "map",
    "x": 3.774,
    "y": 1.856,
    "yaw_rad": -1.5940000000000003
  },
  "odom": {
    "position": {
      "x": 3.6274381034834238,
      "y": 1.765191610583274,
      "z": 0.0
    },
    "orientation_quat": {
      "x": 0.00021273425734182833,
      "y": 0.002212453247422204,
      "z": -0.09568479193386029,
      "w": 0.9954092024827466
    },
    "yaw_rad": -0.1916632847657649,
    "linear_vel": {
      "x": 0.08267434471868064,
      "y": 5.620897927388969e-05
    },
    "angular_vel_z": -0.12975198078609626
  }
}