{
  "frame_idx": 37,
  "ros_stamp": 2327.9,
  "wall_time": 1776686338.5648572,
  "prompt": "go to the entrance of the small shelf row",
  "goal_id": "enter_small_shelf_row",
  "goal_pose": {
    "frame_id": "map",
    "x": 3.774,
    "y": 1.856,
    "yaw_rad": -1.5940000000000003
  },
  "odom": {
    "position": {
      "x": 3.729109820500026,
      "y": 1.7338518572895953,
      "z": 0.0
    },
    "orientation_quat": {
      "x": 0.0005069102872341022,
      "y": 0.002164099202342875,
      "z": -0.22803873419696552,
      "w": 0.9736495239163058
    },
    "yaw_rad": -0.46012689005815965,
    "linear_vel": {
      "x": 0.02549379446755365,
      "y": 4.9017624027516484e-05
    },
    "angular_vel_z": -0.13014078872501306
  }
}