{
  "frame_idx": 38,
  "ros_stamp": 2329.9,
  "wall_time": 1776686340.6582906,
  "prompt": "go to the entrance of the small shelf row",
  "goal_id": "enter_small_shelf_row",
  "goal_pose": {
    "frame_id": "map",
    "x": 3.774,
    "y": 1.856,
    "yaw_rad": -1.5940000000000003
  },
  "odom": {
    "position": {
      "x": 3.7547017240780804,
      "y": 1.7182897779226758,
      "z": 0.0
    },
    "orientation_quat": {
      "x": 0.0006977998376695916,
      "y": 0.0018414879091662659,
      "z": -0.35431852197381253,
      "w": 0.9351227229534955
    },
    "yaw_rad": -0.7243718898193823,
    "linear_vel": {
      "x": 0.004412043070164257,
      "y": 3.997825346064547e-05
    },
    "angular_vel_z": -0.12776870483499436
  }
}