{
  "frame_idx": 39,
  "ros_stamp": 2331.9,
  "wall_time": 1776686342.810757,
  "prompt": "go to the entrance of the small shelf row",
  "goal_id": "enter_small_shelf_row",
  "goal_pose": {
    "frame_id": "map",
    "x": 3.774,
    "y": 1.856,
    "yaw_rad": -1.5940000000000003
  },
  "odom": {
    "position": {
      "x": 3.755438025121228,
      "y": 1.7176266278609693,
      "z": 0.0
    },
    "orientation_quat": {
      "x": 0.001025689048708394,
      "y": 0.001971916750343849,
      "z": -0.46144106614949626,
      "w": 0.8871680798907957
    },
    "yaw_rad": -0.9592402746240061,
    "linear_vel": {
      "x": -0.000172272755682426,
      "y": 4.2588779990036744e-05
    },
    "angular_vel_z": -0.12201975863632301
  }
}