{
  "frame_idx": 40,
  "ros_stamp": 2333.9,
  "wall_time": 1776686344.9749107,
  "prompt": "go to the entrance of the small shelf row",
  "goal_id": "enter_small_shelf_row",
  "goal_pose": {
    "frame_id": "map",
    "x": 3.774,
    "y": 1.856,
    "yaw_rad": -1.5940000000000003
  },
  "odom": {
    "position": {
      "x": 3.75550226561075,
      "y": 1.7176694597744602,
      "z": 0.0
    },
    "orientation_quat": {
      "x": 0.0012285296854593077,
      "y": 0.0018523156310910097,
      "z": -0.5527112022461451,
      "w": 0.8333698977964321
    },
    "yaw_rad": -1.171231336016403,
    "linear_vel": {
      "x": 2.627421574815093e-07,
      "y": 3.5238854061459254e-05
    },
    "angular_vel_z": -0.0998252635423218
  }
}