{
  "frame_idx": 41,
  "ros_stamp": 2335.9,
  "wall_time": 1776686347.0660655,
  "prompt": "go to the entrance of the small shelf row",
  "goal_id": "enter_small_shelf_row",
  "goal_pose": {
    "frame_id": "map",
    "x": 3.774,
    "y": 1.856,
    "yaw_rad": -1.5940000000000003
  },
  "odom": {
    "position": {
      "x": 3.755561047638999,
      "y": 1.7176873907065324,
      "z": 0.0
    },
    "orientation_quat": {
      "x": 0.0013776890020438745,
      "y": 0.0017442321120682278,
      "z": -0.6198215398114097,
      "w": 0.7847396500834948
    },
    "yaw_rad": -1.3370344429431087,
    "linear_vel": {
      "x": 1.3292383556280812e-07,
      "y": 2.5074403719057185e-05
    },
    "angular_vel_z": -0.07068826177091049
  }
}