{
  "frame_idx": 0,
  "ros_stamp": 2937.9,
  "wall_time": 1776686999.5743034,
  "prompt": "enter small shelf row",
  "goal_id": "enter_small_shelf_row",
  "goal_pose": {
    "frame_id": "map",
    "x": 3.774,
    "y": 1.856,
    "yaw_rad": -1.5940000000000003
  },
  "odom": {
    "position": {
      "x": -3.821388521560234,
      "y": -7.850923348985818,
      "z": 0.0
    },
    "orientation_quat": {
      "x": 0.0014683952854864348,
      "y": -0.0015183989566663,
      "z": 0.6951807536748765,
      "w": 0.7188318704675833
    },
    "yaw_rad": 1.537346962821194,
    "linear_vel": {
      "x": 0.10446365610021988,
      "y": -4.294403936574559e-05
    },
    "angular_vel_z": -0.19058867457082584
  }
}