{
  "frame_idx": 1,
  "ros_stamp": 2939.9,
  "wall_time": 1776687001.742572,
  "prompt": "enter small shelf row",
  "goal_id": "enter_small_shelf_row",
  "goal_pose": {
    "frame_id": "map",
    "x": 3.774,
    "y": 1.856,
    "yaw_rad": -1.5940000000000003
  },
  "odom": {
    "position": {
      "x": -3.76543206299918,
      "y": -7.600774337839334,
      "z": 0.0
    },
    "orientation_quat": {
      "x": -0.00037247141998188063,
      "y": 0.0005426754764322852,
      "z": 0.5684292507886238,
      "w": 0.8227318844047873
    },
    "yaw_rad": 1.2091911151746149,
    "linear_vel": {
      "x": 0.15782248122236592,
      "y": 3.087619933003172e-05
    },
    "angular_vel_z": -0.11926717292421832
  }
}