{
  "frame_idx": 2,
  "ros_stamp": 2941.9,
  "wall_time": 1776687003.9713066,
  "prompt": "enter small shelf row",
  "goal_id": "enter_small_shelf_row",
  "goal_pose": {
    "frame_id": "map",
    "x": 3.774,
    "y": 1.856,
    "yaw_rad": -1.5940000000000003
  },
  "odom": {
    "position": {
      "x": -3.614920179239259,
      "y": -7.28831969565321,
      "z": 0.0
    },
    "orientation_quat": {
      "x": 0.001152395502267413,
      "y": -0.0019090380382358397,
      "z": 0.5167759256095138,
      "w": 0.8561177899499609
    },
    "yaw_rad": 1.086164482516927,
    "linear_vel": {
      "x": 0.19828518248235366,
      "y": -3.645876157706428e-06
    },
    "angular_vel_z": -0.02793791459097108
  }
}