{
  "frame_idx": 3,
  "ros_stamp": 2943.9,
  "wall_time": 1776687006.1234276,
  "prompt": "enter small shelf row",
  "goal_id": "enter_small_shelf_row",
  "goal_pose": {
    "frame_id": "map",
    "x": 3.774,
    "y": 1.856,
    "yaw_rad": -1.5940000000000003
  },
  "odom": {
    "position": {
      "x": -3.4310575715069804,
      "y": -6.959581950842677,
      "z": 0.0
    },
    "orientation_quat": {
      "x": 0.00048682975470936313,
      "y": -0.00085950518427743,
      "z": 0.493233068789656,
      "w": 0.8698966398946294
    },
    "yaw_rad": 1.031605481748195,
    "linear_vel": {
      "x": 0.18289237965315808,
      "y": 4.909900401493263e-07
    },
    "angular_vel_z": -0.04603528995762583
  }
}