{
  "frame_idx": 4,
  "ros_stamp": 2945.9,
  "wall_time": 1776687008.2718482,
  "prompt": "enter small shelf row",
  "goal_id": "enter_small_shelf_row",
  "goal_pose": {
    "frame_id": "map",
    "x": 3.774,
    "y": 1.856,
    "yaw_rad": -1.5940000000000003
  },
  "odom": {
    "position": {
      "x": -3.224365823621179,
      "y": -6.630840930915406,
      "z": 0.0
    },
    "orientation_quat": {
      "x": 0.0005093406696995433,
      "y": -0.0009184650801106796,
      "z": 0.4849365636972875,
      "w": 0.8745486985774122
    },
    "yaw_rad": 1.0125818719774442,
    "linear_vel": {
      "x": 0.2043902710176214,
      "y": -8.303881375416422e-07
    },
    "angular_vel_z": 0.008543783406288663
  }
}