{
  "frame_idx": 5,
  "ros_stamp": 2947.9,
  "wall_time": 1776687010.4942582,
  "prompt": "enter small shelf row",
  "goal_id": "enter_small_shelf_row",
  "goal_pose": {
    "frame_id": "map",
    "x": 3.774,
    "y": 1.856,
    "yaw_rad": -1.5940000000000003
  },
  "odom": {
    "position": {
      "x": -3.024301860003227,
      "y": -6.308810863417872,
      "z": 0.0
    },
    "orientation_quat": {
      "x": -0.0005120593647154491,
      "y": 0.0009241573293884716,
      "z": 0.4846823502113207,
      "w": 0.8746896038721783
    },
    "yaw_rad": 1.0120005670779983,
    "linear_vel": {
      "x": 0.18533966347340608,
      "y": -1.2176538823245597e-06
    },
    "angular_vel_z": 0.0045424095261735195
  }
}