{
  "frame_idx": 6,
  "ros_stamp": 2949.9,
  "wall_time": 1776687012.647072,
  "prompt": "enter small shelf row",
  "goal_id": "enter_small_shelf_row",
  "goal_pose": {
    "frame_id": "map",
    "x": 3.774,
    "y": 1.856,
    "yaw_rad": -1.5940000000000003
  },
  "odom": {
    "position": {
      "x": -2.8237013517571743,
      "y": -5.993430998150647,
      "z": 0.0
    },
    "orientation_quat": {
      "x": -0.0005618951725243341,
      "y": 0.0010464272804738383,
      "z": 0.47310204189680805,
      "w": 0.8810068372134422
    },
    "yaw_rad": 0.9856177150141883,
    "linear_vel": {
      "x": 0.19977033648854844,
      "y": 9.195551041857309e-06
    },
    "angular_vel_z": -0.02294855418525973
  }
}