{
  "frame_idx": 7,
  "ros_stamp": 2951.9,
  "wall_time": 1776687015.0926228,
  "prompt": "enter small shelf row",
  "goal_id": "enter_small_shelf_row",
  "goal_pose": {
    "frame_id": "map",
    "x": 3.774,
    "y": 1.856,
    "yaw_rad": -1.5940000000000003
  },
  "odom": {
    "position": {
      "x": -2.622952033562802,
      "y": -5.6874210691169695,
      "z": 0.0
    },
    "orientation_quat": {
      "x": 0.00010083225914862915,
      "y": -0.0001840134246676537,
      "z": 0.4803774781301859,
      "w": 0.8770618190738882
    },
    "yaw_rad": 1.0021701263232203,
    "linear_vel": {
      "x": 0.1813498703637156,
      "y": -5.099930629213557e-06
    },
    "angular_vel_z": 0.034013175814592324
  }
}