{
  "frame_idx": 8,
  "ros_stamp": 2953.9,
  "wall_time": 1776687017.2869692,
  "prompt": "enter small shelf row",
  "goal_id": "enter_small_shelf_row",
  "goal_pose": {
    "frame_id": "map",
    "x": 3.774,
    "y": 1.856,
    "yaw_rad": -1.5940000000000003
  },
  "odom": {
    "position": {
      "x": -2.4242005365090407,
      "y": -5.374958375500699,
      "z": 0.0
    },
    "orientation_quat": {
      "x": 0.0010619669697004225,
      "y": -0.0019565267180251147,
      "z": 0.47702322764188404,
      "w": 0.8788878680010757
    },
    "yaw_rad": 0.9945319328672234,
    "linear_vel": {
      "x": 0.20408850630043585,
      "y": -1.8413930981828956e-06
    },
    "angular_vel_z": -0.015409973893307474
  }
}