{
  "frame_idx": 9,
  "ros_stamp": 2955.9,
  "wall_time": 1776687019.41651,
  "prompt": "enter small shelf row",
  "goal_id": "enter_small_shelf_row",
  "goal_pose": {
    "frame_id": "map",
    "x": 3.774,
    "y": 1.856,
    "yaw_rad": -1.5940000000000003
  },
  "odom": {
    "position": {
      "x": -2.2037870394726062,
      "y": -5.040486552390168,
      "z": 0.0
    },
    "orientation_quat": {
      "x": 0.0010528197041360394,
      "y": -0.0019642823421926977,
      "z": 0.4723867410325867,
      "w": 0.8813885636098092
    },
    "yaw_rad": 0.9839961484185465,
    "linear_vel": {
      "x": 0.2016559341097698,
      "y": -4.354624892799377e-06
    },
    "angular_vel_z": -0.032474193773414525
  }
}