{
  "frame_idx": 10,
  "ros_stamp": 2957.9,
  "wall_time": 1776687021.654435,
  "prompt": "enter small shelf row",
  "goal_id": "enter_small_shelf_row",
  "goal_pose": {
    "frame_id": "map",
    "x": 3.774,
    "y": 1.856,
    "yaw_rad": -1.5940000000000003
  },
  "odom": {
    "position": {
      "x": -1.9951471910146894,
      "y": -4.726831782070894,
      "z": 0.0
    },
    "orientation_quat": {
      "x": 0.0010549170282722806,
      "y": -0.0019652277505291826,
      "z": 0.47294460642220715,
      "w": 0.881089339559897
    },
    "yaw_rad": 0.9852622461377913,
    "linear_vel": {
      "x": 0.1935209473667345,
      "y": -1.445964658883356e-06
    },
    "angular_vel_z": -0.011551455803579235
  }
}