{
  "frame_idx": 11,
  "ros_stamp": 2959.9,
  "wall_time": 1776687023.7884674,
  "prompt": "enter small shelf row",
  "goal_id": "enter_small_shelf_row",
  "goal_pose": {
    "frame_id": "map",
    "x": 3.774,
    "y": 1.856,
    "yaw_rad": -1.5940000000000003
  },
  "odom": {
    "position": {
      "x": -1.79910616249693,
      "y": -4.434314664073884,
      "z": 0.0
    },
    "orientation_quat": {
      "x": -0.0006887297029681973,
      "y": 0.0012896163645775547,
      "z": 0.47111132389644117,
      "w": 0.8820725497585621
    },
    "yaw_rad": 0.9811016493109554,
    "linear_vel": {
      "x": 0.18046641606324004,
      "y": -6.6637901155464085e-06
    },
    "angular_vel_z": 0.017686443652305872
  }
}