{
  "frame_idx": 12,
  "ros_stamp": 2961.9,
  "wall_time": 1776687026.1575336,
  "prompt": "enter small shelf row",
  "goal_id": "enter_small_shelf_row",
  "goal_pose": {
    "frame_id": "map",
    "x": 3.774,
    "y": 1.856,
    "yaw_rad": -1.5940000000000003
  },
  "odom": {
    "position": {
      "x": -1.5918458805488924,
      "y": -4.1261065648316535,
      "z": 0.0
    },
    "orientation_quat": {
      "x": -0.00024229402450439273,
      "y": 0.00045573384165306717,
      "z": 0.4694758575862918,
      "w": 0.882945158401068
    },
    "yaw_rad": 0.9773942511274274,
    "linear_vel": {
      "x": 0.18141354295103568,
      "y": -6.2850552411461555e-06
    },
    "angular_vel_z": 0.02204364921793386
  }
}