{
  "frame_idx": 13,
  "ros_stamp": 2963.9,
  "wall_time": 1776687028.3224797,
  "prompt": "enter small shelf row",
  "goal_id": "enter_small_shelf_row",
  "goal_pose": {
    "frame_id": "map",
    "x": 3.774,
    "y": 1.856,
    "yaw_rad": -1.5940000000000003
  },
  "odom": {
    "position": {
      "x": -1.3811347244177665,
      "y": -3.8066106507896733,
      "z": 0.0
    },
    "orientation_quat": {
      "x": 0.001060497521333036,
      "y": -0.0019547878812703713,
      "z": 0.4768437692997528,
      "w": 0.8789852523389403
    },
    "yaw_rad": 0.9941235741764001,
    "linear_vel": {
      "x": 0.1917769025033974,
      "y": -1.874454002537512e-07
    },
    "angular_vel_z": -0.0035254204018430576
  }
}