{
  "frame_idx": 14,
  "ros_stamp": 2965.9,
  "wall_time": 1776687030.486596,
  "prompt": "enter small shelf row",
  "goal_id": "enter_small_shelf_row",
  "goal_pose": {
    "frame_id": "map",
    "x": 3.774,
    "y": 1.856,
    "yaw_rad": -1.5940000000000003
  },
  "odom": {
    "position": {
      "x": -1.1617314692577434,
      "y": -3.472948275115281,
      "z": 0.0
    },
    "orientation_quat": {
      "x": 0.0010490432269078748,
      "y": -0.0019606813769511085,
      "z": 0.4717451961366417,
      "w": 0.8817321164383475
    },
    "yaw_rad": 0.9825406608476852,
    "linear_vel": {
      "x": 0.20038452161651468,
      "y": -4.022596348263207e-07
    },
    "angular_vel_z": -0.0050281328944239475
  }
}