{
  "frame_idx": 15,
  "ros_stamp": 2967.9,
  "wall_time": 1776687032.733692,
  "prompt": "enter small shelf row",
  "goal_id": "enter_small_shelf_row",
  "goal_pose": {
    "frame_id": "map",
    "x": 3.774,
    "y": 1.856,
    "yaw_rad": -1.5940000000000003
  },
  "odom": {
    "position": {
      "x": -0.9520482015554108,
      "y": -3.1573716858496033,
      "z": 0.0
    },
    "orientation_quat": {
      "x": 0.0010554460324990991,
      "y": -0.0019561281708961762,
      "z": 0.4748338824127867,
      "w": 0.8800726354733747
    },
    "yaw_rad": 0.9895532019968475,
    "linear_vel": {
      "x": 0.2077897188615904,
      "y": 3.596223366345789e-06
    },
    "angular_vel_z": 0.02336045792742501
  }
}