{
  "frame_idx": 16,
  "ros_stamp": 2969.9,
  "wall_time": 1776687034.8541956,
  "prompt": "enter small shelf row",
  "goal_id": "enter_small_shelf_row",
  "goal_pose": {
    "frame_id": "map",
    "x": 3.774,
    "y": 1.856,
    "yaw_rad": -1.5940000000000003
  },
  "odom": {
    "position": {
      "x": -0.750694548284427,
      "y": -2.856182030104739,
      "z": 0.0
    },
    "orientation_quat": {
      "x": 0.001038514782291067,
      "y": -0.001965896852538505,
      "z": 0.4670808945889838,
      "w": 0.8842117928678438
    },
    "yaw_rad": 0.971975679636567,
    "linear_vel": {
      "x": 0.1905844264565579,
      "y": -1.9345507336636283e-06
    },
    "angular_vel_z": -0.01438947575460608
  }
}