{
  "frame_idx": 17,
  "ros_stamp": 2971.9,
  "wall_time": 1776687037.095153,
  "prompt": "enter small shelf row",
  "goal_id": "enter_small_shelf_row",
  "goal_pose": {
    "frame_id": "map",
    "x": 3.774,
    "y": 1.856,
    "yaw_rad": -1.5940000000000003
  },
  "odom": {
    "position": {
      "x": -0.5384782908102027,
      "y": -2.5475110504012095,
      "z": 0.0
    },
    "orientation_quat": {
      "x": 0.0010510084279618116,
      "y": -0.0019806123076936623,
      "z": 0.46873437065111295,
      "w": 0.8833363245822489
    },
    "yaw_rad": 0.9757175756552647,
    "linear_vel": {
      "x": 0.20171167715562238,
      "y": 4.370165018780664e-06
    },
    "angular_vel_z": 0.02740573105376669
  }
}