{
  "frame_idx": 18,
  "ros_stamp": 2973.9,
  "wall_time": 1776687039.2944157,
  "prompt": "enter small shelf row",
  "goal_id": "enter_small_shelf_row",
  "goal_pose": {
    "frame_id": "map",
    "x": 3.774,
    "y": 1.856,
    "yaw_rad": -1.5940000000000003
  },
  "odom": {
    "position": {
      "x": -0.3295354708888952,
      "y": -2.23764143541749,
      "z": 0.0
    },
    "orientation_quat": {
      "x": -0.0008962358520929522,
      "y": 0.0017048821692651668,
      "z": 0.46532516113012873,
      "w": 0.8851377206724985
    },
    "yaw_rad": 0.9680058132970398,
    "linear_vel": {
      "x": 0.17755612345281938,
      "y": 2.5225180852898117e-05
    },
    "angular_vel_z": -0.05220265143795154
  }
}