{
  "frame_idx": 19,
  "ros_stamp": 2975.9,
  "wall_time": 1776687041.5060992,
  "prompt": "enter small shelf row",
  "goal_id": "enter_small_shelf_row",
  "goal_pose": {
    "frame_id": "map",
    "x": 3.774,
    "y": 1.856,
    "yaw_rad": -1.5940000000000003
  },
  "odom": {
    "position": {
      "x": -0.11138317589026177,
      "y": -1.9364512633254534,
      "z": 0.0
    },
    "orientation_quat": {
      "x": 2.7998490843651e-05,
      "y": -5.5743552667387886e-05,
      "z": 0.44824694606641285,
      "w": 0.8939097669512708
    },
    "yaw_rad": 0.9296065303427691,
    "linear_vel": {
      "x": 0.18296784032022342,
      "y": 1.9915230546637785e-06
    },
    "angular_vel_z": -0.009530876260428523
  }
}