{
  "frame_idx": 20,
  "ros_stamp": 2977.9,
  "wall_time": 1776687043.718633,
  "prompt": "enter small shelf row",
  "goal_id": "enter_small_shelf_row",
  "goal_pose": {
    "frame_id": "map",
    "x": 3.774,
    "y": 1.856,
    "yaw_rad": -1.5940000000000003
  },
  "odom": {
    "position": {
      "x": 0.11459292168572897,
      "y": -1.6318530060157341,
      "z": 0.0
    },
    "orientation_quat": {
      "x": 0.0007200015772353411,
      "y": -0.0014043775818749049,
      "z": 0.45620348681997874,
      "w": 0.8898740854382882
    },
    "yaw_rad": 0.9474496120197613,
    "linear_vel": {
      "x": 0.18900244967216193,
      "y": 9.235184326934808e-07
    },
    "angular_vel_z": 0.02235965976736758
  }
}