{
  "frame_idx": 21,
  "ros_stamp": 2979.9,
  "wall_time": 1776687045.8441336,
  "prompt": "enter small shelf row",
  "goal_id": "enter_small_shelf_row",
  "goal_pose": {
    "frame_id": "map",
    "x": 3.774,
    "y": 1.856,
    "yaw_rad": -1.5940000000000003
  },
  "odom": {
    "position": {
      "x": 0.3343756125151917,
      "y": -1.3219994107788269,
      "z": 0.0
    },
    "orientation_quat": {
      "x": 0.0010363378926287312,
      "y": -0.0019732220282549446,
      "z": 0.46495860245159126,
      "w": 0.8853296168122144
    },
    "yaw_rad": 0.9671783113756885,
    "linear_vel": {
      "x": 0.2110839540947528,
      "y": 5.110990891849052e-08
    },
    "angular_vel_z": 0.0
  }
}