{
  "frame_idx": 22,
  "ros_stamp": 2981.9,
  "wall_time": 1776687048.0946548,
  "prompt": "enter small shelf row",
  "goal_id": "enter_small_shelf_row",
  "goal_pose": {
    "frame_id": "map",
    "x": 3.774,
    "y": 1.856,
    "yaw_rad": -1.5940000000000003
  },
  "odom": {
    "position": {
      "x": 0.5530475046353762,
      "y": -1.0032814372432364,
      "z": 0.0
    },
    "orientation_quat": {
      "x": -0.000992595032298305,
      "y": 0.0019175388801010798,
      "z": 0.45971093030192606,
      "w": 0.8880659876161696
    },
    "yaw_rad": 0.9553417481040137,
    "linear_vel": {
      "x": 0.18121222312823218,
      "y": 5.474805579366989e-06
    },
    "angular_vel_z": -0.010637831243051173
  }
}