{
  "frame_idx": 23,
  "ros_stamp": 2983.9,
  "wall_time": 1776687050.3733783,
  "prompt": "enter small shelf row",
  "goal_id": "enter_small_shelf_row",
  "goal_pose": {
    "frame_id": "map",
    "x": 3.774,
    "y": 1.856,
    "yaw_rad": -1.5940000000000003
  },
  "odom": {
    "position": {
      "x": 0.7784562072838151,
      "y": -0.6947323505130348,
      "z": 0.0
    },
    "orientation_quat": {
      "x": 0.000743044660934932,
      "y": -0.0014720808744506807,
      "z": 0.4505881089783898,
      "w": 0.8927304391079145
    },
    "yaw_rad": 0.9348493803650859,
    "linear_vel": {
      "x": 0.20248334421674924,
      "y": -2.2876771379749371e-07
    },
    "angular_vel_z": -0.00020737773138781909
  }
}