{
  "frame_idx": 24,
  "ros_stamp": 2985.9,
  "wall_time": 1776687052.6619415,
  "prompt": "enter small shelf row",
  "goal_id": "enter_small_shelf_row",
  "goal_pose": {
    "frame_id": "map",
    "x": 3.774,
    "y": 1.856,
    "yaw_rad": -1.5940000000000003
  },
  "odom": {
    "position": {
      "x": 1.003268126834688,
      "y": -0.3868760359721111,
      "z": 0.0
    },
    "orientation_quat": {
      "x": -0.0010163536323454683,
      "y": 0.001976886234167442,
      "z": 0.45724319081629244,
      "w": 0.8893389249314609
    },
    "yaw_rad": 0.9497883169533461,
    "linear_vel": {
      "x": 0.18288305898461446,
      "y": -8.127894767486963e-06
    },
    "angular_vel_z": 0.015834279463587446
  }
}