{
  "frame_idx": 25,
  "ros_stamp": 2987.9,
  "wall_time": 1776687054.9293678,
  "prompt": "enter small shelf row",
  "goal_id": "enter_small_shelf_row",
  "goal_pose": {
    "frame_id": "map",
    "x": 3.774,
    "y": 1.856,
    "yaw_rad": -1.5940000000000003
  },
  "odom": {
    "position": {
      "x": 1.2315034950444428,
      "y": -0.07755308376337591,
      "z": 0.0
    },
    "orientation_quat": {
      "x": 0.0006963827806492991,
      "y": -0.0013980210366532997,
      "z": 0.4458462998693876,
      "w": 0.8951081708268448
    },
    "yaw_rad": 0.9242402333228542,
    "linear_vel": {
      "x": 0.1912916148169095,
      "y": -3.2227368022889847e-07
    },
    "angular_vel_z": -0.0021441851656921187
  }
}