{
  "frame_idx": 26,
  "ros_stamp": 2989.9,
  "wall_time": 1776687057.0244744,
  "prompt": "enter small shelf row",
  "goal_id": "enter_small_shelf_row",
  "goal_pose": {
    "frame_id": "map",
    "x": 3.774,
    "y": 1.856,
    "yaw_rad": -1.5940000000000003
  },
  "odom": {
    "position": {
      "x": 1.4607467834590746,
      "y": 0.22257627414430117,
      "z": 0.0
    },
    "orientation_quat": {
      "x": 0.0005292494534397745,
      "y": -0.0010781377341691147,
      "z": 0.4406341266223381,
      "w": 0.8976859829415916
    },
    "yaw_rad": 0.9126106115303598,
    "linear_vel": {
      "x": 0.19674236171237652,
      "y": -1.8942656571059114e-07
    },
    "angular_vel_z": 0.0015476421048408902
  }
}