{
  "frame_idx": 27,
  "ros_stamp": 2991.9,
  "wall_time": 1776687059.1768394,
  "prompt": "enter small shelf row",
  "goal_id": "enter_small_shelf_row",
  "goal_pose": {
    "frame_id": "map",
    "x": 3.774,
    "y": 1.856,
    "yaw_rad": -1.5940000000000003
  },
  "odom": {
    "position": {
      "x": 1.6855418352333518,
      "y": 0.512593455868022,
      "z": 0.0
    },
    "orientation_quat": {
      "x": -0.0006041142565458782,
      "y": 0.0012478371964764476,
      "z": 0.43577522421414105,
      "w": 0.900054460524146
    },
    "yaw_rad": 0.9017997396248906,
    "linear_vel": {
      "x": 0.16781486011945632,
      "y": 1.0908264271464749e-05
    },
    "angular_vel_z": -0.02779280658122995
  }
}