{
  "frame_idx": 28,
  "ros_stamp": 2993.9,
  "wall_time": 1776687061.408625,
  "prompt": "enter small shelf row",
  "goal_id": "enter_small_shelf_row",
  "goal_pose": {
    "frame_id": "map",
    "x": 3.774,
    "y": 1.856,
    "yaw_rad": -1.5940000000000003
  },
  "odom": {
    "position": {
      "x": 1.8806336019168242,
      "y": 0.764280190173997,
      "z": 0.0
    },
    "orientation_quat": {
      "x": 0.0008315327526912763,
      "y": -0.0016710852338135786,
      "z": 0.4454753540982774,
      "w": 0.8952922567063991
    },
    "yaw_rad": 0.9234120096188562,
    "linear_vel": {
      "x": 0.16306717767887802,
      "y": 1.7767967588254658e-06
    },
    "angular_vel_z": 0.015064993258395932
  }
}