{
  "frame_idx": 29,
  "ros_stamp": 2995.9,
  "wall_time": 1776687063.5435357,
  "prompt": "enter small shelf row",
  "goal_id": "enter_small_shelf_row",
  "goal_pose": {
    "frame_id": "map",
    "x": 3.774,
    "y": 1.856,
    "yaw_rad": -1.5940000000000003
  },
  "odom": {
    "position": {
      "x": 2.058627487360194,
      "y": 1.0083719616581668,
      "z": 0.0
    },
    "orientation_quat": {
      "x": -0.0001852963194047907,
      "y": 0.00035491233086822386,
      "z": 0.4628911054745739,
      "w": 0.8864150631476421
    },
    "yaw_rad": 0.9625080875030124,
    "linear_vel": {
      "x": 0.1491977469147655,
      "y": -4.698133734519906e-06
    },
    "angular_vel_z": 0.021244115789343147
  }
}