{
  "frame_idx": 30,
  "ros_stamp": 2997.9,
  "wall_time": 1776687065.760299,
  "prompt": "enter small shelf row",
  "goal_id": "enter_small_shelf_row",
  "goal_pose": {
    "frame_id": "map",
    "x": 3.774,
    "y": 1.856,
    "yaw_rad": -1.5940000000000003
  },
  "odom": {
    "position": {
      "x": 2.2346758841107586,
      "y": 1.2561467947149179,
      "z": 0.0
    },
    "orientation_quat": {
      "x": 0.0005583535586689061,
      "y": -0.0011459869874208125,
      "z": 0.4383452950461286,
      "w": 0.8988057505746448
    },
    "yaw_rad": 0.9075144798129736,
    "linear_vel": {
      "x": 0.145221692219008,
      "y": -6.615145181432865e-06
    },
    "angular_vel_z": -0.09632652772844338
  }
}