{
  "frame_idx": 31,
  "ros_stamp": 2999.9,
  "wall_time": 1776687067.8677058,
  "prompt": "enter small shelf row",
  "goal_id": "enter_small_shelf_row",
  "goal_pose": {
    "frame_id": "map",
    "x": 3.774,
    "y": 1.856,
    "yaw_rad": -1.5940000000000003
  },
  "odom": {
    "position": {
      "x": 2.4320981207197314,
      "y": 1.4674440238790025,
      "z": 0.0
    },
    "orientation_quat": {
      "x": 0.0007778871745712038,
      "y": -0.002071969682094292,
      "z": 0.3515232658718743,
      "w": 0.9361765300326385
    },
    "yaw_rad": 0.7183972736737054,
    "linear_vel": {
      "x": 0.1391962664720306,
      "y": -2.236979769750327e-05
    },
    "angular_vel_z": -0.10865006570961085
  }
}