{
  "frame_idx": 32,
  "ros_stamp": 3001.9,
  "wall_time": 1776687070.0128229,
  "prompt": "enter small shelf row",
  "goal_id": "enter_small_shelf_row",
  "goal_pose": {
    "frame_id": "map",
    "x": 3.774,
    "y": 1.856,
    "yaw_rad": -1.5940000000000003
  },
  "odom": {
    "position": {
      "x": 2.709542379655294,
      "y": 1.6385426609291962,
      "z": 0.0
    },
    "orientation_quat": {
      "x": 0.00025430658860314386,
      "y": -0.0012605253937125005,
      "z": 0.1977430625782203,
      "w": 0.9802530426405607
    },
    "yaw_rad": 0.3981102993763396,
    "linear_vel": {
      "x": 0.15709715850791298,
      "y": -6.592279923696751e-06
    },
    "angular_vel_z": -0.1373166092028204
  }
}