{
  "frame_idx": 33,
  "ros_stamp": 3003.9,
  "wall_time": 1776687072.2328975,
  "prompt": "enter small shelf row",
  "goal_id": "enter_small_shelf_row",
  "goal_pose": {
    "frame_id": "map",
    "x": 3.774,
    "y": 1.856,
    "yaw_rad": -1.5940000000000003
  },
  "odom": {
    "position": {
      "x": 3.0208704285289603,
      "y": 1.7290076266354089,
      "z": 0.0
    },
    "orientation_quat": {
      "x": -0.00016899872530214797,
      "y": 0.0017953936913177322,
      "z": 0.09374982609955071,
      "w": 0.9955941533110909
    },
    "yaw_rad": 0.1877757073290932,
    "linear_vel": {
      "x": 0.15890757429421146,
      "y": 3.7542542549986045e-05
    },
    "angular_vel_z": -0.08429057095646433
  }
}