{
  "frame_idx": 34,
  "ros_stamp": 3005.9,
  "wall_time": 1776687074.399653,
  "prompt": "enter small shelf row",
  "goal_id": "enter_small_shelf_row",
  "goal_pose": {
    "frame_id": "map",
    "x": 3.774,
    "y": 1.856,
    "yaw_rad": -1.5940000000000003
  },
  "odom": {
    "position": {
      "x": 3.317728607370469,
      "y": 1.7715492398138204,
      "z": 0.0
    },
    "orientation_quat": {
      "x": -0.00010463110561275667,
      "y": 0.0019533398842191668,
      "z": 0.053519738837152525,
      "w": 0.9985648757444012
    },
    "yaw_rad": 0.10709084895624058,
    "linear_vel": {
      "x": 0.13815601810830352,
      "y": 4.953702171966305e-05
    },
    "angular_vel_z": -0.11103023730698443
  }
}