{
  "frame_idx": 35,
  "ros_stamp": 3007.9,
  "wall_time": 1776687076.5771391,
  "prompt": "enter small shelf row",
  "goal_id": "enter_small_shelf_row",
  "goal_pose": {
    "frame_id": "map",
    "x": 3.774,
    "y": 1.856,
    "yaw_rad": -1.5940000000000003
  },
  "odom": {
    "position": {
      "x": 3.574320102628795,
      "y": 1.7708781887876293,
      "z": 0.0
    },
    "orientation_quat": {
      "x": 0.00014066841032752696,
      "y": 0.002220914960173273,
      "z": -0.06318328893375741,
      "w": 0.9979994587917628
    },
    "yaw_rad": -0.1264511211132303,
    "linear_vel": {
      "x": 0.10683817200189354,
      "y": 5.576267950578289e-05
    },
    "angular_vel_z": -0.12205218869360071
  }
}