{
  "frame_idx": 36,
  "ros_stamp": 3009.9,
  "wall_time": 1776687078.797332,
  "prompt": "enter small shelf row",
  "goal_id": "enter_small_shelf_row",
  "goal_pose": {
    "frame_id": "map",
    "x": 3.774,
    "y": 1.856,
    "yaw_rad": -1.5940000000000003
  },
  "odom": {
    "position": {
      "x": 3.709826752701329,
      "y": 1.738160711019832,
      "z": 0.0
    },
    "orientation_quat": {
      "x": 0.000422561218641782,
      "y": 0.0021821115941195756,
      "z": -0.1900870351624403,
      "w": 0.9817647268537205
    },
    "yaw_rad": -0.38250255080729645,
    "linear_vel": {
      "x": 0.04238815279211829,
      "y": 5.161379352636153e-05
    },
    "angular_vel_z": -0.13098752355105994
  }
}