{
  "frame_idx": 37,
  "ros_stamp": 3011.9,
  "wall_time": 1776687080.9533086,
  "prompt": "enter small shelf row",
  "goal_id": "enter_small_shelf_row",
  "goal_pose": {
    "frame_id": "map",
    "x": 3.774,
    "y": 1.856,
    "yaw_rad": -1.5940000000000003
  },
  "odom": {
    "position": {
      "x": 3.746851694182456,
      "y": 1.7189354281803861,
      "z": 0.0
    },
    "orientation_quat": {
      "x": 0.0007112196937003298,
      "y": 0.0021076799727151466,
      "z": -0.3197089477044459,
      "w": 0.9475131875648992
    },
    "yaw_rad": -0.6508462639719804,
    "linear_vel": {
      "x": 0.006470758668566942,
      "y": 4.707695610835337e-05
    },
    "angular_vel_z": -0.1325872692696438
  }
}