{
  "frame_idx": 38,
  "ros_stamp": 3013.9,
  "wall_time": 1776687083.141041,
  "prompt": "enter small shelf row",
  "goal_id": "enter_small_shelf_row",
  "goal_pose": {
    "frame_id": "map",
    "x": 3.774,
    "y": 1.856,
    "yaw_rad": -1.5940000000000003
  },
  "odom": {
    "position": {
      "x": 3.7511002577568333,
      "y": 1.7153329163081037,
      "z": 0.0
    },
    "orientation_quat": {
      "x": 0.0009622043412141353,
      "y": 0.0020036200916641535,
      "z": -0.4328851122832093,
      "w": 0.9014463595982222
    },
    "yaw_rad": -0.8953840797932936,
    "linear_vel": {
      "x": -0.00021520455502853602,
      "y": 4.476024123972538e-05
    },
    "angular_vel_z": -0.12876197711316412
  }
}