{
  "frame_idx": 39,
  "ros_stamp": 3015.9,
  "wall_time": 1776687085.244962,
  "prompt": "enter small shelf row",
  "goal_id": "enter_small_shelf_row",
  "goal_pose": {
    "frame_id": "map",
    "x": 3.774,
    "y": 1.856,
    "yaw_rad": -1.5940000000000003
  },
  "odom": {
    "position": {
      "x": 3.7511641078242044,
      "y": 1.7153737864535215,
      "z": 0.0
    },
    "orientation_quat": {
      "x": 0.0011726526228353557,
      "y": 0.0018881836204747591,
      "z": -0.5275708343827233,
      "w": 0.8495081367221614
    },
    "yaw_rad": -1.1114801302727058,
    "linear_vel": {
      "x": 2.8060740856450325e-07,
      "y": 3.474619679761964e-05
    },
    "angular_vel_z": -0.09855667527127024
  }
}