{
  "frame_idx": 40,
  "ros_stamp": 3017.9,
  "wall_time": 1776687087.413954,
  "prompt": "enter small shelf row",
  "goal_id": "enter_small_shelf_row",
  "goal_pose": {
    "frame_id": "map",
    "x": 3.774,
    "y": 1.856,
    "yaw_rad": -1.5940000000000003
  },
  "odom": {
    "position": {
      "x": 3.751226395855264,
      "y": 1.715396453232057,
      "z": 0.0
    },
    "orientation_quat": {
      "x": 0.0013387326264055136,
      "y": 0.0017743067608982795,
      "z": -0.6022941137361726,
      "w": 0.7982711695841405
    },
    "yaw_rad": -1.2927474180803822,
    "linear_vel": {
      "x": 1.7308870070882014e-07,
      "y": 2.7298921463426448e-05
    },
    "angular_vel_z": -0.07696528493040851
  }
}