{
  "frame_idx": 0,
  "ros_stamp": 1151.9,
  "wall_time": 1776685071.7266083,
  "prompt": "go to the main shelf area",
  "goal_id": "big_shelf_area",
  "goal_pose": {
    "frame_id": "map",
    "x": -3.858,
    "y": -8.011,
    "yaw_rad": 1.5399999999999998
  },
  "odom": {
    "position": {
      "x": 2.0032606312128083,
      "y": -7.7141550459189006,
      "z": 0.0
    },
    "orientation_quat": {
      "x": -0.001493083501725882,
      "y": 0.0016479006357718636,
      "z": 0.6714394765128727,
      "w": 0.7410560602985923
    },
    "yaw_rad": 1.472303560399188,
    "linear_vel": {
      "x": -0.0007024145086611533,
      "y": -4.1511206832427964e-05
    },
    "angular_vel_z": 0.11910174072639426
  }
}