{
  "frame_idx": 1,
  "ros_stamp": 1153.9,
  "wall_time": 1776685073.8726852,
  "prompt": "go to the main shelf area",
  "goal_id": "big_shelf_area",
  "goal_pose": {
    "frame_id": "map",
    "x": -3.858,
    "y": -8.011,
    "yaw_rad": 1.5399999999999998
  },
  "odom": {
    "position": {
      "x": 2.002431875551701,
      "y": -7.704349163961077,
      "z": 0.0
    },
    "orientation_quat": {
      "x": 0.0001325144416302738,
      "y": -0.00010767973405921375,
      "z": 0.7760615409276755,
      "w": 0.630657161648038
    },
    "yaw_rad": 1.7767932076355657,
    "linear_vel": {
      "x": 0.0012100817836975517,
      "y": 4.641037352266183e-06
    },
    "angular_vel_z": 0.18068601490176328
  }
}