{
  "frame_idx": 2,
  "ros_stamp": 1155.9,
  "wall_time": 1776685076.0482204,
  "prompt": "go to the main shelf area",
  "goal_id": "big_shelf_area",
  "goal_pose": {
    "frame_id": "map",
    "x": -3.858,
    "y": -8.011,
    "yaw_rad": 1.5399999999999998
  },
  "odom": {
    "position": {
      "x": 1.996457755339081,
      "y": -7.690274209554735,
      "z": 0.0
    },
    "orientation_quat": {
      "x": -0.0010248768474190259,
      "y": 0.0005787731827536562,
      "z": 0.8699187943797522,
      "w": 0.49319357845974554
    },
    "yaw_rad": 2.1100777278333487,
    "linear_vel": {
      "x": 0.015237752913879294,
      "y": -2.7204716025583618e-05
    },
    "angular_vel_z": 0.12951175472495438
  }
}