{
  "frame_idx": 3,
  "ros_stamp": 1157.9,
  "wall_time": 1776685078.1448886,
  "prompt": "go to the main shelf area",
  "goal_id": "big_shelf_area",
  "goal_pose": {
    "frame_id": "map",
    "x": -3.858,
    "y": -8.011,
    "yaw_rad": 1.5399999999999998
  },
  "odom": {
    "position": {
      "x": 1.9807872946206442,
      "y": -7.67213835862535,
      "z": 0.0
    },
    "orientation_quat": {
      "x": 0.0014504590476952623,
      "y": -0.0004901334792060357,
      "z": 0.9468607366678612,
      "w": 0.32164017363277053
    },
    "yaw_rad": 2.486669451410676,
    "linear_vel": {
      "x": 0.016273400421171303,
      "y": 4.021250943066451e-05
    },
    "angular_vel_z": 0.18223891699241573
  }
}