{
  "frame_idx": 4,
  "ros_stamp": 1159.9,
  "wall_time": 1776685080.3201735,
  "prompt": "go to the main shelf area",
  "goal_id": "big_shelf_area",
  "goal_pose": {
    "frame_id": "map",
    "x": -3.858,
    "y": -8.011,
    "yaw_rad": 1.5399999999999998
  },
  "odom": {
    "position": {
      "x": 1.8847534480141876,
      "y": -7.627299371466683,
      "z": 0.0
    },
    "orientation_quat": {
      "x": 0.0008400119821855413,
      "y": -0.00010665537464643078,
      "z": 0.9910337910263606,
      "w": 0.13360878731737857
    },
    "yaw_rad": 2.8735734854380643,
    "linear_vel": {
      "x": 0.08527111275842121,
      "y": 8.818760600286254e-06
    },
    "angular_vel_z": 0.18378710455360386
  }
}