{
  "frame_idx": 5,
  "ros_stamp": 1161.9,
  "wall_time": 1776685082.4368231,
  "prompt": "go to the main shelf area",
  "goal_id": "big_shelf_area",
  "goal_pose": {
    "frame_id": "map",
    "x": -3.858,
    "y": -8.011,
    "yaw_rad": 1.5399999999999998
  },
  "odom": {
    "position": {
      "x": 1.6937561249268869,
      "y": -7.609215068479371,
      "z": 0.0
    },
    "orientation_quat": {
      "x": 0.0022275056935213223,
      "y": 1.6303119076298978e-05,
      "z": 0.9999723278509319,
      "w": -0.007097991616071577
    },
    "yaw_rad": -3.127396518122194,
    "linear_vel": {
      "x": 0.17592844427383272,
      "y": 1.8897378387530658e-06
    },
    "angular_vel_z": 0.009494965494415033
  }
}