{
  "frame_idx": 6,
  "ros_stamp": 1163.9,
  "wall_time": 1776685084.55277,
  "prompt": "go to the main shelf area",
  "goal_id": "big_shelf_area",
  "goal_pose": {
    "frame_id": "map",
    "x": -3.858,
    "y": -8.011,
    "yaw_rad": 1.5399999999999998
  },
  "odom": {
    "position": {
      "x": 1.4678388353412466,
      "y": -7.595555488438181,
      "z": 0.0
    },
    "orientation_quat": {
      "x": 0.0018323698321825958,
      "y": 3.49918121001696e-05,
      "z": 0.9997984772744964,
      "w": -0.019991148940702527
    },
    "yaw_rad": -3.1016076189067507,
    "linear_vel": {
      "x": 0.10697565040886173,
      "y": 2.7283253224778937e-05
    },
    "angular_vel_z": 0.16486892747735143
  }
}