{
  "frame_idx": 7,
  "ros_stamp": 1165.9,
  "wall_time": 1776685086.7273488,
  "prompt": "go to the main shelf area",
  "goal_id": "big_shelf_area",
  "goal_pose": {
    "frame_id": "map",
    "x": -3.858,
    "y": -8.011,
    "yaw_rad": 1.5399999999999998
  },
  "odom": {
    "position": {
      "x": 1.2629190119892757,
      "y": -7.617128608617425,
      "z": 0.0
    },
    "orientation_quat": {
      "x": 0.002222901613130129,
      "y": 6.541061711099271e-08,
      "z": 0.9999974330749691,
      "w": -0.00043880734611782937
    },
    "yaw_rad": -3.140715032655312,
    "linear_vel": {
      "x": 0.09391935086883126,
      "y": -4.341533597713518e-05
    },
    "angular_vel_z": -0.1920038983951184
  }
}