{
  "frame_idx": 8,
  "ros_stamp": 1167.9,
  "wall_time": 1776685088.8333938,
  "prompt": "go to the main shelf area",
  "goal_id": "big_shelf_area",
  "goal_pose": {
    "frame_id": "map",
    "x": -3.858,
    "y": -8.011,
    "yaw_rad": 1.5399999999999998
  },
  "odom": {
    "position": {
      "x": 1.0004816154398237,
      "y": -7.573875661603514,
      "z": 0.0
    },
    "orientation_quat": {
      "x": 0.0019130293690515392,
      "y": -0.00027400464689177187,
      "z": 0.9898984473808441,
      "w": 0.1417650489827467
    },
    "yaw_rad": 2.857103628222204,
    "linear_vel": {
      "x": 0.16157120960375485,
      "y": -8.2825331107131e-06
    },
    "angular_vel_z": -0.06605745848533147
  }
}