{
  "frame_idx": 9,
  "ros_stamp": 1169.9,
  "wall_time": 1776685090.9987597,
  "prompt": "go to the main shelf area",
  "goal_id": "big_shelf_area",
  "goal_pose": {
    "frame_id": "map",
    "x": -3.858,
    "y": -8.011,
    "yaw_rad": 1.5399999999999998
  },
  "odom": {
    "position": {
      "x": 0.6679006480315889,
      "y": -7.454692794156227,
      "z": 0.0
    },
    "orientation_quat": {
      "x": -0.0006857406992119945,
      "y": 0.0001340314714149629,
      "z": 0.9813953467301535,
      "w": 0.19199657604150167
    },
    "yaw_rad": 2.755200220810467,
    "linear_vel": {
      "x": 0.18697990352064112,
      "y": 5.132611994919129e-06
    },
    "angular_vel_z": -0.014515287398517882
  }
}