{
  "frame_idx": 10,
  "ros_stamp": 1171.9,
  "wall_time": 1776685093.1374562,
  "prompt": "go to the main shelf area",
  "goal_id": "big_shelf_area",
  "goal_pose": {
    "frame_id": "map",
    "x": -3.858,
    "y": -8.011,
    "yaw_rad": 1.5399999999999998
  },
  "odom": {
    "position": {
      "x": 0.3372845434127706,
      "y": -7.3101878584290585,
      "z": 0.0
    },
    "orientation_quat": {
      "x": -0.002171615410921742,
      "y": 0.0004771479634720001,
      "z": 0.976693150067098,
      "w": 0.2146288587966149
    },
    "yaw_rad": 2.7089679325550664,
    "linear_vel": {
      "x": 0.18118873685796894,
      "y": 2.347809887145747e-05
    },
    "angular_vel_z": -0.0433417670849434
  }
}