{
  "frame_idx": 11,
  "ros_stamp": 1173.9,
  "wall_time": 1776685095.2528799,
  "prompt": "go to the main shelf area",
  "goal_id": "big_shelf_area",
  "goal_pose": {
    "frame_id": "map",
    "x": -3.858,
    "y": -8.011,
    "yaw_rad": 1.5399999999999998
  },
  "odom": {
    "position": {
      "x": 0.028553317772861467,
      "y": -7.160978685480215,
      "z": 0.0
    },
    "orientation_quat": {
      "x": 0.0021796129835218096,
      "y": -0.0005236230436956504,
      "z": 0.9723611602316029,
      "w": 0.23347108852961082
    },
    "yaw_rad": 2.6702996388060405,
    "linear_vel": {
      "x": 0.1758266375891044,
      "y": -3.6591491412460517e-06
    },
    "angular_vel_z": -0.02357647184698775
  }
}