{
  "frame_idx": 12,
  "ros_stamp": 1175.9,
  "wall_time": 1776685097.4393172,
  "prompt": "go to the main shelf area",
  "goal_id": "big_shelf_area",
  "goal_pose": {
    "frame_id": "map",
    "x": -3.858,
    "y": -8.011,
    "yaw_rad": 1.5399999999999998
  },
  "odom": {
    "position": {
      "x": -0.24720573821844904,
      "y": -7.006785392124307,
      "z": 0.0
    },
    "orientation_quat": {
      "x": -0.0008125829231037177,
      "y": 0.00022899551892505154,
      "z": 0.9624870449965105,
      "w": 0.2713263265588699
    },
    "yaw_rad": 2.5920508845762007,
    "linear_vel": {
      "x": 0.15431046498060869,
      "y": 1.264799817840193e-05
    },
    "angular_vel_z": -0.044625648938575284
  }
}