{
  "frame_idx": 13,
  "ros_stamp": 1177.9,
  "wall_time": 1776685099.5512364,
  "prompt": "go to the main shelf area",
  "goal_id": "big_shelf_area",
  "goal_pose": {
    "frame_id": "map",
    "x": -3.858,
    "y": -8.011,
    "yaw_rad": 1.5399999999999998
  },
  "odom": {
    "position": {
      "x": -0.5000322678696209,
      "y": -6.839339116274863,
      "z": 0.0
    },
    "orientation_quat": {
      "x": 0.0017960019547442817,
      "y": -0.0005715128220774206,
      "z": 0.9529197969931621,
      "w": 0.30321660285773133
    },
    "yaw_rad": 2.5254587910960566,
    "linear_vel": {
      "x": 0.16002712577621747,
      "y": -2.4344956122462273e-06
    },
    "angular_vel_z": -0.019440408939641357
  }
}