{
  "frame_idx": 14,
  "ros_stamp": 1179.9,
  "wall_time": 1776685101.7098503,
  "prompt": "go to the main shelf area",
  "goal_id": "big_shelf_area",
  "goal_pose": {
    "frame_id": "map",
    "x": -3.858,
    "y": -8.011,
    "yaw_rad": 1.5399999999999998
  },
  "odom": {
    "position": {
      "x": -0.7347730726377146,
      "y": -6.672897120839707,
      "z": 0.0
    },
    "orientation_quat": {
      "x": 0.001164789987665675,
      "y": -0.00035035747114021097,
      "z": 0.957626028634085,
      "w": 0.2880119959245407
    },
    "yaw_rad": 2.5572917722604154,
    "linear_vel": {
      "x": 0.12592771199398192,
      "y": 5.2875979385428955e-06
    },
    "angular_vel_z": 0.08037164072648392
  }
}