{
  "frame_idx": 15,
  "ros_stamp": 1181.9,
  "wall_time": 1776685103.8589897,
  "prompt": "go to the main shelf area",
  "goal_id": "big_shelf_area",
  "goal_pose": {
    "frame_id": "map",
    "x": -3.858,
    "y": -8.011,
    "yaw_rad": 1.5399999999999998
  },
  "odom": {
    "position": {
      "x": -1.001907157380453,
      "y": -6.525605982660691,
      "z": 0.0
    },
    "orientation_quat": {
      "x": -0.002175113842572863,
      "y": 0.0004586169902049351,
      "z": 0.9784485946235485,
      "w": 0.2064785854015641
    },
    "yaw_rad": 2.725642377244855,
    "linear_vel": {
      "x": 0.1491684589023285,
      "y": -4.853775759828963e-05
    },
    "angular_vel_z": 0.0988168311228278
  }
}