{
  "frame_idx": 16,
  "ros_stamp": 1183.9,
  "wall_time": 1776685105.952569,
  "prompt": "go to the main shelf area",
  "goal_id": "big_shelf_area",
  "goal_pose": {
    "frame_id": "map",
    "x": -3.858,
    "y": -8.011,
    "yaw_rad": 1.5399999999999998
  },
  "odom": {
    "position": {
      "x": -1.2884619533699542,
      "y": -6.437869639252418,
      "z": 0.0
    },
    "orientation_quat": {
      "x": -0.0017720120324387172,
      "y": 0.00016481017770279293,
      "z": 0.9956606186137275,
      "w": 0.09304173984127573
    },
    "yaw_rad": 2.9552393437120443,
    "linear_vel": {
      "x": 0.15605687909272636,
      "y": -4.280894327998566e-05
    },
    "angular_vel_z": 0.09986106943833026
  }
}