{
  "frame_idx": 17,
  "ros_stamp": 1185.9,
  "wall_time": 1776685108.1390648,
  "prompt": "go to the main shelf area",
  "goal_id": "big_shelf_area",
  "goal_pose": {
    "frame_id": "map",
    "x": -3.858,
    "y": -8.011,
    "yaw_rad": 1.5399999999999998
  },
  "odom": {
    "position": {
      "x": -1.6311328394131401,
      "y": -6.403639195398743,
      "z": 0.0
    },
    "orientation_quat": {
      "x": -0.0006964300329025262,
      "y": 1.0791751954356474e-05,
      "z": 0.9998786596874727,
      "w": 0.01556215827996827
    },
    "yaw_rad": 3.110467072990973,
    "linear_vel": {
      "x": 0.17834087007031207,
      "y": -1.66979081434279e-05
    },
    "angular_vel_z": 0.05998189911518041
  }
}