{
  "frame_idx": 18,
  "ros_stamp": 1187.9,
  "wall_time": 1776685110.23053,
  "prompt": "go to the main shelf area",
  "goal_id": "big_shelf_area",
  "goal_pose": {
    "frame_id": "map",
    "x": -3.858,
    "y": -8.011,
    "yaw_rad": 1.5399999999999998
  },
  "odom": {
    "position": {
      "x": -1.9667463265654932,
      "y": -6.41898406931689,
      "z": 0.0
    },
    "orientation_quat": {
      "x": -0.0007788598421620461,
      "y": -5.318621249956484e-05,
      "z": 0.9977874263899869,
      "w": -0.06648039024118255
    },
    "yaw_rad": -3.0085336993660143,
    "linear_vel": {
      "x": 0.1768998541083266,
      "y": -2.9006912203958315e-05
    },
    "angular_vel_z": 0.09404611172733429
  }
}