{
  "frame_idx": 19,
  "ros_stamp": 1189.9,
  "wall_time": 1776685112.373718,
  "prompt": "go to the main shelf area",
  "goal_id": "big_shelf_area",
  "goal_pose": {
    "frame_id": "map",
    "x": -3.858,
    "y": -8.011,
    "yaw_rad": 1.5399999999999998
  },
  "odom": {
    "position": {
      "x": -2.32564421228309,
      "y": -6.489980716093231,
      "z": 0.0
    },
    "orientation_quat": {
      "x": -0.0008417296240255882,
      "y": -0.00010762967835125002,
      "z": 0.9919399575736733,
      "w": -0.12670596069574488
    },
    "yaw_rad": -2.8874976316774195,
    "linear_vel": {
      "x": 0.18147383033173775,
      "y": -4.4534513665708754e-05
    },
    "angular_vel_z": 0.13472650083950283
  }
}