{
  "frame_idx": 20,
  "ros_stamp": 1191.9,
  "wall_time": 1776685114.5191913,
  "prompt": "go to the main shelf area",
  "goal_id": "big_shelf_area",
  "goal_pose": {
    "frame_id": "map",
    "x": -3.858,
    "y": -8.011,
    "yaw_rad": 1.5399999999999998
  },
  "odom": {
    "position": {
      "x": -2.650147269648399,
      "y": -6.612668607603226,
      "z": 0.0
    },
    "orientation_quat": {
      "x": 0.0006080274775088706,
      "y": 0.00014651497899552377,
      "z": 0.9721723398768367,
      "w": -0.23426598219618588
    },
    "yaw_rad": -2.668665617324182,
    "linear_vel": {
      "x": 0.166897503620138,
      "y": -1.121698541952721e-05
    },
    "angular_vel_z": 0.1461557813150039
  }
}