{
  "frame_idx": 21,
  "ros_stamp": 1193.9,
  "wall_time": 1776685116.635131,
  "prompt": "go to the main shelf area",
  "goal_id": "big_shelf_area",
  "goal_pose": {
    "frame_id": "map",
    "x": -3.858,
    "y": -8.011,
    "yaw_rad": 1.5399999999999998
  },
  "odom": {
    "position": {
      "x": -2.9072303979207343,
      "y": -6.789595753908583,
      "z": 0.0
    },
    "orientation_quat": {
      "x": 0.002091841396669242,
      "y": 0.000798546695095317,
      "z": 0.9341841402292432,
      "w": -0.3567842186348727
    },
    "yaw_rad": -2.4119441599836398,
    "linear_vel": {
      "x": 0.1499656909601504,
      "y": 2.030532482730034e-05
    },
    "angular_vel_z": 0.12027011995389274
  }
}