{
  "frame_idx": 22,
  "ros_stamp": 1195.9,
  "wall_time": 1776685118.8217247,
  "prompt": "go to the main shelf area",
  "goal_id": "big_shelf_area",
  "goal_pose": {
    "frame_id": "map",
    "x": -3.858,
    "y": -8.011,
    "yaw_rad": 1.5399999999999998
  },
  "odom": {
    "position": {
      "x": -3.153844186582544,
      "y": -7.0601573462255445,
      "z": 0.0
    },
    "orientation_quat": {
      "x": -0.0008082449720814905,
      "y": -0.0003913745157347564,
      "z": 0.90037482555856,
      "w": -0.4351142000285055
    },
    "yaw_rad": -2.2412620473034295,
    "linear_vel": {
      "x": 0.21491749986903566,
      "y": -2.541434637693893e-05
    },
    "angular_vel_z": 0.06919518589173641
  }
}