{
  "frame_idx": 23,
  "ros_stamp": 1197.9,
  "wall_time": 1776685120.9024513,
  "prompt": "go to the main shelf area",
  "goal_id": "big_shelf_area",
  "goal_pose": {
    "frame_id": "map",
    "x": -3.858,
    "y": -8.011,
    "yaw_rad": 1.5399999999999998
  },
  "odom": {
    "position": {
      "x": -3.394142480484604,
      "y": -7.385929939171508,
      "z": 0.0
    },
    "orientation_quat": {
      "x": 0.0009723110232364972,
      "y": 0.0005043696541636118,
      "z": 0.887662290880033,
      "w": -0.4604937106759848
    },
    "yaw_rad": -2.1844894112685327,
    "linear_vel": {
      "x": 0.19316220323726477,
      "y": -8.655744302937091e-07
    },
    "angular_vel_z": 0.027966314108281508
  }
}