{
  "frame_idx": 24,
  "ros_stamp": 1199.9,
  "wall_time": 1776685123.0464952,
  "prompt": "go to the main shelf area",
  "goal_id": "big_shelf_area",
  "goal_pose": {
    "frame_id": "map",
    "x": -3.858,
    "y": -8.011,
    "yaw_rad": 1.5399999999999998
  },
  "odom": {
    "position": {
      "x": -3.589741115657767,
      "y": -7.66493005410456,
      "z": 0.0
    },
    "orientation_quat": {
      "x": -0.001978656531948387,
      "y": -0.0010178997422899492,
      "z": 0.8892371254128557,
      "w": -0.4574411258139395
    },
    "yaw_rad": -2.1913591778741717,
    "linear_vel": {
      "x": 0.1455025802538354,
      "y": 4.055982061516812e-05
    },
    "angular_vel_z": -0.08178179380869463
  }
}