{
  "frame_idx": 25,
  "ros_stamp": 1201.9,
  "wall_time": 1776685125.197452,
  "prompt": "go to the main shelf area",
  "goal_id": "big_shelf_area",
  "goal_pose": {
    "frame_id": "map",
    "x": -3.858,
    "y": -8.011,
    "yaw_rad": 1.5399999999999998
  },
  "odom": {
    "position": {
      "x": -3.769924460305912,
      "y": -7.856569051067746,
      "z": 0.0
    },
    "orientation_quat": {
      "x": -0.0021047946405806056,
      "y": -0.000712538661501782,
      "z": 0.9467781946278024,
      "w": -0.32187903365316545
    },
    "yaw_rad": -2.486164012238289,
    "linear_vel": {
      "x": 0.1020550079855563,
      "y": 7.794943586761881e-05
    },
    "angular_vel_z": -0.17131696779765143
  }
}