{
  "frame_idx": 26,
  "ros_stamp": 1203.9,
  "wall_time": 1776685127.2930043,
  "prompt": "go to the main shelf area",
  "goal_id": "big_shelf_area",
  "goal_pose": {
    "frame_id": "map",
    "x": -3.858,
    "y": -8.011,
    "yaw_rad": 1.5399999999999998
  },
  "odom": {
    "position": {
      "x": -3.8901230608578925,
      "y": -7.92475872901286,
      "z": 0.0
    },
    "orientation_quat": {
      "x": -0.0021596097411935556,
      "y": -0.00034278788211173527,
      "z": 0.9876377053443751,
      "w": -0.15673857714146505
    },
    "yaw_rad": -2.8268168088422607,
    "linear_vel": {
      "x": 0.0346931348802029,
      "y": 6.740325946374832e-05
    },
    "angular_vel_z": -0.17799611420707867
  }
}