{
  "frame_idx": 27,
  "ros_stamp": 1205.9,
  "wall_time": 1776685129.4828093,
  "prompt": "go to the main shelf area",
  "goal_id": "big_shelf_area",
  "goal_pose": {
    "frame_id": "map",
    "x": -3.858,
    "y": -8.011,
    "yaw_rad": 1.5399999999999998
  },
  "odom": {
    "position": {
      "x": -3.9202684344285346,
      "y": -7.931171018081686,
      "z": 0.0
    },
    "orientation_quat": {
      "x": -0.0021938899323732624,
      "y": 1.9489623644496646e-05,
      "z": 0.9999577588107174,
      "w": 0.008925640669799511
    },
    "yaw_rad": 3.12374109184104,
    "linear_vel": {
      "x": 0.004808984345743705,
      "y": 5.703459729554175e-05
    },
    "angular_vel_z": -0.16547587587124962
  }
}