{
  "frame_idx": 28,
  "ros_stamp": 1207.9,
  "wall_time": 1776685131.5844593,
  "prompt": "go to the main shelf area",
  "goal_id": "big_shelf_area",
  "goal_pose": {
    "frame_id": "map",
    "x": -3.858,
    "y": -8.011,
    "yaw_rad": 1.5399999999999998
  },
  "odom": {
    "position": {
      "x": -3.9219376432515443,
      "y": -7.931137115950291,
      "z": 0.0
    },
    "orientation_quat": {
      "x": -0.002191429321331226,
      "y": 0.00037109117335618855,
      "z": 0.9859568975131751,
      "w": 0.16698519747290444
    },
    "yaw_rad": 2.8060495421795566,
    "linear_vel": {
      "x": -2.469833255721389e-06,
      "y": 5.316225680042549e-05
    },
    "angular_vel_z": -0.15147779556551771
  }
}