{
  "frame_idx": 29,
  "ros_stamp": 1209.9,
  "wall_time": 1776685133.7368236,
  "prompt": "go to the main shelf area",
  "goal_id": "big_shelf_area",
  "goal_pose": {
    "frame_id": "map",
    "x": -3.858,
    "y": -8.011,
    "yaw_rad": 1.5399999999999998
  },
  "odom": {
    "position": {
      "x": -3.922045624406199,
      "y": -7.931208549023791,
      "z": 0.0
    },
    "orientation_quat": {
      "x": -0.0021162356787222136,
      "y": 0.0006793385916066695,
      "z": 0.9521348388605944,
      "w": 0.30567026134961195
    },
    "yaw_rad": 2.520306459017506,
    "linear_vel": {
      "x": -1.9930514811390762e-07,
      "y": 4.8231967589384015e-05
    },
    "angular_vel_z": -0.13829305667024605
  }
}