{
  "frame_idx": 30,
  "ros_stamp": 1211.9,
  "wall_time": 1776685135.9013102,
  "prompt": "go to the main shelf area",
  "goal_id": "big_shelf_area",
  "goal_pose": {
    "frame_id": "map",
    "x": -3.858,
    "y": -8.011,
    "yaw_rad": 1.5399999999999998
  },
  "odom": {
    "position": {
      "x": -3.92209531614404,
      "y": -7.9312647578597435,
      "z": 0.0
    },
    "orientation_quat": {
      "x": -0.0020492452811327055,
      "y": 0.0008605308314789426,
      "z": 0.9219970363968369,
      "w": 0.3871905538051198
    },
    "yaw_rad": 2.346425552387357,
    "linear_vel": {
      "x": -5.518228137627968e-09,
      "y": 4.297732846517187e-05
    },
    "angular_vel_z": -0.12392836612171187
  }
}