{
  "frame_idx": 31,
  "ros_stamp": 1213.9,
  "wall_time": 1776685137.977787,
  "prompt": "go to the main shelf area",
  "goal_id": "big_shelf_area",
  "goal_pose": {
    "frame_id": "map",
    "x": -3.858,
    "y": -8.011,
    "yaw_rad": 1.5399999999999998
  },
  "odom": {
    "position": {
      "x": -3.922160535456048,
      "y": -7.931315819333105,
      "z": 0.0
    },
    "orientation_quat": {
      "x": -0.0019379874126047776,
      "y": 0.0010881645293283745,
      "z": 0.8719419079789464,
      "w": 0.4896042986052922
    },
    "yaw_rad": 2.1183181190053015,
    "linear_vel": {
      "x": 2.522772223986583e-07,
      "y": 4.157540590669097e-05
    },
    "angular_vel_z": -0.11864248707528999
  }
}