{
  "frame_idx": 32,
  "ros_stamp": 1215.9,
  "wall_time": 1776685140.156478,
  "prompt": "go to the main shelf area",
  "goal_id": "big_shelf_area",
  "goal_pose": {
    "frame_id": "map",
    "x": -3.858,
    "y": -8.011,
    "yaw_rad": 1.5399999999999998
  },
  "odom": {
    "position": {
      "x": -3.922223032500046,
      "y": -7.9313445786707435,
      "z": 0.0
    },
    "orientation_quat": {
      "x": -0.0018263113301575538,
      "y": 0.0012666680851049156,
      "z": 0.8217005847124446,
      "w": 0.5699150894844899
    },
    "yaw_rad": 1.928784193740798,
    "linear_vel": {
      "x": 2.3659913465621834e-07,
      "y": 3.508497943809344e-05
    },
    "angular_vel_z": -0.09934003808952385
  }
}