{
  "frame_idx": 33,
  "ros_stamp": 1217.9,
  "wall_time": 1776685142.257657,
  "prompt": "go to the main shelf area",
  "goal_id": "big_shelf_area",
  "goal_pose": {
    "frame_id": "map",
    "x": -3.858,
    "y": -8.011,
    "yaw_rad": 1.5399999999999998
  },
  "odom": {
    "position": {
      "x": -3.9222764866706457,
      "y": -7.931358933041876,
      "z": 0.0
    },
    "orientation_quat": {
      "x": -0.0017282332157617303,
      "y": 0.0013975193803975772,
      "z": 0.7775753357365043,
      "w": 0.6287858597358849
    },
    "yaw_rad": 1.781607086157989,
    "linear_vel": {
      "x": 1.1197752236625342e-07,
      "y": 2.5116877891603666e-05
    },
    "angular_vel_z": -0.07090904357117297
  }
}