{
  "frame_idx": 1,
  "ros_stamp": 1951.9,
  "wall_time": 1776685933.2252345,
  "prompt": "go to the packaging section",
  "goal_id": "mini_packaging_section",
  "goal_pose": {
    "frame_id": "map",
    "x": 0.342,
    "y": 3.57,
    "yaw_rad": 3.101
  },
  "odom": {
    "position": {
      "x": -3.8087554794113916,
      "y": -7.6946465293685735,
      "z": 0.0
    },
    "orientation_quat": {
      "x": 0.001541235472270246,
      "y": -0.0016280913588966916,
      "z": 0.6874392511542037,
      "w": 0.7262384249571857
    },
    "yaw_rad": 1.515918984940386,
    "linear_vel": {
      "x": 0.15287971099720016,
      "y": -0.0006126134321183102
    },
    "angular_vel_z": -0.08422825064293885
  }
}