{
  "frame_idx": 2,
  "ros_stamp": 1953.9,
  "wall_time": 1776685935.3569398,
  "prompt": "go to the packaging section",
  "goal_id": "mini_packaging_section",
  "goal_pose": {
    "frame_id": "map",
    "x": 0.342,
    "y": 3.57,
    "yaw_rad": 3.101
  },
  "odom": {
    "position": {
      "x": -3.762036482973409,
      "y": -7.370097487066741,
      "z": 0.0
    },
    "orientation_quat": {
      "x": 0.00032520577834321146,
      "y": -0.00039627611484036344,
      "z": 0.6347786274968638,
      "w": 0.7726938794112713
    },
    "yaw_rad": 1.375444200014602,
    "linear_vel": {
      "x": 0.17154912715678625,
      "y": 1.65668778915801e-06
    },
    "angular_vel_z": -0.025690436254003912
  }
}