{
  "frame_idx": 3,
  "ros_stamp": 1955.9,
  "wall_time": 1776685937.5288208,
  "prompt": "go to the packaging section",
  "goal_id": "mini_packaging_section",
  "goal_pose": {
    "frame_id": "map",
    "x": 0.342,
    "y": 3.57,
    "yaw_rad": 3.101
  },
  "odom": {
    "position": {
      "x": -3.69078983219317,
      "y": -7.033855851819108,
      "z": 0.0
    },
    "orientation_quat": {
      "x": 4.278780851417404e-05,
      "y": -5.282650342658247e-05,
      "z": 0.6293655618978842,
      "w": 0.7771093776782806
    },
    "yaw_rad": 1.3614730710755114,
    "linear_vel": {
      "x": 0.15079222277341492,
      "y": 2.0136352299002388e-06
    },
    "angular_vel_z": -0.012592150021062173
  }
}