{
  "frame_idx": 4,
  "ros_stamp": 1957.9,
  "wall_time": 1776685939.7384765,
  "prompt": "go to the packaging section",
  "goal_id": "mini_packaging_section",
  "goal_pose": {
    "frame_id": "map",
    "x": 0.342,
    "y": 3.57,
    "yaw_rad": 3.101
  },
  "odom": {
    "position": {
      "x": -3.6133908214962958,
      "y": -6.703841774886284,
      "z": 0.0
    },
    "orientation_quat": {
      "x": -0.0009047726488752185,
      "y": 0.0011584149720333052,
      "z": 0.6155516940900684,
      "w": 0.7880951410610608
    },
    "yaw_rad": 1.3261733054690623,
    "linear_vel": {
      "x": 0.16745258532267077,
      "y": 4.056419882286034e-06
    },
    "angular_vel_z": -0.008658988955802817
  }
}