{
  "frame_idx": 5,
  "ros_stamp": 1959.9,
  "wall_time": 1776685941.852928,
  "prompt": "go to the packaging section",
  "goal_id": "mini_packaging_section",
  "goal_pose": {
    "frame_id": "map",
    "x": 0.342,
    "y": 3.57,
    "yaw_rad": 3.101
  },
  "odom": {
    "position": {
      "x": -3.528045061936006,
      "y": -6.360726457114329,
      "z": 0.0
    },
    "orientation_quat": {
      "x": 0.0012581474161998153,
      "y": -0.0016154837256562515,
      "z": 0.6144386504939208,
      "w": 0.7889619458862517
    },
    "yaw_rad": 1.323351800601625,
    "linear_vel": {
      "x": 0.19023748891597836,
      "y": -2.9288493368052285e-07
    },
    "angular_vel_z": 0.00252418133322015
  }
}