{
  "frame_idx": 6,
  "ros_stamp": 1961.9,
  "wall_time": 1776685944.0702946,
  "prompt": "go to the packaging section",
  "goal_id": "mini_packaging_section",
  "goal_pose": {
    "frame_id": "map",
    "x": 0.342,
    "y": 3.57,
    "yaw_rad": 3.101
  },
  "odom": {
    "position": {
      "x": -3.438857146389338,
      "y": -6.016566932722128,
      "z": 0.0
    },
    "orientation_quat": {
      "x": 0.0007500559989378785,
      "y": -0.0009787815097582729,
      "z": 0.6082437390977685,
      "w": 0.7937493516539842
    },
    "yaw_rad": 1.3076933629397693,
    "linear_vel": {
      "x": 0.17934088672440118,
      "y": 4.30442315647807e-07
    },
    "angular_vel_z": -0.01694831607326006
  }
}