{
  "frame_idx": 7,
  "ros_stamp": 1963.9,
  "wall_time": 1776685946.309759,
  "prompt": "go to the packaging section",
  "goal_id": "mini_packaging_section",
  "goal_pose": {
    "frame_id": "map",
    "x": 0.342,
    "y": 3.57,
    "yaw_rad": 3.101
  },
  "odom": {
    "position": {
      "x": -3.3505063459188644,
      "y": -5.682831352527939,
      "z": 0.0
    },
    "orientation_quat": {
      "x": -0.0009757109926488621,
      "y": 0.0012626079702283627,
      "z": 0.6114782064273577,
      "w": 0.7912596646320057
    },
    "yaw_rad": 1.3158567880841494,
    "linear_vel": {
      "x": 0.182189872855776,
      "y": 6.3370067983855075e-06
    },
    "angular_vel_z": -0.013392555382724112
  }
}