{
  "frame_idx": 8,
  "ros_stamp": 1965.9,
  "wall_time": 1776685948.433025,
  "prompt": "go to the packaging section",
  "goal_id": "mini_packaging_section",
  "goal_pose": {
    "frame_id": "map",
    "x": 0.342,
    "y": 3.57,
    "yaw_rad": 3.101
  },
  "odom": {
    "position": {
      "x": -3.255933767002267,
      "y": -5.339835323339664,
      "z": 0.0
    },
    "orientation_quat": {
      "x": 0.0005924335657967958,
      "y": -0.0007888884760903273,
      "z": 0.6004851893520322,
      "w": 0.7996352693861724
    },
    "yaw_rad": 1.2882161979223015,
    "linear_vel": {
      "x": 0.18320500573826912,
      "y": 1.014182636333141e-06
    },
    "angular_vel_z": -0.02295859492452524
  }
}