{
  "frame_idx": 9,
  "ros_stamp": 1967.9,
  "wall_time": 1776685950.6711638,
  "prompt": "go to the packaging section",
  "goal_id": "mini_packaging_section",
  "goal_pose": {
    "frame_id": "map",
    "x": 0.342,
    "y": 3.57,
    "yaw_rad": 3.101
  },
  "odom": {
    "position": {
      "x": -3.155821793818861,
      "y": -4.997477295818802,
      "z": 0.0
    },
    "orientation_quat": {
      "x": 2.0478153342433955e-05,
      "y": -2.7354273983912912e-05,
      "z": 0.5988900025579094,
      "w": 0.800831295385349
    },
    "yaw_rad": 1.2842286663250093,
    "linear_vel": {
      "x": 0.18052113121488178,
      "y": 1.446344682668149e-06
    },
    "angular_vel_z": -0.004632962052641555
  }
}