{
  "frame_idx": 11,
  "ros_stamp": 1971.9,
  "wall_time": 1776685954.9500363,
  "prompt": "go to the packaging section",
  "goal_id": "mini_packaging_section",
  "goal_pose": {
    "frame_id": "map",
    "x": 0.342,
    "y": 3.57,
    "yaw_rad": 3.101
  },
  "odom": {
    "position": {
      "x": -2.943640955960814,
      "y": -4.317037187881569,
      "z": 0.0
    },
    "orientation_quat": {
      "x": 0.0009767922732636315,
      "y": -0.0013378436435415616,
      "z": 0.5896628126397975,
      "w": 0.807647833799462
    },
    "yaw_rad": 1.2612845731501343,
    "linear_vel": {
      "x": 0.1896789247792384,
      "y": -7.96295945231873e-08
    },
    "angular_vel_z": -0.006258308527970024
  }
}