{
  "frame_idx": 12,
  "ros_stamp": 1973.9,
  "wall_time": 1776685957.1188936,
  "prompt": "go to the packaging section",
  "goal_id": "mini_packaging_section",
  "goal_pose": {
    "frame_id": "map",
    "x": 0.342,
    "y": 3.57,
    "yaw_rad": 3.101
  },
  "odom": {
    "position": {
      "x": -2.832539278535684,
      "y": -3.975133950539877,
      "z": 0.0
    },
    "orientation_quat": {
      "x": -0.0009905875454302396,
      "y": 0.0013709596189771817,
      "z": 0.5856729869068353,
      "w": 0.8105456752174204
    },
    "yaw_rad": 1.251422258830701,
    "linear_vel": {
      "x": 0.16324574756810264,
      "y": 2.450003930487614e-06
    },
    "angular_vel_z": -0.004480399497092544
  }
}