{
  "frame_idx": 13,
  "ros_stamp": 1975.9,
  "wall_time": 1776685959.3568053,
  "prompt": "go to the packaging section",
  "goal_id": "mini_packaging_section",
  "goal_pose": {
    "frame_id": "map",
    "x": 0.342,
    "y": 3.57,
    "yaw_rad": 3.101
  },
  "odom": {
    "position": {
      "x": -2.722388006592724,
      "y": -3.6380891878596255,
      "z": 0.0
    },
    "orientation_quat": {
      "x": 0.0007109968814943794,
      "y": -0.0009862890729480656,
      "z": 0.5847556743219874,
      "w": 0.8112085570711992
    },
    "yaw_rad": 1.2491587418202035,
    "linear_vel": {
      "x": 0.1865136473130262,
      "y": 7.671929559208688e-07
    },
    "angular_vel_z": -0.015890382111945444
  }
}