{
  "frame_idx": 14,
  "ros_stamp": 1977.9,
  "wall_time": 1776685961.6058357,
  "prompt": "go to the packaging section",
  "goal_id": "mini_packaging_section",
  "goal_pose": {
    "frame_id": "map",
    "x": 0.342,
    "y": 3.57,
    "yaw_rad": 3.101
  },
  "odom": {
    "position": {
      "x": -2.5982224392705424,
      "y": -3.2765483214156887,
      "z": 0.0
    },
    "orientation_quat": {
      "x": 0.0007057357828921056,
      "y": -0.00100034061092865,
      "z": 0.5764588663022978,
      "w": 0.8171252515478495
    },
    "yaw_rad": 1.228777834103063,
    "linear_vel": {
      "x": 0.17397085982862528,
      "y": 1.1698626034502323e-07
    },
    "angular_vel_z": -0.024173971159462543
  }
}