{
  "frame_idx": 15,
  "ros_stamp": 1979.9,
  "wall_time": 1776685963.7390752,
  "prompt": "go to the packaging section",
  "goal_id": "mini_packaging_section",
  "goal_pose": {
    "frame_id": "map",
    "x": 0.342,
    "y": 3.57,
    "yaw_rad": 3.101
  },
  "odom": {
    "position": {
      "x": -2.4815164130752465,
      "y": -2.9560705128660167,
      "z": 0.0
    },
    "orientation_quat": {
      "x": 4.260513221083054e-05,
      "y": -6.145199263023259e-05,
      "z": 0.5695572266865748,
      "w": 0.8219516773737694
    },
    "yaw_rad": 1.2119341424316492,
    "linear_vel": {
      "x": 0.18260558879380306,
      "y": 1.3591672445888766e-06
    },
    "angular_vel_z": -0.004797626168519299
  }
}