{
  "frame_idx": 16,
  "ros_stamp": 1981.9,
  "wall_time": 1776685965.9081666,
  "prompt": "go to the packaging section",
  "goal_id": "mini_packaging_section",
  "goal_pose": {
    "frame_id": "map",
    "x": 0.342,
    "y": 3.57,
    "yaw_rad": 3.101
  },
  "odom": {
    "position": {
      "x": -2.3509781412872583,
      "y": -2.6121666693581442,
      "z": 0.0
    },
    "orientation_quat": {
      "x": 0.0003672487093255393,
      "y": -0.0005443269647415303,
      "z": 0.5592457044560903,
      "w": 0.829001695344438
    },
    "yaw_rad": 1.1869515638993562,
    "linear_vel": {
      "x": 0.17162033799643261,
      "y": 4.123268848177256e-06
    },
    "angular_vel_z": -0.050242367714473525
  }
}