{
  "frame_idx": 17,
  "ros_stamp": 1983.9,
  "wall_time": 1776685968.080287,
  "prompt": "go to the packaging section",
  "goal_id": "mini_packaging_section",
  "goal_pose": {
    "frame_id": "map",
    "x": 0.342,
    "y": 3.57,
    "yaw_rad": 3.101
  },
  "odom": {
    "position": {
      "x": -2.216908692328173,
      "y": -2.275033071810198,
      "z": 0.0
    },
    "orientation_quat": {
      "x": -0.00038775416099618906,
      "y": 0.0005678809242771497,
      "z": 0.5639224906702955,
      "w": 0.8258274345613477
    },
    "yaw_rad": 1.198256140099247,
    "linear_vel": {
      "x": 0.1777110092593832,
      "y": -2.1161369032047335e-06
    },
    "angular_vel_z": 0.008846898647743281
  }
}