{
  "frame_idx": 18,
  "ros_stamp": 1985.9,
  "wall_time": 1776685970.1956263,
  "prompt": "go to the packaging section",
  "goal_id": "mini_packaging_section",
  "goal_pose": {
    "frame_id": "map",
    "x": 0.342,
    "y": 3.57,
    "yaw_rad": 3.101
  },
  "odom": {
    "position": {
      "x": -2.0767177477228667,
      "y": -1.9321987148962219,
      "z": 0.0
    },
    "orientation_quat": {
      "x": 0.0001175814978066339,
      "y": -0.00017999515802425152,
      "z": 0.5467621738750564,
      "w": 0.8372879307596384
    },
    "yaw_rad": 1.1569846163522515,
    "linear_vel": {
      "x": 0.16115461490335375,
      "y": -2.2544269572262834e-06
    },
    "angular_vel_z": 0.015054471689360477
  }
}