{
  "frame_idx": 19,
  "ros_stamp": 1987.9,
  "wall_time": 1776685972.414059,
  "prompt": "go to the packaging section",
  "goal_id": "mini_packaging_section",
  "goal_pose": {
    "frame_id": "map",
    "x": 0.342,
    "y": 3.57,
    "yaw_rad": 3.101
  },
  "odom": {
    "position": {
      "x": -1.9206941851429233,
      "y": -1.5934460996866897,
      "z": 0.0
    },
    "orientation_quat": {
      "x": -0.0009689302197546163,
      "y": 0.0015549067332140563,
      "z": 0.5288023518990392,
      "w": 0.84874302121745
    },
    "yaw_rad": 1.114379816498458,
    "linear_vel": {
      "x": 0.17993012253786786,
      "y": -3.393164238590907e-06
    },
    "angular_vel_z": 0.008395991671244852
  }
}