{
  "frame_idx": 20,
  "ros_stamp": 1989.9,
  "wall_time": 1776685974.5385628,
  "prompt": "go to the packaging section",
  "goal_id": "mini_packaging_section",
  "goal_pose": {
    "frame_id": "map",
    "x": 0.342,
    "y": 3.57,
    "yaw_rad": 3.101
  },
  "odom": {
    "position": {
      "x": -1.7583212355548494,
      "y": -1.264090296681726,
      "z": 0.0
    },
    "orientation_quat": {
      "x": -9.581279156475216e-05,
      "y": 0.00016835881860862649,
      "z": 0.521752042973986,
      "w": 0.8530971621847591
    },
    "yaw_rad": 1.097806840600975,
    "linear_vel": {
      "x": 0.17930489439422256,
      "y": 1.0850433272593767e-05
    },
    "angular_vel_z": -0.03952752229571814
  }
}