{
  "frame_idx": 21,
  "ros_stamp": 1991.9,
  "wall_time": 1776685976.8059115,
  "prompt": "go to the packaging section",
  "goal_id": "mini_packaging_section",
  "goal_pose": {
    "frame_id": "map",
    "x": 0.342,
    "y": 3.57,
    "yaw_rad": 3.101
  },
  "odom": {
    "position": {
      "x": -1.5690173769971358,
      "y": -0.9217928365810701,
      "z": 0.0
    },
    "orientation_quat": {
      "x": 0.0007670062383166584,
      "y": -0.0013205287409399531,
      "z": 0.5022390102663759,
      "w": 0.8647274972336233
    },
    "yaw_rad": 1.0523735490081547,
    "linear_vel": {
      "x": 0.20217137777565708,
      "y": 2.983590305832883e-08
    },
    "angular_vel_z": 0.011548908319542587
  }
}