{
  "frame_idx": 22,
  "ros_stamp": 1993.9,
  "wall_time": 1776685979.1262174,
  "prompt": "go to the packaging section",
  "goal_id": "mini_packaging_section",
  "goal_pose": {
    "frame_id": "map",
    "x": 0.342,
    "y": 3.57,
    "yaw_rad": 3.101
  },
  "odom": {
    "position": {
      "x": -1.3792355028952763,
      "y": -0.5959957941446886,
      "z": 0.0
    },
    "orientation_quat": {
      "x": 0.0010864149286696112,
      "y": -0.001940712478730211,
      "z": 0.4884577070256502,
      "w": 0.8725847361631544
    },
    "yaw_rad": 1.0206455351639152,
    "linear_vel": {
      "x": 0.19359460966106115,
      "y": -2.3095296320405165e-06
    },
    "angular_vel_z": -0.017783161638310636
  }
}