{
  "frame_idx": 23,
  "ros_stamp": 1995.9,
  "wall_time": 1776685981.3209784,
  "prompt": "go to the packaging section",
  "goal_id": "mini_packaging_section",
  "goal_pose": {
    "frame_id": "map",
    "x": 0.342,
    "y": 3.57,
    "yaw_rad": 3.101
  },
  "odom": {
    "position": {
      "x": -1.184871162970439,
      "y": -0.2693496750180742,
      "z": 0.0
    },
    "orientation_quat": {
      "x": 0.0008002038410112775,
      "y": -0.0014293177140009018,
      "z": 0.488512100986111,
      "w": 0.8725555821349268
    },
    "yaw_rad": 1.020768943535553,
    "linear_vel": {
      "x": 0.20034578270079945,
      "y": 8.833338178550567e-07
    },
    "angular_vel_z": 0.04815793526234275
  }
}