{
  "frame_idx": 24,
  "ros_stamp": 1997.9,
  "wall_time": 1776685983.5446072,
  "prompt": "go to the packaging section",
  "goal_id": "mini_packaging_section",
  "goal_pose": {
    "frame_id": "map",
    "x": 0.342,
    "y": 3.57,
    "yaw_rad": 3.101
  },
  "odom": {
    "position": {
      "x": -1.0261544576200223,
      "y": 0.007399591356850052,
      "z": 0.0
    },
    "orientation_quat": {
      "x": -0.0007770147107449978,
      "y": 0.0013132725689734184,
      "z": 0.5092191180245946,
      "w": 0.8606355566681828
    },
    "yaw_rad": 1.0685558100100923,
    "linear_vel": {
      "x": 0.1545757943242303,
      "y": 1.3862601269647851e-05
    },
    "angular_vel_z": -0.035122579020434974
  }
}