{
  "frame_idx": 25,
  "ros_stamp": 1999.9,
  "wall_time": 1776685985.6669126,
  "prompt": "go to the packaging section",
  "goal_id": "mini_packaging_section",
  "goal_pose": {
    "frame_id": "map",
    "x": 0.342,
    "y": 3.57,
    "yaw_rad": 3.101
  },
  "odom": {
    "position": {
      "x": -0.8675228527327405,
      "y": 0.27844110358278074,
      "z": 0.0
    },
    "orientation_quat": {
      "x": -0.001080452198805149,
      "y": 0.0019435924141361653,
      "z": 0.48588711679829705,
      "w": 0.8740187439643453
    },
    "yaw_rad": 1.0147584779163872,
    "linear_vel": {
      "x": 0.14849607896318093,
      "y": 3.6705681466621734e-05
    },
    "angular_vel_z": -0.07325069544852467
  }
}