{
  "frame_idx": 26,
  "ros_stamp": 2001.9,
  "wall_time": 1776685987.8390334,
  "prompt": "go to the packaging section",
  "goal_id": "mini_packaging_section",
  "goal_pose": {
    "frame_id": "map",
    "x": 0.342,
    "y": 3.57,
    "yaw_rad": 3.101
  },
  "odom": {
    "position": {
      "x": -0.6815473945329309,
      "y": 0.5316751415918571,
      "z": 0.0
    },
    "orientation_quat": {
      "x": 0.000249616629214453,
      "y": -0.000541565667925288,
      "z": 0.4151150796913397,
      "w": 0.9097687151199575
    },
    "yaw_rad": 0.8561387448258619,
    "linear_vel": {
      "x": 0.1652235488356634,
      "y": 7.468998994021028e-06
    },
    "angular_vel_z": -0.08803594122821483
  }
}