{
  "frame_idx": 27,
  "ros_stamp": 2003.9,
  "wall_time": 1776685990.0197248,
  "prompt": "go to the packaging section",
  "goal_id": "mini_packaging_section",
  "goal_pose": {
    "frame_id": "map",
    "x": 0.342,
    "y": 3.57,
    "yaw_rad": 3.101
  },
  "odom": {
    "position": {
      "x": -0.4688766265301936,
      "y": 0.7464086180415727,
      "z": 0.0
    },
    "orientation_quat": {
      "x": -0.0008105727988490702,
      "y": 0.002070689383742233,
      "z": 0.36454771230423694,
      "w": 0.9311820555997421
    },
    "yaw_rad": 0.7462960256665689,
    "linear_vel": {
      "x": 0.15829505972576813,
      "y": 1.5513942415015043e-05
    },
    "angular_vel_z": -0.030676560384296715
  }
}