{
  "frame_idx": 28,
  "ros_stamp": 2005.9,
  "wall_time": 1776685992.124434,
  "prompt": "go to the packaging section",
  "goal_id": "mini_packaging_section",
  "goal_pose": {
    "frame_id": "map",
    "x": 0.342,
    "y": 3.57,
    "yaw_rad": 3.101
  },
  "odom": {
    "position": {
      "x": -0.26626971166254093,
      "y": 0.944799737117405,
      "z": 0.0
    },
    "orientation_quat": {
      "x": 0.00037984618635771554,
      "y": -0.0008456352196847198,
      "z": 0.4094427517216926,
      "w": 0.9123353405850934
    },
    "yaw_rad": 0.8436867560390429,
    "linear_vel": {
      "x": 0.12800234781830724,
      "y": 6.693925089833945e-07
    },
    "angular_vel_z": 0.11747611639064486
  }
}