{
  "frame_idx": 29,
  "ros_stamp": 2007.9,
  "wall_time": 1776685994.3689094,
  "prompt": "go to the packaging section",
  "goal_id": "mini_packaging_section",
  "goal_pose": {
    "frame_id": "map",
    "x": 0.342,
    "y": 3.57,
    "yaw_rad": 3.101
  },
  "odom": {
    "position": {
      "x": -0.14596169685404148,
      "y": 1.116728225583207,
      "z": 0.0
    },
    "orientation_quat": {
      "x": -0.0011560415004046403,
      "y": 0.0018982843715116234,
      "z": 0.5201388160396395,
      "w": 0.8540788442136804
    },
    "yaw_rad": 1.0940299588377318,
    "linear_vel": {
      "x": 0.09089217428256854,
      "y": -5.9744751072430645e-05
    },
    "angular_vel_z": 0.13525539712727658
  }
}