{
  "frame_idx": 30,
  "ros_stamp": 2009.9,
  "wall_time": 1776685996.5259411,
  "prompt": "go to the packaging section",
  "goal_id": "mini_packaging_section",
  "goal_pose": {
    "frame_id": "map",
    "x": 0.342,
    "y": 3.57,
    "yaw_rad": 3.101
  },
  "odom": {
    "position": {
      "x": -0.05984081941265165,
      "y": 1.355931700909116,
      "z": 0.0
    },
    "orientation_quat": {
      "x": 0.001374342432926018,
      "y": -0.001764785376829709,
      "z": 0.6143946386126369,
      "w": 0.7889957064265294
    },
    "yaw_rad": 1.3232408648532228,
    "linear_vel": {
      "x": 0.15449656553187122,
      "y": 1.4265877761585245e-05
    },
    "angular_vel_z": 0.07614704647607078
  }
}