{
  "frame_idx": 31,
  "ros_stamp": 2011.9,
  "wall_time": 1776685998.6944408,
  "prompt": "go to the packaging section",
  "goal_id": "mini_packaging_section",
  "goal_pose": {
    "frame_id": "map",
    "x": 0.342,
    "y": 3.57,
    "yaw_rad": 3.101
  },
  "odom": {
    "position": {
      "x": -0.004482266851027253,
      "y": 1.6785775403889152,
      "z": 0.0
    },
    "orientation_quat": {
      "x": -0.000502726153566992,
      "y": 0.0005595142731990471,
      "z": 0.6683289735285894,
      "w": 0.7438654564855224
    },
    "yaw_rad": 1.4639207195098922,
    "linear_vel": {
      "x": 0.15954756269438786,
      "y": -7.763805318220841e-06
    },
    "angular_vel_z": 0.025723033949819934
  }
}