{
  "frame_idx": 32,
  "ros_stamp": 2013.9,
  "wall_time": 1776686000.9190402,
  "prompt": "go to the packaging section",
  "goal_id": "mini_packaging_section",
  "goal_pose": {
    "frame_id": "map",
    "x": 0.342,
    "y": 3.57,
    "yaw_rad": 3.101
  },
  "odom": {
    "position": {
      "x": 0.025418543141894064,
      "y": 1.9986415139230165,
      "z": 0.0
    },
    "orientation_quat": {
      "x": -0.0006617391132862591,
      "y": 0.0007166583432427304,
      "z": 0.6784003148690032,
      "w": 0.7346918138156994
    },
    "yaw_rad": 1.4911670512195347,
    "linear_vel": {
      "x": 0.15297590700813676,
      "y": -6.407129199702987e-06
    },
    "angular_vel_z": 0.0208258477692873
  }
}