{
  "frame_idx": 33,
  "ros_stamp": 2015.9,
  "wall_time": 1776686003.1007798,
  "prompt": "go to the packaging section",
  "goal_id": "mini_packaging_section",
  "goal_pose": {
    "frame_id": "map",
    "x": 0.342,
    "y": 3.57,
    "yaw_rad": 3.101
  },
  "odom": {
    "position": {
      "x": 0.05340728298426396,
      "y": 2.361563013392381,
      "z": 0.0
    },
    "orientation_quat": {
      "x": 0.0008575859434497386,
      "y": -0.0009515426115108184,
      "z": 0.6695286581590978,
      "w": 0.7427851203522363
    },
    "yaw_rad": 1.4671495725078667,
    "linear_vel": {
      "x": 0.21804043813947804,
      "y": -9.768835001515365e-08
    },
    "angular_vel_z": -0.020037523915449603
  }
}