{
  "frame_idx": 34,
  "ros_stamp": 2017.9,
  "wall_time": 1776686005.2800906,
  "prompt": "go to the packaging section",
  "goal_id": "mini_packaging_section",
  "goal_pose": {
    "frame_id": "map",
    "x": 0.342,
    "y": 3.57,
    "yaw_rad": 3.101
  },
  "odom": {
    "position": {
      "x": 0.10385088126267535,
      "y": 2.758838811099721,
      "z": 0.0
    },
    "orientation_quat": {
      "x": -0.0014482065198291602,
      "y": 0.0016860221529403537,
      "z": 0.6515819646670876,
      "w": 0.758574982020732
    },
    "yaw_rad": 1.4193402583024761,
    "linear_vel": {
      "x": 0.18388712386629966,
      "y": 1.776987520458911e-05
    },
    "angular_vel_z": -0.03272200643417212
  }
}