{
  "frame_idx": 35,
  "ros_stamp": 2019.9,
  "wall_time": 1776686007.406213,
  "prompt": "go to the packaging section",
  "goal_id": "mini_packaging_section",
  "goal_pose": {
    "frame_id": "map",
    "x": 0.342,
    "y": 3.57,
    "yaw_rad": 3.101
  },
  "odom": {
    "position": {
      "x": 0.16686030060507084,
      "y": 3.1018267687792904,
      "z": 0.0
    },
    "orientation_quat": {
      "x": -0.0010807968334096535,
      "y": 0.0013418500351402103,
      "z": 0.6272131421762293,
      "w": 0.7788457521217595
    },
    "yaw_rad": 1.3559420956377666,
    "linear_vel": {
      "x": 0.15442542699086725,
      "y": 8.743868030365191e-06
    },
    "angular_vel_z": -0.019512802032807024
  }
}