{
  "frame_idx": 36,
  "ros_stamp": 2021.9,
  "wall_time": 1776686009.5294533,
  "prompt": "go to the packaging section",
  "goal_id": "mini_packaging_section",
  "goal_pose": {
    "frame_id": "map",
    "x": 0.342,
    "y": 3.57,
    "yaw_rad": 3.101
  },
  "odom": {
    "position": {
      "x": 0.19988450806579444,
      "y": 3.3725793974689346,
      "z": 0.0
    },
    "orientation_quat": {
      "x": -0.0015765989695110134,
      "y": 0.0015680740511764938,
      "z": 0.7090194538050022,
      "w": 0.7051854150544492
    },
    "yaw_rad": 1.5762184964435628,
    "linear_vel": {
      "x": 0.10323698719352137,
      "y": -5.5320025664086e-05
    },
    "angular_vel_z": 0.1228935475262813
  }
}