{
  "frame_idx": 37,
  "ros_stamp": 2023.9,
  "wall_time": 1776686011.7134738,
  "prompt": "go to the packaging section",
  "goal_id": "mini_packaging_section",
  "goal_pose": {
    "frame_id": "map",
    "x": 0.342,
    "y": 3.57,
    "yaw_rad": 3.101
  },
  "odom": {
    "position": {
      "x": 0.1846230791531998,
      "y": 3.510594205831431,
      "z": 0.0
    },
    "orientation_quat": {
      "x": -0.0009678344746919452,
      "y": 0.0007434721404016163,
      "z": 0.791067980792675,
      "w": 0.6117270308807728
    },
    "yaw_rad": 1.8251076642404138,
    "linear_vel": {
      "x": 0.040240618391564724,
      "y": -3.385862662739842e-05
    },
    "angular_vel_z": 0.14306894430002454
  }
}