{
  "frame_idx": 38,
  "ros_stamp": 2025.9,
  "wall_time": 1776686013.812218,
  "prompt": "go to the packaging section",
  "goal_id": "mini_packaging_section",
  "goal_pose": {
    "frame_id": "map",
    "x": 0.342,
    "y": 3.57,
    "yaw_rad": 3.101
  },
  "odom": {
    "position": {
      "x": 0.16732961852185738,
      "y": 3.557093739012175,
      "z": 0.0
    },
    "orientation_quat": {
      "x": -0.0019257577660399098,
      "y": 0.0011106494678085178,
      "z": 0.8662476461980633,
      "w": 0.4996099212096383
    },
    "yaw_rad": 2.095292983205278,
    "linear_vel": {
      "x": 0.010960579633639563,
      "y": -4.9793552804586e-05
    },
    "angular_vel_z": 0.13821744666902686
  }
}