{
  "frame_idx": 39,
  "ros_stamp": 2027.9,
  "wall_time": 1776686015.995878,
  "prompt": "go to the packaging section",
  "goal_id": "mini_packaging_section",
  "goal_pose": {
    "frame_id": "map",
    "x": 0.342,
    "y": 3.57,
    "yaw_rad": 3.101
  },
  "odom": {
    "position": {
      "x": 0.1650907641839667,
      "y": 3.560735477746022,
      "z": 0.0
    },
    "orientation_quat": {
      "x": -0.0020565194931420256,
      "y": 0.000843003710433127,
      "z": 0.9252689232109972,
      "w": 0.37930525940498133
    },
    "yaw_rad": 2.363499967602639,
    "linear_vel": {
      "x": -1.900980161433781e-07,
      "y": -4.070977329036439e-05
    },
    "angular_vel_z": 0.11738862038615694
  }
}