{
  "frame_idx": 40,
  "ros_stamp": 2029.9,
  "wall_time": 1776686018.122168,
  "prompt": "go to the packaging section",
  "goal_id": "mini_packaging_section",
  "goal_pose": {
    "frame_id": "map",
    "x": 0.342,
    "y": 3.57,
    "yaw_rad": 3.101
  },
  "odom": {
    "position": {
      "x": 0.16513812471607708,
      "y": 3.5607952877384985,
      "z": 0.0
    },
    "orientation_quat": {
      "x": -0.0021352248314427716,
      "y": 0.0006170773546733509,
      "z": 0.9606772212965127,
      "w": 0.27765866907494313
    },
    "yaw_rad": 2.5788790511127266,
    "linear_vel": {
      "x": 2.4509194089138844e-07,
      "y": -3.727937872352504e-05
    },
    "angular_vel_z": 0.10633913237644928
  }
}