{
  "frame_idx": 41,
  "ros_stamp": 2031.9,
  "wall_time": 1776686020.239737,
  "prompt": "go to the packaging section",
  "goal_id": "mini_packaging_section",
  "goal_pose": {
    "frame_id": "map",
    "x": 0.342,
    "y": 3.57,
    "yaw_rad": 3.101
  },
  "odom": {
    "position": {
      "x": 0.16516833669879546,
      "y": 3.5608579912010154,
      "z": 0.0
    },
    "orientation_quat": {
      "x": -0.002184324403799521,
      "y": 0.00041078275490104,
      "z": 0.9827653248778524,
      "w": 0.18484419439667643
    },
    "yaw_rad": 2.7697650793531694,
    "linear_vel": {
      "x": 2.462876544964192e-07,
      "y": -3.2007303187727115e-05
    },
    "angular_vel_z": 0.09047147655086898
  }
}