{
  "frame_idx": 0,
  "ros_stamp": 2543.9,
  "wall_time": 1776686569.4851334,
  "prompt": "small storage shelves",
  "goal_id": "small_shelf_row",
  "goal_pose": {
    "frame_id": "map",
    "x": 1.937,
    "y": -7.778,
    "yaw_rad": 1.624
  },
  "odom": {
    "position": {
      "x": 1.6293126338169621,
      "y": 6.323032326031751,
      "z": 0.0
    },
    "orientation_quat": {
      "x": -0.0014525932569745307,
      "y": 0.001682566782600882,
      "z": 0.6534836347598949,
      "w": 0.7569373805294916
    },
    "yaw_rad": 1.4243594702724989,
    "linear_vel": {
      "x": 0.0013011562733902503,
      "y": 6.442892545730442e-05
    },
    "angular_vel_z": -0.15168928633545123
  }
}