{
  "frame_idx": 1,
  "ros_stamp": 2545.9,
  "wall_time": 1776686571.6619017,
  "prompt": "small storage shelves",
  "goal_id": "small_shelf_row",
  "goal_pose": {
    "frame_id": "map",
    "x": 1.937,
    "y": -7.778,
    "yaw_rad": 1.624
  },
  "odom": {
    "position": {
      "x": 1.629405847126291,
      "y": 6.324152135694662,
      "z": 0.0
    },
    "orientation_quat": {
      "x": -0.0011929988548487053,
      "y": 0.0018752914950224515,
      "z": 0.5367657210588059,
      "w": 0.8437284046017184
    },
    "yaw_rad": 1.1332013631115783,
    "linear_vel": {
      "x": 1.3561290171332257e-06,
      "y": 5.470753526127314e-05
    },
    "angular_vel_z": -0.15605285377350434
  }
}