{
  "frame_idx": 2,
  "ros_stamp": 2547.9,
  "wall_time": 1776686573.7711465,
  "prompt": "small storage shelves",
  "goal_id": "small_shelf_row",
  "goal_pose": {
    "frame_id": "map",
    "x": 1.937,
    "y": -7.778,
    "yaw_rad": 1.624
  },
  "odom": {
    "position": {
      "x": 1.6305106829822174,
      "y": 6.325928928480157,
      "z": 0.0
    },
    "orientation_quat": {
      "x": -0.000967114813660299,
      "y": 0.002001429480138641,
      "z": 0.43509324370289293,
      "w": 0.9003826565705652
    },
    "yaw_rad": 0.9002860557150427,
    "linear_vel": {
      "x": 1.7496845836742007e-05,
      "y": 1.390446401182151e-05
    },
    "angular_vel_z": -0.039644670527474266
  }
}