{
  "frame_idx": 3,
  "ros_stamp": 2549.9,
  "wall_time": 1776686575.89724,
  "prompt": "small storage shelves",
  "goal_id": "small_shelf_row",
  "goal_pose": {
    "frame_id": "map",
    "x": 1.937,
    "y": -7.778,
    "yaw_rad": 1.624
  },
  "odom": {
    "position": {
      "x": 1.6320924323327923,
      "y": 6.327819863021905,
      "z": 0.0
    },
    "orientation_quat": {
      "x": -0.0007123681537751093,
      "y": 0.002105360566596949,
      "z": 0.3205287941573654,
      "w": 0.9472361649053119
    },
    "yaw_rad": 0.6525770370595824,
    "linear_vel": {
      "x": 2.2966506895646656e-05,
      "y": 3.6057087218375247e-05
    },
    "angular_vel_z": -0.10340364113228237
  }
}