{
  "frame_idx": 4,
  "ros_stamp": 2551.9,
  "wall_time": 1776686578.083666,
  "prompt": "small storage shelves",
  "goal_id": "small_shelf_row",
  "goal_pose": {
    "frame_id": "map",
    "x": 1.937,
    "y": -7.778,
    "yaw_rad": 1.624
  },
  "odom": {
    "position": {
      "x": 1.637055584728621,
      "y": 6.330755356950594,
      "z": 0.0
    },
    "orientation_quat": {
      "x": -0.0004460240744525171,
      "y": 0.0021779049588389315,
      "z": 0.20070110488310872,
      "w": 0.9796500009142115
    },
    "yaw_rad": 0.40414808381114375,
    "linear_vel": {
      "x": 0.0010939096045565766,
      "y": 3.5868457942980224e-05
    },
    "angular_vel_z": -0.10255302191321772
  }
}