{
  "frame_idx": 5,
  "ros_stamp": 2553.9,
  "wall_time": 1776686580.1859663,
  "prompt": "small storage shelves",
  "goal_id": "small_shelf_row",
  "goal_pose": {
    "frame_id": "map",
    "x": 1.937,
    "y": -7.778,
    "yaw_rad": 1.624
  },
  "odom": {
    "position": {
      "x": 1.6448164542566233,
      "y": 6.332528420756887,
      "z": 0.0
    },
    "orientation_quat": {
      "x": -4.827307947384516e-05,
      "y": 0.0007885303740260628,
      "z": 0.05735664050854979,
      "w": 0.9983534402600774
    },
    "yaw_rad": 0.11477630247223707,
    "linear_vel": {
      "x": 0.01599357282976477,
      "y": 4.1640074066013266e-05
    },
    "angular_vel_z": -0.2818942467328314
  }
}