{
  "frame_idx": 6,
  "ros_stamp": 2555.9,
  "wall_time": 1776686582.351702,
  "prompt": "small storage shelves",
  "goal_id": "small_shelf_row",
  "goal_pose": {
    "frame_id": "map",
    "x": 1.937,
    "y": -7.778,
    "yaw_rad": 1.624
  },
  "odom": {
    "position": {
      "x": 1.6597576180246454,
      "y": 6.332082615677714,
      "z": 0.0
    },
    "orientation_quat": {
      "x": 0.0002292914293189334,
      "y": 0.002217206095782687,
      "z": -0.10239742276303934,
      "w": 0.9947410714522934
    },
    "yaw_rad": -0.20515493847755617,
    "linear_vel": {
      "x": 0.00010673008104021408,
      "y": 0.0005234538664970012
    },
    "angular_vel_z": -0.150016327359146
  }
}