{
  "frame_idx": 7,
  "ros_stamp": 2557.9,
  "wall_time": 1776686584.4957683,
  "prompt": "small storage shelves",
  "goal_id": "small_shelf_row",
  "goal_pose": {
    "frame_id": "map",
    "x": 1.937,
    "y": -7.778,
    "yaw_rad": 1.624
  },
  "odom": {
    "position": {
      "x": 1.6778999228862364,
      "y": 6.325022293265098,
      "z": 0.0
    },
    "orientation_quat": {
      "x": 0.0002887633372753749,
      "y": 0.0010966080954472887,
      "z": -0.2606027617262997,
      "w": 0.9654454488198935
    },
    "yaw_rad": -0.5272933335197403,
    "linear_vel": {
      "x": 0.024588356539714074,
      "y": 0.00037416145339110734
    },
    "angular_vel_z": -0.1742326644036748
  }
}