{
  "frame_idx": 8,
  "ros_stamp": 2559.9,
  "wall_time": 1776686586.6156633,
  "prompt": "small storage shelves",
  "goal_id": "small_shelf_row",
  "goal_pose": {
    "frame_id": "map",
    "x": 1.937,
    "y": -7.778,
    "yaw_rad": 1.624
  },
  "odom": {
    "position": {
      "x": 1.703710322823864,
      "y": 6.300872438680908,
      "z": 0.0
    },
    "orientation_quat": {
      "x": 0.0008361859101529631,
      "y": 0.0017008564452452018,
      "z": -0.4410443120815769,
      "w": 0.8974833272328601
    },
    "yaw_rad": -0.9135256422933035,
    "linear_vel": {
      "x": 0.015295920397709814,
      "y": 6.059445784289148e-05
    },
    "angular_vel_z": -0.19680633305325848
  }
}