{
  "frame_idx": 9,
  "ros_stamp": 2561.9,
  "wall_time": 1776686588.8138711,
  "prompt": "small storage shelves",
  "goal_id": "small_shelf_row",
  "goal_pose": {
    "frame_id": "map",
    "x": 1.937,
    "y": -7.778,
    "yaw_rad": 1.624
  },
  "odom": {
    "position": {
      "x": 1.7281461379346708,
      "y": 6.246760581555751,
      "z": 0.0
    },
    "orientation_quat": {
      "x": 0.0013577127105278176,
      "y": 0.0017573998147535298,
      "z": -0.6107367637580657,
      "w": 0.7918305838728456
    },
    "yaw_rad": -1.3139852161973933,
    "linear_vel": {
      "x": 0.046030407333768564,
      "y": 8.013533052674286e-05
    },
    "angular_vel_z": -0.2035601666673934
  }
}