{
  "frame_idx": 10,
  "ros_stamp": 2563.9,
  "wall_time": 1776686590.9087443,
  "prompt": "small storage shelves",
  "goal_id": "small_shelf_row",
  "goal_pose": {
    "frame_id": "map",
    "x": 1.937,
    "y": -7.778,
    "yaw_rad": 1.624
  },
  "odom": {
    "position": {
      "x": 1.7388394621308247,
      "y": 6.145989936077932,
      "z": 0.0
    },
    "orientation_quat": {
      "x": 0.0015414184903042596,
      "y": 0.0015734564827753802,
      "z": -0.7025582137942517,
      "w": 0.7116228667587665
    },
    "yaw_rad": -1.5579768903601678,
    "linear_vel": {
      "x": 0.09803283252281005,
      "y": 0.009019899259512241
    },
    "angular_vel_z": -0.11216220403372805
  }
}