{
  "frame_idx": 11,
  "ros_stamp": 2565.9,
  "wall_time": 1776686593.0729828,
  "prompt": "small storage shelves",
  "goal_id": "small_shelf_row",
  "goal_pose": {
    "frame_id": "map",
    "x": 1.937,
    "y": -7.778,
    "yaw_rad": 1.624
  },
  "odom": {
    "position": {
      "x": 1.7278230008903879,
      "y": 5.812418728150375,
      "z": 0.0
    },
    "orientation_quat": {
      "x": -0.001419010459906542,
      "y": -0.0013695102957563664,
      "z": -0.719543405585842,
      "w": 0.6944446690189168
    },
    "yaw_rad": -1.6062932330637514,
    "linear_vel": {
      "x": 0.1720018207616379,
      "y": 1.9363871095796987e-07
    },
    "angular_vel_z": 0.0020396317873188595
  }
}