{
  "frame_idx": 12,
  "ros_stamp": 2567.9,
  "wall_time": 1776686595.2238543,
  "prompt": "small storage shelves",
  "goal_id": "small_shelf_row",
  "goal_pose": {
    "frame_id": "map",
    "x": 1.937,
    "y": -7.778,
    "yaw_rad": 1.624
  },
  "odom": {
    "position": {
      "x": 1.7196533880458325,
      "y": 5.464424609975441,
      "z": 0.0
    },
    "orientation_quat": {
      "x": -0.0002860080388307874,
      "y": -0.0002781240034319577,
      "z": -0.716924686319187,
      "w": 0.6971505110035965
    },
    "yaw_rad": -1.5987621472511986,
    "linear_vel": {
      "x": 0.18266118721695293,
      "y": 3.663376182785418e-06
    },
    "angular_vel_z": -0.028871158489997543
  }
}