{
  "frame_idx": 13,
  "ros_stamp": 2569.9,
  "wall_time": 1776686597.3496983,
  "prompt": "small storage shelves",
  "goal_id": "small_shelf_row",
  "goal_pose": {
    "frame_id": "map",
    "x": 1.937,
    "y": -7.778,
    "yaw_rad": 1.624
  },
  "odom": {
    "position": {
      "x": 1.7059158055927846,
      "y": 5.1021569601020795,
      "z": 0.0
    },
    "orientation_quat": {
      "x": 6.293753758404294e-05,
      "y": 6.0427163071346936e-05,
      "z": -0.7213450006710467,
      "w": 0.6925759037060933
    },
    "yaw_rad": -1.6114847807376005,
    "linear_vel": {
      "x": 0.15898995960276313,
      "y": -9.440801067159923e-07
    },
    "angular_vel_z": 0.005491951494533415
  }
}