{
  "frame_idx": 14,
  "ros_stamp": 2571.9,
  "wall_time": 1776686599.5451999,
  "prompt": "small storage shelves",
  "goal_id": "small_shelf_row",
  "goal_pose": {
    "frame_id": "map",
    "x": 1.937,
    "y": -7.778,
    "yaw_rad": 1.624
  },
  "odom": {
    "position": {
      "x": 1.691366797590861,
      "y": 4.766607417885061,
      "z": 0.0
    },
    "orientation_quat": {
      "x": -0.000150653364594207,
      "y": -0.00015215111182621647,
      "z": -0.723574777429912,
      "w": 0.6902459674788807
    },
    "yaw_rad": -1.6179347497102032,
    "linear_vel": {
      "x": 0.16613276334289614,
      "y": 8.131739107187122e-06
    },
    "angular_vel_z": -0.045113347491143804
  }
}