{
  "frame_idx": 15,
  "ros_stamp": 2573.9,
  "wall_time": 1776686601.645207,
  "prompt": "small storage shelves",
  "goal_id": "small_shelf_row",
  "goal_pose": {
    "frame_id": "map",
    "x": 1.937,
    "y": -7.778,
    "yaw_rad": 1.624
  },
  "odom": {
    "position": {
      "x": 1.6725646282299367,
      "y": 4.435131759145139,
      "z": 0.0
    },
    "orientation_quat": {
      "x": 0.0006705261740091622,
      "y": 0.0006313709575588965,
      "z": -0.7280428296013498,
      "w": 0.6855310277671054
    },
    "yaw_rad": -1.6309261771553207,
    "linear_vel": {
      "x": 0.1760800886520532,
      "y": -5.455346258374147e-06
    },
    "angular_vel_z": 0.01711980777994475
  }
}