{
  "frame_idx": 16,
  "ros_stamp": 2575.9,
  "wall_time": 1776686603.7974832,
  "prompt": "small storage shelves",
  "goal_id": "small_shelf_row",
  "goal_pose": {
    "frame_id": "map",
    "x": 1.937,
    "y": -7.778,
    "yaw_rad": 1.624
  },
  "odom": {
    "position": {
      "x": 1.652998469707504,
      "y": 4.082786925240705,
      "z": 0.0
    },
    "orientation_quat": {
      "x": 0.0016158149554146575,
      "y": 0.001535830692214709,
      "z": -0.7248186161081173,
      "w": 0.6889361393548961
    },
    "yaw_rad": -1.6215473845951824,
    "linear_vel": {
      "x": 0.16219074206265552,
      "y": 6.407381688794701e-06
    },
    "angular_vel_z": -0.012324697628466708
  }
}