{
  "frame_idx": 17,
  "ros_stamp": 2577.9,
  "wall_time": 1776686605.9539678,
  "prompt": "small storage shelves",
  "goal_id": "small_shelf_row",
  "goal_pose": {
    "frame_id": "map",
    "x": 1.937,
    "y": -7.778,
    "yaw_rad": 1.624
  },
  "odom": {
    "position": {
      "x": 1.6420348552967035,
      "y": 3.7453003934411067,
      "z": 0.0
    },
    "orientation_quat": {
      "x": 0.00011132800884084992,
      "y": 0.00010926346197623111,
      "z": -0.7136886150138341,
      "w": 0.7004630871553517
    },
    "yaw_rad": -1.5895003205293325,
    "linear_vel": {
      "x": 0.1780761327606039,
      "y": -7.005962802688997e-07
    },
    "angular_vel_z": 0.003433817762909465
  }
}