{
  "frame_idx": 18,
  "ros_stamp": 2579.9,
  "wall_time": 1776686608.0673862,
  "prompt": "small storage shelves",
  "goal_id": "small_shelf_row",
  "goal_pose": {
    "frame_id": "map",
    "x": 1.937,
    "y": -7.778,
    "yaw_rad": 1.624
  },
  "odom": {
    "position": {
      "x": 1.6398806978568763,
      "y": 3.405929098863584,
      "z": 0.0
    },
    "orientation_quat": {
      "x": 0.0011985223992093846,
      "y": 0.001205677305900307,
      "z": -0.7049969550628018,
      "w": 0.7092082932668444
    },
    "yaw_rad": -1.5648405777714125,
    "linear_vel": {
      "x": 0.13908991582857214,
      "y": -8.002113649999475e-06
    },
    "angular_vel_z": 0.019478691147959214
  }
}