{
  "frame_idx": 19,
  "ros_stamp": 2581.9,
  "wall_time": 1776686610.2668803,
  "prompt": "small storage shelves",
  "goal_id": "small_shelf_row",
  "goal_pose": {
    "frame_id": "map",
    "x": 1.937,
    "y": -7.778,
    "yaw_rad": 1.624
  },
  "odom": {
    "position": {
      "x": 1.643304241458945,
      "y": 3.041452168843427,
      "z": 0.0
    },
    "orientation_quat": {
      "x": -0.0009310255046412041,
      "y": -0.0009448690790711441,
      "z": -0.7018704079508797,
      "w": 0.7123034261161453
    },
    "yaw_rad": -1.556041664199323,
    "linear_vel": {
      "x": 0.18594653218432972,
      "y": 5.375717123042852e-07
    },
    "angular_vel_z": 0.027642823218856936
  }
}