{
  "frame_idx": 20,
  "ros_stamp": 2583.9,
  "wall_time": 1776686612.388463,
  "prompt": "small storage shelves",
  "goal_id": "small_shelf_row",
  "goal_pose": {
    "frame_id": "map",
    "x": 1.937,
    "y": -7.778,
    "yaw_rad": 1.624
  },
  "odom": {
    "position": {
      "x": 1.6478411187525326,
      "y": 2.7103464130453085,
      "z": 0.0
    },
    "orientation_quat": {
      "x": 0.001566864025187007,
      "y": 0.001584817854187519,
      "z": -0.7030656354154564,
      "w": 0.7111214703462103
    },
    "yaw_rad": -1.5594035658754912,
    "linear_vel": {
      "x": 0.16703954021658535,
      "y": 8.52305610825288e-06
    },
    "angular_vel_z": -0.016568818795442593
  }
}