{
  "frame_idx": 21,
  "ros_stamp": 2585.9,
  "wall_time": 1776686614.5563319,
  "prompt": "small storage shelves",
  "goal_id": "small_shelf_row",
  "goal_pose": {
    "frame_id": "map",
    "x": 1.937,
    "y": -7.778,
    "yaw_rad": 1.624
  },
  "odom": {
    "position": {
      "x": 1.6501419559228818,
      "y": 2.3684602384910707,
      "z": 0.0
    },
    "orientation_quat": {
      "x": 0.0014609217674493356,
      "y": 0.0014654291445725305,
      "z": -0.7060158494507662,
      "w": 0.7081930093903248
    },
    "yaw_rad": -1.5677173498796633,
    "linear_vel": {
      "x": 0.16459657652203238,
      "y": -7.568587874290681e-06
    },
    "angular_vel_z": 0.015443631333729696
  }
}