{
  "frame_idx": 22,
  "ros_stamp": 2587.9,
  "wall_time": 1776686616.720841,
  "prompt": "small storage shelves",
  "goal_id": "small_shelf_row",
  "goal_pose": {
    "frame_id": "map",
    "x": 1.937,
    "y": -7.778,
    "yaw_rad": 1.624
  },
  "odom": {
    "position": {
      "x": 1.6506032571574156,
      "y": 2.027252236434399,
      "z": 0.0
    },
    "orientation_quat": {
      "x": 0.0004776601965184255,
      "y": 0.00047950872605822674,
      "z": -0.7057376832754955,
      "w": 0.7084729100798808
    },
    "yaw_rad": -1.5669281286517134,
    "linear_vel": {
      "x": 0.17195811056964128,
      "y": 1.6458496693469873e-06
    },
    "angular_vel_z": -0.005901303995359101
  }
}