{
  "frame_idx": 23,
  "ros_stamp": 2589.9,
  "wall_time": 1776686618.8416834,
  "prompt": "small storage shelves",
  "goal_id": "small_shelf_row",
  "goal_pose": {
    "frame_id": "map",
    "x": 1.937,
    "y": -7.778,
    "yaw_rad": 1.624
  },
  "odom": {
    "position": {
      "x": 1.6521239202869091,
      "y": 1.690843248179808,
      "z": 0.0
    },
    "orientation_quat": {
      "x": 0.0015727031941995435,
      "y": 0.0015725317403570665,
      "z": -0.707144572661208,
      "w": 0.7070654899684936
    },
    "yaw_rad": -1.5709081669020621,
    "linear_vel": {
      "x": 0.1540817443244052,
      "y": 9.39890754160537e-06
    },
    "angular_vel_z": -0.018763064193292166
  }
}