{
  "frame_idx": 24,
  "ros_stamp": 2591.9,
  "wall_time": 1776686621.0387607,
  "prompt": "small storage shelves",
  "goal_id": "small_shelf_row",
  "goal_pose": {
    "frame_id": "map",
    "x": 1.937,
    "y": -7.778,
    "yaw_rad": 1.624
  },
  "odom": {
    "position": {
      "x": 1.6519254485878674,
      "y": 1.352417224165827,
      "z": 0.0
    },
    "orientation_quat": {
      "x": -0.0011501496914849295,
      "y": -0.0011472152393595951,
      "z": -0.7080086465091485,
      "w": 0.7062018957218718
    },
    "yaw_rad": -1.573351462329953,
    "linear_vel": {
      "x": 0.17042282649613855,
      "y": -7.62173870222654e-08
    },
    "angular_vel_z": -0.0009344533000066888
  }
}