{
  "frame_idx": 25,
  "ros_stamp": 2593.9,
  "wall_time": 1776686623.1364062,
  "prompt": "small storage shelves",
  "goal_id": "small_shelf_row",
  "goal_pose": {
    "frame_id": "map",
    "x": 1.937,
    "y": -7.778,
    "yaw_rad": 1.624
  },
  "odom": {
    "position": {
      "x": 1.6514738072230704,
      "y": 1.0067925613803492,
      "z": 0.0
    },
    "orientation_quat": {
      "x": 0.0015727686851905484,
      "y": 0.0015706903054690372,
      "z": -0.7075722540942321,
      "w": 0.7066375057740953
    },
    "yaw_rad": -1.5721182639064757,
    "linear_vel": {
      "x": 0.15281092075035424,
      "y": 1.65782350605986e-06
    },
    "angular_vel_z": -0.0033195496667141793
  }
}