{
  "frame_idx": 26,
  "ros_stamp": 2595.9,
  "wall_time": 1776686625.2796829,
  "prompt": "small storage shelves",
  "goal_id": "small_shelf_row",
  "goal_pose": {
    "frame_id": "map",
    "x": 1.937,
    "y": -7.778,
    "yaw_rad": 1.624
  },
  "odom": {
    "position": {
      "x": 1.6509115440394786,
      "y": 0.6571586654490607,
      "z": 0.0
    },
    "orientation_quat": {
      "x": -0.0012924998016635594,
      "y": -0.00129953440630683,
      "z": -0.7062102138158665,
      "w": 0.7079998407886386
    },
    "yaw_rad": -1.5682654168636405,
    "linear_vel": {
      "x": 0.18554621229273893,
      "y": 1.8459927942537466e-06
    },
    "angular_vel_z": 0.006940875452151085
  }
}