{
  "frame_idx": 27,
  "ros_stamp": 2597.9,
  "wall_time": 1776686627.4517632,
  "prompt": "small storage shelves",
  "goal_id": "small_shelf_row",
  "goal_pose": {
    "frame_id": "map",
    "x": 1.937,
    "y": -7.778,
    "yaw_rad": 1.624
  },
  "odom": {
    "position": {
      "x": 1.6504644767492387,
      "y": 0.31427504304069903,
      "z": 0.0
    },
    "orientation_quat": {
      "x": -0.0005724299355666661,
      "y": -0.000570539427965948,
      "z": -0.7082823000923543,
      "w": 0.7059288421538068
    },
    "yaw_rad": -1.5741246215665103,
    "linear_vel": {
      "x": 0.16241392471893457,
      "y": -3.634767199868403e-07
    },
    "angular_vel_z": 0.015209609119452492
  }
}