{
  "frame_idx": 28,
  "ros_stamp": 2599.9,
  "wall_time": 1776686629.5713851,
  "prompt": "small storage shelves",
  "goal_id": "small_shelf_row",
  "goal_pose": {
    "frame_id": "map",
    "x": 1.937,
    "y": -7.778,
    "yaw_rad": 1.624
  },
  "odom": {
    "position": {
      "x": 1.6507918590496253,
      "y": -0.034261715480286024,
      "z": 0.0
    },
    "orientation_quat": {
      "x": 0.0007474072926096003,
      "y": 0.0007504166015905093,
      "z": -0.7056909517643953,
      "w": 0.7085189897632418
    },
    "yaw_rad": -1.566796872214335,
    "linear_vel": {
      "x": 0.1618133913361118,
      "y": 4.9329209352958915e-06
    },
    "angular_vel_z": -0.01580213072820074
  }
}