{
  "frame_idx": 29,
  "ros_stamp": 2601.9,
  "wall_time": 1776686631.801706,
  "prompt": "small storage shelves",
  "goal_id": "small_shelf_row",
  "goal_pose": {
    "frame_id": "map",
    "x": 1.937,
    "y": -7.778,
    "yaw_rad": 1.624
  },
  "odom": {
    "position": {
      "x": 1.6509599264768156,
      "y": -0.37992888119147866,
      "z": 0.0
    },
    "orientation_quat": {
      "x": -0.0004887060397587639,
      "y": -0.0004872756855725322,
      "z": -0.7081420042568031,
      "w": 0.7060697030293616
    },
    "yaw_rad": -1.5737270050425625,
    "linear_vel": {
      "x": 0.16892037103747887,
      "y": -5.728455668313859e-09
    },
    "angular_vel_z": 0.00010288800297712608
  }
}