{
  "frame_idx": 30,
  "ros_stamp": 2603.9,
  "wall_time": 1776686633.9266393,
  "prompt": "small storage shelves",
  "goal_id": "small_shelf_row",
  "goal_pose": {
    "frame_id": "map",
    "x": 1.937,
    "y": -7.778,
    "yaw_rad": 1.624
  },
  "odom": {
    "position": {
      "x": 1.649470652812828,
      "y": -0.7127032054670279,
      "z": 0.0
    },
    "orientation_quat": {
      "x": -0.0005018585039076852,
      "y": -0.0005028608762845008,
      "z": -0.7063952502269527,
      "w": 0.7078172403422949
    },
    "yaw_rad": -1.5687853282339401,
    "linear_vel": {
      "x": 0.16256232809611065,
      "y": 4.760965134013216e-07
    },
    "angular_vel_z": -0.012572910440483526
  }
}