{
  "frame_idx": 31,
  "ros_stamp": 2605.9,
  "wall_time": 1776686636.109444,
  "prompt": "small storage shelves",
  "goal_id": "small_shelf_row",
  "goal_pose": {
    "frame_id": "map",
    "x": 1.937,
    "y": -7.778,
    "yaw_rad": 1.624
  },
  "odom": {
    "position": {
      "x": 1.6506904070012356,
      "y": -1.0757154036610166,
      "z": 0.0
    },
    "orientation_quat": {
      "x": 0.0015698097233417655,
      "y": 0.0015738954851164178,
      "z": -0.7061850905923774,
      "w": 0.7080237823516029
    },
    "yaw_rad": -1.568196016809869,
    "linear_vel": {
      "x": 0.15853125970185025,
      "y": 8.952894470851084e-06
    },
    "angular_vel_z": -0.01771622078938507
  }
}