{
  "frame_idx": 32,
  "ros_stamp": 2607.9,
  "wall_time": 1776686638.2922988,
  "prompt": "small storage shelves",
  "goal_id": "small_shelf_row",
  "goal_pose": {
    "frame_id": "map",
    "x": 1.937,
    "y": -7.778,
    "yaw_rad": 1.624
  },
  "odom": {
    "position": {
      "x": 1.6502640762815635,
      "y": -1.4076762619616696,
      "z": 0.0
    },
    "orientation_quat": {
      "x": 0.0015713772457781436,
      "y": 0.0015724378945111647,
      "z": -0.7068661231507104,
      "w": 0.7073438641527218
    },
    "yaw_rad": -1.5701206973039559,
    "linear_vel": {
      "x": 0.18638181899724388,
      "y": -4.839303550358215e-06
    },
    "angular_vel_z": 0.009075343778213108
  }
}