{
  "frame_idx": 33,
  "ros_stamp": 2609.9,
  "wall_time": 1776686640.3907552,
  "prompt": "small storage shelves",
  "goal_id": "small_shelf_row",
  "goal_pose": {
    "frame_id": "map",
    "x": 1.937,
    "y": -7.778,
    "yaw_rad": 1.624
  },
  "odom": {
    "position": {
      "x": 1.650193212568201,
      "y": -1.7486476746774602,
      "z": 0.0
    },
    "orientation_quat": {
      "x": 0.0007746357622237516,
      "y": 0.0007745119911421678,
      "z": -0.7071646390154929,
      "w": 0.7070480700749413
    },
    "yaw_rad": -1.5709611802767418,
    "linear_vel": {
      "x": 0.17540239430348664,
      "y": -5.867158811188891e-07
    },
    "angular_vel_z": 0.0016882104528640866
  }
}