{
  "frame_idx": 34,
  "ros_stamp": 2611.9,
  "wall_time": 1776686642.579918,
  "prompt": "small storage shelves",
  "goal_id": "small_shelf_row",
  "goal_pose": {
    "frame_id": "map",
    "x": 1.937,
    "y": -7.778,
    "yaw_rad": 1.624
  },
  "odom": {
    "position": {
      "x": 1.650235348295022,
      "y": -2.104375474033346,
      "z": 0.0
    },
    "orientation_quat": {
      "x": 0.0005639587285527342,
      "y": 0.0005622437089456542,
      "z": -0.7081813072951115,
      "w": 0.7060301706232893
    },
    "yaw_rad": -1.5738384955862195,
    "linear_vel": {
      "x": 0.18599923363466386,
      "y": -1.7236987489146747e-07
    },
    "angular_vel_z": 0.0005405116224159568
  }
}