{
  "frame_idx": 35,
  "ros_stamp": 2613.9,
  "wall_time": 1776686644.6987374,
  "prompt": "small storage shelves",
  "goal_id": "small_shelf_row",
  "goal_pose": {
    "frame_id": "map",
    "x": 1.937,
    "y": -7.778,
    "yaw_rad": 1.624
  },
  "odom": {
    "position": {
      "x": 1.6498575429104556,
      "y": -2.446932807576139,
      "z": 0.0
    },
    "orientation_quat": {
      "x": -0.0015709148822226245,
      "y": -0.0015734586716467645,
      "z": -0.7065343518192443,
      "w": 0.7076752547274787
    },
    "yaw_rad": -1.569182842287824,
    "linear_vel": {
      "x": 0.16725672786646345,
      "y": 1.7762204376777163e-06
    },
    "angular_vel_z": 0.009874035620243086
  }
}