{
  "frame_idx": 36,
  "ros_stamp": 2615.9,
  "wall_time": 1776686646.8263614,
  "prompt": "small storage shelves",
  "goal_id": "small_shelf_row",
  "goal_pose": {
    "frame_id": "map",
    "x": 1.937,
    "y": -7.778,
    "yaw_rad": 1.624
  },
  "odom": {
    "position": {
      "x": 1.6510894691118643,
      "y": -2.79622081819548,
      "z": 0.0
    },
    "orientation_quat": {
      "x": -0.0015662795122535424,
      "y": -0.001578096407787742,
      "z": -0.7044427378771981,
      "w": 0.7097573426406341
    },
    "yaw_rad": -1.5632803043913788,
    "linear_vel": {
      "x": 0.18941555731827586,
      "y": 5.168094409542184e-07
    },
    "angular_vel_z": 0.003273822444532143
  }
}