{
  "frame_idx": 37,
  "ros_stamp": 2617.9,
  "wall_time": 1776686649.0019846,
  "prompt": "small storage shelves",
  "goal_id": "small_shelf_row",
  "goal_pose": {
    "frame_id": "map",
    "x": 1.937,
    "y": -7.778,
    "yaw_rad": 1.624
  },
  "odom": {
    "position": {
      "x": 1.6523032215937976,
      "y": -3.1616883742257262,
      "z": 0.0
    },
    "orientation_quat": {
      "x": 0.0010220375672728727,
      "y": 0.001024032733220853,
      "z": -0.7064156356512068,
      "w": 0.7077957731603616
    },
    "yaw_rad": -1.5688445152556378,
    "linear_vel": {
      "x": 0.183662727194234,
      "y": 8.033874016986105e-08
    },
    "angular_vel_z": -0.00019684882274381943
  }
}