{
  "frame_idx": 38,
  "ros_stamp": 2619.9,
  "wall_time": 1776686651.1037,
  "prompt": "small storage shelves",
  "goal_id": "small_shelf_row",
  "goal_pose": {
    "frame_id": "map",
    "x": 1.937,
    "y": -7.778,
    "yaw_rad": 1.624
  },
  "odom": {
    "position": {
      "x": 1.6506062369248062,
      "y": -3.485248517149935,
      "z": 0.0
    },
    "orientation_quat": {
      "x": 0.00044791127268733886,
      "y": 0.00044394005374404874,
      "z": -0.7102408032222534,
      "w": 0.7039585241553147
    },
    "yaw_rad": -1.5796808420329667,
    "linear_vel": {
      "x": 0.1535530572703892,
      "y": -4.280900617292505e-06
    },
    "angular_vel_z": 0.017800210987080574
  }
}