{
  "frame_idx": 39,
  "ros_stamp": 2621.9,
  "wall_time": 1776686653.2734013,
  "prompt": "small storage shelves",
  "goal_id": "small_shelf_row",
  "goal_pose": {
    "frame_id": "map",
    "x": 1.937,
    "y": -7.778,
    "yaw_rad": 1.624
  },
  "odom": {
    "position": {
      "x": 1.6497236100673325,
      "y": -3.8307698677877373,
      "z": 0.0
    },
    "orientation_quat": {
      "x": -0.001572579626170259,
      "y": -0.0015814018924927159,
      "z": -0.7051236855890699,
      "w": 0.7090808234486815
    },
    "yaw_rad": -1.5652000675360527,
    "linear_vel": {
      "x": 0.17666894926210816,
      "y": 4.964303123115979e-07
    },
    "angular_vel_z": 0.0028898493137097135
  }
}