{
  "frame_idx": 40,
  "ros_stamp": 2623.9,
  "wall_time": 1776686655.4010122,
  "prompt": "small storage shelves",
  "goal_id": "small_shelf_row",
  "goal_pose": {
    "frame_id": "map",
    "x": 1.937,
    "y": -7.778,
    "yaw_rad": 1.624
  },
  "odom": {
    "position": {
      "x": 1.651140909546242,
      "y": -4.170157668590632,
      "z": 0.0
    },
    "orientation_quat": {
      "x": -0.0008186294287550943,
      "y": -0.0008185705563272469,
      "z": -0.7071305113323438,
      "w": 0.7070821025389913
    },
    "yaw_rad": -1.5708647872082486,
    "linear_vel": {
      "x": 0.1657252102897288,
      "y": -1.5167735507972966e-07
    },
    "angular_vel_z": -0.0079957824031092
  }
}