{
  "frame_idx": 41,
  "ros_stamp": 2625.9,
  "wall_time": 1776686657.541748,
  "prompt": "small storage shelves",
  "goal_id": "small_shelf_row",
  "goal_pose": {
    "frame_id": "map",
    "x": 1.937,
    "y": -7.778,
    "yaw_rad": 1.624
  },
  "odom": {
    "position": {
      "x": 1.6498772165265176,
      "y": -4.535370112938021,
      "z": 0.0
    },
    "orientation_quat": {
      "x": 0.0006409893508612945,
      "y": 0.0006389542745049653,
      "z": -0.7082216528321422,
      "w": 0.7059895688533904
    },
    "yaw_rad": -1.5739529728143589,
    "linear_vel": {
      "x": 0.1913457556546621,
      "y": 8.401437086877427e-06
    },
    "angular_vel_z": -0.02436015421167839
  }
}