{
  "frame_idx": 42,
  "ros_stamp": 2627.9,
  "wall_time": 1776686659.8167694,
  "prompt": "small storage shelves",
  "goal_id": "small_shelf_row",
  "goal_pose": {
    "frame_id": "map",
    "x": 1.937,
    "y": -7.778,
    "yaw_rad": 1.624
  },
  "odom": {
    "position": {
      "x": 1.6494287087181272,
      "y": -4.861382685247772,
      "z": 0.0
    },
    "orientation_quat": {
      "x": 0.000937972541478589,
      "y": 0.0009423328231454119,
      "z": -0.7054641860312072,
      "w": 0.7087443223361215
    },
    "yaw_rad": -1.56615750528488,
    "linear_vel": {
      "x": 0.16956657379031034,
      "y": 2.2379172426324844e-06
    },
    "angular_vel_z": -0.005909912462615333
  }
}