{
  "frame_idx": 43,
  "ros_stamp": 2629.9,
  "wall_time": 1776686661.9255664,
  "prompt": "small storage shelves",
  "goal_id": "small_shelf_row",
  "goal_pose": {
    "frame_id": "map",
    "x": 1.937,
    "y": -7.778,
    "yaw_rad": 1.624
  },
  "odom": {
    "position": {
      "x": 1.6524092591295956,
      "y": -5.202117164827242,
      "z": 0.0
    },
    "orientation_quat": {
      "x": 0.0006377133241140484,
      "y": 0.0006445565402094151,
      "z": -0.703322984983146,
      "w": 0.7108698591605782
    },
    "yaw_rad": -1.560123379935638,
    "linear_vel": {
      "x": 0.17071259511074952,
      "y": -6.055022839930232e-06
    },
    "angular_vel_z": 0.019761578626448027
  }
}