{
  "frame_idx": 44,
  "ros_stamp": 2631.9,
  "wall_time": 1776686664.1211863,
  "prompt": "small storage shelves",
  "goal_id": "small_shelf_row",
  "goal_pose": {
    "frame_id": "map",
    "x": 1.937,
    "y": -7.778,
    "yaw_rad": 1.624
  },
  "odom": {
    "position": {
      "x": 1.6554001974645065,
      "y": -5.563537545028101,
      "z": 0.0
    },
    "orientation_quat": {
      "x": 0.0009783604976814429,
      "y": 0.000982918862963616,
      "z": -0.705463178794062,
      "w": 0.7087452151845702
    },
    "yaw_rad": -1.5661548178023972,
    "linear_vel": {
      "x": 0.17655694502014013,
      "y": -1.0349311211104535e-05
    },
    "angular_vel_z": 0.026081237651319616
  }
}