{
  "frame_idx": 45,
  "ros_stamp": 2633.9,
  "wall_time": 1776686666.3868914,
  "prompt": "small storage shelves",
  "goal_id": "small_shelf_row",
  "goal_pose": {
    "frame_id": "map",
    "x": 1.937,
    "y": -7.778,
    "yaw_rad": 1.624
  },
  "odom": {
    "position": {
      "x": 1.6581479651669226,
      "y": -5.891155670539228,
      "z": 0.0
    },
    "orientation_quat": {
      "x": 0.0014167373307586897,
      "y": 0.0014338320182764183,
      "z": -0.7028518715180214,
      "w": 0.7113333843456903
    },
    "yaw_rad": -1.558801560047288,
    "linear_vel": {
      "x": 0.17218543827239527,
      "y": 7.930220390448198e-07
    },
    "angular_vel_z": -0.00162361665269059
  }
}