{
  "frame_idx": 46,
  "ros_stamp": 2635.9,
  "wall_time": 1776686668.5478046,
  "prompt": "small storage shelves",
  "goal_id": "small_shelf_row",
  "goal_pose": {
    "frame_id": "map",
    "x": 1.937,
    "y": -7.778,
    "yaw_rad": 1.624
  },
  "odom": {
    "position": {
      "x": 1.6632542095789413,
      "y": -6.2506423497110255,
      "z": 0.0
    },
    "orientation_quat": {
      "x": -0.0013542116488105274,
      "y": -0.001373162947251206,
      "z": -0.7021774669490229,
      "w": 0.711999357754896
    },
    "yaw_rad": -1.5569059381324275,
    "linear_vel": {
      "x": 0.17430476377444284,
      "y": -3.323284462057157e-06
    },
    "angular_vel_z": -0.0271204752845312
  }
}