{
  "frame_idx": 47,
  "ros_stamp": 2637.9,
  "wall_time": 1776686670.776869,
  "prompt": "small storage shelves",
  "goal_id": "small_shelf_row",
  "goal_pose": {
    "frame_id": "map",
    "x": 1.937,
    "y": -7.778,
    "yaw_rad": 1.624
  },
  "odom": {
    "position": {
      "x": 1.6770816479300108,
      "y": -6.638740241059108,
      "z": 0.0
    },
    "orientation_quat": {
      "x": 0.0015209197336971485,
      "y": 0.0016227424210892428,
      "z": -0.6838413149532256,
      "w": 0.7296273771407167
    },
    "yaw_rad": -1.506033579234224,
    "linear_vel": {
      "x": 0.21843443199939436,
      "y": -2.5827652201335756e-05
    },
    "angular_vel_z": 0.04538355380940444
  }
}