{
  "frame_idx": 48,
  "ros_stamp": 2639.9,
  "wall_time": 1776686672.978988,
  "prompt": "small storage shelves",
  "goal_id": "small_shelf_row",
  "goal_pose": {
    "frame_id": "map",
    "x": 1.937,
    "y": -7.778,
    "yaw_rad": 1.624
  },
  "odom": {
    "position": {
      "x": 1.7156616127286928,
      "y": -7.010734762640558,
      "z": 0.0
    },
    "orientation_quat": {
      "x": 0.0013660826144716292,
      "y": 0.001568932997876645,
      "z": -0.6566646025486638,
      "w": 0.7541798671584545
    },
    "yaw_rad": -1.4327791006613912,
    "linear_vel": {
      "x": 0.18033211326114434,
      "y": -5.481201806040368e-06
    },
    "angular_vel_z": 0.01026704557115201
  }
}