{
  "frame_idx": 49,
  "ros_stamp": 2641.9,
  "wall_time": 1776686675.142633,
  "prompt": "small storage shelves",
  "goal_id": "small_shelf_row",
  "goal_pose": {
    "frame_id": "map",
    "x": 1.937,
    "y": -7.778,
    "yaw_rad": 1.624
  },
  "odom": {
    "position": {
      "x": 1.7703091578472312,
      "y": -7.3440649182055875,
      "z": 0.0
    },
    "orientation_quat": {
      "x": 0.0011531691195878345,
      "y": 0.001400059547913323,
      "z": -0.6357626286139056,
      "w": 0.7718824975941487
    },
    "yaw_rad": -1.3779949639009104,
    "linear_vel": {
      "x": 0.15302605288527166,
      "y": -1.8226631029434216e-05
    },
    "angular_vel_z": 0.04035263514489731
  }
}