{
  "frame_idx": 50,
  "ros_stamp": 2643.9,
  "wall_time": 1776686677.3000584,
  "prompt": "small storage shelves",
  "goal_id": "small_shelf_row",
  "goal_pose": {
    "frame_id": "map",
    "x": 1.937,
    "y": -7.778,
    "yaw_rad": 1.624
  },
  "odom": {
    "position": {
      "x": 1.860915710048813,
      "y": -7.6044187815657835,
      "z": 0.0
    },
    "orientation_quat": {
      "x": 0.0011306551612494224,
      "y": 0.0019146583480883336,
      "z": -0.5085445609631537,
      "w": 0.8610328014757102
    },
    "yaw_rad": -1.0669901399219437,
    "linear_vel": {
      "x": 0.12217448951217376,
      "y": -8.053060133879593e-05
    },
    "angular_vel_z": 0.17041027797931346
  }
}