{
  "frame_idx": 51,
  "ros_stamp": 2645.9,
  "wall_time": 1776686679.413135,
  "prompt": "small storage shelves",
  "goal_id": "small_shelf_row",
  "goal_pose": {
    "frame_id": "map",
    "x": 1.937,
    "y": -7.778,
    "yaw_rad": 1.624
  },
  "odom": {
    "position": {
      "x": 1.9630369793260514,
      "y": -7.735377604962859,
      "z": 0.0
    },
    "orientation_quat": {
      "x": 0.0007498604201941713,
      "y": 0.002092550167125529,
      "z": -0.3374675283939627,
      "w": 0.9413345453253154
    },
    "yaw_rad": -0.6884523805794331,
    "linear_vel": {
      "x": 0.040387134841401426,
      "y": -6.936458133655757e-05
    },
    "angular_vel_z": 0.17846545922334672
  }
}