{
  "frame_idx": 52,
  "ros_stamp": 2647.9,
  "wall_time": 1776686681.6041808,
  "prompt": "small storage shelves",
  "goal_id": "small_shelf_row",
  "goal_pose": {
    "frame_id": "map",
    "x": 1.937,
    "y": -7.778,
    "yaw_rad": 1.624
  },
  "odom": {
    "position": {
      "x": 1.9924282827266444,
      "y": -7.754553901631866,
      "z": 0.0
    },
    "orientation_quat": {
      "x": 0.0003708693861367065,
      "y": 0.0021913994604297435,
      "z": -0.16680189215615498,
      "w": 0.9859879253811528
    },
    "yaw_rad": -0.3351712840122854,
    "linear_vel": {
      "x": 0.004216526374866849,
      "y": -6.273806784803942e-05
    },
    "angular_vel_z": 0.17705663933437513
  }
}