{
  "frame_idx": 53,
  "ros_stamp": 2649.9,
  "wall_time": 1776686683.6960676,
  "prompt": "small storage shelves",
  "goal_id": "small_shelf_row",
  "goal_pose": {
    "frame_id": "map",
    "x": 1.937,
    "y": -7.778,
    "yaw_rad": 1.624
  },
  "odom": {
    "position": {
      "x": 1.9951856634242022,
      "y": -7.755385745320405,
      "z": 0.0
    },
    "orientation_quat": {
      "x": -1.1121403659651471e-05,
      "y": 0.002222614477776289,
      "z": 0.005030611283752233,
      "w": 0.9999848762912914
    },
    "yaw_rad": 0.010061290123116172,
    "linear_vel": {
      "x": 3.499239898217788e-05,
      "y": -5.534289036343077e-05
    },
    "angular_vel_z": 0.15959502828204725
  }
}