{
  "frame_idx": 54,
  "ros_stamp": 2651.9,
  "wall_time": 1776686685.8319523,
  "prompt": "small storage shelves",
  "goal_id": "small_shelf_row",
  "goal_pose": {
    "frame_id": "map",
    "x": 1.937,
    "y": -7.778,
    "yaw_rad": 1.624
  },
  "odom": {
    "position": {
      "x": 1.995437427411042,
      "y": -7.755482860638596,
      "z": 0.0
    },
    "orientation_quat": {
      "x": -0.000361518152299336,
      "y": 0.00219308564223976,
      "z": 0.16267428511278761,
      "w": 0.9866773214395043
    },
    "yaw_rad": 0.3268016925817678,
    "linear_vel": {
      "x": 0.00022134210743122372,
      "y": -5.1271302110308115e-05
    },
    "angular_vel_z": 0.1459314239988572
  }
}