{
  "frame_idx": 55,
  "ros_stamp": 2653.9,
  "wall_time": 1776686687.985032,
  "prompt": "small storage shelves",
  "goal_id": "small_shelf_row",
  "goal_pose": {
    "frame_id": "map",
    "x": 1.937,
    "y": -7.778,
    "yaw_rad": 1.624
  },
  "odom": {
    "position": {
      "x": 1.9955422986857472,
      "y": -7.755554413559602,
      "z": 0.0
    },
    "orientation_quat": {
      "x": -0.0006652199422717336,
      "y": 0.0021207200942205038,
      "z": 0.29931795953921253,
      "w": 0.9541508366741565
    },
    "yaw_rad": 0.6079570731821622,
    "linear_vel": {
      "x": -4.889747220788501e-06,
      "y": -4.889970024938313e-05
    },
    "angular_vel_z": 0.1401303329621269
  }
}