{
  "frame_idx": 0,
  "ros_stamp": 413.9,
  "wall_time": 1776684282.3696504,
  "prompt": "go in the small shelf row",
  "goal_id": "inside_small_shelf",
  "goal_pose": {
    "frame_id": "map",
    "x": 5.231,
    "y": -5.906,
    "yaw_rad": -3.134
  },
  "odom": {
    "position": {
      "x": 3.7817456965987803,
      "y": 1.563728018069507,
      "z": 0.0
    },
    "orientation_quat": {
      "x": 0.0015251921150177667,
      "y": 0.0016169613466530562,
      "z": -0.6859516579699699,
      "w": 0.7276437192426422
    },
    "yaw_rad": -1.5118261556871946,
    "linear_vel": {
      "x": 0.15067917698922031,
      "y": 3.2395446824215585e-05
    },
    "angular_vel_z": -0.06485190537244441
  }
}