{
  "frame_idx": 1,
  "ros_stamp": 415.9,
  "wall_time": 1776684284.4630454,
  "prompt": "go in the small shelf row",
  "goal_id": "inside_small_shelf",
  "goal_pose": {
    "frame_id": "map",
    "x": 5.231,
    "y": -5.906,
    "yaw_rad": -3.134
  },
  "odom": {
    "position": {
      "x": 3.794533046836463,
      "y": 1.2239387921722513,
      "z": 0.0
    },
    "orientation_quat": {
      "x": -0.0002266926633921942,
      "y": -0.00023280426549302665,
      "z": -0.6976520739346672,
      "w": 0.7164366532689878
    },
    "yaw_rad": -1.5442301373190106,
    "linear_vel": {
      "x": 0.1877092357413141,
      "y": 1.1867252393812772e-06
    },
    "angular_vel_z": -0.00729435269308223
  }
}