{
  "frame_idx": 2,
  "ros_stamp": 417.9,
  "wall_time": 1776684286.6021745,
  "prompt": "go in the small shelf row",
  "goal_id": "inside_small_shelf",
  "goal_pose": {
    "frame_id": "map",
    "x": 5.231,
    "y": -5.906,
    "yaw_rad": -3.134
  },
  "odom": {
    "position": {
      "x": 3.799558775277021,
      "y": 0.8669854526556955,
      "z": 0.0
    },
    "orientation_quat": {
      "x": -0.0004541771168856736,
      "y": -0.0004580560944461244,
      "z": -0.7040940259347686,
      "w": 0.7101064614202087
    },
    "yaw_rad": -1.5622934316054162,
    "linear_vel": {
      "x": 0.17221093320194067,
      "y": -8.995194416037568e-07
    },
    "angular_vel_z": 0.012382664172686856
  }
}