{
  "frame_idx": 3,
  "ros_stamp": 419.9,
  "wall_time": 1776684288.765541,
  "prompt": "go in the small shelf row",
  "goal_id": "inside_small_shelf",
  "goal_pose": {
    "frame_id": "map",
    "x": 5.231,
    "y": -5.906,
    "yaw_rad": -3.134
  },
  "odom": {
    "position": {
      "x": 3.8010510014808543,
      "y": 0.542575483800758,
      "z": 0.0
    },
    "orientation_quat": {
      "x": 0.0010511447106480536,
      "y": 0.0010516786799171594,
      "z": -0.7069292061328172,
      "w": 0.707282748682008
    },
    "yaw_rad": -1.5702963415864393,
    "linear_vel": {
      "x": 0.1618390179933053,
      "y": 2.1076838484301454e-06
    },
    "angular_vel_z": -0.005565479223464783
  }
}