{
  "frame_idx": 4,
  "ros_stamp": 421.9,
  "wall_time": 1776684290.8588924,
  "prompt": "go in the small shelf row",
  "goal_id": "inside_small_shelf",
  "goal_pose": {
    "frame_id": "map",
    "x": 5.231,
    "y": -5.906,
    "yaw_rad": -3.134
  },
  "odom": {
    "position": {
      "x": 3.8014672203177424,
      "y": 0.20403716133177574,
      "z": 0.0
    },
    "orientation_quat": {
      "x": -0.00038168389381301737,
      "y": -0.0003811187706938795,
      "z": -0.7076324703703416,
      "w": 0.7065804950205287
    },
    "yaw_rad": -1.5722840449572475,
    "linear_vel": {
      "x": 0.17308424544685147,
      "y": 2.431333810919559e-07
    },
    "angular_vel_z": -0.002532579839038443
  }
}