{
  "frame_idx": 5,
  "ros_stamp": 423.9,
  "wall_time": 1776684293.0334272,
  "prompt": "go in the small shelf row",
  "goal_id": "inside_small_shelf",
  "goal_pose": {
    "frame_id": "map",
    "x": 5.231,
    "y": -5.906,
    "yaw_rad": -3.134
  },
  "odom": {
    "position": {
      "x": 3.8001053171137524,
      "y": -0.13692702605138982,
      "z": 0.0
    },
    "orientation_quat": {
      "x": 0.0009894482837423655,
      "y": 0.0009866834203342632,
      "z": -0.7080927224029233,
      "w": 0.706118080725836
    },
    "yaw_rad": -1.5735888954580763,
    "linear_vel": {
      "x": 0.17833780936565785,
      "y": 4.6708254291521416e-06
    },
    "angular_vel_z": -0.011595947835272426
  }
}