{
  "frame_idx": 6,
  "ros_stamp": 425.9,
  "wall_time": 1776684295.136632,
  "prompt": "go in the small shelf row",
  "goal_id": "inside_small_shelf",
  "goal_pose": {
    "frame_id": "map",
    "x": 5.231,
    "y": -5.906,
    "yaw_rad": -3.134
  },
  "odom": {
    "position": {
      "x": 3.7991354371849786,
      "y": -0.47394105719713736,
      "z": 0.0
    },
    "orientation_quat": {
      "x": -0.001572619849749044,
      "y": -0.001574396866366237,
      "z": -0.7067057114194318,
      "w": 0.7075041240787717
    },
    "yaw_rad": -1.5696671979290748,
    "linear_vel": {
      "x": 0.16407922517694967,
      "y": -8.990220956565035e-10
    },
    "angular_vel_z": 6.878818969096028e-07
  }
}