{
  "frame_idx": 7,
  "ros_stamp": 427.9,
  "wall_time": 1776684297.2674115,
  "prompt": "go in the small shelf row",
  "goal_id": "inside_small_shelf",
  "goal_pose": {
    "frame_id": "map",
    "x": 5.231,
    "y": -5.906,
    "yaw_rad": -3.134
  },
  "odom": {
    "position": {
      "x": 3.7977964081933475,
      "y": -0.8195046604821766,
      "z": 0.0
    },
    "orientation_quat": {
      "x": -0.0008165198610206995,
      "y": -0.0008147877026251001,
      "z": -0.707855235459381,
      "w": 0.7063565919909436
    },
    "yaw_rad": -1.5729157305141739,
    "linear_vel": {
      "x": 0.18526726103842894,
      "y": -6.505714358811984e-08
    },
    "angular_vel_z": 0.004201280605226751
  }
}