{
  "frame_idx": 8,
  "ros_stamp": 429.9,
  "wall_time": 1776684299.4351628,
  "prompt": "go in the small shelf row",
  "goal_id": "inside_small_shelf",
  "goal_pose": {
    "frame_id": "map",
    "x": 5.231,
    "y": -5.906,
    "yaw_rad": -3.134
  },
  "odom": {
    "position": {
      "x": 3.799954881818006,
      "y": -1.1854394759215443,
      "z": 0.0
    },
    "orientation_quat": {
      "x": -0.0011333370378327975,
      "y": -0.0011405526241869948,
      "z": -0.7048592411509672,
      "w": 0.7093453776905526
    },
    "yaw_rad": -1.564451952821909,
    "linear_vel": {
      "x": 0.18270711896242053,
      "y": -1.47973830030673e-07
    },
    "angular_vel_z": -0.0024432231586612634
  }
}