{
  "frame_idx": 9,
  "ros_stamp": 431.9,
  "wall_time": 1776684301.5289845,
  "prompt": "go in the small shelf row",
  "goal_id": "inside_small_shelf",
  "goal_pose": {
    "frame_id": "map",
    "x": 5.231,
    "y": -5.906,
    "yaw_rad": -3.134
  },
  "odom": {
    "position": {
      "x": 3.8004611470052683,
      "y": -1.5076615162117464,
      "z": 0.0
    },
    "orientation_quat": {
      "x": -0.001574277390905109,
      "y": -0.001576462723339892,
      "z": -0.7066094912174367,
      "w": 0.7076002143424023
    },
    "yaw_rad": -1.569395229054124,
    "linear_vel": {
      "x": 0.16742924075522875,
      "y": 3.508799537258757e-06
    },
    "angular_vel_z": 0.019548173349285762
  }
}