{
  "frame_idx": 10,
  "ros_stamp": 433.9,
  "wall_time": 1776684303.7000203,
  "prompt": "go in the small shelf row",
  "goal_id": "inside_small_shelf",
  "goal_pose": {
    "frame_id": "map",
    "x": 5.231,
    "y": -5.906,
    "yaw_rad": -3.134
  },
  "odom": {
    "position": {
      "x": 3.8009361253276865,
      "y": -1.8502840800255282,
      "z": 0.0
    },
    "orientation_quat": {
      "x": -6.332160970454373e-05,
      "y": -6.309126740117752e-05,
      "z": -0.7083749008089213,
      "w": 0.7058363775789801
    },
    "yaw_rad": -1.5743863427168576,
    "linear_vel": {
      "x": 0.18744045065042628,
      "y": -7.17257307525543e-07
    },
    "angular_vel_z": 0.0039280443450547455
  }
}