{
  "frame_idx": 11,
  "ros_stamp": 435.9,
  "wall_time": 1776684305.8216667,
  "prompt": "go in the small shelf row",
  "goal_id": "inside_small_shelf",
  "goal_pose": {
    "frame_id": "map",
    "x": 5.231,
    "y": -5.906,
    "yaw_rad": -3.134
  },
  "odom": {
    "position": {
      "x": 3.8015025900973107,
      "y": -2.1910486816499253,
      "z": 0.0
    },
    "orientation_quat": {
      "x": -0.00043284382071151695,
      "y": -0.0004337136903425463,
      "z": -0.7063992098523322,
      "w": 0.7078133799658372
    },
    "yaw_rad": -1.568796387535015,
    "linear_vel": {
      "x": 0.16505846568376875,
      "y": -6.305686504486923e-08
    },
    "angular_vel_z": 0.0009092855809231858
  }
}