{
  "frame_idx": 12,
  "ros_stamp": 437.9,
  "wall_time": 1776684307.9434063,
  "prompt": "go in the small shelf row",
  "goal_id": "inside_small_shelf",
  "goal_pose": {
    "frame_id": "map",
    "x": 5.231,
    "y": -5.906,
    "yaw_rad": -3.134
  },
  "odom": {
    "position": {
      "x": 3.8019251878600486,
      "y": -2.531409697131948,
      "z": 0.0
    },
    "orientation_quat": {
      "x": -0.0010836276542662078,
      "y": -0.0010822565433289287,
      "z": -0.7075592787376558,
      "w": 0.7066523342805354
    },
    "yaw_rad": -1.5720789415773393,
    "linear_vel": {
      "x": 0.169818970155293,
      "y": -1.1441110006208598e-06
    },
    "angular_vel_z": -0.022144887408753845
  }
}