{
  "frame_idx": 13,
  "ros_stamp": 439.9,
  "wall_time": 1776684310.113834,
  "prompt": "go in the small shelf row",
  "goal_id": "inside_small_shelf",
  "goal_pose": {
    "frame_id": "map",
    "x": 5.231,
    "y": -5.906,
    "yaw_rad": -3.134
  },
  "odom": {
    "position": {
      "x": 3.8033957081597487,
      "y": -2.8870578840088816,
      "z": 0.0
    },
    "orientation_quat": {
      "x": 0.00024675602768192635,
      "y": 0.00024891166975010546,
      "z": -0.7040230927611331,
      "w": 0.7101769934414184
    },
    "yaw_rad": -1.5620933689905647,
    "linear_vel": {
      "x": 0.18093960754587282,
      "y": 1.8350782283784075e-06
    },
    "angular_vel_z": -0.007654346755395197
  }
}