{
  "frame_idx": 14,
  "ros_stamp": 441.9,
  "wall_time": 1776684312.2077727,
  "prompt": "go in the small shelf row",
  "goal_id": "inside_small_shelf",
  "goal_pose": {
    "frame_id": "map",
    "x": 5.231,
    "y": -5.906,
    "yaw_rad": -3.134
  },
  "odom": {
    "position": {
      "x": 3.807764412217603,
      "y": -3.21591763132101,
      "z": 0.0
    },
    "orientation_quat": {
      "x": 0.0005871526388709894,
      "y": 0.0005991157410156012,
      "z": -0.6999458689750886,
      "w": 0.7141954052056171
    },
    "yaw_rad": -1.5506440913198982,
    "linear_vel": {
      "x": 0.1756890397609362,
      "y": -6.175677877605973e-06
    },
    "angular_vel_z": 0.019310667997615123
  }
}