{
  "frame_idx": 15,
  "ros_stamp": 443.9,
  "wall_time": 1776684314.37268,
  "prompt": "go in the small shelf row",
  "goal_id": "inside_small_shelf",
  "goal_pose": {
    "frame_id": "map",
    "x": 5.231,
    "y": -5.906,
    "yaw_rad": -3.134
  },
  "odom": {
    "position": {
      "x": 3.81413509974499,
      "y": -3.557130202603606,
      "z": 0.0
    },
    "orientation_quat": {
      "x": 0.00019785331174746308,
      "y": 0.00020150485454715719,
      "z": -0.7006115878745008,
      "w": 0.7135427970246994
    },
    "yaw_rad": -1.552508579867518,
    "linear_vel": {
      "x": 0.1700920795873434,
      "y": 4.134494030142504e-06
    },
    "angular_vel_z": -0.01947780115796676
  }
}