{
  "frame_idx": 16,
  "ros_stamp": 445.9,
  "wall_time": 1776684316.5083218,
  "prompt": "go in the small shelf row",
  "goal_id": "inside_small_shelf",
  "goal_pose": {
    "frame_id": "map",
    "x": 5.231,
    "y": -5.906,
    "yaw_rad": -3.134
  },
  "odom": {
    "position": {
      "x": 3.8201761659176015,
      "y": -3.900211428899515,
      "z": 0.0
    },
    "orientation_quat": {
      "x": 0.0014215230015653842,
      "y": 0.0014613632050589037,
      "z": -0.6972610762522643,
      "w": 0.7168143659508179
    },
    "yaw_rad": -1.5431428606643054,
    "linear_vel": {
      "x": 0.16643692878254757,
      "y": -1.582537390204633e-05
    },
    "angular_vel_z": 0.03337100663912877
  }
}