{
  "frame_idx": 17,
  "ros_stamp": 447.9,
  "wall_time": 1776684318.607216,
  "prompt": "go in the small shelf row",
  "goal_id": "inside_small_shelf",
  "goal_pose": {
    "frame_id": "map",
    "x": 5.231,
    "y": -5.906,
    "yaw_rad": -3.134
  },
  "odom": {
    "position": {
      "x": 3.832622347685403,
      "y": -4.246578911241329,
      "z": 0.0
    },
    "orientation_quat": {
      "x": -0.00016197297175223662,
      "y": -0.0001702720207522152,
      "z": -0.6892724013449423,
      "w": 0.7245022439691765
    },
    "yaw_rad": -1.5209686496783883,
    "linear_vel": {
      "x": 0.1717933712568666,
      "y": -2.0406893880993212e-06
    },
    "angular_vel_z": 0.016579427492577233
  }
}