{
  "frame_idx": 18,
  "ros_stamp": 449.9,
  "wall_time": 1776684320.7842364,
  "prompt": "go in the small shelf row",
  "goal_id": "inside_small_shelf",
  "goal_pose": {
    "frame_id": "map",
    "x": 5.231,
    "y": -5.906,
    "yaw_rad": -3.134
  },
  "odom": {
    "position": {
      "x": 3.8656814731479416,
      "y": -4.595685469894302,
      "z": 0.0
    },
    "orientation_quat": {
      "x": 2.8462660258717742e-05,
      "y": 3.2427911666163154e-05,
      "z": -0.6596420285000835,
      "w": 0.7515799307955227
    },
    "yaw_rad": -1.4406847401749874,
    "linear_vel": {
      "x": 0.16962287351293387,
      "y": 2.101355094107871e-06
    },
    "angular_vel_z": -0.010879300315756485
  }
}