{
  "frame_idx": 19,
  "ros_stamp": 451.9,
  "wall_time": 1776684322.87141,
  "prompt": "go in the small shelf row",
  "goal_id": "inside_small_shelf",
  "goal_pose": {
    "frame_id": "map",
    "x": 5.231,
    "y": -5.906,
    "yaw_rad": -3.134
  },
  "odom": {
    "position": {
      "x": 3.9177754653866455,
      "y": -4.935044383420161,
      "z": 0.0
    },
    "orientation_quat": {
      "x": -0.0014135236113437374,
      "y": -0.0017155510168411245,
      "z": -0.6359048741155945,
      "w": 0.7717642450332477
    },
    "yaw_rad": -1.3783649202798978,
    "linear_vel": {
      "x": 0.17287844804016805,
      "y": 7.71429205375664e-06
    },
    "angular_vel_z": 0.04715917406606157
  }
}