{
  "frame_idx": 20,
  "ros_stamp": 453.9,
  "wall_time": 1776684325.0175831,
  "prompt": "go in the small shelf row",
  "goal_id": "inside_small_shelf",
  "goal_pose": {
    "frame_id": "map",
    "x": 5.231,
    "y": -5.906,
    "yaw_rad": -3.134
  },
  "odom": {
    "position": {
      "x": 3.996951934976147,
      "y": -5.258391657393267,
      "z": 0.0
    },
    "orientation_quat": {
      "x": 0.0013087423772285124,
      "y": 0.0017941416783141503,
      "z": -0.5893110370360265,
      "w": 0.8079031933818254
    },
    "yaw_rad": -1.2604151960377978,
    "linear_vel": {
      "x": 0.1429658736360902,
      "y": -4.220260145666778e-05
    },
    "angular_vel_z": 0.08499227089958714
  }
}