{
  "frame_idx": 21,
  "ros_stamp": 455.9,
  "wall_time": 1776684327.1564283,
  "prompt": "go in the small shelf row",
  "goal_id": "inside_small_shelf",
  "goal_pose": {
    "frame_id": "map",
    "x": 5.231,
    "y": -5.906,
    "yaw_rad": -3.134
  },
  "odom": {
    "position": {
      "x": 4.107503368742401,
      "y": -5.520495677458609,
      "z": 0.0
    },
    "orientation_quat": {
      "x": 0.0006767161383506843,
      "y": 0.0011421816314583955,
      "z": -0.5069401376187384,
      "w": 0.8619802401142868
    },
    "yaw_rad": -1.0632635613670331,
    "linear_vel": {
      "x": 0.13399420564991915,
      "y": -4.168814086613799e-05
    },
    "angular_vel_z": 0.1269389262600254
  }
}