{
  "frame_idx": 22,
  "ros_stamp": 457.9,
  "wall_time": 1776684329.251589,
  "prompt": "go in the small shelf row",
  "goal_id": "inside_small_shelf",
  "goal_pose": {
    "frame_id": "map",
    "x": 5.231,
    "y": -5.906,
    "yaw_rad": -3.134
  },
  "odom": {
    "position": {
      "x": 4.231732687376689,
      "y": -5.6921501088116635,
      "z": 0.0
    },
    "orientation_quat": {
      "x": 0.00033272194246237297,
      "y": 0.0007720801084737868,
      "z": -0.3967620317264221,
      "w": 0.9179211204503014
    },
    "yaw_rad": -0.8159735974712771,
    "linear_vel": {
      "x": 0.09245366885249054,
      "y": -3.529861763473704e-05
    },
    "angular_vel_z": 0.1485025135109884
  }
}