{
  "frame_idx": 23,
  "ros_stamp": 459.9,
  "wall_time": 1776684331.4391394,
  "prompt": "go in the small shelf row",
  "goal_id": "inside_small_shelf",
  "goal_pose": {
    "frame_id": "map",
    "x": 5.231,
    "y": -5.906,
    "yaw_rad": -3.134
  },
  "odom": {
    "position": {
      "x": 4.364559398107656,
      "y": -5.799921679242054,
      "z": 0.0
    },
    "orientation_quat": {
      "x": 0.000533231326942866,
      "y": 0.0019555507702467933,
      "z": -0.26304915859596556,
      "w": 0.9647803022696366
    },
    "yaw_rad": -0.5323637400863884,
    "linear_vel": {
      "x": 0.07276408003985722,
      "y": -4.8108139598099025e-05
    },
    "angular_vel_z": 0.12205003365794845
  }
}