{
  "frame_idx": 24,
  "ros_stamp": 461.9,
  "wall_time": 1776684333.529022,
  "prompt": "go in the small shelf row",
  "goal_id": "inside_small_shelf",
  "goal_pose": {
    "frame_id": "map",
    "x": 5.231,
    "y": -5.906,
    "yaw_rad": -3.134
  },
  "odom": {
    "position": {
      "x": 4.490869270025669,
      "y": -5.852660586469365,
      "z": 0.0
    },
    "orientation_quat": {
      "x": 0.0002927556461408375,
      "y": 0.0022039744393508873,
      "z": -0.13164757295336516,
      "w": 0.9912940902306897
    },
    "yaw_rad": -0.2640623271102769,
    "linear_vel": {
      "x": 0.0648740065895316,
      "y": -4.881434820860006e-05
    },
    "angular_vel_z": 0.11709765381433217
  }
}