{
  "frame_idx": 25,
  "ros_stamp": 463.9,
  "wall_time": 1776684335.6614952,
  "prompt": "go in the small shelf row",
  "goal_id": "inside_small_shelf",
  "goal_pose": {
    "frame_id": "map",
    "x": 5.231,
    "y": -5.906,
    "yaw_rad": -3.134
  },
  "odom": {
    "position": {
      "x": 4.618571138673702,
      "y": -5.869479337302608,
      "z": 0.0
    },
    "orientation_quat": {
      "x": -1.693472331787019e-05,
      "y": -0.0017834850751854143,
      "z": -0.009536680686337997,
      "w": 0.9999529342002496
    },
    "yaw_rad": -0.019073681104163555,
    "linear_vel": {
      "x": 0.06662812983574919,
      "y": 2.0798559896021903e-05
    },
    "angular_vel_z": 0.0964297180913561
  }
}