{
  "frame_idx": 26,
  "ros_stamp": 465.9,
  "wall_time": 1776684337.8017373,
  "prompt": "go in the small shelf row",
  "goal_id": "inside_small_shelf",
  "goal_pose": {
    "frame_id": "map",
    "x": 5.231,
    "y": -5.906,
    "yaw_rad": -3.134
  },
  "odom": {
    "position": {
      "x": 4.788260306463914,
      "y": -5.864038951677459,
      "z": 0.0
    },
    "orientation_quat": {
      "x": 2.8642589704733146e-05,
      "y": -0.0022225989358662024,
      "z": 0.012856999109617946,
      "w": 0.9999148747805824
    },
    "yaw_rad": 0.02571476994649854,
    "linear_vel": {
      "x": 0.15916179287150226,
      "y": -2.0185673483095594e-05
    },
    "angular_vel_z": -0.10781838679000466
  }
}