{
  "frame_idx": 27,
  "ros_stamp": 467.9,
  "wall_time": 1776684339.9010024,
  "prompt": "go in the small shelf row",
  "goal_id": "inside_small_shelf",
  "goal_pose": {
    "frame_id": "map",
    "x": 5.231,
    "y": -5.906,
    "yaw_rad": -3.134
  },
  "odom": {
    "position": {
      "x": 5.074096155735138,
      "y": -5.8897277224383044,
      "z": 0.0
    },
    "orientation_quat": {
      "x": 0.00025988332113488266,
      "y": 0.002184462781664962,
      "z": -0.11846520524781638,
      "w": 0.9929557672568339
    },
    "yaw_rad": -0.23748870083545043,
    "linear_vel": {
      "x": 0.11417427638764413,
      "y": 6.886600790791209e-05
    },
    "angular_vel_z": -0.15273366421845613
  }
}