{
  "frame_idx": 28,
  "ros_stamp": 469.9,
  "wall_time": 1776684342.0855105,
  "prompt": "go in the small shelf row",
  "goal_id": "inside_small_shelf",
  "goal_pose": {
    "frame_id": "map",
    "x": 5.231,
    "y": -5.906,
    "yaw_rad": -3.134
  },
  "odom": {
    "position": {
      "x": 5.210397857588842,
      "y": -5.943275531802841,
      "z": 0.0
    },
    "orientation_quat": {
      "x": 0.0006491349335937062,
      "y": 0.002123591222473474,
      "z": -0.29163132810494136,
      "w": 0.95652822093857
    },
    "yaw_rad": -0.5918652135260665,
    "linear_vel": {
      "x": 0.036575618770344806,
      "y": 7.089421281055079e-05
    },
    "angular_vel_z": -0.18229983131263297
  }
}