{
  "frame_idx": 29,
  "ros_stamp": 471.9,
  "wall_time": 1776684344.1862934,
  "prompt": "go in the small shelf row",
  "goal_id": "inside_small_shelf",
  "goal_pose": {
    "frame_id": "map",
    "x": 5.231,
    "y": -5.906,
    "yaw_rad": -3.134
  },
  "odom": {
    "position": {
      "x": 5.236298649124159,
      "y": -5.965247269735733,
      "z": 0.0
    },
    "orientation_quat": {
      "x": 0.001039127846943928,
      "y": 0.0019644693558145067,
      "z": -0.46686760881796574,
      "w": 0.8843244296693734
    },
    "yaw_rad": -0.971493268908745,
    "linear_vel": {
      "x": 0.0014185531150896805,
      "y": 6.775305783353734e-05
    },
    "angular_vel_z": -0.19332746876283333
  }
}