{
  "frame_idx": 30,
  "ros_stamp": 473.9,
  "wall_time": 1776684346.3202705,
  "prompt": "go in the small shelf row",
  "goal_id": "inside_small_shelf",
  "goal_pose": {
    "frame_id": "map",
    "x": 5.231,
    "y": -5.906,
    "yaw_rad": -3.134
  },
  "odom": {
    "position": {
      "x": 5.236695278025722,
      "y": -5.965717982178554,
      "z": 0.0
    },
    "orientation_quat": {
      "x": 0.0013756569456284664,
      "y": 0.0017458375487592252,
      "z": -0.6189067487377417,
      "w": 0.785461326855816
    },
    "yaw_rad": -1.334704063631606,
    "linear_vel": {
      "x": 3.0013928667469026e-06,
      "y": 5.392630184664574e-05
    },
    "angular_vel_z": -0.1538866115513468
  }
}