{
  "frame_idx": 31,
  "ros_stamp": 475.9,
  "wall_time": 1776684348.4735794,
  "prompt": "go in the small shelf row",
  "goal_id": "inside_small_shelf",
  "goal_pose": {
    "frame_id": "map",
    "x": 5.231,
    "y": -5.906,
    "yaw_rad": -3.134
  },
  "odom": {
    "position": {
      "x": 5.236835208555002,
      "y": -5.966003063350655,
      "z": 0.0
    },
    "orientation_quat": {
      "x": 0.0016302513442492408,
      "y": 0.0015108478051321312,
      "z": -0.7334559399433561,
      "w": 0.6797333622688181
    },
    "yaw_rad": -1.6467899972169389,
    "linear_vel": {
      "x": 0.0,
      "y": 0.0
    },
    "angular_vel_z": 0.0
  }
}