{
  "frame_idx": 32,
  "ros_stamp": 477.9,
  "wall_time": 1776684350.5672848,
  "prompt": "go in the small shelf row",
  "goal_id": "inside_small_shelf",
  "goal_pose": {
    "frame_id": "map",
    "x": 5.231,
    "y": -5.906,
    "yaw_rad": -3.134
  },
  "odom": {
    "position": {
      "x": 5.240410008187718,
      "y": -5.971324639653028,
      "z": 0.0
    },
    "orientation_quat": {
      "x": -0.0018238294096309822,
      "y": -0.001267286363664612,
      "z": -0.821208200567915,
      "w": 0.5706243588838142
    },
    "yaw_rad": -1.9270573365564385,
    "linear_vel": {
      "x": 0.009588806613499968,
      "y": 0.015226399111925578
    },
    "angular_vel_z": -0.0313951705190603
  }
}