{
  "frame_idx": 33,
  "ros_stamp": 479.9,
  "wall_time": 1776684352.738328,
  "prompt": "go in the small shelf row",
  "goal_id": "inside_small_shelf",
  "goal_pose": {
    "frame_id": "map",
    "x": 5.231,
    "y": -5.906,
    "yaw_rad": -3.134
  },
  "odom": {
    "position": {
      "x": 5.261327176248662,
      "y": -6.000761048806516,
      "z": 0.0
    },
    "orientation_quat": {
      "x": -0.001864982761236662,
      "y": -0.001209012999359543,
      "z": -0.8390977240517474,
      "w": 0.5439761664062547
    },
    "yaw_rad": -1.991252499780654,
    "linear_vel": {
      "x": 0.011357597778656888,
      "y": 0.017805048531177876
    },
    "angular_vel_z": -0.03643358136938425
  }
}