{
  "frame_idx": 34,
  "ros_stamp": 481.9,
  "wall_time": 1776684354.8410459,
  "prompt": "go in the small shelf row",
  "goal_id": "inside_small_shelf",
  "goal_pose": {
    "frame_id": "map",
    "x": 5.231,
    "y": -5.906,
    "yaw_rad": -3.134
  },
  "odom": {
    "position": {
      "x": 5.284699952368037,
      "y": -6.037556649867179,
      "z": 0.0
    },
    "orientation_quat": {
      "x": -0.0019128747005727846,
      "y": -0.0011313464349526619,
      "z": -0.8607767258087391,
      "w": 0.5089778868198609
    },
    "yaw_rad": -2.073595843028439,
    "linear_vel": {
      "x": 0.012487337836151175,
      "y": 0.020152496772209278
    },
    "angular_vel_z": -0.04148858667950302
  }
}