{
  "frame_idx": 35,
  "ros_stamp": 483.9,
  "wall_time": 1776684356.9834976,
  "prompt": "go in the small shelf row",
  "goal_id": "inside_small_shelf",
  "goal_pose": {
    "frame_id": "map",
    "x": 5.231,
    "y": -5.906,
    "yaw_rad": -3.134
  },
  "odom": {
    "position": {
      "x": 5.292479045200604,
      "y": -6.048376775869099,
      "z": 0.0
    },
    "orientation_quat": {
      "x": 0.002013504450371627,
      "y": 0.0009411198599096268,
      "z": 0.9059174713396848,
      "w": -0.4234484563848931
    },
    "yaw_rad": -2.267093289808404,
    "linear_vel": {
      "x": 6.850923690538685e-08,
      "y": -4.442576400162525e-05
    },
    "angular_vel_z": -0.12789428848563072
  }
}