{
  "frame_idx": 36,
  "ros_stamp": 485.9,
  "wall_time": 1776684359.1423855,
  "prompt": "go in the small shelf row",
  "goal_id": "inside_small_shelf",
  "goal_pose": {
    "frame_id": "map",
    "x": 5.231,
    "y": -5.906,
    "yaw_rad": -3.134
  },
  "odom": {
    "position": {
      "x": 5.29241927961956,
      "y": -6.048313788390128,
      "z": 0.0
    },
    "orientation_quat": {
      "x": 0.002109352821150211,
      "y": 0.0007004133024372753,
      "z": 0.9490385025244594,
      "w": -0.3151523136167865
    },
    "yaw_rad": -2.5003567291554543,
    "linear_vel": {
      "x": -1.5417868685598325e-07,
      "y": -4.242894436655031e-05
    },
    "angular_vel_z": -0.12173351529198899
  }
}