{
  "frame_idx": 37,
  "ros_stamp": 487.9,
  "wall_time": 1776684361.237463,
  "prompt": "go in the small shelf row",
  "goal_id": "inside_small_shelf",
  "goal_pose": {
    "frame_id": "map",
    "x": 5.231,
    "y": -5.906,
    "yaw_rad": -3.134
  },
  "odom": {
    "position": {
      "x": 5.292377922792891,
      "y": -6.0482550934713855,
      "z": 0.0
    },
    "orientation_quat": {
      "x": 0.002166651832104176,
      "y": 0.0004955923113625604,
      "z": 0.9748156862870666,
      "w": -0.22300098156011464
    },
    "yaw_rad": -2.691807731522113,
    "linear_vel": {
      "x": 5.1135567110760876e-05,
      "y": -3.524972723393938e-05
    },
    "angular_vel_z": -0.10000834502358354
  }
}