{
  "frame_idx": 38,
  "ros_stamp": 489.9,
  "wall_time": 1776684363.4275548,
  "prompt": "go in the small shelf row",
  "goal_id": "inside_small_shelf",
  "goal_pose": {
    "frame_id": "map",
    "x": 5.231,
    "y": -5.906,
    "yaw_rad": -3.134
  },
  "odom": {
    "position": {
      "x": 5.291973147543177,
      "y": -6.048313061276362,
      "z": 0.0
    },
    "orientation_quat": {
      "x": 0.002202517062677758,
      "y": 0.00029835260612896564,
      "z": 0.990943712155542,
      "w": -0.13425952198524202
    },
    "yaw_rad": -2.8722596216861223,
    "linear_vel": {
      "x": 0.0024325834647178426,
      "y": -3.112410619340864e-05
    },
    "angular_vel_z": -0.08864985588274076
  }
}