{
  "frame_idx": 0,
  "ros_stamp": 3485.9,
  "wall_time": 1776687595.077632,
  "prompt": "warehouse small shelves",
  "goal_id": "small_shelf_row",
  "goal_pose": {
    "frame_id": "map",
    "x": 1.937,
    "y": -7.778,
    "yaw_rad": 1.624
  },
  "odom": {
    "position": {
      "x": 1.443037477454802,
      "y": 6.498076460217727,
      "z": 0.0
    },
    "orientation_quat": {
      "x": -0.00120048920827352,
      "y": 0.0017050428482506838,
      "z": 0.5757090127826371,
      "w": 0.8176519945890108
    },
    "yaw_rad": 1.2269450887603166,
    "linear_vel": {
      "x": 0.0029636735106539397,
      "y": 5.448559680550941e-05
    },
    "angular_vel_z": -0.16390082267010753
  }
}