{
  "frame_idx": 1,
  "ros_stamp": 3487.9,
  "wall_time": 1776687597.2588625,
  "prompt": "warehouse small shelves",
  "goal_id": "small_shelf_row",
  "goal_pose": {
    "frame_id": "map",
    "x": 1.937,
    "y": -7.778,
    "yaw_rad": 1.624
  },
  "odom": {
    "position": {
      "x": 1.443069892333471,
      "y": 6.49842893102754,
      "z": 0.0
    },
    "orientation_quat": {
      "x": -0.0010151309143097698,
      "y": 0.0019773045643094165,
      "z": 0.4567312594440889,
      "w": 0.88960194268139
    },
    "yaw_rad": 0.9486372240573667,
    "linear_vel": {
      "x": 0.0011841685216445405,
      "y": 5.552611987133094e-05
    },
    "angular_vel_z": -0.1587873520275865
  }
}