{
  "frame_idx": 2,
  "ros_stamp": 3489.9,
  "wall_time": 1776687599.4287076,
  "prompt": "warehouse small shelves",
  "goal_id": "small_shelf_row",
  "goal_pose": {
    "frame_id": "map",
    "x": 1.937,
    "y": -7.778,
    "yaw_rad": 1.624
  },
  "odom": {
    "position": {
      "x": 1.4448842880181154,
      "y": 6.500542607631836,
      "z": 0.0
    },
    "orientation_quat": {
      "x": -0.0001790349893309772,
      "y": 0.0004929371195547026,
      "z": 0.3401233041964055,
      "w": 0.9403807010471813
    },
    "yaw_rad": 0.6940961306840393,
    "linear_vel": {
      "x": 0.0013044745644749574,
      "y": 9.657822905589895e-06
    },
    "angular_vel_z": -0.11396247091222286
  }
}