{
  "frame_idx": 3,
  "ros_stamp": 3491.9,
  "wall_time": 1776687601.5890083,
  "prompt": "warehouse small shelves",
  "goal_id": "small_shelf_row",
  "goal_pose": {
    "frame_id": "map",
    "x": 1.937,
    "y": -7.778,
    "yaw_rad": 1.624
  },
  "odom": {
    "position": {
      "x": 1.4483347231352806,
      "y": 6.502779602196173,
      "z": 0.0
    },
    "orientation_quat": {
      "x": -0.0004849113999172726,
      "y": 0.002169272137574538,
      "z": 0.2182082260459957,
      "w": 0.9758997024311398
    },
    "yaw_rad": 0.43995725445396366,
    "linear_vel": {
      "x": -0.0003907184187594053,
      "y": 4.1719011451297564e-05
    },
    "angular_vel_z": -0.118630143342902
  }
}