{
  "frame_idx": 4,
  "ros_stamp": 3493.9,
  "wall_time": 1776687603.708154,
  "prompt": "warehouse small shelves",
  "goal_id": "small_shelf_row",
  "goal_pose": {
    "frame_id": "map",
    "x": 1.937,
    "y": -7.778,
    "yaw_rad": 1.624
  },
  "odom": {
    "position": {
      "x": 1.4551274079447136,
      "y": 6.504938506018739,
      "z": 0.0
    },
    "orientation_quat": {
      "x": -3.57666184874457e-05,
      "y": 0.000577148597605836,
      "z": 0.06181148143843887,
      "w": 0.9980876746972837
    },
    "yaw_rad": 0.123701839411948,
    "linear_vel": {
      "x": 0.0002270533579189789,
      "y": 1.3657566585297938e-05
    },
    "angular_vel_z": -0.15057615870326363
  }
}