{
  "frame_idx": 5,
  "ros_stamp": 3495.9,
  "wall_time": 1776687605.907406,
  "prompt": "warehouse small shelves",
  "goal_id": "small_shelf_row",
  "goal_pose": {
    "frame_id": "map",
    "x": 1.937,
    "y": -7.778,
    "yaw_rad": 1.624
  },
  "odom": {
    "position": {
      "x": 1.4689831658196701,
      "y": 6.5045732211733664,
      "z": 0.0
    },
    "orientation_quat": {
      "x": 0.0002093981993964415,
      "y": 0.00221462841210858,
      "z": -0.09410448499476405,
      "w": 0.9955598412336953
    },
    "yaw_rad": -0.18848833590819358,
    "linear_vel": {
      "x": 0.0,
      "y": 0.0
    },
    "angular_vel_z": 0.0
  }
}