{
  "frame_idx": 6,
  "ros_stamp": 3497.9,
  "wall_time": 1776687608.0077417,
  "prompt": "warehouse small shelves",
  "goal_id": "small_shelf_row",
  "goal_pose": {
    "frame_id": "map",
    "x": 1.937,
    "y": -7.778,
    "yaw_rad": 1.624
  },
  "odom": {
    "position": {
      "x": 1.502142136409506,
      "y": 6.48957663381296,
      "z": 0.0
    },
    "orientation_quat": {
      "x": -0.0004738893563193524,
      "y": -0.0017449483835402027,
      "z": -0.26209403528823705,
      "w": 0.9650406453877189
    },
    "yaw_rad": -0.5303837983238363,
    "linear_vel": {
      "x": 0.029678780559493995,
      "y": -5.8560893132505e-05
    },
    "angular_vel_z": -0.23608335006197584
  }
}