{
  "frame_idx": 7,
  "ros_stamp": 3499.9,
  "wall_time": 1776687610.275639,
  "prompt": "warehouse small shelves",
  "goal_id": "small_shelf_row",
  "goal_pose": {
    "frame_id": "map",
    "x": 1.937,
    "y": -7.778,
    "yaw_rad": 1.624
  },
  "odom": {
    "position": {
      "x": 1.5722048682766738,
      "y": 6.4258982277024455,
      "z": 0.0
    },
    "orientation_quat": {
      "x": 0.0001472447824846651,
      "y": 0.00030491176185947714,
      "z": -0.43453114797489323,
      "w": 0.9006567419319155
    },
    "yaw_rad": -0.8990353443651227,
    "linear_vel": {
      "x": 0.05603652863235954,
      "y": 2.1532954463772337e-05
    },
    "angular_vel_z": -0.18814806115712598
  }
}