{
  "frame_idx": 8,
  "ros_stamp": 3501.9,
  "wall_time": 1776687612.4510238,
  "prompt": "warehouse small shelves",
  "goal_id": "small_shelf_row",
  "goal_pose": {
    "frame_id": "map",
    "x": 1.937,
    "y": -7.778,
    "yaw_rad": 1.624
  },
  "odom": {
    "position": {
      "x": 1.6533953119487736,
      "y": 6.271846320613311,
      "z": 0.0
    },
    "orientation_quat": {
      "x": -0.00028942351957548086,
      "y": -0.0004111934403974093,
      "z": -0.5769643133889717,
      "w": 0.8167692013228544
    },
    "yaw_rad": -1.2300143599424116,
    "linear_vel": {
      "x": 0.11046757944320396,
      "y": 3.7964745224367815e-06
    },
    "angular_vel_z": -0.13220537054828677
  }
}