{
  "frame_idx": 9,
  "ros_stamp": 3503.9,
  "wall_time": 1776687614.581452,
  "prompt": "warehouse small shelves",
  "goal_id": "small_shelf_row",
  "goal_pose": {
    "frame_id": "map",
    "x": 1.937,
    "y": -7.778,
    "yaw_rad": 1.624
  },
  "odom": {
    "position": {
      "x": 1.7089474445058346,
      "y": 6.001208619035554,
      "z": 0.0
    },
    "orientation_quat": {
      "x": -0.001500526725336884,
      "y": -0.0016478615140378722,
      "z": -0.6732732978656726,
      "w": 0.7393903565458901
    },
    "yaw_rad": -1.4772583572960836,
    "linear_vel": {
      "x": 0.17742559627004784,
      "y": -1.9536712437485997e-05
    },
    "angular_vel_z": -0.11619437397817756
  }
}