{
  "frame_idx": 10,
  "ros_stamp": 3505.9,
  "wall_time": 1776687616.7877192,
  "prompt": "warehouse small shelves",
  "goal_id": "small_shelf_row",
  "goal_pose": {
    "frame_id": "map",
    "x": 1.937,
    "y": -7.778,
    "yaw_rad": 1.624
  },
  "odom": {
    "position": {
      "x": 1.715299354537833,
      "y": 5.659384916217618,
      "z": 0.0
    },
    "orientation_quat": {
      "x": -0.001005600702448587,
      "y": -0.0009795214774127835,
      "z": -0.7163319885515095,
      "w": 0.6977582041672764
    },
    "yaw_rad": -1.5970644056619507,
    "linear_vel": {
      "x": 0.18076476686019455,
      "y": -1.2319002911723368e-06
    },
    "angular_vel_z": -0.03192495906089264
  }
}