{
  "frame_idx": 11,
  "ros_stamp": 3507.9,
  "wall_time": 1776687618.891857,
  "prompt": "warehouse small shelves",
  "goal_id": "small_shelf_row",
  "goal_pose": {
    "frame_id": "map",
    "x": 1.937,
    "y": -7.778,
    "yaw_rad": 1.624
  },
  "odom": {
    "position": {
      "x": 1.703137405453633,
      "y": 5.315955242701312,
      "z": 0.0
    },
    "orientation_quat": {
      "x": -5.6150641765794664e-05,
      "y": -5.4204110777120466e-05,
      "z": -0.7194601796576382,
      "w": 0.6945336880209761
    },
    "yaw_rad": -1.60604953492072,
    "linear_vel": {
      "x": 0.17950200633018407,
      "y": 4.166509456704342e-07
    },
    "angular_vel_z": -0.001961209485420718
  }
}