{
  "frame_idx": 12,
  "ros_stamp": 3509.9,
  "wall_time": 1776687621.0535038,
  "prompt": "warehouse small shelves",
  "goal_id": "small_shelf_row",
  "goal_pose": {
    "frame_id": "map",
    "x": 1.937,
    "y": -7.778,
    "yaw_rad": 1.624
  },
  "odom": {
    "position": {
      "x": 1.6938390152614284,
      "y": 4.962592527169467,
      "z": 0.0
    },
    "orientation_quat": {
      "x": 0.0015587172935859325,
      "y": 0.0015184085194818809,
      "z": -0.7163067297310862,
      "w": 0.6977821535249545
    },
    "yaw_rad": -1.5969948449632816,
    "linear_vel": {
      "x": 0.17338088983246258,
      "y": 1.9694494515293906e-06
    },
    "angular_vel_z": -0.0037736727771659623
  }
}