{
  "frame_idx": 13,
  "ros_stamp": 3511.9,
  "wall_time": 1776687623.225736,
  "prompt": "warehouse small shelves",
  "goal_id": "small_shelf_row",
  "goal_pose": {
    "frame_id": "map",
    "x": 1.937,
    "y": -7.778,
    "yaw_rad": 1.624
  },
  "odom": {
    "position": {
      "x": 1.681258548487143,
      "y": 4.612472976619036,
      "z": 0.0
    },
    "orientation_quat": {
      "x": 0.000868378061147817,
      "y": 0.0008304352495316106,
      "z": -0.7227219944288852,
      "w": 0.6911378119200061
    },
    "yaw_rad": -1.6154668523032811,
    "linear_vel": {
      "x": 0.16970710051840543,
      "y": 1.7309997836054953e-06
    },
    "angular_vel_z": -0.004595731614047357
  }
}