{
  "frame_idx": 14,
  "ros_stamp": 3513.9,
  "wall_time": 1776687625.3364763,
  "prompt": "warehouse small shelves",
  "goal_id": "small_shelf_row",
  "goal_pose": {
    "frame_id": "map",
    "x": 1.937,
    "y": -7.778,
    "yaw_rad": 1.624
  },
  "odom": {
    "position": {
      "x": 1.6631468080518725,
      "y": 4.257953978641227,
      "z": 0.0
    },
    "orientation_quat": {
      "x": 0.0016271593643530484,
      "y": 0.0015393262996323109,
      "z": -0.7264421135885094,
      "w": 0.6872240089170382
    },
    "yaw_rad": -1.6262663527533776,
    "linear_vel": {
      "x": 0.17516471551337814,
      "y": 0.0001580922648462875
    },
    "angular_vel_z": -0.010123280695630515
  }
}