{
  "frame_idx": 15,
  "ros_stamp": 3515.9,
  "wall_time": 1776687627.5400972,
  "prompt": "warehouse small shelves",
  "goal_id": "small_shelf_row",
  "goal_pose": {
    "frame_id": "map",
    "x": 1.937,
    "y": -7.778,
    "yaw_rad": 1.624
  },
  "odom": {
    "position": {
      "x": 1.6489076201908683,
      "y": 3.9125920893815223,
      "z": 0.0
    },
    "orientation_quat": {
      "x": 0.0008224700260107299,
      "y": 0.0007999368319762497,
      "z": -0.7168552332668113,
      "w": 0.6972210970575308
    },
    "yaw_rad": -1.598564098860621,
    "linear_vel": {
      "x": 0.1613969261767397,
      "y": -4.576738196185143e-06
    },
    "angular_vel_z": 0.013824021222747609
  }
}