{
  "frame_idx": 16,
  "ros_stamp": 3517.9,
  "wall_time": 1776687629.6467352,
  "prompt": "warehouse small shelves",
  "goal_id": "small_shelf_row",
  "goal_pose": {
    "frame_id": "map",
    "x": 1.937,
    "y": -7.778,
    "yaw_rad": 1.624
  },
  "odom": {
    "position": {
      "x": 1.6425202895100843,
      "y": 3.572174704290771,
      "z": 0.0
    },
    "orientation_quat": {
      "x": 0.0007380030329412536,
      "y": 0.0007323454048891125,
      "z": -0.7098214046849278,
      "w": 0.7043809285272048
    },
    "yaw_rad": -1.5784903450976369,
    "linear_vel": {
      "x": 0.1774278850953159,
      "y": -2.3023482201424523e-06
    },
    "angular_vel_z": 0.006782824508864272
  }
}