{
  "frame_idx": 17,
  "ros_stamp": 3519.9,
  "wall_time": 1776687631.8079338,
  "prompt": "warehouse small shelves",
  "goal_id": "small_shelf_row",
  "goal_pose": {
    "frame_id": "map",
    "x": 1.937,
    "y": -7.778,
    "yaw_rad": 1.624
  },
  "odom": {
    "position": {
      "x": 1.6428573011072896,
      "y": 3.224090057663301,
      "z": 0.0
    },
    "orientation_quat": {
      "x": -0.0013202019099615994,
      "y": -0.0013273933590150784,
      "z": -0.705182749180097,
      "w": 0.7090231204640564
    },
    "yaw_rad": -1.5653652054522704,
    "linear_vel": {
      "x": 0.17516600744775185,
      "y": -2.227251288648277e-06
    },
    "angular_vel_z": -0.019016198192798508
  }
}