{
  "frame_idx": 18,
  "ros_stamp": 3521.9,
  "wall_time": 1776687634.0424438,
  "prompt": "warehouse small shelves",
  "goal_id": "small_shelf_row",
  "goal_pose": {
    "frame_id": "map",
    "x": 1.937,
    "y": -7.778,
    "yaw_rad": 1.624
  },
  "odom": {
    "position": {
      "x": 1.6473910260362599,
      "y": 2.8778733516578194,
      "z": 0.0
    },
    "orientation_quat": {
      "x": -0.00015874712662747995,
      "y": -0.00016036351022059986,
      "z": -0.7035388634400336,
      "w": 0.710656750275687
    },
    "yaw_rad": -1.5607300719431791,
    "linear_vel": {
      "x": 0.1802904302168369,
      "y": 2.1146477350269967e-06
    },
    "angular_vel_z": -0.013523905723508353
  }
}