{
  "frame_idx": 19,
  "ros_stamp": 3523.9,
  "wall_time": 1776687636.2269568,
  "prompt": "warehouse small shelves",
  "goal_id": "small_shelf_row",
  "goal_pose": {
    "frame_id": "map",
    "x": 1.937,
    "y": -7.778,
    "yaw_rad": 1.624
  },
  "odom": {
    "position": {
      "x": 1.6496238790261868,
      "y": 2.5149888687488198,
      "z": 0.0
    },
    "orientation_quat": {
      "x": -0.0007244462853305544,
      "y": -0.0007260525759971795,
      "z": -0.7063247026481951,
      "w": 0.7078872526428027
    },
    "yaw_rad": -1.5685865457939998,
    "linear_vel": {
      "x": 0.17297646440312725,
      "y": 9.697993907558335e-08
    },
    "angular_vel_z": -0.00405159964253003
  }
}