{
  "frame_idx": 20,
  "ros_stamp": 3525.9,
  "wall_time": 1776687638.5318887,
  "prompt": "warehouse small shelves",
  "goal_id": "small_shelf_row",
  "goal_pose": {
    "frame_id": "map",
    "x": 1.937,
    "y": -7.778,
    "yaw_rad": 1.624
  },
  "odom": {
    "position": {
      "x": 1.6496019587383097,
      "y": 2.1967990181964914,
      "z": 0.0
    },
    "orientation_quat": {
      "x": -0.0008338145749502473,
      "y": -0.0008361446563378772,
      "z": -0.7061172198957537,
      "w": 0.7080939749652303
    },
    "yaw_rad": -1.5680007700998582,
    "linear_vel": {
      "x": 0.1663247495870434,
      "y": -3.585856716982364e-07
    },
    "angular_vel_z": -0.01398734770639456
  }
}