{
  "frame_idx": 21,
  "ros_stamp": 3527.9,
  "wall_time": 1776687640.707815,
  "prompt": "warehouse small shelves",
  "goal_id": "small_shelf_row",
  "goal_pose": {
    "frame_id": "map",
    "x": 1.937,
    "y": -7.778,
    "yaw_rad": 1.624
  },
  "odom": {
    "position": {
      "x": 1.6509326745766528,
      "y": 1.8552268592517194,
      "z": 0.0
    },
    "orientation_quat": {
      "x": -0.0002928481018639414,
      "y": -0.00029229024152172814,
      "z": -0.7077703470324646,
      "w": 0.7064424708834746
    },
    "yaw_rad": -1.5726742276856864,
    "linear_vel": {
      "x": 0.16069828816752624,
      "y": 8.503385330441369e-07
    },
    "angular_vel_z": -0.010658647874578455
  }
}