{
  "frame_idx": 22,
  "ros_stamp": 3529.9,
  "wall_time": 1776687642.8691626,
  "prompt": "warehouse small shelves",
  "goal_id": "small_shelf_row",
  "goal_pose": {
    "frame_id": "map",
    "x": 1.937,
    "y": -7.778,
    "yaw_rad": 1.624
  },
  "odom": {
    "position": {
      "x": 1.6507143745553219,
      "y": 1.5056890381611447,
      "z": 0.0
    },
    "orientation_quat": {
      "x": 0.00031149895824701495,
      "y": 0.00031230203481378367,
      "z": -0.706195804906492,
      "w": 0.708016447950406
    },
    "yaw_rad": -1.5682215477482466,
    "linear_vel": {
      "x": 0.17183281003160786,
      "y": -1.0278298509490612e-07
    },
    "angular_vel_z": 0.00041479809424519994
  }
}