{
  "frame_idx": 23,
  "ros_stamp": 3531.9,
  "wall_time": 1776687645.0567174,
  "prompt": "warehouse small shelves",
  "goal_id": "small_shelf_row",
  "goal_pose": {
    "frame_id": "map",
    "x": 1.937,
    "y": -7.778,
    "yaw_rad": 1.624
  },
  "odom": {
    "position": {
      "x": 1.6505120952296117,
      "y": 1.1614275891786263,
      "z": 0.0
    },
    "orientation_quat": {
      "x": 0.0013878199446189473,
      "y": 0.0013883931732515124,
      "z": -0.7069589724771473,
      "w": 0.7072518346064957
    },
    "yaw_rad": -1.5703821563939906,
    "linear_vel": {
      "x": 0.17520641265767495,
      "y": -1.1469466923671109e-05
    },
    "angular_vel_z": 0.023927682447271944
  }
}