{
  "frame_idx": 24,
  "ros_stamp": 3533.9,
  "wall_time": 1776687647.188303,
  "prompt": "warehouse small shelves",
  "goal_id": "small_shelf_row",
  "goal_pose": {
    "frame_id": "map",
    "x": 1.937,
    "y": -7.778,
    "yaw_rad": 1.624
  },
  "odom": {
    "position": {
      "x": 1.649387304294042,
      "y": 0.8156844608339082,
      "z": 0.0
    },
    "orientation_quat": {
      "x": 2.354927040557893e-05,
      "y": 2.3406565321165296e-05,
      "z": -0.7092750598077558,
      "w": 0.7049318324719551
    },
    "yaw_rad": -1.5769385874565784,
    "linear_vel": {
      "x": 0.17858969080884202,
      "y": -4.761315425049289e-07
    },
    "angular_vel_z": 0.0024130023975322884
  }
}