{
  "frame_idx": 25,
  "ros_stamp": 3535.9,
  "wall_time": 1776687649.3528984,
  "prompt": "warehouse small shelves",
  "goal_id": "small_shelf_row",
  "goal_pose": {
    "frame_id": "map",
    "x": 1.937,
    "y": -7.778,
    "yaw_rad": 1.624
  },
  "odom": {
    "position": {
      "x": 1.6484713488245557,
      "y": 0.47453065302846653,
      "z": 0.0
    },
    "orientation_quat": {
      "x": -0.0013756570136463572,
      "y": -0.0013729324362348493,
      "z": -0.7078075917783316,
      "w": 0.7064026016693774
    },
    "yaw_rad": -1.5727832869583314,
    "linear_vel": {
      "x": 0.17278270343574337,
      "y": 6.141597017191007e-09
    },
    "angular_vel_z": 5.077547660357639e-05
  }
}