{
  "frame_idx": 26,
  "ros_stamp": 3537.9,
  "wall_time": 1776687651.4721465,
  "prompt": "warehouse small shelves",
  "goal_id": "small_shelf_row",
  "goal_pose": {
    "frame_id": "map",
    "x": 1.937,
    "y": -7.778,
    "yaw_rad": 1.624
  },
  "odom": {
    "position": {
      "x": 1.6487030352888732,
      "y": 0.12401302176386815,
      "z": 0.0
    },
    "orientation_quat": {
      "x": 0.00022832669377301562,
      "y": 0.0002282508033296115,
      "z": -0.7072266974702512,
      "w": 0.7069867708478097
    },
    "yaw_rad": -1.5711356342983553,
    "linear_vel": {
      "x": 0.17623378996155065,
      "y": -1.1516404154411675e-06
    },
    "angular_vel_z": 0.0048664869568346295
  }
}