{
  "frame_idx": 27,
  "ros_stamp": 3539.9,
  "wall_time": 1776687653.5927167,
  "prompt": "warehouse small shelves",
  "goal_id": "small_shelf_row",
  "goal_pose": {
    "frame_id": "map",
    "x": 1.937,
    "y": -7.778,
    "yaw_rad": 1.624
  },
  "odom": {
    "position": {
      "x": 1.6512602814693773,
      "y": -0.21211229750336888,
      "z": 0.0
    },
    "orientation_quat": {
      "x": -0.0010687549587406866,
      "y": -0.0010793721619138206,
      "z": -0.7036033854598267,
      "w": 0.7105912810385762
    },
    "yaw_rad": -1.5609138984859978,
    "linear_vel": {
      "x": 0.17728023830513612,
      "y": -4.860812648760837e-07
    },
    "angular_vel_z": -0.009022512659262705
  }
}