{
  "frame_idx": 28,
  "ros_stamp": 3541.9,
  "wall_time": 1776687655.7784324,
  "prompt": "warehouse small shelves",
  "goal_id": "small_shelf_row",
  "goal_pose": {
    "frame_id": "map",
    "x": 1.937,
    "y": -7.778,
    "yaw_rad": 1.624
  },
  "odom": {
    "position": {
      "x": 1.6518491921224057,
      "y": -0.552164857740016,
      "z": 0.0
    },
    "orientation_quat": {
      "x": -0.0006267404986936775,
      "y": -0.0006272862308526528,
      "z": -0.7068002371920347,
      "w": 0.7074126365945236
    },
    "yaw_rad": -1.5699302628901353,
    "linear_vel": {
      "x": 0.1614903439671729,
      "y": -4.8133962740048207e-08
    },
    "angular_vel_z": 0.00430737392901202
  }
}