{
  "frame_idx": 29,
  "ros_stamp": 3543.9,
  "wall_time": 1776687657.9029424,
  "prompt": "warehouse small shelves",
  "goal_id": "small_shelf_row",
  "goal_pose": {
    "frame_id": "map",
    "x": 1.937,
    "y": -7.778,
    "yaw_rad": 1.624
  },
  "odom": {
    "position": {
      "x": 1.6526652382028086,
      "y": -0.892794493321848,
      "z": 0.0
    },
    "orientation_quat": {
      "x": 0.00018820397164352986,
      "y": 0.00018764012289635416,
      "z": -0.7081725638920935,
      "w": 0.706039339641176
    },
    "yaw_rad": -1.5738131627138712,
    "linear_vel": {
      "x": 0.164180290517902,
      "y": 1.7819031563756505e-07
    },
    "angular_vel_z": -0.0008976747891219731
  }
}