{
  "frame_idx": 30,
  "ros_stamp": 3545.9,
  "wall_time": 1776687660.0881193,
  "prompt": "warehouse small shelves",
  "goal_id": "small_shelf_row",
  "goal_pose": {
    "frame_id": "map",
    "x": 1.937,
    "y": -7.778,
    "yaw_rad": 1.624
  },
  "odom": {
    "position": {
      "x": 1.6515062033158325,
      "y": -1.235313003610984,
      "z": 0.0
    },
    "orientation_quat": {
      "x": 0.0015254692486289835,
      "y": 0.0015230091642465604,
      "z": -0.707675724994904,
      "w": 0.7065340909252674
    },
    "yaw_rad": -1.572410845108349,
    "linear_vel": {
      "x": 0.14392986929254442,
      "y": 2.468292591319657e-06
    },
    "angular_vel_z": -0.005116705643446093
  }
}