{
  "frame_idx": 31,
  "ros_stamp": 3547.9,
  "wall_time": 1776687662.222236,
  "prompt": "warehouse small shelves",
  "goal_id": "small_shelf_row",
  "goal_pose": {
    "frame_id": "map",
    "x": 1.937,
    "y": -7.778,
    "yaw_rad": 1.624
  },
  "odom": {
    "position": {
      "x": 1.6493732066815163,
      "y": -1.5798831140696463,
      "z": 0.0
    },
    "orientation_quat": {
      "x": -9.948396651818823e-05,
      "y": -9.89534281256138e-05,
      "z": -0.7090276016124807,
      "w": 0.7051807147553121
    },
    "yaw_rad": -1.576236653125698,
    "linear_vel": {
      "x": 0.18384022749161205,
      "y": 2.960550693243797e-07
    },
    "angular_vel_z": -0.0018344581976251517
  }
}