{
  "frame_idx": 32,
  "ros_stamp": 3549.9,
  "wall_time": 1776687664.353429,
  "prompt": "warehouse small shelves",
  "goal_id": "small_shelf_row",
  "goal_pose": {
    "frame_id": "map",
    "x": 1.937,
    "y": -7.778,
    "yaw_rad": 1.624
  },
  "odom": {
    "position": {
      "x": 1.6483403139526445,
      "y": -1.9244382759542744,
      "z": 0.0
    },
    "orientation_quat": {
      "x": -0.0015760443514911539,
      "y": -0.0015758234175968975,
      "z": -0.707154969043413,
      "w": 0.7070550775024307
    },
    "yaw_rad": -1.5709375951232318,
    "linear_vel": {
      "x": 0.1790005810756984,
      "y": -1.088355784099864e-06
    },
    "angular_vel_z": -0.006446113952606738
  }
}