{
  "frame_idx": 33,
  "ros_stamp": 3551.9,
  "wall_time": 1776687666.5918083,
  "prompt": "warehouse small shelves",
  "goal_id": "small_shelf_row",
  "goal_pose": {
    "frame_id": "map",
    "x": 1.937,
    "y": -7.778,
    "yaw_rad": 1.624
  },
  "odom": {
    "position": {
      "x": 1.6487448557477953,
      "y": -2.2860101945685782,
      "z": 0.0
    },
    "orientation_quat": {
      "x": -0.0015505213485990012,
      "y": -0.0015568580779194926,
      "z": -0.705660616364353,
      "w": 0.7085465874512092
    },
    "yaw_rad": -1.5667149346441607,
    "linear_vel": {
      "x": 0.18666456635954204,
      "y": 2.722394998581483e-06
    },
    "angular_vel_z": 0.018283894356477454
  }
}