{
  "frame_idx": 34,
  "ros_stamp": 3553.9,
  "wall_time": 1776687668.6993747,
  "prompt": "warehouse small shelves",
  "goal_id": "small_shelf_row",
  "goal_pose": {
    "frame_id": "map",
    "x": 1.937,
    "y": -7.778,
    "yaw_rad": 1.624
  },
  "odom": {
    "position": {
      "x": 1.649914698432176,
      "y": -2.6215467933473464,
      "z": 0.0
    },
    "orientation_quat": {
      "x": 1.1520035520693523e-05,
      "y": 1.1540718760559757e-05,
      "z": -0.7068891796296023,
      "w": 0.7073243156124978
    },
    "yaw_rad": -1.570180951576931,
    "linear_vel": {
      "x": 0.16434730396203856,
      "y": 1.9435098717337593e-06
    },
    "angular_vel_z": -0.013292612161410047
  }
}