{
  "frame_idx": 35,
  "ros_stamp": 3555.9,
  "wall_time": 1776687670.8786695,
  "prompt": "warehouse small shelves",
  "goal_id": "small_shelf_row",
  "goal_pose": {
    "frame_id": "map",
    "x": 1.937,
    "y": -7.778,
    "yaw_rad": 1.624
  },
  "odom": {
    "position": {
      "x": 1.6498332096916715,
      "y": -2.959036584541514,
      "z": 0.0
    },
    "orientation_quat": {
      "x": -0.0005820132336168266,
      "y": -0.0005806655989625421,
      "z": -0.7079351369671093,
      "w": 0.706276975368317
    },
    "yaw_rad": -1.573141322764461,
    "linear_vel": {
      "x": 0.15422742782129212,
      "y": 1.9082713587448402e-07
    },
    "angular_vel_z": -0.00773172536273731
  }
}