{
  "frame_idx": 36,
  "ros_stamp": 3557.9,
  "wall_time": 1776687673.0458176,
  "prompt": "warehouse small shelves",
  "goal_id": "small_shelf_row",
  "goal_pose": {
    "frame_id": "map",
    "x": 1.937,
    "y": -7.778,
    "yaw_rad": 1.624
  },
  "odom": {
    "position": {
      "x": 1.6488765054625503,
      "y": -3.3044209386328123,
      "z": 0.0
    },
    "orientation_quat": {
      "x": 0.0005317616433894058,
      "y": 0.0005302629508398889,
      "z": -0.7081083501897179,
      "w": 0.7061033921759288
    },
    "yaw_rad": -1.5736317673667417,
    "linear_vel": {
      "x": 0.17350392771139947,
      "y": 4.52843745469021e-06
    },
    "angular_vel_z": -0.015907009943644215
  }
}