{
  "frame_idx": 37,
  "ros_stamp": 3559.9,
  "wall_time": 1776687675.1659224,
  "prompt": "warehouse small shelves",
  "goal_id": "small_shelf_row",
  "goal_pose": {
    "frame_id": "map",
    "x": 1.937,
    "y": -7.778,
    "yaw_rad": 1.624
  },
  "odom": {
    "position": {
      "x": 1.648343307147857,
      "y": -3.6480892521486634,
      "z": 0.0
    },
    "orientation_quat": {
      "x": -0.0007059768301927642,
      "y": -0.0007034342064314458,
      "z": -0.7083762854422101,
      "w": 0.705834290042733
    },
    "yaw_rad": -1.5743912548723593,
    "linear_vel": {
      "x": 0.1655282755426815,
      "y": -2.3755913904754583e-08
    },
    "angular_vel_z": -0.01474823605801305
  }
}