{
  "frame_idx": 38,
  "ros_stamp": 3561.9,
  "wall_time": 1776687677.3358808,
  "prompt": "warehouse small shelves",
  "goal_id": "small_shelf_row",
  "goal_pose": {
    "frame_id": "map",
    "x": 1.937,
    "y": -7.778,
    "yaw_rad": 1.624
  },
  "odom": {
    "position": {
      "x": 1.648159010409006,
      "y": -4.000024866508331,
      "z": 0.0
    },
    "orientation_quat": {
      "x": -0.0015144989684354978,
      "y": -0.0015077234144584672,
      "z": -0.7086882814387587,
      "w": 0.7055184992715349
    },
    "yaw_rad": -1.57527908971041,
    "linear_vel": {
      "x": 0.1841793883403391,
      "y": -1.4213942497491116e-06
    },
    "angular_vel_z": -0.009769826505948983
  }
}