{
  "frame_idx": 39,
  "ros_stamp": 3563.9,
  "wall_time": 1776687679.4483974,
  "prompt": "warehouse small shelves",
  "goal_id": "small_shelf_row",
  "goal_pose": {
    "frame_id": "map",
    "x": 1.937,
    "y": -7.778,
    "yaw_rad": 1.624
  },
  "odom": {
    "position": {
      "x": 1.6479012817020746,
      "y": -4.339421377429966,
      "z": 0.0
    },
    "orientation_quat": {
      "x": 0.001567805540151183,
      "y": 0.0015806510495954681,
      "z": -0.704213846412412,
      "w": 0.709984437892186
    },
    "yaw_rad": -1.5626354351849416,
    "linear_vel": {
      "x": 0.1606530764743597,
      "y": -9.68270850219502e-06
    },
    "angular_vel_z": 0.019060620200553414
  }
}