{
  "frame_idx": 40,
  "ros_stamp": 3565.9,
  "wall_time": 1776687681.5894809,
  "prompt": "warehouse small shelves",
  "goal_id": "small_shelf_row",
  "goal_pose": {
    "frame_id": "map",
    "x": 1.937,
    "y": -7.778,
    "yaw_rad": 1.624
  },
  "odom": {
    "position": {
      "x": 1.6520169803257312,
      "y": -4.706137939451732,
      "z": 0.0
    },
    "orientation_quat": {
      "x": 0.0006501734262573433,
      "y": 0.0006607730927463288,
      "z": -0.7013656343344326,
      "w": 0.7128010855968828
    },
    "yaw_rad": -1.5546239733364482,
    "linear_vel": {
      "x": 0.16758751496013097,
      "y": 5.467578471826521e-06
    },
    "angular_vel_z": -0.017500740684539166
  }
}