{
  "frame_idx": 41,
  "ros_stamp": 3567.9,
  "wall_time": 1776687683.7394056,
  "prompt": "warehouse small shelves",
  "goal_id": "small_shelf_row",
  "goal_pose": {
    "frame_id": "map",
    "x": 1.937,
    "y": -7.778,
    "yaw_rad": 1.624
  },
  "odom": {
    "position": {
      "x": 1.655120385690651,
      "y": -5.032345675868387,
      "z": 0.0
    },
    "orientation_quat": {
      "x": 0.0015297207863685272,
      "y": 0.0015395757032623815,
      "z": -0.7048308853330915,
      "w": 0.7093720552302156
    },
    "yaw_rad": -1.5643741165722675,
    "linear_vel": {
      "x": 0.16256596122375677,
      "y": -4.113319075123568e-06
    },
    "angular_vel_z": 0.008544932406570494
  }
}