{
  "frame_idx": 42,
  "ros_stamp": 3569.9,
  "wall_time": 1776687685.8677194,
  "prompt": "warehouse small shelves",
  "goal_id": "small_shelf_row",
  "goal_pose": {
    "frame_id": "map",
    "x": 1.937,
    "y": -7.778,
    "yaw_rad": 1.624
  },
  "odom": {
    "position": {
      "x": 1.656218186984023,
      "y": -5.377794654796273,
      "z": 0.0
    },
    "orientation_quat": {
      "x": -0.0005018904067987889,
      "y": -0.0005043421639831603,
      "z": -0.7053862083528959,
      "w": 0.7088228204639904
    },
    "yaw_rad": -1.5659362173318472,
    "linear_vel": {
      "x": 0.16735232288461066,
      "y": -5.098162247391076e-07
    },
    "angular_vel_z": 0.012014272578185214
  }
}