{
  "frame_idx": 43,
  "ros_stamp": 3571.9,
  "wall_time": 1776687688.0787535,
  "prompt": "warehouse small shelves",
  "goal_id": "small_shelf_row",
  "goal_pose": {
    "frame_id": "map",
    "x": 1.937,
    "y": -7.778,
    "yaw_rad": 1.624
  },
  "odom": {
    "position": {
      "x": 1.6597103686451666,
      "y": -5.721688700172917,
      "z": 0.0
    },
    "orientation_quat": {
      "x": 0.0011867855940036706,
      "y": 0.001197846929874479,
      "z": -0.7038195978885484,
      "w": 0.7103767523861464
    },
    "yaw_rad": -1.561523063574877,
    "linear_vel": {
      "x": 0.17322577260287791,
      "y": -6.6932845369587555e-06
    },
    "angular_vel_z": 0.015167912015921405
  }
}