{
  "frame_idx": 44,
  "ros_stamp": 3573.9,
  "wall_time": 1776687690.2176948,
  "prompt": "warehouse small shelves",
  "goal_id": "small_shelf_row",
  "goal_pose": {
    "frame_id": "map",
    "x": 1.937,
    "y": -7.778,
    "yaw_rad": 1.624
  },
  "odom": {
    "position": {
      "x": 1.6619268689362745,
      "y": -6.057507767172246,
      "z": 0.0
    },
    "orientation_quat": {
      "x": 0.0015120181696501177,
      "y": 0.001540676009035458,
      "z": -0.7005725942962838,
      "w": 0.7135778725825686
    },
    "yaw_rad": -1.5524037855426003,
    "linear_vel": {
      "x": 0.16658643969689454,
      "y": -1.6672838397703532e-05
    },
    "angular_vel_z": 0.03275347652704104
  }
}