{
  "frame_idx": 45,
  "ros_stamp": 3575.9,
  "wall_time": 1776687692.369205,
  "prompt": "warehouse small shelves",
  "goal_id": "small_shelf_row",
  "goal_pose": {
    "frame_id": "map",
    "x": 1.937,
    "y": -7.778,
    "yaw_rad": 1.624
  },
  "odom": {
    "position": {
      "x": 1.6686059431986247,
      "y": -6.396481981594209,
      "z": 0.0
    },
    "orientation_quat": {
      "x": -0.0015530063468932312,
      "y": -0.0015923431620477315,
      "z": -0.6982070179696743,
      "w": 0.715892458873842
    },
    "yaw_rad": -1.545784622588944,
    "linear_vel": {
      "x": 0.18097979871469258,
      "y": 4.387301919625772e-06
    },
    "angular_vel_z": 0.026240179060785962
  }
}