{
  "frame_idx": 46,
  "ros_stamp": 3577.9,
  "wall_time": 1776687694.522717,
  "prompt": "warehouse small shelves",
  "goal_id": "small_shelf_row",
  "goal_pose": {
    "frame_id": "map",
    "x": 1.937,
    "y": -7.778,
    "yaw_rad": 1.624
  },
  "odom": {
    "position": {
      "x": 1.6891480800075303,
      "y": -6.806849440555098,
      "z": 0.0
    },
    "orientation_quat": {
      "x": 0.0010333725870295364,
      "y": 0.0011303959052405626,
      "z": -0.6747174062992435,
      "w": 0.7380745734565142
    },
    "yaw_rad": -1.4811656570433562,
    "linear_vel": {
      "x": 0.20843883382488188,
      "y": -2.429320478400023e-05
    },
    "angular_vel_z": 0.054073399449330706
  }
}