{
  "frame_idx": 47,
  "ros_stamp": 3579.9,
  "wall_time": 1776687696.6385922,
  "prompt": "warehouse small shelves",
  "goal_id": "small_shelf_row",
  "goal_pose": {
    "frame_id": "map",
    "x": 1.937,
    "y": -7.778,
    "yaw_rad": 1.624
  },
  "odom": {
    "position": {
      "x": 1.7357367893957754,
      "y": -7.166891597417496,
      "z": 0.0
    },
    "orientation_quat": {
      "x": 0.0005266093386686686,
      "y": 0.0006198256488910358,
      "z": -0.6474745609233188,
      "w": 0.7620866298892304
    },
    "yaw_rad": -1.4085323751144283,
    "linear_vel": {
      "x": 0.1646976436838247,
      "y": -8.773337141543584e-06
    },
    "angular_vel_z": 0.028304892638837804
  }
}