{
  "frame_idx": 48,
  "ros_stamp": 3581.9,
  "wall_time": 1776687698.8545794,
  "prompt": "warehouse small shelves",
  "goal_id": "small_shelf_row",
  "goal_pose": {
    "frame_id": "map",
    "x": 1.937,
    "y": -7.778,
    "yaw_rad": 1.624
  },
  "odom": {
    "position": {
      "x": 1.8058643887817467,
      "y": -7.470183839466513,
      "z": 0.0
    },
    "orientation_quat": {
      "x": 0.000892490181849634,
      "y": 0.0012715581407215727,
      "z": -0.5718110025703653,
      "w": 0.8203839125315926
    },
    "yaw_rad": -1.217424993474784,
    "linear_vel": {
      "x": 0.15239930519775907,
      "y": -6.056665175960508e-05
    },
    "angular_vel_z": 0.15828792062383093
  }
}