{
  "frame_idx": 49,
  "ros_stamp": 3583.9,
  "wall_time": 1776687700.96284,
  "prompt": "warehouse small shelves",
  "goal_id": "small_shelf_row",
  "goal_pose": {
    "frame_id": "map",
    "x": 1.937,
    "y": -7.778,
    "yaw_rad": 1.624
  },
  "odom": {
    "position": {
      "x": 1.9170755008749738,
      "y": -7.674273040958906,
      "z": 0.0
    },
    "orientation_quat": {
      "x": 0.0004013325696262739,
      "y": 0.00084674954187147,
      "z": -0.42934921417432537,
      "w": 0.9031380704162965
    },
    "yaw_rad": -0.8875445613181331,
    "linear_vel": {
      "x": 0.07787456984976919,
      "y": -3.469812301662786e-05
    },
    "angular_vel_z": 0.1612317355815974
  }
}