{
  "frame_idx": 50,
  "ros_stamp": 3585.9,
  "wall_time": 1776687703.1027699,
  "prompt": "warehouse small shelves",
  "goal_id": "small_shelf_row",
  "goal_pose": {
    "frame_id": "map",
    "x": 1.937,
    "y": -7.778,
    "yaw_rad": 1.624
  },
  "odom": {
    "position": {
      "x": 1.987094685749374,
      "y": -7.738996041561836,
      "z": 0.0
    },
    "orientation_quat": {
      "x": 0.000572241326643667,
      "y": 0.0021479234440408314,
      "z": -0.25750296331284095,
      "w": 0.9662749519934004
    },
    "yaw_rad": -0.5208755731714627,
    "linear_vel": {
      "x": 0.0179324183044522,
      "y": -6.594090008194387e-05
    },
    "angular_vel_z": 0.17921039080638287
  }
}