{
  "frame_idx": 51,
  "ros_stamp": 3587.9,
  "wall_time": 1776687705.279253,
  "prompt": "warehouse small shelves",
  "goal_id": "small_shelf_row",
  "goal_pose": {
    "frame_id": "map",
    "x": 1.937,
    "y": -7.778,
    "yaw_rad": 1.624
  },
  "odom": {
    "position": {
      "x": 2.0034731807268273,
      "y": -7.746518399304641,
      "z": 0.0
    },
    "orientation_quat": {
      "x": 0.00014900714065072077,
      "y": 0.0021332570029715145,
      "z": -0.06965830974304377,
      "w": 0.9975686176374904
    },
    "yaw_rad": -0.1394298525488673,
    "linear_vel": {
      "x": 0.0019242282493835236,
      "y": -5.803440878132336e-05
    },
    "angular_vel_z": 0.17421639316393095
  }
}