{
  "frame_idx": 52,
  "ros_stamp": 3589.9,
  "wall_time": 1776687707.3761444,
  "prompt": "warehouse small shelves",
  "goal_id": "small_shelf_row",
  "goal_pose": {
    "frame_id": "map",
    "x": 1.937,
    "y": -7.778,
    "yaw_rad": 1.624
  },
  "odom": {
    "position": {
      "x": 2.004413809169264,
      "y": -7.746705829353972,
      "z": 0.0
    },
    "orientation_quat": {
      "x": -0.00019506213214660385,
      "y": 0.002214053528450074,
      "z": 0.08778811602119788,
      "w": 0.9961366907223057
    },
    "yaw_rad": 0.1758029738396913,
    "linear_vel": {
      "x": -1.1837781965292667e-05,
      "y": -5.812648350011838e-05
    },
    "angular_vel_z": 0.1663081780902596
  }
}