{
  "frame_idx": 53,
  "ros_stamp": 3591.9,
  "wall_time": 1776687709.5646577,
  "prompt": "warehouse small shelves",
  "goal_id": "small_shelf_row",
  "goal_pose": {
    "frame_id": "map",
    "x": 1.937,
    "y": -7.778,
    "yaw_rad": 1.624
  },
  "odom": {
    "position": {
      "x": 2.0044534395008773,
      "y": -7.746807752232655,
      "z": 0.0
    },
    "orientation_quat": {
      "x": -0.0005282078692165772,
      "y": 0.0021589322372252257,
      "z": 0.23767487883686278,
      "w": 0.9713422218651491
    },
    "yaw_rad": 0.4799440764703987,
    "linear_vel": {
      "x": -2.9229780756883284e-07,
      "y": -4.947373263609412e-05
    },
    "angular_vel_z": 0.1411029214982722
  }
}