{
  "frame_idx": 55,
  "ros_stamp": 3595.9,
  "wall_time": 1776687713.8591564,
  "prompt": "warehouse small shelves",
  "goal_id": "small_shelf_row",
  "goal_pose": {
    "frame_id": "map",
    "x": 1.937,
    "y": -7.778,
    "yaw_rad": 1.624
  },
  "odom": {
    "position": {
      "x": 2.0045518908258146,
      "y": -7.746927861733604,
      "z": 0.0
    },
    "orientation_quat": {
      "x": -0.0009651299310728339,
      "y": 0.0020021060634257152,
      "z": 0.4342508934193106,
      "w": 0.9007892215496683
    },
    "yaw_rad": 0.8984153836888731,
    "linear_vel": {
      "x": 1.0681289020913936e-07,
      "y": -4.0540186050992275e-05
    },
    "angular_vel_z": 0.11648790486986375
  }
}