{
  "frame_idx": 0,
  "ros_stamp": 2485.9,
  "wall_time": 1776686507.4922798,
  "prompt": "package pile",
  "goal_id": "box_staging_area",
  "goal_pose": {
    "frame_id": "map",
    "x": 1.545,
    "y": 6.535,
    "yaw_rad": 1.485
  },
  "odom": {
    "position": {
      "x": 2.3519034160083288,
      "y": -2.0646266303511456,
      "z": 0.0
    },
    "orientation_quat": {
      "x": -0.0009444997239305969,
      "y": 0.0010435187333350808,
      "z": 0.6710384163602359,
      "w": 0.7414212451485804
    },
    "yaw_rad": 1.4712187413087627,
    "linear_vel": {
      "x": 0.004841881045398162,
      "y": -2.6615120048191157e-05
    },
    "angular_vel_z": 0.11882640694397037
  }
}