{
  "frame_idx": 1,
  "ros_stamp": 2487.9,
  "wall_time": 1776686509.602696,
  "prompt": "package pile",
  "goal_id": "box_staging_area",
  "goal_pose": {
    "frame_id": "map",
    "x": 1.545,
    "y": 6.535,
    "yaw_rad": 1.485
  },
  "odom": {
    "position": {
      "x": 2.3520483420691085,
      "y": -2.06295563280773,
      "z": 0.0
    },
    "orientation_quat": {
      "x": -0.0016848082298107337,
      "y": 0.0014494252660810871,
      "z": 0.7580467879449261,
      "w": 0.6521963875045668
    },
    "yaw_rad": 1.720631891673076,
    "linear_vel": {
      "x": -0.002065170587290804,
      "y": -6.57679902990203e-05
    },
    "angular_vel_z": 0.1895281891315584
  }
}