{
  "frame_idx": 2,
  "ros_stamp": 2489.9,
  "wall_time": 1776686511.7706492,
  "prompt": "package pile",
  "goal_id": "box_staging_area",
  "goal_pose": {
    "frame_id": "map",
    "x": 1.545,
    "y": 6.535,
    "yaw_rad": 1.485
  },
  "odom": {
    "position": {
      "x": 2.3410394082569654,
      "y": -2.026862239799312,
      "z": 0.0
    },
    "orientation_quat": {
      "x": -0.0013233585476503452,
      "y": 0.0009178190821965069,
      "z": 0.8216962203357534,
      "w": 0.569923440311261
    },
    "yaw_rad": 1.9287654952110425,
    "linear_vel": {
      "x": 0.029521076356427766,
      "y": -2.1591573985681146e-05
    },
    "angular_vel_z": 0.07306644779077062
  }
}