{
  "frame_idx": 3,
  "ros_stamp": 2491.9,
  "wall_time": 1776686513.904055,
  "prompt": "package pile",
  "goal_id": "box_staging_area",
  "goal_pose": {
    "frame_id": "map",
    "x": 1.545,
    "y": 6.535,
    "yaw_rad": 1.485
  },
  "odom": {
    "position": {
      "x": 2.3182885421707025,
      "y": -1.9725771642583072,
      "z": 0.0
    },
    "orientation_quat": {
      "x": 0.0014485844052280923,
      "y": -0.0009291782068323675,
      "z": 0.8415434270588684,
      "w": 0.5401867256839025
    },
    "yaw_rad": 2.00027279464295,
    "linear_vel": {
      "x": 0.025606665215635815,
      "y": -1.4617320595149887e-06
    },
    "angular_vel_z": -0.004536799727812165
  }
}