{
  "frame_idx": 4,
  "ros_stamp": 2493.9,
  "wall_time": 1776686516.0208256,
  "prompt": "package pile",
  "goal_id": "box_staging_area",
  "goal_pose": {
    "frame_id": "map",
    "x": 1.545,
    "y": 6.535,
    "yaw_rad": 1.485
  },
  "odom": {
    "position": {
      "x": 2.2644886375624336,
      "y": -1.8584493970993488,
      "z": 0.0
    },
    "orientation_quat": {
      "x": -0.0018749392565031288,
      "y": 0.0011940248489996127,
      "z": 0.8434729010689205,
      "w": 0.5371671286199704
    },
    "yaw_rad": 2.0074396367290657,
    "linear_vel": {
      "x": 0.04879695167322122,
      "y": 7.654356637138487e-06
    },
    "angular_vel_z": -0.020820647796451014
  }
}