{
  "frame_idx": 5,
  "ros_stamp": 2495.9,
  "wall_time": 1776686518.2089028,
  "prompt": "package pile",
  "goal_id": "box_staging_area",
  "goal_pose": {
    "frame_id": "map",
    "x": 1.545,
    "y": 6.535,
    "yaw_rad": 1.485
  },
  "odom": {
    "position": {
      "x": 2.153749756860109,
      "y": -1.5511519728013088,
      "z": 0.0
    },
    "orientation_quat": {
      "x": -0.0017489099494633427,
      "y": 0.0013763878442599289,
      "z": 0.7863045161012142,
      "w": 0.6178351356384048
    },
    "yaw_rad": 1.8096157442159275,
    "linear_vel": {
      "x": 0.13097882810566755,
      "y": 5.077357670183705e-05
    },
    "angular_vel_z": -0.10563332683819097
  }
}