{
  "frame_idx": 6,
  "ros_stamp": 2497.9,
  "wall_time": 1776686520.3082404,
  "prompt": "package pile",
  "goal_id": "box_staging_area",
  "goal_pose": {
    "frame_id": "map",
    "x": 1.545,
    "y": 6.535,
    "yaw_rad": 1.485
  },
  "odom": {
    "position": {
      "x": 2.1094658636898678,
      "y": -1.261925978191897,
      "z": 0.0
    },
    "orientation_quat": {
      "x": 0.0016348856040650232,
      "y": -0.0015089443970325743,
      "z": 0.7348641345979415,
      "w": 0.6782107002381242
    },
    "yaw_rad": 1.6509380258027075,
    "linear_vel": {
      "x": 0.1696052123032798,
      "y": -1.206895467715449e-05
    },
    "angular_vel_z": -0.06906603300290227
  }
}