{
  "frame_idx": 7,
  "ros_stamp": 2499.9,
  "wall_time": 1776686522.4679022,
  "prompt": "package pile",
  "goal_id": "box_staging_area",
  "goal_pose": {
    "frame_id": "map",
    "x": 1.545,
    "y": 6.535,
    "yaw_rad": 1.485
  },
  "odom": {
    "position": {
      "x": 2.0909240744407604,
      "y": -0.9160273926381783,
      "z": 0.0
    },
    "orientation_quat": {
      "x": -0.0015961634587972895,
      "y": 0.0015388830637748652,
      "z": 0.7189419176543979,
      "w": 0.6950666177716679
    },
    "yaw_rad": 1.6045627731914542,
    "linear_vel": {
      "x": 0.15807126938429475,
      "y": -0.0010494401202367886
    },
    "angular_vel_z": 0.005880287361211047
  }
}