{
  "frame_idx": 8,
  "ros_stamp": 2501.9,
  "wall_time": 1776686524.6089492,
  "prompt": "package pile",
  "goal_id": "box_staging_area",
  "goal_pose": {
    "frame_id": "map",
    "x": 1.545,
    "y": 6.535,
    "yaw_rad": 1.485
  },
  "odom": {
    "position": {
      "x": 2.083143947037838,
      "y": -0.5701487345660387,
      "z": 0.0
    },
    "orientation_quat": {
      "x": 0.0015892111026039935,
      "y": -0.0015726774985062163,
      "z": 0.7107936998848463,
      "w": 0.7033969841402279
    },
    "yaw_rad": 1.5812569363704079,
    "linear_vel": {
      "x": 0.19606451249141937,
      "y": 5.669692521288605e-07
    },
    "angular_vel_z": 0.0037132150253265613
  }
}