{
  "frame_idx": 9,
  "ros_stamp": 2503.9,
  "wall_time": 1776686526.726404,
  "prompt": "package pile",
  "goal_id": "box_staging_area",
  "goal_pose": {
    "frame_id": "map",
    "x": 1.545,
    "y": 6.535,
    "yaw_rad": 1.485
  },
  "odom": {
    "position": {
      "x": 2.0816632060135034,
      "y": -0.2184393901163658,
      "z": 0.0
    },
    "orientation_quat": {
      "x": 0.0015742416151837406,
      "y": -0.0015691838331093914,
      "z": 0.7082420571438895,
      "w": 0.7059661804350308
    },
    "yaw_rad": 1.5740149118458215,
    "linear_vel": {
      "x": 0.19050794485404265,
      "y": 2.9646408259589545e-06
    },
    "angular_vel_z": 0.018951995051066862
  }
}