{
  "frame_idx": 10,
  "ros_stamp": 2505.9,
  "wall_time": 1776686528.918908,
  "prompt": "package pile",
  "goal_id": "box_staging_area",
  "goal_pose": {
    "frame_id": "map",
    "x": 1.545,
    "y": 6.535,
    "yaw_rad": 1.485
  },
  "odom": {
    "position": {
      "x": 2.0787253554141847,
      "y": 0.1296400661897169,
      "z": 0.0
    },
    "orientation_quat": {
      "x": 0.0013342831747867763,
      "y": -0.0013234541569013011,
      "z": 0.70997539143983,
      "w": 0.7042239783672266
    },
    "yaw_rad": 1.5789300898961192,
    "linear_vel": {
      "x": 0.18676189018655573,
      "y": -2.214203950734933e-06
    },
    "angular_vel_z": -0.024601447170237815
  }
}