{
  "frame_idx": 11,
  "ros_stamp": 2507.9,
  "wall_time": 1776686531.0126917,
  "prompt": "package pile",
  "goal_id": "box_staging_area",
  "goal_pose": {
    "frame_id": "map",
    "x": 1.545,
    "y": 6.535,
    "yaw_rad": 1.485
  },
  "odom": {
    "position": {
      "x": 2.0766159842255876,
      "y": 0.48138097354275217,
      "z": 0.0
    },
    "orientation_quat": {
      "x": 0.0015849009703785809,
      "y": -0.0015600938961527944,
      "z": 0.7123601416713585,
      "w": 0.701810574695132
    },
    "yaw_rad": 1.5857158385247736,
    "linear_vel": {
      "x": 0.1856107191286168,
      "y": 7.403149166169668e-07
    },
    "angular_vel_z": 0.0
  }
}