{
  "frame_idx": 12,
  "ros_stamp": 2509.9,
  "wall_time": 1776686533.160647,
  "prompt": "package pile",
  "goal_id": "box_staging_area",
  "goal_pose": {
    "frame_id": "map",
    "x": 1.545,
    "y": 6.535,
    "yaw_rad": 1.485
  },
  "odom": {
    "position": {
      "x": 2.0678856827683814,
      "y": 0.8303817543598075,
      "z": 0.0
    },
    "orientation_quat": {
      "x": -0.0016129224206936697,
      "y": 0.0015304576134939078,
      "z": 0.7254056303344438,
      "w": 0.6883180425209312
    },
    "yaw_rad": 1.6232522400369525,
    "linear_vel": {
      "x": 0.16848769739766317,
      "y": -4.771117202862262e-05
    },
    "angular_vel_z": 0.09232795467311125
  }
}