{
  "frame_idx": 13,
  "ros_stamp": 2511.9,
  "wall_time": 1776686535.307942,
  "prompt": "package pile",
  "goal_id": "box_staging_area",
  "goal_pose": {
    "frame_id": "map",
    "x": 1.545,
    "y": 6.535,
    "yaw_rad": 1.485
  },
  "odom": {
    "position": {
      "x": 2.036232387259823,
      "y": 1.1736904824448717,
      "z": 0.0
    },
    "orientation_quat": {
      "x": -0.0014589964826478897,
      "y": 0.0013112378063251525,
      "z": 0.7437650821440925,
      "w": 0.6684382204571117
    },
    "yaw_rad": 1.677375237213778,
    "linear_vel": {
      "x": 0.18127634866459855,
      "y": -7.961337399828102e-06
    },
    "angular_vel_z": 0.01597415798187196
  }
}