{
  "frame_idx": 14,
  "ros_stamp": 2513.9,
  "wall_time": 1776686537.4102428,
  "prompt": "package pile",
  "goal_id": "box_staging_area",
  "goal_pose": {
    "frame_id": "map",
    "x": 1.545,
    "y": 6.535,
    "yaw_rad": 1.485
  },
  "odom": {
    "position": {
      "x": 1.9982148645001292,
      "y": 1.5158584184179218,
      "z": 0.0
    },
    "orientation_quat": {
      "x": -0.0011379535360521204,
      "y": 0.0010007831553466005,
      "z": 0.7493124031053328,
      "w": 0.662214939462511
    },
    "yaw_rad": 1.6940488713452422,
    "linear_vel": {
      "x": 0.15624298570561965,
      "y": -2.7749462831126497e-05
    },
    "angular_vel_z": 0.06795986432346814
  }
}