{
  "frame_idx": 15,
  "ros_stamp": 2515.9,
  "wall_time": 1776686539.5938165,
  "prompt": "package pile",
  "goal_id": "box_staging_area",
  "goal_pose": {
    "frame_id": "map",
    "x": 1.545,
    "y": 6.535,
    "yaw_rad": 1.485
  },
  "odom": {
    "position": {
      "x": 1.9452583994023653,
      "y": 1.8555279590648337,
      "z": 0.0
    },
    "orientation_quat": {
      "x": -0.0013868069066576415,
      "y": 0.0011529803988348285,
      "z": 0.7689885655454578,
      "w": 0.6392599889427955
    },
    "yaw_rad": 1.7545188190005065,
    "linear_vel": {
      "x": 0.15228951975428767,
      "y": -2.8265037476890055e-05
    },
    "angular_vel_z": 0.06401557724194148
  }
}