{
  "frame_idx": 16,
  "ros_stamp": 2517.9,
  "wall_time": 1776686541.6979115,
  "prompt": "package pile",
  "goal_id": "box_staging_area",
  "goal_pose": {
    "frame_id": "map",
    "x": 1.545,
    "y": 6.535,
    "yaw_rad": 1.485
  },
  "odom": {
    "position": {
      "x": 1.8708085761442692,
      "y": 2.180931936068124,
      "z": 0.0
    },
    "orientation_quat": {
      "x": -0.0017586728087610696,
      "y": 0.0013597401812798701,
      "z": 0.7911124333040288,
      "w": 0.6116667197488923
    },
    "yaw_rad": 1.8252574802273793,
    "linear_vel": {
      "x": 0.1630873679513195,
      "y": -9.987413307747955e-06
    },
    "angular_vel_z": 0.018436424082174212
  }
}