{
  "frame_idx": 17,
  "ros_stamp": 2519.9,
  "wall_time": 1776686543.8594584,
  "prompt": "package pile",
  "goal_id": "box_staging_area",
  "goal_pose": {
    "frame_id": "map",
    "x": 1.545,
    "y": 6.535,
    "yaw_rad": 1.485
  },
  "odom": {
    "position": {
      "x": 1.7748897724830008,
      "y": 2.512985786188034,
      "z": 0.0
    },
    "orientation_quat": {
      "x": 0.0017875792880282237,
      "y": -0.0013226914377084567,
      "z": 0.80386985847515,
      "w": 0.5948010639556657
    },
    "yaw_rad": 1.8675526867181387,
    "linear_vel": {
      "x": 0.17281726172970208,
      "y": -1.1114978950518036e-06
    },
    "angular_vel_z": -0.0073734893436866525
  }
}