{
  "frame_idx": 18,
  "ros_stamp": 2521.9,
  "wall_time": 1776686546.0262492,
  "prompt": "package pile",
  "goal_id": "box_staging_area",
  "goal_pose": {
    "frame_id": "map",
    "x": 1.545,
    "y": 6.535,
    "yaw_rad": 1.485
  },
  "odom": {
    "position": {
      "x": 1.687334886753027,
      "y": 2.825631044830487,
      "z": 0.0
    },
    "orientation_quat": {
      "x": -0.00144368355929012,
      "y": 0.001150270324620326,
      "z": 0.781756358556232,
      "w": 0.623581260552994
    },
    "yaw_rad": 1.7949591093124433,
    "linear_vel": {
      "x": 0.13651545256672926,
      "y": 4.274209071259877e-05
    },
    "angular_vel_z": -0.0988255627149476
  }
}