{
  "frame_idx": 19,
  "ros_stamp": 2523.9,
  "wall_time": 1776686548.1171887,
  "prompt": "package pile",
  "goal_id": "box_staging_area",
  "goal_pose": {
    "frame_id": "map",
    "x": 1.545,
    "y": 6.535,
    "yaw_rad": 1.485
  },
  "odom": {
    "position": {
      "x": 1.6386806067641018,
      "y": 3.1500594750322737,
      "z": 0.0
    },
    "orientation_quat": {
      "x": 0.0012337734713003445,
      "y": -0.0011356328429611832,
      "z": 0.7357809373714448,
      "w": 0.6772175428485779
    },
    "yaw_rad": 1.6536412793359154,
    "linear_vel": {
      "x": 0.1677278348953201,
      "y": -5.730599685727401e-06
    },
    "angular_vel_z": -0.0619847968507653
  }
}