{
  "frame_idx": 20,
  "ros_stamp": 2525.9,
  "wall_time": 1776686550.3087068,
  "prompt": "package pile",
  "goal_id": "box_staging_area",
  "goal_pose": {
    "frame_id": "map",
    "x": 1.545,
    "y": 6.535,
    "yaw_rad": 1.485
  },
  "odom": {
    "position": {
      "x": 1.6274388339559263,
      "y": 3.4845592412707367,
      "z": 0.0
    },
    "orientation_quat": {
      "x": -0.0011622312108871364,
      "y": 0.0011610268400191568,
      "z": 0.7075770962168831,
      "w": 0.7066342435408666
    },
    "yaw_rad": 1.572129724535146,
    "linear_vel": {
      "x": 0.16583288898031542,
      "y": -3.273485658970131e-07
    },
    "angular_vel_z": 0.0010408485659815963
  }
}