{
  "frame_idx": 21,
  "ros_stamp": 2527.9,
  "wall_time": 1776686552.4052467,
  "prompt": "package pile",
  "goal_id": "box_staging_area",
  "goal_pose": {
    "frame_id": "map",
    "x": 1.545,
    "y": 6.535,
    "yaw_rad": 1.485
  },
  "odom": {
    "position": {
      "x": 1.635092760537871,
      "y": 3.8334115368039243,
      "z": 0.0
    },
    "orientation_quat": {
      "x": -0.00034062039471878655,
      "y": 0.00035267808071661177,
      "z": 0.6947098152339078,
      "w": 0.7192899500296023
    },
    "yaw_rad": 1.536033012193499,
    "linear_vel": {
      "x": 0.16231525336224228,
      "y": -9.279002839072446e-07
    },
    "angular_vel_z": 0.0038273774768121244
  }
}