{
  "frame_idx": 22,
  "ros_stamp": 2529.9,
  "wall_time": 1776686554.5503669,
  "prompt": "package pile",
  "goal_id": "box_staging_area",
  "goal_pose": {
    "frame_id": "map",
    "x": 1.545,
    "y": 6.535,
    "yaw_rad": 1.485
  },
  "odom": {
    "position": {
      "x": 1.646672238691587,
      "y": 4.18183739943508,
      "z": 0.0
    },
    "orientation_quat": {
      "x": 0.0007714787640749435,
      "y": -0.0007884964614485945,
      "z": 0.6993438267430906,
      "w": 0.71478457949943
    },
    "yaw_rad": 1.5489593576492466,
    "linear_vel": {
      "x": 0.16930269669819012,
      "y": 3.847361604764194e-07
    },
    "angular_vel_z": 0.030918487164103975
  }
}