{
  "frame_idx": 23,
  "ros_stamp": 2531.9,
  "wall_time": 1776686556.7215571,
  "prompt": "package pile",
  "goal_id": "box_staging_area",
  "goal_pose": {
    "frame_id": "map",
    "x": 1.545,
    "y": 6.535,
    "yaw_rad": 1.485
  },
  "odom": {
    "position": {
      "x": 1.651934082330044,
      "y": 4.547608042307297,
      "z": 0.0
    },
    "orientation_quat": {
      "x": -0.00013711402746797419,
      "y": 0.00013787697569269444,
      "z": 0.7051247646912973,
      "w": 0.7090832309459347
    },
    "yaw_rad": 1.5651982027137177,
    "linear_vel": {
      "x": 0.17814037371910524,
      "y": -2.8996620303290813e-06
    },
    "angular_vel_z": 0.013590995431022292
  }
}