{
  "frame_idx": 24,
  "ros_stamp": 2533.9,
  "wall_time": 1776686558.810626,
  "prompt": "package pile",
  "goal_id": "box_staging_area",
  "goal_pose": {
    "frame_id": "map",
    "x": 1.545,
    "y": 6.535,
    "yaw_rad": 1.485
  },
  "odom": {
    "position": {
      "x": 1.6516021462914414,
      "y": 4.878960243395983,
      "z": 0.0
    },
    "orientation_quat": {
      "x": -0.0008306157383015536,
      "y": 0.0008276493532563791,
      "z": 0.7083673672579904,
      "w": 0.7058429698438787
    },
    "yaw_rad": 1.5743663681943727,
    "linear_vel": {
      "x": 0.16943349673357216,
      "y": -3.876067154608374e-07
    },
    "angular_vel_z": 0.0011199234085343833
  }
}