{
  "frame_idx": 25,
  "ros_stamp": 2535.9,
  "wall_time": 1776686560.980256,
  "prompt": "package pile",
  "goal_id": "box_staging_area",
  "goal_pose": {
    "frame_id": "map",
    "x": 1.545,
    "y": 6.535,
    "yaw_rad": 1.485
  },
  "odom": {
    "position": {
      "x": 1.6492263857749605,
      "y": 5.244713784510375,
      "z": 0.0
    },
    "orientation_quat": {
      "x": 0.0015818532610805494,
      "y": -0.0015614983588449905,
      "z": 0.711669425846094,
      "w": 0.7025109876571516
    },
    "yaw_rad": 1.583748436826356,
    "linear_vel": {
      "x": 0.22358264362034913,
      "y": 1.1397905596741838e-06
    },
    "angular_vel_z": 0.009250335326463879
  }
}