{
  "frame_idx": 26,
  "ros_stamp": 2537.9,
  "wall_time": 1776686563.0922694,
  "prompt": "package pile",
  "goal_id": "box_staging_area",
  "goal_pose": {
    "frame_id": "map",
    "x": 1.545,
    "y": 6.535,
    "yaw_rad": 1.485
  },
  "odom": {
    "position": {
      "x": 1.6432940316404876,
      "y": 5.659739650784068,
      "z": 0.0
    },
    "orientation_quat": {
      "x": -0.001332247281043085,
      "y": 0.0013125547518469925,
      "z": 0.7123499073032366,
      "w": 0.701821994441807
    },
    "yaw_rad": 1.5856852074993844,
    "linear_vel": {
      "x": 0.19897076578605125,
      "y": -2.5947107193738807e-06
    },
    "angular_vel_z": 0.005258722889667443
  }
}