{
  "frame_idx": 27,
  "ros_stamp": 2539.9,
  "wall_time": 1776686565.2289326,
  "prompt": "package pile",
  "goal_id": "box_staging_area",
  "goal_pose": {
    "frame_id": "map",
    "x": 1.545,
    "y": 6.535,
    "yaw_rad": 1.485
  },
  "odom": {
    "position": {
      "x": 1.6356328601381123,
      "y": 6.015627821284416,
      "z": 0.0
    },
    "orientation_quat": {
      "x": -0.0015451654838785991,
      "y": 0.0015030048591072624,
      "z": 0.7168165134920664,
      "w": 0.697258516925465
    },
    "yaw_rad": 1.5984564568014104,
    "linear_vel": {
      "x": 0.16167661444010492,
      "y": -8.3247444563166e-06
    },
    "angular_vel_z": 0.016740395230925367
  }
}