{
  "frame_idx": 28,
  "ros_stamp": 2541.9,
  "wall_time": 1776686567.3942177,
  "prompt": "package pile",
  "goal_id": "box_staging_area",
  "goal_pose": {
    "frame_id": "map",
    "x": 1.545,
    "y": 6.535,
    "yaw_rad": 1.485
  },
  "odom": {
    "position": {
      "x": 1.6295244927982968,
      "y": 6.274398644289914,
      "z": 0.0
    },
    "orientation_quat": {
      "x": -0.0012945546980921146,
      "y": 0.0012851709569994519,
      "z": 0.7096732186695464,
      "w": 0.7045286333194352
    },
    "yaw_rad": 1.578071897323533,
    "linear_vel": {
      "x": 0.10155955116615908,
      "y": 5.316088517947566e-06
    },
    "angular_vel_z": -0.013676157596863905
  }
}