{
  "frame_idx": 0,
  "ros_stamp": 1681.9,
  "wall_time": 1776685641.8444974,
  "prompt": "package pile",
  "goal_id": "box_staging_area",
  "goal_pose": {
    "frame_id": "map",
    "x": 1.545,
    "y": 6.535,
    "yaw_rad": 1.485
  },
  "odom": {
    "position": {
      "x": 5.297095000031815,
      "y": -6.057970128900512,
      "z": 0.0
    },
    "orientation_quat": {
      "x": 0.0022070564750290836,
      "y": 0.00026302616909298584,
      "z": 0.9929678275395766,
      "w": -0.11836364809469327
    },
    "yaw_rad": -2.9043084976760087,
    "linear_vel": {
      "x": -1.106083915429581e-07,
      "y": -2.6535731820750506e-05
    },
    "angular_vel_z": -0.0748952901165769
  }
}