{
  "frame_idx": 1,
  "ros_stamp": 1683.9,
  "wall_time": 1776685644.0488517,
  "prompt": "package pile",
  "goal_id": "box_staging_area",
  "goal_pose": {
    "frame_id": "map",
    "x": 1.545,
    "y": 6.535,
    "yaw_rad": 1.485
  },
  "odom": {
    "position": {
      "x": 5.2861159705843,
      "y": -6.059126865318919,
      "z": 0.0
    },
    "orientation_quat": {
      "x": 0.0022209623669092945,
      "y": -1.1161889345838359e-05,
      "z": 0.9999842703539903,
      "w": 0.00515036369343721
    },
    "yaw_rad": 3.1312918540256334,
    "linear_vel": {
      "x": -0.007555599767201796,
      "y": -0.00036679401758942
    },
    "angular_vel_z": -0.02826266726143457
  }
}