{
  "frame_idx": 2,
  "ros_stamp": 1685.9,
  "wall_time": 1776685646.1411614,
  "prompt": "package pile",
  "goal_id": "box_staging_area",
  "goal_pose": {
    "frame_id": "map",
    "x": 1.545,
    "y": 6.535,
    "yaw_rad": 1.485
  },
  "odom": {
    "position": {
      "x": 5.293566268673323,
      "y": -6.058095542401998,
      "z": 0.0
    },
    "orientation_quat": {
      "x": 0.002220966562558654,
      "y": -4.6045572431605525e-05,
      "z": 0.9997832516912164,
      "w": 0.020700599630705228
    },
    "yaw_rad": 3.100188395011967,
    "linear_vel": {
      "x": -0.010766719906541603,
      "y": -4.614061184241728e-05
    },
    "angular_vel_z": -0.054381405163155525
  }
}