{
  "frame_idx": 3,
  "ros_stamp": 1687.9,
  "wall_time": 1776685648.327407,
  "prompt": "package pile",
  "goal_id": "box_staging_area",
  "goal_pose": {
    "frame_id": "map",
    "x": 1.545,
    "y": 6.535,
    "yaw_rad": 1.485
  },
  "odom": {
    "position": {
      "x": 5.296051953733223,
      "y": -6.056317651794548,
      "z": 0.0
    },
    "orientation_quat": {
      "x": 0.0022207606315229078,
      "y": -7.277693204367493e-05,
      "z": 0.9994831734961731,
      "w": 0.032069437534112955
    },
    "yaw_rad": 3.0774426278523364,
    "linear_vel": {
      "x": -0.0004427176885425244,
      "y": -2.9696069589778004e-06
    },
    "angular_vel_z": -0.0049018011937039165
  }
}