{
  "frame_idx": 4,
  "ros_stamp": 1689.9,
  "wall_time": 1776685650.4521804,
  "prompt": "package pile",
  "goal_id": "box_staging_area",
  "goal_pose": {
    "frame_id": "map",
    "x": 1.545,
    "y": 6.535,
    "yaw_rad": 1.485
  },
  "odom": {
    "position": {
      "x": 5.291457127159524,
      "y": -6.053459182901374,
      "z": 0.0
    },
    "orientation_quat": {
      "x": 0.002220923578694493,
      "y": -0.00012336257725902526,
      "z": 0.9984603933706953,
      "w": 0.05542467997353494
    },
    "yaw_rad": 3.0306861878121865,
    "linear_vel": {
      "x": 0.023825594178587796,
      "y": -4.361760411414455e-05
    },
    "angular_vel_z": -0.13398977778353469
  }
}