{
  "frame_idx": 5,
  "ros_stamp": 1691.9,
  "wall_time": 1776685652.569994,
  "prompt": "package pile",
  "goal_id": "box_staging_area",
  "goal_pose": {
    "frame_id": "map",
    "x": 1.545,
    "y": 6.535,
    "yaw_rad": 1.485
  },
  "odom": {
    "position": {
      "x": 5.242097485600347,
      "y": -6.044168981349681,
      "z": 0.0
    },
    "orientation_quat": {
      "x": -0.0001313224324162091,
      "y": 1.9713221980628722e-05,
      "z": 0.9887330133905641,
      "w": 0.14968971440089712
    },
    "yaw_rad": 2.8410837630795274,
    "linear_vel": {
      "x": 0.02189078206369434,
      "y": 4.8979140323957925e-06
    },
    "angular_vel_z": -0.1315370865713434
  }
}