{
  "frame_idx": 6,
  "ros_stamp": 1693.9,
  "wall_time": 1776685654.7548642,
  "prompt": "package pile",
  "goal_id": "box_staging_area",
  "goal_pose": {
    "frame_id": "map",
    "x": 1.545,
    "y": 6.535,
    "yaw_rad": 1.485
  },
  "odom": {
    "position": {
      "x": 5.21074184119725,
      "y": -6.030295689656955,
      "z": 0.0
    },
    "orientation_quat": {
      "x": -0.00010872463349904184,
      "y": 2.9911283923475105e-05,
      "z": 0.9726945698352047,
      "w": 0.23208890774307847
    },
    "yaw_rad": 2.6731432874007486,
    "linear_vel": {
      "x": 0.04418258949326915,
      "y": 6.123659378100293e-06
    },
    "angular_vel_z": -0.09155174310006434
  }
}