{
  "frame_idx": 7,
  "ros_stamp": 1695.9,
  "wall_time": 1776685656.8555748,
  "prompt": "package pile",
  "goal_id": "box_staging_area",
  "goal_pose": {
    "frame_id": "map",
    "x": 1.545,
    "y": 6.535,
    "yaw_rad": 1.485
  },
  "odom": {
    "position": {
      "x": 4.9796100116572415,
      "y": -5.893525465378004,
      "z": 0.0
    },
    "orientation_quat": {
      "x": 0.0009963188763788776,
      "y": -0.00028024311223205964,
      "z": 0.9626640359902785,
      "w": 0.270697031057606
    },
    "yaw_rad": 2.593358308285135,
    "linear_vel": {
      "x": 0.14361070093737255,
      "y": -4.189148746519696e-07
    },
    "angular_vel_z": 0.03464635983494445
  }
}