{
  "frame_idx": 8,
  "ros_stamp": 1697.9,
  "wall_time": 1776685659.0147352,
  "prompt": "package pile",
  "goal_id": "box_staging_area",
  "goal_pose": {
    "frame_id": "map",
    "x": 1.545,
    "y": 6.535,
    "yaw_rad": 1.485
  },
  "odom": {
    "position": {
      "x": 4.796656115075751,
      "y": -5.803549843945078,
      "z": 0.0
    },
    "orientation_quat": {
      "x": -0.0021960575965343588,
      "y": 0.0003429295730486645,
      "z": 0.9880150747998709,
      "w": 0.1543414127787677
    },
    "yaw_rad": 2.831670192929049,
    "linear_vel": {
      "x": 0.016522425020247637,
      "y": -5.34469594578937e-05
    },
    "angular_vel_z": 0.14530163147077657
  }
}