{
  "frame_idx": 9,
  "ros_stamp": 1699.9,
  "wall_time": 1776685661.1546628,
  "prompt": "package pile",
  "goal_id": "box_staging_area",
  "goal_pose": {
    "frame_id": "map",
    "x": 1.545,
    "y": 6.535,
    "yaw_rad": 1.485
  },
  "odom": {
    "position": {
      "x": 4.653164151897813,
      "y": -5.778435587117478,
      "z": 0.0
    },
    "orientation_quat": {
      "x": 0.0013942514880132823,
      "y": -9.788457517106502e-05,
      "z": 0.9975663628463939,
      "w": 0.06970938386483407
    },
    "yaw_rad": 3.0020605877685123,
    "linear_vel": {
      "x": 0.17665121332158912,
      "y": 6.625158497936006e-07
    },
    "angular_vel_z": 0.015186826211890889
  }
}