{
  "frame_idx": 10,
  "ros_stamp": 1701.9,
  "wall_time": 1776685663.2715995,
  "prompt": "package pile",
  "goal_id": "box_staging_area",
  "goal_pose": {
    "frame_id": "map",
    "x": 1.545,
    "y": 6.535,
    "yaw_rad": 1.485
  },
  "odom": {
    "position": {
      "x": 4.429977336673243,
      "y": -5.738588803427305,
      "z": 0.0
    },
    "orientation_quat": {
      "x": 0.0022065438999105957,
      "y": -0.0003010711096564909,
      "z": 0.990878448204939,
      "w": 0.13474027387227824
    },
    "yaw_rad": 2.871289300890148,
    "linear_vel": {
      "x": 0.1688277229411242,
      "y": -2.3473946877235267e-05
    },
    "angular_vel_z": -0.13231718520185473
  }
}