{
  "frame_idx": 11,
  "ros_stamp": 1703.9,
  "wall_time": 1776685665.4446924,
  "prompt": "package pile",
  "goal_id": "box_staging_area",
  "goal_pose": {
    "frame_id": "map",
    "x": 1.545,
    "y": 6.535,
    "yaw_rad": 1.485
  },
  "odom": {
    "position": {
      "x": 4.242451243758596,
      "y": -5.663638521833104,
      "z": 0.0
    },
    "orientation_quat": {
      "x": 0.002057691322397481,
      "y": -0.000573977242779005,
      "z": 0.9632813217018246,
      "w": 0.26848562664867615
    },
    "yaw_rad": 2.5979502007821753,
    "linear_vel": {
      "x": 0.1017466140263356,
      "y": -3.408744904365328e-05
    },
    "angular_vel_z": -0.16183748635932294
  }
}