{
  "frame_idx": 12,
  "ros_stamp": 1705.9,
  "wall_time": 1776685667.5479367,
  "prompt": "package pile",
  "goal_id": "box_staging_area",
  "goal_pose": {
    "frame_id": "map",
    "x": 1.545,
    "y": 6.535,
    "yaw_rad": 1.485
  },
  "odom": {
    "position": {
      "x": 4.113996835064376,
      "y": -5.553120534230791,
      "z": 0.0
    },
    "orientation_quat": {
      "x": 0.00021595163609438442,
      "y": -0.00010390396162582531,
      "z": 0.9023831272884771,
      "w": 0.4309346054263056
    },
    "yaw_rad": 2.2505361683375904,
    "linear_vel": {
      "x": 0.07035307778146585,
      "y": 2.643157331468581e-06
    },
    "angular_vel_z": -0.1826325243141957
  }
}