{
  "frame_idx": 13,
  "ros_stamp": 1707.9,
  "wall_time": 1776685669.7151084,
  "prompt": "package pile",
  "goal_id": "box_staging_area",
  "goal_pose": {
    "frame_id": "map",
    "x": 1.545,
    "y": 6.535,
    "yaw_rad": 1.485
  },
  "odom": {
    "position": {
      "x": 4.021700460031532,
      "y": -5.394023131849023,
      "z": 0.0
    },
    "orientation_quat": {
      "x": -0.0011050226307406277,
      "y": 0.0007323327476699484,
      "z": 0.8310462199448957,
      "w": 0.5562017825654931
    },
    "yaw_rad": 1.9619747141742847,
    "linear_vel": {
      "x": 0.12379167127462516,
      "y": 4.5973859003853876e-05
    },
    "angular_vel_z": -0.14211749210677072
  }
}