{
  "frame_idx": 14,
  "ros_stamp": 1709.9,
  "wall_time": 1776685671.8638604,
  "prompt": "package pile",
  "goal_id": "box_staging_area",
  "goal_pose": {
    "frame_id": "map",
    "x": 1.545,
    "y": 6.535,
    "yaw_rad": 1.485
  },
  "odom": {
    "position": {
      "x": 3.9506103870031626,
      "y": -5.12948895188959,
      "z": 0.0
    },
    "orientation_quat": {
      "x": -0.0016994200885859356,
      "y": 0.0014365697080160461,
      "z": 0.763720623577729,
      "w": 0.6455430716543098
    },
    "yaw_rad": 1.7381201614570463,
    "linear_vel": {
      "x": 0.1450436831538703,
      "y": 3.753357211676243e-05
    },
    "angular_vel_z": -0.07524754775545288
  }
}