{
  "frame_idx": 15,
  "ros_stamp": 1711.9,
  "wall_time": 1776685673.9701679,
  "prompt": "package pile",
  "goal_id": "box_staging_area",
  "goal_pose": {
    "frame_id": "map",
    "x": 1.545,
    "y": 6.535,
    "yaw_rad": 1.485
  },
  "odom": {
    "position": {
      "x": 3.916539622073506,
      "y": -4.801489055048514,
      "z": 0.0
    },
    "orientation_quat": {
      "x": 0.0016293895361506744,
      "y": -0.0015217653848834003,
      "z": 0.730824064832889,
      "w": 0.6825622430086403
    },
    "yaw_rad": 1.6390622741998768,
    "linear_vel": {
      "x": 0.18778457466984752,
      "y": 2.792974224909786e-06
    },
    "angular_vel_z": 0.018503843663638928
  }
}