{
  "frame_idx": 16,
  "ros_stamp": 1713.9,
  "wall_time": 1776685676.1658883,
  "prompt": "package pile",
  "goal_id": "box_staging_area",
  "goal_pose": {
    "frame_id": "map",
    "x": 1.545,
    "y": 6.535,
    "yaw_rad": 1.485
  },
  "odom": {
    "position": {
      "x": 3.8935668936677783,
      "y": -4.438614323054108,
      "z": 0.0
    },
    "orientation_quat": {
      "x": 0.0015092399474793325,
      "y": -0.001436832494802414,
      "z": 0.7242649838586525,
      "w": 0.6895185935588602
    },
    "yaw_rad": 1.6199401950796013,
    "linear_vel": {
      "x": 0.17278906631766802,
      "y": -1.8105496184717042e-06
    },
    "angular_vel_z": -0.012617333480082555
  }
}