{
  "frame_idx": 17,
  "ros_stamp": 1715.9,
  "wall_time": 1776685678.2662015,
  "prompt": "package pile",
  "goal_id": "box_staging_area",
  "goal_pose": {
    "frame_id": "map",
    "x": 1.545,
    "y": 6.535,
    "yaw_rad": 1.485
  },
  "odom": {
    "position": {
      "x": 3.88367475753526,
      "y": -4.101937919905913,
      "z": 0.0
    },
    "orientation_quat": {
      "x": 0.001222047305664172,
      "y": -0.0012072265913459176,
      "z": 0.7114069991229524,
      "w": 0.7027781519108398
    },
    "yaw_rad": 1.5829994532771194,
    "linear_vel": {
      "x": 0.17776749821853227,
      "y": 6.922627755404641e-07
    },
    "angular_vel_z": 0.008171906880089154
  }
}