{
  "frame_idx": 18,
  "ros_stamp": 1717.9,
  "wall_time": 1776685680.4128077,
  "prompt": "package pile",
  "goal_id": "box_staging_area",
  "goal_pose": {
    "frame_id": "map",
    "x": 1.545,
    "y": 6.535,
    "yaw_rad": 1.485
  },
  "odom": {
    "position": {
      "x": 3.880947741699457,
      "y": -3.750856957927432,
      "z": 0.0
    },
    "orientation_quat": {
      "x": 0.0015781364036915357,
      "y": -0.001572692623040473,
      "z": 0.7083265347488784,
      "w": 0.7058814038449028
    },
    "yaw_rad": 1.5742542743987005,
    "linear_vel": {
      "x": 0.18657322424460027,
      "y": -3.077171689279367e-06
    },
    "angular_vel_z": -0.01909566945628526
  }
}