{
  "frame_idx": 19,
  "ros_stamp": 1719.9,
  "wall_time": 1776685682.555145,
  "prompt": "package pile",
  "goal_id": "box_staging_area",
  "goal_pose": {
    "frame_id": "map",
    "x": 1.545,
    "y": 6.535,
    "yaw_rad": 1.485
  },
  "odom": {
    "position": {
      "x": 3.8811366468263797,
      "y": -3.4007793627662934,
      "z": 0.0
    },
    "orientation_quat": {
      "x": 0.0003879093037818203,
      "y": -0.000388474948185115,
      "z": 0.7065828995612203,
      "w": 0.7076300620106845
    },
    "yaw_rad": 1.5693154150911999,
    "linear_vel": {
      "x": 0.17100665812904028,
      "y": -1.8850669728137081e-06
    },
    "angular_vel_z": 0.024264791327894823
  }
}