{
  "frame_idx": 20,
  "ros_stamp": 1721.9,
  "wall_time": 1776685684.659858,
  "prompt": "package pile",
  "goal_id": "box_staging_area",
  "goal_pose": {
    "frame_id": "map",
    "x": 1.545,
    "y": 6.535,
    "yaw_rad": 1.485
  },
  "odom": {
    "position": {
      "x": 3.8795869179245037,
      "y": -3.0523586546848183,
      "z": 0.0
    },
    "orientation_quat": {
      "x": 0.00012713194331760561,
      "y": -0.00012593216294089685,
      "z": 0.7104671205996653,
      "w": 0.7037303734566102
    },
    "yaw_rad": 1.5803235621569187,
    "linear_vel": {
      "x": 0.16856935446105778,
      "y": -6.290231590851091e-07
    },
    "angular_vel_z": 0.0043518150802761705
  }
}