{
  "frame_idx": 21,
  "ros_stamp": 1723.9,
  "wall_time": 1776685686.875185,
  "prompt": "package pile",
  "goal_id": "box_staging_area",
  "goal_pose": {
    "frame_id": "map",
    "x": 1.545,
    "y": 6.535,
    "yaw_rad": 1.485
  },
  "odom": {
    "position": {
      "x": 3.8758374966428732,
      "y": -2.69133900047385,
      "z": 0.0
    },
    "orientation_quat": {
      "x": -0.0008602922278695611,
      "y": 0.0008476944726550389,
      "z": 0.712300361004514,
      "w": 0.70187373296356
    },
    "yaw_rad": 1.5855419499173988,
    "linear_vel": {
      "x": 0.16647313414814524,
      "y": 5.785355357689664e-06
    },
    "angular_vel_z": -0.016487216232895983
  }
}