{
  "frame_idx": 22,
  "ros_stamp": 1725.9,
  "wall_time": 1776685688.9738078,
  "prompt": "package pile",
  "goal_id": "box_staging_area",
  "goal_pose": {
    "frame_id": "map",
    "x": 1.545,
    "y": 6.535,
    "yaw_rad": 1.485
  },
  "odom": {
    "position": {
      "x": 3.8691077921883044,
      "y": -2.3635401466274493,
      "z": 0.0
    },
    "orientation_quat": {
      "x": -0.000968385587191716,
      "y": 0.0009171010166550608,
      "z": 0.7260682108292374,
      "w": 0.6876213888313174
    },
    "yaw_rad": 1.625175092024513,
    "linear_vel": {
      "x": 0.1807914408729601,
      "y": -9.473407644331636e-06
    },
    "angular_vel_z": 0.024203438134192894
  }
}