{
  "frame_idx": 23,
  "ros_stamp": 1727.9,
  "wall_time": 1776685691.1206083,
  "prompt": "package pile",
  "goal_id": "box_staging_area",
  "goal_pose": {
    "frame_id": "map",
    "x": 1.545,
    "y": 6.535,
    "yaw_rad": 1.485
  },
  "odom": {
    "position": {
      "x": 3.8430404702288317,
      "y": -2.0152070098425825,
      "z": 0.0
    },
    "orientation_quat": {
      "x": 0.00158604303122678,
      "y": -0.0014568375447945316,
      "z": 0.7364648543664934,
      "w": 0.6764723796097006
    },
    "yaw_rad": 1.6556641620349448,
    "linear_vel": {
      "x": 0.17917764779241113,
      "y": -5.085501808172417e-06
    },
    "angular_vel_z": -0.036913797166070426
  }
}