{
  "frame_idx": 24,
  "ros_stamp": 1729.9,
  "wall_time": 1776685693.2760317,
  "prompt": "package pile",
  "goal_id": "box_staging_area",
  "goal_pose": {
    "frame_id": "map",
    "x": 1.545,
    "y": 6.535,
    "yaw_rad": 1.485
  },
  "odom": {
    "position": {
      "x": 3.818801153910412,
      "y": -1.676085771243036,
      "z": 0.0
    },
    "orientation_quat": {
      "x": 0.0007815962810625838,
      "y": -0.0007242370857750941,
      "z": 0.7325352709919534,
      "w": 0.6807282433839825
    },
    "yaw_rad": 1.6440789631512192,
    "linear_vel": {
      "x": 0.15582816787787904,
      "y": 1.631090258163477e-06
    },
    "angular_vel_z": 0.045026330603942344
  }
}