{
  "frame_idx": 25,
  "ros_stamp": 1731.9,
  "wall_time": 1776685695.3682117,
  "prompt": "package pile",
  "goal_id": "box_staging_area",
  "goal_pose": {
    "frame_id": "map",
    "x": 1.545,
    "y": 6.535,
    "yaw_rad": 1.485
  },
  "odom": {
    "position": {
      "x": 3.7850186556733108,
      "y": -1.325607078615287,
      "z": 0.0
    },
    "orientation_quat": {
      "x": -0.0011412734077192418,
      "y": 0.0010323846451004229,
      "z": 0.7415941797579559,
      "w": 0.6708470050809484
    },
    "yaw_rad": 1.6708898376033707,
    "linear_vel": {
      "x": 0.1657699669410614,
      "y": 7.318935024836203e-06
    },
    "angular_vel_z": -0.017528405175795292
  }
}