{
  "frame_idx": 26,
  "ros_stamp": 1733.9,
  "wall_time": 1776685697.5502298,
  "prompt": "package pile",
  "goal_id": "box_staging_area",
  "goal_pose": {
    "frame_id": "map",
    "x": 1.545,
    "y": 6.535,
    "yaw_rad": 1.485
  },
  "odom": {
    "position": {
      "x": 3.753646765741616,
      "y": -0.9738246119592077,
      "z": 0.0
    },
    "orientation_quat": {
      "x": 0.00033111082771301116,
      "y": -0.0003019467430237501,
      "z": 0.7389259274604713,
      "w": 0.6737865188028523
    },
    "yaw_rad": 1.6629499759335205,
    "linear_vel": {
      "x": 0.1998666004472076,
      "y": -5.275985285901105e-06
    },
    "angular_vel_z": 0.03697502281077808
  }
}