{
  "frame_idx": 27,
  "ros_stamp": 1735.9,
  "wall_time": 1776685699.6398304,
  "prompt": "package pile",
  "goal_id": "box_staging_area",
  "goal_pose": {
    "frame_id": "map",
    "x": 1.545,
    "y": 6.535,
    "yaw_rad": 1.485
  },
  "odom": {
    "position": {
      "x": 3.7177701540334422,
      "y": -0.6283669774791479,
      "z": 0.0
    },
    "orientation_quat": {
      "x": -0.001649216772105917,
      "y": 0.0014893639691235378,
      "z": 0.7421553692105849,
      "w": 0.6702241937075285
    },
    "yaw_rad": 1.6725665350359453,
    "linear_vel": {
      "x": 0.15417973491552645,
      "y": -1.464362880420318e-05
    },
    "angular_vel_z": 0.014698111777802236
  }
}