{
  "frame_idx": 28,
  "ros_stamp": 1737.9,
  "wall_time": 1776685701.7878103,
  "prompt": "package pile",
  "goal_id": "box_staging_area",
  "goal_pose": {
    "frame_id": "map",
    "x": 1.545,
    "y": 6.535,
    "yaw_rad": 1.485
  },
  "odom": {
    "position": {
      "x": 3.6739934828175715,
      "y": -0.2621137486668059,
      "z": 0.0
    },
    "orientation_quat": {
      "x": 0.0016712062996746956,
      "y": -0.0014685008998832657,
      "z": 0.7511936715325966,
      "w": 0.6600781153954345
    },
    "yaw_rad": 1.6997428164680914,
    "linear_vel": {
      "x": 0.18290990968051987,
      "y": -5.900148719045767e-06
    },
    "angular_vel_z": -0.033809270710103825
  }
}