{
  "frame_idx": 29,
  "ros_stamp": 1739.9,
  "wall_time": 1776685703.9603226,
  "prompt": "package pile",
  "goal_id": "box_staging_area",
  "goal_pose": {
    "frame_id": "map",
    "x": 1.545,
    "y": 6.535,
    "yaw_rad": 1.485
  },
  "odom": {
    "position": {
      "x": 3.626819824108338,
      "y": 0.06289098069064522,
      "z": 0.0
    },
    "orientation_quat": {
      "x": -0.001693979270711529,
      "y": 0.0014388516269382323,
      "z": 0.762163293525916,
      "w": 0.6473810115704308
    },
    "yaw_rad": 1.733302140038526,
    "linear_vel": {
      "x": 0.1567988629405334,
      "y": -7.058904106089337e-06
    },
    "angular_vel_z": 0.013159125826280515
  }
}