{
  "frame_idx": 30,
  "ros_stamp": 1741.9,
  "wall_time": 1776685706.062644,
  "prompt": "package pile",
  "goal_id": "box_staging_area",
  "goal_pose": {
    "frame_id": "map",
    "x": 1.545,
    "y": 6.535,
    "yaw_rad": 1.485
  },
  "odom": {
    "position": {
      "x": 3.5623854383452325,
      "y": 0.4267754653926404,
      "z": 0.0
    },
    "orientation_quat": {
      "x": -0.001643555463077611,
      "y": 0.001364937098895624,
      "z": 0.7692993389362847,
      "w": 0.6388849370460625
    },
    "yaw_rad": 1.7554929737299925,
    "linear_vel": {
      "x": 0.2024583164489353,
      "y": -1.2711369063217915e-05
    },
    "angular_vel_z": 0.023160122605266918
  }
}