{
  "frame_idx": 31,
  "ros_stamp": 1743.9,
  "wall_time": 1776685708.2374449,
  "prompt": "package pile",
  "goal_id": "box_staging_area",
  "goal_pose": {
    "frame_id": "map",
    "x": 1.545,
    "y": 6.535,
    "yaw_rad": 1.485
  },
  "odom": {
    "position": {
      "x": 3.4865728105317317,
      "y": 0.7812510859816079,
      "z": 0.0
    },
    "orientation_quat": {
      "x": 0.0017523999614349388,
      "y": -0.0013703822347307546,
      "z": 0.7877416950152508,
      "w": 0.6160016826936476
    },
    "yaw_rad": 1.8142749478680205,
    "linear_vel": {
      "x": 0.18279897629385622,
      "y": 6.6977888253305835e-06
    },
    "angular_vel_z": 0.04422407252983765
  }
}