{
  "frame_idx": 32,
  "ros_stamp": 1745.9,
  "wall_time": 1776685710.3401146,
  "prompt": "package pile",
  "goal_id": "box_staging_area",
  "goal_pose": {
    "frame_id": "map",
    "x": 1.545,
    "y": 6.535,
    "yaw_rad": 1.485
  },
  "odom": {
    "position": {
      "x": 3.391081303883069,
      "y": 1.0974854879873859,
      "z": 0.0
    },
    "orientation_quat": {
      "x": -0.00023513098912668513,
      "y": 0.00016051032228098076,
      "z": 0.8258476595983596,
      "w": 0.5638932186910621
    },
    "yaw_rad": 1.9434076714370994,
    "linear_vel": {
      "x": 0.1295497835700381,
      "y": -1.3889798982200552e-05
    },
    "angular_vel_z": 0.08037315083867429
  }
}