{
  "frame_idx": 33,
  "ros_stamp": 1747.9,
  "wall_time": 1776685712.4769132,
  "prompt": "package pile",
  "goal_id": "box_staging_area",
  "goal_pose": {
    "frame_id": "map",
    "x": 1.545,
    "y": 6.535,
    "yaw_rad": 1.485
  },
  "odom": {
    "position": {
      "x": 3.2260167044872254,
      "y": 1.4009841817138178,
      "z": 0.0
    },
    "orientation_quat": {
      "x": -0.0007564078587065525,
      "y": 0.00038356941105769645,
      "z": 0.891878543752501,
      "w": 0.45227419107835043
    },
    "yaw_rad": 2.2029651228896316,
    "linear_vel": {
      "x": 0.15843134014064783,
      "y": -3.677928936089291e-05
    },
    "angular_vel_z": 0.12635248082738756
  }
}