{
  "frame_idx": 34,
  "ros_stamp": 1749.9,
  "wall_time": 1776685714.6571612,
  "prompt": "package pile",
  "goal_id": "box_staging_area",
  "goal_pose": {
    "frame_id": "map",
    "x": 1.545,
    "y": 6.535,
    "yaw_rad": 1.485
  },
  "odom": {
    "position": {
      "x": 2.9822767874473506,
      "y": 1.666726717818447,
      "z": 0.0
    },
    "orientation_quat": {
      "x": -0.0016714967599638507,
      "y": 0.0006466516078899223,
      "z": 0.9326231872498788,
      "w": 0.36084730641111473
    },
    "yaw_rad": 2.4032389068836912,
    "linear_vel": {
      "x": 0.17743210221914232,
      "y": -3.743837652457171e-05
    },
    "angular_vel_z": 0.08426915092675744
  }
}