{
  "frame_idx": 35,
  "ros_stamp": 1751.9,
  "wall_time": 1776685716.7573586,
  "prompt": "package pile",
  "goal_id": "box_staging_area",
  "goal_pose": {
    "frame_id": "map",
    "x": 1.545,
    "y": 6.535,
    "yaw_rad": 1.485
  },
  "odom": {
    "position": {
      "x": 2.7200243328335936,
      "y": 1.8826638097818211,
      "z": 0.0
    },
    "orientation_quat": {
      "x": -0.0016948661499000526,
      "y": 0.00056322720134697,
      "z": 0.9489597797663666,
      "w": 0.31539205219793126
    },
    "yaw_rad": 2.4998520654657277,
    "linear_vel": {
      "x": 0.17414440128046269,
      "y": -1.3007355291672811e-05
    },
    "angular_vel_z": 0.029506078723990824
  }
}