{
  "frame_idx": 36,
  "ros_stamp": 1753.9,
  "wall_time": 1776685718.9276872,
  "prompt": "package pile",
  "goal_id": "box_staging_area",
  "goal_pose": {
    "frame_id": "map",
    "x": 1.545,
    "y": 6.535,
    "yaw_rad": 1.485
  },
  "odom": {
    "position": {
      "x": 2.4281558914644243,
      "y": 2.0877798871285083,
      "z": 0.0
    },
    "orientation_quat": {
      "x": -0.0014525501305063312,
      "y": 0.00044369216901770373,
      "z": 0.9563668584852429,
      "w": 0.29216455162535526
    },
    "yaw_rad": 2.5486132252835576,
    "linear_vel": {
      "x": 0.1896057354622264,
      "y": -1.6559582163947232e-05
    },
    "angular_vel_z": 0.03767316708207528
  }
}