{
  "frame_idx": 37,
  "ros_stamp": 1755.9,
  "wall_time": 1776685721.0483718,
  "prompt": "package pile",
  "goal_id": "box_staging_area",
  "goal_pose": {
    "frame_id": "map",
    "x": 1.545,
    "y": 6.535,
    "yaw_rad": 1.485
  },
  "odom": {
    "position": {
      "x": 2.141845128657454,
      "y": 2.280744423135698,
      "z": 0.0
    },
    "orientation_quat": {
      "x": -0.0015807618307423156,
      "y": 0.0005030188141708246,
      "z": 0.9538353030862923,
      "w": 0.3003255945642797
    },
    "yaw_rad": 2.531523827536952,
    "linear_vel": {
      "x": 0.15215453992838185,
      "y": 2.7895004853579943e-05
    },
    "angular_vel_z": -0.06428934524052762
  }
}