{
  "frame_idx": 38,
  "ros_stamp": 1757.9,
  "wall_time": 1776685723.1794286,
  "prompt": "package pile",
  "goal_id": "box_staging_area",
  "goal_pose": {
    "frame_id": "map",
    "x": 1.545,
    "y": 6.535,
    "yaw_rad": 1.485
  },
  "odom": {
    "position": {
      "x": 1.8891118348942793,
      "y": 2.4812204365762587,
      "z": 0.0
    },
    "orientation_quat": {
      "x": -0.0020257559319446974,
      "y": 0.000798544346332716,
      "z": 0.9306767643985677,
      "w": 0.36583605460430474
    },
    "yaw_rad": 2.3925288551109984,
    "linear_vel": {
      "x": 0.15352805440937603,
      "y": 4.87511619209533e-05
    },
    "angular_vel_z": -0.09678224313541864
  }
}