{
  "frame_idx": 39,
  "ros_stamp": 1759.9,
  "wall_time": 1776685725.3843932,
  "prompt": "package pile",
  "goal_id": "box_staging_area",
  "goal_pose": {
    "frame_id": "map",
    "x": 1.545,
    "y": 6.535,
    "yaw_rad": 1.485
  },
  "odom": {
    "position": {
      "x": 1.72002588566014,
      "y": 2.6784663958186523,
      "z": 0.0
    },
    "orientation_quat": {
      "x": -0.000341559002530775,
      "y": 0.00019325532386698987,
      "z": 0.8770188056564968,
      "w": 0.48045588820897944
    },
    "yaw_rad": 2.1392436651309388,
    "linear_vel": {
      "x": 0.09916481988551148,
      "y": 1.87320430892686e-05
    },
    "angular_vel_z": -0.12216764691224355
  }
}