{
  "frame_idx": 40,
  "ros_stamp": 1761.9,
  "wall_time": 1776685727.4683282,
  "prompt": "package pile",
  "goal_id": "box_staging_area",
  "goal_pose": {
    "frame_id": "map",
    "x": 1.545,
    "y": 6.535,
    "yaw_rad": 1.485
  },
  "odom": {
    "position": {
      "x": 1.6289880427480619,
      "y": 2.881808103010629,
      "z": 0.0
    },
    "orientation_quat": {
      "x": -0.0017342952917797966,
      "y": 0.0012931831909011441,
      "z": 0.8018664004592212,
      "w": 0.5974994524781152
    },
    "yaw_rad": 1.8608310204329905,
    "linear_vel": {
      "x": 0.11175245772096568,
      "y": 4.5610946996924636e-05
    },
    "angular_vel_z": -0.10569864024708506
  }
}