{
  "frame_idx": 41,
  "ros_stamp": 1763.9,
  "wall_time": 1776685729.6294143,
  "prompt": "package pile",
  "goal_id": "box_staging_area",
  "goal_pose": {
    "frame_id": "map",
    "x": 1.545,
    "y": 6.535,
    "yaw_rad": 1.485
  },
  "odom": {
    "position": {
      "x": 1.5787601426438158,
      "y": 3.1946800036439496,
      "z": 0.0
    },
    "orientation_quat": {
      "x": -0.00028643722406197075,
      "y": 0.0002695431768663957,
      "z": 0.7316673664525112,
      "w": 0.6816617270821644
    },
    "yaw_rad": 1.6415297318786028,
    "linear_vel": {
      "x": 0.16178165470563144,
      "y": 1.563542072933092e-05
    },
    "angular_vel_z": -0.0689789800450291
  }
}