{
  "frame_idx": 42,
  "ros_stamp": 1765.9,
  "wall_time": 1776685731.748128,
  "prompt": "package pile",
  "goal_id": "box_staging_area",
  "goal_pose": {
    "frame_id": "map",
    "x": 1.545,
    "y": 6.535,
    "yaw_rad": 1.485
  },
  "odom": {
    "position": {
      "x": 1.5715289303356375,
      "y": 3.523656231584585,
      "z": 0.0
    },
    "orientation_quat": {
      "x": -0.0006061775553554547,
      "y": 0.0005982330866893187,
      "z": 0.7117577702015339,
      "w": 0.7024244807975344
    },
    "yaw_rad": 1.5839956918617581,
    "linear_vel": {
      "x": 0.17001598452947306,
      "y": -1.1795071090608862e-06
    },
    "angular_vel_z": 0.004141411177293398
  }
}