{
  "frame_idx": 43,
  "ros_stamp": 1767.9,
  "wall_time": 1776685733.8606265,
  "prompt": "package pile",
  "goal_id": "box_staging_area",
  "goal_pose": {
    "frame_id": "map",
    "x": 1.545,
    "y": 6.535,
    "yaw_rad": 1.485
  },
  "odom": {
    "position": {
      "x": 1.563189763231914,
      "y": 3.874008097593616,
      "z": 0.0
    },
    "orientation_quat": {
      "x": 0.0007549838621006867,
      "y": -0.0007318052505614453,
      "z": 0.7180443349646207,
      "w": 0.6959965714611379
    },
    "yaw_rad": 1.6019778534122853,
    "linear_vel": {
      "x": 0.16719480282327737,
      "y": -4.029722697480295e-08
    },
    "angular_vel_z": 0.0016411443667120342
  }
}