{
  "frame_idx": 44,
  "ros_stamp": 1769.9,
  "wall_time": 1776685736.0414739,
  "prompt": "package pile",
  "goal_id": "box_staging_area",
  "goal_pose": {
    "frame_id": "map",
    "x": 1.545,
    "y": 6.535,
    "yaw_rad": 1.485
  },
  "odom": {
    "position": {
      "x": 1.553434385558704,
      "y": 4.218278741644565,
      "z": 0.0
    },
    "orientation_quat": {
      "x": 0.0006283220831294472,
      "y": -0.0006190475639946625,
      "z": 0.7123421851404748,
      "w": 0.7018317699141062
    },
    "yaw_rad": 1.5856604411689352,
    "linear_vel": {
      "x": 0.1735516864769491,
      "y": 5.810506427595579e-07
    },
    "angular_vel_z": -0.013527395935092895
  }
}