{
  "frame_idx": 45,
  "ros_stamp": 1771.9,
  "wall_time": 1776685738.137392,
  "prompt": "package pile",
  "goal_id": "box_staging_area",
  "goal_pose": {
    "frame_id": "map",
    "x": 1.545,
    "y": 6.535,
    "yaw_rad": 1.485
  },
  "odom": {
    "position": {
      "x": 1.5505254661904337,
      "y": 4.570585292604101,
      "z": 0.0
    },
    "orientation_quat": {
      "x": 0.00025893750009947956,
      "y": -0.000258058650758061,
      "z": 0.7083167056447972,
      "w": 0.7058946882231127
    },
    "yaw_rad": 1.5742215785876519,
    "linear_vel": {
      "x": 0.18813693477370558,
      "y": -1.4240936499581258e-06
    },
    "angular_vel_z": 0.010539588764241655
  }
}