{
  "frame_idx": 46,
  "ros_stamp": 1773.9,
  "wall_time": 1776685740.2832778,
  "prompt": "package pile",
  "goal_id": "box_staging_area",
  "goal_pose": {
    "frame_id": "map",
    "x": 1.545,
    "y": 6.535,
    "yaw_rad": 1.485
  },
  "odom": {
    "position": {
      "x": 1.5490361167189628,
      "y": 4.931795866741581,
      "z": 0.0
    },
    "orientation_quat": {
      "x": -0.0015698609668428707,
      "y": 0.0015745713291082546,
      "z": 0.7060447848234449,
      "w": 0.7081636944134382
    },
    "yaw_rad": 1.5677997275839346,
    "linear_vel": {
      "x": 0.17090768143720803,
      "y": -2.315207608751825e-06
    },
    "angular_vel_z": 0.004477541972026376
  }
}