{
  "frame_idx": 47,
  "ros_stamp": 1775.9,
  "wall_time": 1776685742.4471786,
  "prompt": "package pile",
  "goal_id": "box_staging_area",
  "goal_pose": {
    "frame_id": "map",
    "x": 1.545,
    "y": 6.535,
    "yaw_rad": 1.485
  },
  "odom": {
    "position": {
      "x": 1.550029092615545,
      "y": 5.287854765601714,
      "z": 0.0
    },
    "orientation_quat": {
      "x": 0.00013510727139447068,
      "y": -0.00013538340483706585,
      "z": 0.7063832628434784,
      "w": 0.7078295341337207
    },
    "yaw_rad": 1.5687509899273013,
    "linear_vel": {
      "x": 0.2095433022758352,
      "y": 3.110612114315119e-08
    },
    "angular_vel_z": -0.0001869911054742719
  }
}