{
  "frame_idx": 48,
  "ros_stamp": 1777.9,
  "wall_time": 1776685744.5497282,
  "prompt": "package pile",
  "goal_id": "box_staging_area",
  "goal_pose": {
    "frame_id": "map",
    "x": 1.545,
    "y": 6.535,
    "yaw_rad": 1.485
  },
  "odom": {
    "position": {
      "x": 1.550593952952734,
      "y": 5.71661781914774,
      "z": 0.0
    },
    "orientation_quat": {
      "x": -0.0013443919520671342,
      "y": 0.0013445943240542734,
      "z": 0.707052193905164,
      "w": 0.7071588080270776
    },
    "yaw_rad": 1.5706455513841255,
    "linear_vel": {
      "x": 0.19459750546614635,
      "y": 3.704447193542406e-06
    },
    "angular_vel_z": -0.007530672537159046
  }
}