{
  "frame_idx": 49,
  "ros_stamp": 1779.9,
  "wall_time": 1776685746.7282407,
  "prompt": "package pile",
  "goal_id": "box_staging_area",
  "goal_pose": {
    "frame_id": "map",
    "x": 1.545,
    "y": 6.535,
    "yaw_rad": 1.485
  },
  "odom": {
    "position": {
      "x": 1.5506748633427976,
      "y": 6.040146292270063,
      "z": 0.0
    },
    "orientation_quat": {
      "x": -0.0013209313010026957,
      "y": 0.0013193146765087765,
      "z": 0.7075382970656273,
      "w": 0.7066725357156273
    },
    "yaw_rad": 1.5720207004472773,
    "linear_vel": {
      "x": 0.14149280472255296,
      "y": 9.805999967020323e-07
    },
    "angular_vel_z": -0.0022498646511954247
  }
}