{
  "frame_idx": 50,
  "ros_stamp": 1781.9,
  "wall_time": 1776685748.8685908,
  "prompt": "package pile",
  "goal_id": "box_staging_area",
  "goal_pose": {
    "frame_id": "map",
    "x": 1.545,
    "y": 6.535,
    "yaw_rad": 1.485
  },
  "odom": {
    "position": {
      "x": 1.5553045436968995,
      "y": 6.2788493910720025,
      "z": 0.0
    },
    "orientation_quat": {
      "x": -0.0012833274337491,
      "y": 0.0013334291567361116,
      "z": 0.6934404637621293,
      "w": 0.7205115531722894
    },
    "yaw_rad": 1.532509621014718,
    "linear_vel": {
      "x": 0.10032297631491727,
      "y": 8.41066476238252e-07
    },
    "angular_vel_z": -0.0019434982509977865
  }
}