{
  "frame_idx": 0,
  "ros_stamp": 3949.9,
  "wall_time": 1776688098.1145122,
  "prompt": "go to the left of trash can",
  "goal_id": "trash_can_left",
  "goal_pose": {
    "frame_id": "map",
    "x": -0.187,
    "y": 7.555,
    "yaw_rad": -1.536
  },
  "odom": {
    "position": {
      "x": 5.283013250393599,
      "y": -6.032132343123679,
      "z": 0.0
    },
    "orientation_quat": {
      "x": -0.002207072566805064,
      "y": -0.0002631251177733747,
      "z": 0.9929689587014207,
      "w": -0.11835415772702491
    },
    "yaw_rad": -2.9043276133296074,
    "linear_vel": {
      "x": 0.0,
      "y": 0.0
    },
    "angular_vel_z": 0.0
  }
}