{
  "frame_idx": 1,
  "ros_stamp": 3951.9,
  "wall_time": 1776688100.3274698,
  "prompt": "go to the left of trash can",
  "goal_id": "trash_can_left",
  "goal_pose": {
    "frame_id": "map",
    "x": -0.187,
    "y": 7.555,
    "yaw_rad": -1.536
  },
  "odom": {
    "position": {
      "x": 5.2574212170791395,
      "y": -6.0376457968126696,
      "z": 0.0
    },
    "orientation_quat": {
      "x": 0.002220619226991045,
      "y": 9.941610020357594e-05,
      "z": 0.998995715611415,
      "w": -0.04475063303155038
    },
    "yaw_rad": -3.052061266154664,
    "linear_vel": {
      "x": -0.005279293075054459,
      "y": 6.970136618644509e-05
    },
    "angular_vel_z": -0.017025950116790374
  }
}