{
  "frame_idx": 2,
  "ros_stamp": 3953.9,
  "wall_time": 1776688102.4880826,
  "prompt": "go to the left of trash can",
  "goal_id": "trash_can_left",
  "goal_pose": {
    "frame_id": "map",
    "x": -0.187,
    "y": 7.555,
    "yaw_rad": -1.536
  },
  "odom": {
    "position": {
      "x": 5.26946345416908,
      "y": -6.038365219680697,
      "z": 0.0
    },
    "orientation_quat": {
      "x": 0.0022233021183619335,
      "y": 5.493931508274167e-05,
      "z": 0.9996916855867357,
      "w": -0.02473029878738552
    },
    "yaw_rad": -3.0921268904194976,
    "linear_vel": {
      "x": -0.01012967877528453,
      "y": 7.343219105972155e-05
    },
    "angular_vel_z": -0.03465672619287866
  }
}