{
  "frame_idx": 3,
  "ros_stamp": 3955.9,
  "wall_time": 1776688104.6389942,
  "prompt": "go to the left of trash can",
  "goal_id": "trash_can_left",
  "goal_pose": {
    "frame_id": "map",
    "x": -0.187,
    "y": 7.555,
    "yaw_rad": -1.536
  },
  "odom": {
    "position": {
      "x": 5.280120424710164,
      "y": -6.038863846296083,
      "z": 0.0
    },
    "orientation_quat": {
      "x": 0.0022229390108602677,
      "y": 1.2323105330428797e-05,
      "z": 0.9999810284461993,
      "w": -0.0057446616938525
    },
    "yaw_rad": -3.130103236631164,
    "linear_vel": {
      "x": -0.019718232705744736,
      "y": 0.00019407961497640178
    },
    "angular_vel_z": -0.07983667941828382
  }
}