{
  "frame_idx": 4,
  "ros_stamp": 3957.9,
  "wall_time": 1776688106.8931181,
  "prompt": "go to the left of trash can",
  "goal_id": "trash_can_left",
  "goal_pose": {
    "frame_id": "map",
    "x": -0.187,
    "y": 7.555,
    "yaw_rad": -1.536
  },
  "odom": {
    "position": {
      "x": 5.287058670680963,
      "y": -6.038218086715362,
      "z": 0.0
    },
    "orientation_quat": {
      "x": 0.00222077913044081,
      "y": -4.616543597903774e-05,
      "z": 0.9997960457106028,
      "w": 0.020073190833755174
    },
    "yaw_rad": 3.101443483331697,
    "linear_vel": {
      "x": 0.001136753763767829,
      "y": -0.0019254619684039268
    },
    "angular_vel_z": 0.0038259846501571574
  }
}