{
  "frame_idx": 5,
  "ros_stamp": 3959.9,
  "wall_time": 1776688109.0822623,
  "prompt": "go to the left of trash can",
  "goal_id": "trash_can_left",
  "goal_pose": {
    "frame_id": "map",
    "x": -0.187,
    "y": 7.555,
    "yaw_rad": -1.536
  },
  "odom": {
    "position": {
      "x": 5.264331968834211,
      "y": -6.0346194858481095,
      "z": 0.0
    },
    "orientation_quat": {
      "x": 0.002212737727572976,
      "y": -0.00024354549505826583,
      "z": 0.9940221296603696,
      "w": 0.10915608193226864
    },
    "yaw_rad": 2.9228440734929215,
    "linear_vel": {
      "x": 0.0341662297038834,
      "y": -4.379828504370293e-05
    },
    "angular_vel_z": -0.13741152230734738
  }
}