{
  "frame_idx": 6,
  "ros_stamp": 3961.9,
  "wall_time": 1776688111.3613217,
  "prompt": "go to the left of trash can",
  "goal_id": "trash_can_left",
  "goal_pose": {
    "frame_id": "map",
    "x": -0.187,
    "y": 7.555,
    "yaw_rad": -1.536
  },
  "odom": {
    "position": {
      "x": 5.236976976953079,
      "y": -6.026457124681628,
      "z": 0.0
    },
    "orientation_quat": {
      "x": -0.000248979882985176,
      "y": 5.064205491954575e-05,
      "z": 0.9798912411431161,
      "w": 0.19953218030033024
    },
    "yaw_rad": 2.739831685304466,
    "linear_vel": {
      "x": 0.010681981955717349,
      "y": 5.39098947851768e-06
    },
    "angular_vel_z": -0.09221481919975907
  }
}