{
  "frame_idx": 7,
  "ros_stamp": 3963.9,
  "wall_time": 1776688113.5693889,
  "prompt": "go to the left of trash can",
  "goal_id": "trash_can_left",
  "goal_pose": {
    "frame_id": "map",
    "x": -0.187,
    "y": 7.555,
    "yaw_rad": -1.536
  },
  "odom": {
    "position": {
      "x": 5.122479730898978,
      "y": -5.963114181212049,
      "z": 0.0
    },
    "orientation_quat": {
      "x": 0.001866500213467466,
      "y": -0.0004954707554845087,
      "z": 0.9665310528411218,
      "w": 0.25654238359287956
    },
    "yaw_rad": 2.6227053519495462,
    "linear_vel": {
      "x": 0.12131908449186823,
      "y": 3.7368854624842383e-06
    },
    "angular_vel_z": 0.023094454021804316
  }
}