{
  "frame_idx": 8,
  "ros_stamp": 3965.9,
  "wall_time": 1776688115.7305074,
  "prompt": "go to the left of trash can",
  "goal_id": "trash_can_left",
  "goal_pose": {
    "frame_id": "map",
    "x": -0.187,
    "y": 7.555,
    "yaw_rad": -1.536
  },
  "odom": {
    "position": {
      "x": 4.91974798359518,
      "y": -5.8663071204054615,
      "z": 0.0
    },
    "orientation_quat": {
      "x": -0.0018643495910506314,
      "y": 0.0003075012193776005,
      "z": 0.986675568983369,
      "w": 0.16268912445196712
    },
    "yaw_rad": 2.8147611080531334,
    "linear_vel": {
      "x": 0.16247964069150744,
      "y": -6.604161350950077e-05
    },
    "angular_vel_z": 0.15133363304543493
  }
}