{
  "frame_idx": 9,
  "ros_stamp": 3967.9,
  "wall_time": 1776688118.0966234,
  "prompt": "go to the left of trash can",
  "goal_id": "trash_can_left",
  "goal_pose": {
    "frame_id": "map",
    "x": -0.187,
    "y": 7.555,
    "yaw_rad": -1.536
  },
  "odom": {
    "position": {
      "x": 4.573588230911433,
      "y": -5.785141613837081,
      "z": 0.0
    },
    "orientation_quat": {
      "x": 0.0007278407284106224,
      "y": -8.524739186123017e-05,
      "z": 0.994385110461695,
      "w": 0.10581925662580892
    },
    "yaw_rad": 2.929557112934904,
    "linear_vel": {
      "x": 0.16167945558555832,
      "y": 2.4300375713039396e-05
    },
    "angular_vel_z": -0.0731646717686547
  }
}