{
  "frame_idx": 10,
  "ros_stamp": 3969.9,
  "wall_time": 1776688120.2775977,
  "prompt": "go to the left of trash can",
  "goal_id": "trash_can_left",
  "goal_pose": {
    "frame_id": "map",
    "x": -0.187,
    "y": 7.555,
    "yaw_rad": -1.536
  },
  "odom": {
    "position": {
      "x": 4.382516489040362,
      "y": -5.728337245465546,
      "z": 0.0
    },
    "orientation_quat": {
      "x": 0.002176356122204788,
      "y": -0.00045366049880232783,
      "z": 0.9789993969172565,
      "w": 0.20385102036003921
    },
    "yaw_rad": 2.7310117464643713,
    "linear_vel": {
      "x": 0.19367931116276835,
      "y": -2.335783061952314e-05
    },
    "angular_vel_z": -0.15529654872209514
  }
}