{
  "frame_idx": 11,
  "ros_stamp": 3971.9,
  "wall_time": 1776688122.5148356,
  "prompt": "go to the left of trash can",
  "goal_id": "trash_can_left",
  "goal_pose": {
    "frame_id": "map",
    "x": -0.187,
    "y": 7.555,
    "yaw_rad": -1.536
  },
  "odom": {
    "position": {
      "x": 4.20283326829598,
      "y": -5.619781610078454,
      "z": 0.0
    },
    "orientation_quat": {
      "x": -0.0018412866560711398,
      "y": 0.0006702127740994519,
      "z": 0.9396215284829329,
      "w": 0.3422097948476703
    },
    "yaw_rad": 2.4430558923301335,
    "linear_vel": {
      "x": 0.08511590678689154,
      "y": 5.7255725238808745e-05
    },
    "angular_vel_z": -0.14500607273730248
  }
}