{
  "frame_idx": 12,
  "ros_stamp": 3973.9,
  "wall_time": 1776688124.7634637,
  "prompt": "go to the left of trash can",
  "goal_id": "trash_can_left",
  "goal_pose": {
    "frame_id": "map",
    "x": -0.187,
    "y": 7.555,
    "yaw_rad": -1.536
  },
  "odom": {
    "position": {
      "x": 4.088526142570677,
      "y": -5.490266008190904,
      "z": 0.0
    },
    "orientation_quat": {
      "x": -0.0019512423548791753,
      "y": 0.0010629286921977354,
      "z": 0.878257007704412,
      "w": 0.47818374214726334
    },
    "yaw_rad": 2.1444189145331234,
    "linear_vel": {
      "x": 0.09639412890581708,
      "y": 7.899090652605094e-05
    },
    "angular_vel_z": -0.15938484014580112
  }
}