{
  "frame_idx": 13,
  "ros_stamp": 3975.9,
  "wall_time": 1776688126.9607017,
  "prompt": "go to the left of trash can",
  "goal_id": "trash_can_left",
  "goal_pose": {
    "frame_id": "map",
    "x": -0.187,
    "y": 7.555,
    "yaw_rad": -1.536
  },
  "odom": {
    "position": {
      "x": 3.9923010438757425,
      "y": -5.275225007354225,
      "z": 0.0
    },
    "orientation_quat": {
      "x": -0.0008641584411903218,
      "y": 0.000646845518673399,
      "z": 0.8005683145377794,
      "w": 0.5992405264826491
    },
    "yaw_rad": 1.8564875724774461,
    "linear_vel": {
      "x": 0.1328643611925236,
      "y": 3.654689913741251e-05
    },
    "angular_vel_z": -0.11959446155516378
  }
}