{
  "frame_idx": 14,
  "ros_stamp": 3977.9,
  "wall_time": 1776688129.2361395,
  "prompt": "go to the left of trash can",
  "goal_id": "trash_can_left",
  "goal_pose": {
    "frame_id": "map",
    "x": -0.187,
    "y": 7.555,
    "yaw_rad": -1.536
  },
  "odom": {
    "position": {
      "x": 3.9327681502828873,
      "y": -4.9710737488996415,
      "z": 0.0
    },
    "orientation_quat": {
      "x": -0.0016619660037542057,
      "y": 0.0014757557370934646,
      "z": 0.7478195907487326,
      "w": 0.6638982751193174
    },
    "yaw_rad": 1.6895490495210774,
    "linear_vel": {
      "x": 0.1516703321276265,
      "y": 2.5282811402449414e-05
    },
    "angular_vel_z": -0.051135756494526285
  }
}