{
  "frame_idx": 15,
  "ros_stamp": 3979.9,
  "wall_time": 1776688131.4127653,
  "prompt": "go to the left of trash can",
  "goal_id": "trash_can_left",
  "goal_pose": {
    "frame_id": "map",
    "x": -0.187,
    "y": 7.555,
    "yaw_rad": -1.536
  },
  "odom": {
    "position": {
      "x": 3.9113682129599283,
      "y": -4.652159148582637,
      "z": 0.0
    },
    "orientation_quat": {
      "x": 0.00039902373003271454,
      "y": -0.0003783422195660413,
      "z": 0.7228975204196162,
      "w": 0.6909550438403343
    },
    "yaw_rad": 1.615973656635108,
    "linear_vel": {
      "x": 0.16883530925274084,
      "y": -5.517821126447986e-07
    },
    "angular_vel_z": 0.01876614113280962
  }
}