{
  "frame_idx": 16,
  "ros_stamp": 3981.9,
  "wall_time": 1776688133.641205,
  "prompt": "go to the left of trash can",
  "goal_id": "trash_can_left",
  "goal_pose": {
    "frame_id": "map",
    "x": -0.187,
    "y": 7.555,
    "yaw_rad": -1.536
  },
  "odom": {
    "position": {
      "x": 3.8951097093211655,
      "y": -4.302269417019262,
      "z": 0.0
    },
    "orientation_quat": {
      "x": 0.0016040927288907018,
      "y": -0.0015409176989705335,
      "z": 0.7211638022077471,
      "w": 0.6927610142353765
    },
    "yaw_rad": 1.6109667349648258,
    "linear_vel": {
      "x": 0.1762628908994624,
      "y": 7.658452912592874e-07
    },
    "angular_vel_z": 0.0049902331928718124
  }
}