{
  "frame_idx": 17,
  "ros_stamp": 3983.9,
  "wall_time": 1776688135.8465543,
  "prompt": "go to the left of trash can",
  "goal_id": "trash_can_left",
  "goal_pose": {
    "frame_id": "map",
    "x": -0.187,
    "y": 7.555,
    "yaw_rad": -1.536
  },
  "odom": {
    "position": {
      "x": 3.8828543237786803,
      "y": -3.956357454603941,
      "z": 0.0
    },
    "orientation_quat": {
      "x": 0.001593506049214214,
      "y": -0.0015481767287405768,
      "z": 0.7175569803024971,
      "w": 0.6964962626650982
    },
    "yaw_rad": 1.6005818584470712,
    "linear_vel": {
      "x": 0.1856693058311924,
      "y": 2.6000815521791287e-06
    },
    "angular_vel_z": 0.019459604790048046
  }
}