{
  "frame_idx": 18,
  "ros_stamp": 3985.9,
  "wall_time": 1776688138.0330036,
  "prompt": "go to the left of trash can",
  "goal_id": "trash_can_left",
  "goal_pose": {
    "frame_id": "map",
    "x": -0.187,
    "y": 7.555,
    "yaw_rad": -1.536
  },
  "odom": {
    "position": {
      "x": 3.878752990842844,
      "y": -3.610400443442809,
      "z": 0.0
    },
    "orientation_quat": {
      "x": -0.0015715209524736953,
      "y": 0.0015718846496487308,
      "z": 0.7070229675465093,
      "w": 0.7071870918379886
    },
    "yaw_rad": 1.570564219418608,
    "linear_vel": {
      "x": 0.15170355030156274,
      "y": -1.0291900240293563e-06
    },
    "angular_vel_z": 0.0020635594292522583
  }
}