{
  "frame_idx": 19,
  "ros_stamp": 3987.9,
  "wall_time": 1776688140.2843897,
  "prompt": "go to the left of trash can",
  "goal_id": "trash_can_left",
  "goal_pose": {
    "frame_id": "map",
    "x": -0.187,
    "y": 7.555,
    "yaw_rad": -1.536
  },
  "odom": {
    "position": {
      "x": 3.8798201357064728,
      "y": -3.2592976900372617,
      "z": 0.0
    },
    "orientation_quat": {
      "x": -0.0015678010545138903,
      "y": 0.0015799276504808283,
      "z": 0.704375409560526,
      "w": 0.7098241530371546
    },
    "yaw_rad": 1.5630906017161106,
    "linear_vel": {
      "x": 0.1662386639706999,
      "y": 1.0131071100866387e-05
    },
    "angular_vel_z": -0.019728081314651685
  }
}