{
  "frame_idx": 20,
  "ros_stamp": 3989.9,
  "wall_time": 1776688142.4674213,
  "prompt": "go to the left of trash can",
  "goal_id": "trash_can_left",
  "goal_pose": {
    "frame_id": "map",
    "x": -0.187,
    "y": 7.555,
    "yaw_rad": -1.536
  },
  "odom": {
    "position": {
      "x": 3.881709966116005,
      "y": -2.9154377905264854,
      "z": 0.0
    },
    "orientation_quat": {
      "x": -0.00040770894858970235,
      "y": 0.0004106779906487259,
      "z": 0.7045362266179988,
      "w": 0.7096677888278946
    },
    "yaw_rad": 1.5635391847806934,
    "linear_vel": {
      "x": 0.1595275373120765,
      "y": 4.510446118165891e-06
    },
    "angular_vel_z": -0.018315851470876835
  }
}