{
  "frame_idx": 21,
  "ros_stamp": 3991.9,
  "wall_time": 1776688144.6891646,
  "prompt": "go to the left of trash can",
  "goal_id": "trash_can_left",
  "goal_pose": {
    "frame_id": "map",
    "x": -0.187,
    "y": 7.555,
    "yaw_rad": -1.536
  },
  "odom": {
    "position": {
      "x": 3.880085363335707,
      "y": -2.576178323311527,
      "z": 0.0
    },
    "orientation_quat": {
      "x": 0.0015902775318087045,
      "y": -0.001572401171011424,
      "z": 0.7110898370567598,
      "w": 0.7030976050354033
    },
    "yaw_rad": 1.5820991381354195,
    "linear_vel": {
      "x": 0.1858853038365833,
      "y": -2.0154437835180025e-06
    },
    "angular_vel_z": -0.012389424190218552
  }
}