{
  "frame_idx": 22,
  "ros_stamp": 3993.9,
  "wall_time": 1776688146.920859,
  "prompt": "go to the left of trash can",
  "goal_id": "trash_can_left",
  "goal_pose": {
    "frame_id": "map",
    "x": -0.187,
    "y": 7.555,
    "yaw_rad": -1.536
  },
  "odom": {
    "position": {
      "x": 3.87588470246042,
      "y": -2.2250810307731332,
      "z": 0.0
    },
    "orientation_quat": {
      "x": 0.0007680847064744344,
      "y": -0.0007594327467630271,
      "z": 0.7110980084091066,
      "w": 0.70309206775812
    },
    "yaw_rad": 1.582118503716262,
    "linear_vel": {
      "x": 0.18720734531333805,
      "y": 2.617396957181307e-07
    },
    "angular_vel_z": -0.008383978236247557
  }
}