{
  "frame_idx": 23,
  "ros_stamp": 3995.9,
  "wall_time": 1776688149.0464218,
  "prompt": "go to the left of trash can",
  "goal_id": "trash_can_left",
  "goal_pose": {
    "frame_id": "map",
    "x": -0.187,
    "y": 7.555,
    "yaw_rad": -1.536
  },
  "odom": {
    "position": {
      "x": 3.866200339957023,
      "y": -1.876127935345939,
      "z": 0.0
    },
    "orientation_quat": {
      "x": -0.00010460854255746426,
      "y": 0.00010641106746741129,
      "z": 0.7297440899861802,
      "w": 0.6837203674485494
    },
    "yaw_rad": 1.6358951963443698,
    "linear_vel": {
      "x": 0.17891558318539783,
      "y": -6.3539605868806665e-06
    },
    "angular_vel_z": 0.04451820345831662
  }
}