{
  "frame_idx": 24,
  "ros_stamp": 3997.9,
  "wall_time": 1776688151.2314637,
  "prompt": "go to the left of trash can",
  "goal_id": "trash_can_left",
  "goal_pose": {
    "frame_id": "map",
    "x": -0.187,
    "y": 7.555,
    "yaw_rad": -1.536
  },
  "odom": {
    "position": {
      "x": 3.8353157918939953,
      "y": -1.5238790550897356,
      "z": 0.0
    },
    "orientation_quat": {
      "x": -0.0003102545391216945,
      "y": 0.00028363761384924243,
      "z": 0.7380500554702047,
      "w": 0.6747458328231842
    },
    "yaw_rad": 1.660351949209679,
    "linear_vel": {
      "x": 0.17752171281411702,
      "y": -3.9304771903749675e-06
    },
    "angular_vel_z": 0.015313539705741005
  }
}