{
  "frame_idx": 25,
  "ros_stamp": 3999.9,
  "wall_time": 1776688153.389482,
  "prompt": "go to the left of trash can",
  "goal_id": "trash_can_left",
  "goal_pose": {
    "frame_id": "map",
    "x": -0.187,
    "y": 7.555,
    "yaw_rad": -1.536
  },
  "odom": {
    "position": {
      "x": 3.806198784437708,
      "y": -1.1725210227055591,
      "z": 0.0
    },
    "orientation_quat": {
      "x": -0.0003007915986597305,
      "y": 0.0002723018826135714,
      "z": 0.7419529242107852,
      "w": 0.6704518578027536
    },
    "yaw_rad": 1.6719572424610265,
    "linear_vel": {
      "x": 0.1618424158117784,
      "y": -4.807424159523934e-06
    },
    "angular_vel_z": 0.02601474090104066
  }
}