{
  "frame_idx": 26,
  "ros_stamp": 4001.9,
  "wall_time": 1776688155.5378213,
  "prompt": "go to the left of trash can",
  "goal_id": "trash_can_left",
  "goal_pose": {
    "frame_id": "map",
    "x": -0.187,
    "y": 7.555,
    "yaw_rad": -1.536
  },
  "odom": {
    "position": {
      "x": 3.7699134962590684,
      "y": -0.8250866612249486,
      "z": 0.0
    },
    "orientation_quat": {
      "x": -0.001279193647197595,
      "y": 0.0011534130630850357,
      "z": 0.7426731834951853,
      "w": 0.6696518317895097
    },
    "yaw_rad": 1.67411020756024,
    "linear_vel": {
      "x": 0.19531032006669957,
      "y": 6.174035510659882e-06
    },
    "angular_vel_z": -0.012649096319874853
  }
}