{
  "frame_idx": 27,
  "ros_stamp": 4003.9,
  "wall_time": 1776688157.7457075,
  "prompt": "go to the left of trash can",
  "goal_id": "trash_can_left",
  "goal_pose": {
    "frame_id": "map",
    "x": -0.187,
    "y": 7.555,
    "yaw_rad": -1.536
  },
  "odom": {
    "position": {
      "x": 3.72786764892958,
      "y": -0.4774469506194281,
      "z": 0.0
    },
    "orientation_quat": {
      "x": 0.0010968249753504607,
      "y": -0.0009640853283019752,
      "z": 0.7510913367575751,
      "w": 0.660196691420195
    },
    "yaw_rad": 1.69942957032768,
    "linear_vel": {
      "x": 0.17277692002439765,
      "y": -2.662728286953052e-07
    },
    "angular_vel_z": -0.014165802254512073
  }
}