{
  "frame_idx": 28,
  "ros_stamp": 4005.9,
  "wall_time": 1776688159.8722627,
  "prompt": "go to the left of trash can",
  "goal_id": "trash_can_left",
  "goal_pose": {
    "frame_id": "map",
    "x": -0.187,
    "y": 7.555,
    "yaw_rad": -1.536
  },
  "odom": {
    "position": {
      "x": 3.679680844635787,
      "y": -0.13743123326953344,
      "z": 0.0
    },
    "orientation_quat": {
      "x": 0.0006394626647297486,
      "y": -0.000544586774138256,
      "z": 0.7613189937462678,
      "w": 0.6483769615539376
    },
    "yaw_rad": 1.7306908116261055,
    "linear_vel": {
      "x": 0.16936405962323295,
      "y": 1.0611182146059463e-06
    },
    "angular_vel_z": -0.021192039080433014
  }
}