{
  "frame_idx": 29,
  "ros_stamp": 4007.9,
  "wall_time": 1776688162.12753,
  "prompt": "go to the left of trash can",
  "goal_id": "trash_can_left",
  "goal_pose": {
    "frame_id": "map",
    "x": -0.187,
    "y": 7.555,
    "yaw_rad": -1.536
  },
  "odom": {
    "position": {
      "x": 3.6188134179141795,
      "y": 0.217397136776559,
      "z": 0.0
    },
    "orientation_quat": {
      "x": 0.0017094186196453215,
      "y": -0.001422058295861,
      "z": 0.7687675191354846,
      "w": 0.6395244773739769
    },
    "yaw_rad": 1.7538294264724439,
    "linear_vel": {
      "x": 0.19038458723040616,
      "y": 5.684951323304117e-06
    },
    "angular_vel_z": 0.0393455625565554
  }
}