{
  "frame_idx": 30,
  "ros_stamp": 4009.9,
  "wall_time": 1776688164.276753,
  "prompt": "go to the left of trash can",
  "goal_id": "trash_can_left",
  "goal_pose": {
    "frame_id": "map",
    "x": -0.187,
    "y": 7.555,
    "yaw_rad": -1.536
  },
  "odom": {
    "position": {
      "x": 3.5516739045995243,
      "y": 0.5628155162399254,
      "z": 0.0
    },
    "orientation_quat": {
      "x": 0.001632456992466396,
      "y": -0.0013121365551601108,
      "z": 0.7794271257021567,
      "w": 0.6264894006298133
    },
    "yaw_rad": 1.7875072208859697,
    "linear_vel": {
      "x": 0.19014650209080775,
      "y": 6.048782335451555e-06
    },
    "angular_vel_z": 0.050829949456175735
  }
}