{
  "frame_idx": 31,
  "ros_stamp": 4011.9,
  "wall_time": 1776688166.4294407,
  "prompt": "go to the left of trash can",
  "goal_id": "trash_can_left",
  "goal_pose": {
    "frame_id": "map",
    "x": -0.187,
    "y": 7.555,
    "yaw_rad": -1.536
  },
  "odom": {
    "position": {
      "x": 3.4538159009693055,
      "y": 0.9358082183310862,
      "z": 0.0
    },
    "orientation_quat": {
      "x": -0.000761496944752254,
      "y": 0.0005533573817121852,
      "z": 0.8089357406517685,
      "w": 0.5878963185921355
    },
    "yaw_rad": 1.8846803634074285,
    "linear_vel": {
      "x": 0.17557301172264866,
      "y": -1.8637322622205784e-05
    },
    "angular_vel_z": 0.056065336218797765
  }
}