{
  "frame_idx": 32,
  "ros_stamp": 4013.9,
  "wall_time": 1776688168.6454864,
  "prompt": "go to the left of trash can",
  "goal_id": "trash_can_left",
  "goal_pose": {
    "frame_id": "map",
    "x": -0.187,
    "y": 7.555,
    "yaw_rad": -1.536
  },
  "odom": {
    "position": {
      "x": 3.32784633420745,
      "y": 1.2357509759915775,
      "z": 0.0
    },
    "orientation_quat": {
      "x": 0.0019107838209100815,
      "y": -0.0011361109167194183,
      "z": 0.8593871304841592,
      "w": 0.511320660755438
    },
    "yaw_rad": 2.0681480482821093,
    "linear_vel": {
      "x": 0.2027125126359382,
      "y": 1.7775072913328626e-05
    },
    "angular_vel_z": 0.11730428849324093
  }
}