{
  "frame_idx": 33,
  "ros_stamp": 4015.9,
  "wall_time": 1776688170.780212,
  "prompt": "go to the left of trash can",
  "goal_id": "trash_can_left",
  "goal_pose": {
    "frame_id": "map",
    "x": -0.187,
    "y": 7.555,
    "yaw_rad": -1.536
  },
  "odom": {
    "position": {
      "x": 3.1386491332203197,
      "y": 1.5051771583282196,
      "z": 0.0
    },
    "orientation_quat": {
      "x": 0.002032631610238568,
      "y": -0.0009058327333719519,
      "z": 0.9133756620931205,
      "w": 0.40711171411757485
    },
    "yaw_rad": 2.3030111968992766,
    "linear_vel": {
      "x": 0.17529192476405103,
      "y": -1.7457537570281386e-05
    },
    "angular_vel_z": 0.09012734527155564
  }
}