{
  "frame_idx": 34,
  "ros_stamp": 4017.9,
  "wall_time": 1776688172.9813979,
  "prompt": "go to the left of trash can",
  "goal_id": "trash_can_left",
  "goal_pose": {
    "frame_id": "map",
    "x": -0.187,
    "y": 7.555,
    "yaw_rad": -1.536
  },
  "odom": {
    "position": {
      "x": 2.8738257994258487,
      "y": 1.7533900527792,
      "z": 0.0
    },
    "orientation_quat": {
      "x": 0.002098335748442394,
      "y": -0.0007417800559506597,
      "z": 0.9428280482295357,
      "w": 0.33327213838111286
    },
    "yaw_rad": 2.462046896646877,
    "linear_vel": {
      "x": 0.18378900446339805,
      "y": 9.241955954980704e-06
    },
    "angular_vel_z": 0.055944204127345146
  }
}