{
  "frame_idx": 35,
  "ros_stamp": 4019.9,
  "wall_time": 1776688175.1514707,
  "prompt": "go to the left of trash can",
  "goal_id": "trash_can_left",
  "goal_pose": {
    "frame_id": "map",
    "x": -0.187,
    "y": 7.555,
    "yaw_rad": -1.536
  },
  "odom": {
    "position": {
      "x": 2.591502962050518,
      "y": 1.964768232294687,
      "z": 0.0
    },
    "orientation_quat": {
      "x": -0.0015643580404613045,
      "y": 0.0004949984334698168,
      "z": 0.9533963185519819,
      "w": 0.3017163693471069
    },
    "yaw_rad": 2.5286069848343846,
    "linear_vel": {
      "x": 0.16845712712143285,
      "y": -1.033188218280915e-06
    },
    "angular_vel_z": 0.0031593152351124462
  }
}