{
  "frame_idx": 36,
  "ros_stamp": 4021.9,
  "wall_time": 1776688177.2808807,
  "prompt": "go to the left of trash can",
  "goal_id": "trash_can_left",
  "goal_pose": {
    "frame_id": "map",
    "x": -0.187,
    "y": 7.555,
    "yaw_rad": -1.536
  },
  "odom": {
    "position": {
      "x": 2.292894373080442,
      "y": 2.1696012933539524,
      "z": 0.0
    },
    "orientation_quat": {
      "x": -0.0006653806392721,
      "y": 0.00020486507028159064,
      "z": 0.9557014419451675,
      "w": 0.29433699931003465
    },
    "yaw_rad": 2.544069078923487,
    "linear_vel": {
      "x": 0.19049265949797833,
      "y": -3.1663890932110772e-06
    },
    "angular_vel_z": 0.01110281087195173
  }
}