{
  "frame_idx": 37,
  "ros_stamp": 4023.9,
  "wall_time": 1776688179.5027258,
  "prompt": "go to the left of trash can",
  "goal_id": "trash_can_left",
  "goal_pose": {
    "frame_id": "map",
    "x": -0.187,
    "y": 7.555,
    "yaw_rad": -1.536
  },
  "odom": {
    "position": {
      "x": 2.014831490281068,
      "y": 2.3704569876591353,
      "z": 0.0
    },
    "orientation_quat": {
      "x": 0.0020951576287352724,
      "y": -0.0007416790203884951,
      "z": 0.9427165636227859,
      "w": 0.3335873812031677
    },
    "yaw_rad": 2.4613781453315213,
    "linear_vel": {
      "x": 0.1624100121955615,
      "y": -1.3185961301530704e-05
    },
    "angular_vel_z": -0.06963367975158766
  }
}