{
  "frame_idx": 38,
  "ros_stamp": 4025.9,
  "wall_time": 1776688181.6071653,
  "prompt": "go to the left of trash can",
  "goal_id": "trash_can_left",
  "goal_pose": {
    "frame_id": "map",
    "x": -0.187,
    "y": 7.555,
    "yaw_rad": -1.536
  },
  "odom": {
    "position": {
      "x": 1.79633293782157,
      "y": 2.5794266460780446,
      "z": 0.0
    },
    "orientation_quat": {
      "x": 7.229260134294329e-05,
      "y": -3.326814331401204e-05,
      "z": 0.9085517017235558,
      "w": 0.4177724248466395
    },
    "yaw_rad": 2.2796083564651886,
    "linear_vel": {
      "x": 0.13993042752695617,
      "y": 1.0731983175148705e-05
    },
    "angular_vel_z": -0.08159459992143227
  }
}