{
  "frame_idx": 39,
  "ros_stamp": 4027.9,
  "wall_time": 1776688183.7616725,
  "prompt": "go to the left of trash can",
  "goal_id": "trash_can_left",
  "goal_pose": {
    "frame_id": "map",
    "x": -0.187,
    "y": 7.555,
    "yaw_rad": -1.536
  },
  "odom": {
    "position": {
      "x": 1.6491103095316786,
      "y": 2.7971985522027145,
      "z": 0.0
    },
    "orientation_quat": {
      "x": 0.0017235629642738904,
      "y": -0.0010551646061262522,
      "z": 0.8528738058581724,
      "w": 0.5221131938951159
    },
    "yaw_rad": 2.042936546795798,
    "linear_vel": {
      "x": 0.12727360249665295,
      "y": -1.6125442554630555e-05
    },
    "angular_vel_z": -0.09010267878902581
  }
}