{
  "frame_idx": 40,
  "ros_stamp": 4029.9,
  "wall_time": 1776688185.9659998,
  "prompt": "go to the left of trash can",
  "goal_id": "trash_can_left",
  "goal_pose": {
    "frame_id": "map",
    "x": -0.187,
    "y": 7.555,
    "yaw_rad": -1.536
  },
  "odom": {
    "position": {
      "x": 1.5362029778530197,
      "y": 3.087565582336853,
      "z": 0.0
    },
    "orientation_quat": {
      "x": -0.0008625359796786334,
      "y": 0.0006387322545714046,
      "z": 0.8036084593982535,
      "w": 0.5951573674553279
    },
    "yaw_rad": 1.8666688796146167,
    "linear_vel": {
      "x": 0.16957653549456125,
      "y": 2.079716740490897e-05
    },
    "angular_vel_z": -0.06229627019541782
  }
}