{
  "frame_idx": 41,
  "ros_stamp": 4031.9,
  "wall_time": 1776688188.0605288,
  "prompt": "go to the left of trash can",
  "goal_id": "trash_can_left",
  "goal_pose": {
    "frame_id": "map",
    "x": -0.187,
    "y": 7.555,
    "yaw_rad": -1.536
  },
  "odom": {
    "position": {
      "x": 1.449742849925208,
      "y": 3.4208359334636063,
      "z": 0.0
    },
    "orientation_quat": {
      "x": 0.0017423920387829813,
      "y": -0.0013830679194344398,
      "z": 0.7832434042449056,
      "w": 0.6217112037754868
    },
    "yaw_rad": 1.7997375828662787,
    "linear_vel": {
      "x": 0.19342280648083685,
      "y": -2.409115261902057e-07
    },
    "angular_vel_z": 0.0
  }
}