{
  "frame_idx": 42,
  "ros_stamp": 4033.9,
  "wall_time": 1776688190.258906,
  "prompt": "go to the left of trash can",
  "goal_id": "trash_can_left",
  "goal_pose": {
    "frame_id": "map",
    "x": -0.187,
    "y": 7.555,
    "yaw_rad": -1.536
  },
  "odom": {
    "position": {
      "x": 1.3665300184342666,
      "y": 3.7799065061299792,
      "z": 0.0
    },
    "orientation_quat": {
      "x": -0.0003664465610505114,
      "y": 0.0002878234089853321,
      "z": 0.7864055241517409,
      "w": 0.6177103969160863
    },
    "yaw_rad": 1.8099367152577752,
    "linear_vel": {
      "x": 0.17499735734553445,
      "y": -7.306047895528988e-06
    },
    "angular_vel_z": 0.027480473316017783
  }
}