{
  "frame_idx": 43,
  "ros_stamp": 4035.9,
  "wall_time": 1776688192.3521416,
  "prompt": "go to the left of trash can",
  "goal_id": "trash_can_left",
  "goal_pose": {
    "frame_id": "map",
    "x": -0.187,
    "y": 7.555,
    "yaw_rad": -1.536
  },
  "odom": {
    "position": {
      "x": 1.2844341178883327,
      "y": 4.101496814343021,
      "z": 0.0
    },
    "orientation_quat": {
      "x": -0.0009033444902641017,
      "y": 0.0007041175038881239,
      "z": 0.7887001003984814,
      "w": 0.6147770651371911
    },
    "yaw_rad": 1.8173850819778632,
    "linear_vel": {
      "x": 0.1897211187294408,
      "y": 1.1106022351973339e-06
    },
    "angular_vel_z": -0.004459608864247228
  }
}