{
  "frame_idx": 44,
  "ros_stamp": 4037.9,
  "wall_time": 1776688194.562453,
  "prompt": "go to the left of trash can",
  "goal_id": "trash_can_left",
  "goal_pose": {
    "frame_id": "map",
    "x": -0.187,
    "y": 7.555,
    "yaw_rad": -1.536
  },
  "odom": {
    "position": {
      "x": 1.1924376924312476,
      "y": 4.452012277275821,
      "z": 0.0
    },
    "orientation_quat": {
      "x": 0.001765291399378273,
      "y": -0.0013512641470239653,
      "z": 0.7940706013208552,
      "w": 0.6078214688125253
    },
    "yaw_rad": 1.8349604438861167,
    "linear_vel": {
      "x": 0.19406617583218658,
      "y": -2.3525106853876214e-06
    },
    "angular_vel_z": -0.011520907351126444
  }
}