{
  "frame_idx": 45,
  "ros_stamp": 4039.9,
  "wall_time": 1776688196.7232618,
  "prompt": "go to the left of trash can",
  "goal_id": "trash_can_left",
  "goal_pose": {
    "frame_id": "map",
    "x": -0.187,
    "y": 7.555,
    "yaw_rad": -1.536
  },
  "odom": {
    "position": {
      "x": 1.0935161890826763,
      "y": 4.793118165301447,
      "z": 0.0
    },
    "orientation_quat": {
      "x": 0.0017945235201955634,
      "y": -0.0013116113343838917,
      "z": 0.8072002225571332,
      "w": 0.5902735468109321
    },
    "yaw_rad": 1.878793676374139,
    "linear_vel": {
      "x": 0.17215983606499163,
      "y": 1.2301080397293575e-06
    },
    "angular_vel_z": 0.0020794018574154982
  }
}