{
  "frame_idx": 46,
  "ros_stamp": 4041.9,
  "wall_time": 1776688198.8235397,
  "prompt": "go to the left of trash can",
  "goal_id": "trash_can_left",
  "goal_pose": {
    "frame_id": "map",
    "x": -0.187,
    "y": 7.555,
    "yaw_rad": -1.536
  },
  "odom": {
    "position": {
      "x": 0.9830812164765217,
      "y": 5.1266075492124035,
      "z": 0.0
    },
    "orientation_quat": {
      "x": 0.0008083070064386642,
      "y": -0.0005761496099901931,
      "z": 0.8143194220789863,
      "w": 0.5804161382287331
    },
    "yaw_rad": 1.9031127051808991,
    "linear_vel": {
      "x": 0.18809969089679934,
      "y": 1.2428529084876642e-06
    },
    "angular_vel_z": -0.015036424591257216
  }
}