{
  "frame_idx": 47,
  "ros_stamp": 4043.9,
  "wall_time": 1776688201.0248153,
  "prompt": "go to the left of trash can",
  "goal_id": "trash_can_left",
  "goal_pose": {
    "frame_id": "map",
    "x": -0.187,
    "y": 7.555,
    "yaw_rad": -1.536
  },
  "odom": {
    "position": {
      "x": 0.8590196987374122,
      "y": 5.475801068681662,
      "z": 0.0
    },
    "orientation_quat": {
      "x": 0.0008915222147851472,
      "y": -0.000622432769070731,
      "z": 0.8199464488732355,
      "w": 0.5724392009163584
    },
    "yaw_rad": 1.9226366207287748,
    "linear_vel": {
      "x": 0.1838669389848202,
      "y": -6.460707458483413e-07
    },
    "angular_vel_z": 0.007508291282807176
  }
}