{
  "frame_idx": 48,
  "ros_stamp": 4045.9,
  "wall_time": 1776688203.1144662,
  "prompt": "go to the left of trash can",
  "goal_id": "trash_can_left",
  "goal_pose": {
    "frame_id": "map",
    "x": -0.187,
    "y": 7.555,
    "yaw_rad": -1.536
  },
  "odom": {
    "position": {
      "x": 0.7300531001615239,
      "y": 5.815173730909072,
      "z": 0.0
    },
    "orientation_quat": {
      "x": -0.0018048970925193017,
      "y": 0.0012171520606364876,
      "z": 0.8290879168014826,
      "w": 0.5591140197679937
    },
    "yaw_rad": 1.954955861999938,
    "linear_vel": {
      "x": 0.18035970290670936,
      "y": -2.5578240297476854e-05
    },
    "angular_vel_z": 0.04845516666270167
  }
}