{
  "frame_idx": 49,
  "ros_stamp": 4047.9,
  "wall_time": 1776688205.272195,
  "prompt": "go to the left of trash can",
  "goal_id": "trash_can_left",
  "goal_pose": {
    "frame_id": "map",
    "x": -0.187,
    "y": 7.555,
    "yaw_rad": -1.536
  },
  "odom": {
    "position": {
      "x": 0.5858306190475103,
      "y": 6.149230099211029,
      "z": 0.0
    },
    "orientation_quat": {
      "x": -0.0018657895101960493,
      "y": 0.0012083865633980293,
      "z": 0.8393342200172326,
      "w": 0.5436111898585984
    },
    "yaw_rad": 1.9921223024337364,
    "linear_vel": {
      "x": 0.17750048794132794,
      "y": -1.0058164454256383e-05
    },
    "angular_vel_z": 0.01803282601133644
  }
}