{
  "frame_idx": 50,
  "ros_stamp": 4049.9,
  "wall_time": 1776688207.4347794,
  "prompt": "go to the left of trash can",
  "goal_id": "trash_can_left",
  "goal_pose": {
    "frame_id": "map",
    "x": -0.187,
    "y": 7.555,
    "yaw_rad": -1.536
  },
  "odom": {
    "position": {
      "x": 0.42627146179141456,
      "y": 6.4929493971489665,
      "z": 0.0
    },
    "orientation_quat": {
      "x": 0.0011323159024887646,
      "y": -0.0007134771772515164,
      "z": 0.8460608635558028,
      "w": 0.5330846311517751
    },
    "yaw_rad": 2.0171069958301056,
    "linear_vel": {
      "x": 0.21581394343252028,
      "y": 5.10536705902872e-07
    },
    "angular_vel_z": 0.007777496611286179
  }
}