{
  "frame_idx": 51,
  "ros_stamp": 4051.9,
  "wall_time": 1776688209.5353453,
  "prompt": "go to the left of trash can",
  "goal_id": "trash_can_left",
  "goal_pose": {
    "frame_id": "map",
    "x": -0.187,
    "y": 7.555,
    "yaw_rad": -1.536
  },
  "odom": {
    "position": {
      "x": 0.24189538088401402,
      "y": 6.853414629745919,
      "z": 0.0
    },
    "orientation_quat": {
      "x": -0.001912661811965099,
      "y": 0.0011394945801987747,
      "z": 0.8590852827620722,
      "w": 0.511827627447469
    },
    "yaw_rad": 2.0669680019370835,
    "linear_vel": {
      "x": 0.1867413106700248,
      "y": 1.1306686897784735e-06
    },
    "angular_vel_z": -0.003068852599531143
  }
}