{
  "frame_idx": 52,
  "ros_stamp": 4053.9,
  "wall_time": 1776688211.720904,
  "prompt": "go to the left of trash can",
  "goal_id": "trash_can_left",
  "goal_pose": {
    "frame_id": "map",
    "x": -0.187,
    "y": 7.555,
    "yaw_rad": -1.536
  },
  "odom": {
    "position": {
      "x": 0.07783291448064572,
      "y": 7.146438647604077,
      "z": 0.0
    },
    "orientation_quat": {
      "x": -0.0002800890408952403,
      "y": 0.00016073119670105006,
      "z": 0.8672798009536483,
      "w": 0.49782089407076086
    },
    "yaw_rad": 2.0994238272849732,
    "linear_vel": {
      "x": 0.15144808445095181,
      "y": -6.544825221532801e-06
    },
    "angular_vel_z": 0.029779877165700585
  }
}