{
  "frame_idx": 53,
  "ros_stamp": 4055.9,
  "wall_time": 1776688213.8322206,
  "prompt": "go to the left of trash can",
  "goal_id": "trash_can_left",
  "goal_pose": {
    "frame_id": "map",
    "x": -0.187,
    "y": 7.555,
    "yaw_rad": -1.536
  },
  "odom": {
    "position": {
      "x": -0.08904007984352832,
      "y": 7.370245830922911,
      "z": 0.0
    },
    "orientation_quat": {
      "x": -0.0020541095701870037,
      "y": 0.0008509190803013039,
      "z": 0.9238535657018688,
      "w": 0.38273965787534364
    },
    "yaw_rad": 2.3560707242674632,
    "linear_vel": {
      "x": 0.12191382134326705,
      "y": -7.16508623815033e-05
    },
    "angular_vel_z": 0.15298750509748663
  }
}