{
  "frame_idx": 54,
  "ros_stamp": 4057.9,
  "wall_time": 1776688215.9748287,
  "prompt": "go to the left of trash can",
  "goal_id": "trash_can_left",
  "goal_pose": {
    "frame_id": "map",
    "x": -0.187,
    "y": 7.555,
    "yaw_rad": -1.536
  },
  "odom": {
    "position": {
      "x": -0.22013492092692344,
      "y": 7.46714039596003,
      "z": 0.0
    },
    "orientation_quat": {
      "x": -0.002118615844987463,
      "y": 0.0004601899899510993,
      "z": 0.977282019273085,
      "w": 0.21193195723532582
    },
    "yaw_rad": 2.714488836865893,
    "linear_vel": {
      "x": 0.035973561178008026,
      "y": -6.548080021098416e-05
    },
    "angular_vel_z": 0.17430385749833
  }
}