{
  "frame_idx": 55,
  "ros_stamp": 4059.9,
  "wall_time": 1776688218.1497555,
  "prompt": "go to the left of trash can",
  "goal_id": "trash_can_left",
  "goal_pose": {
    "frame_id": "map",
    "x": -0.187,
    "y": 7.555,
    "yaw_rad": -1.536
  },
  "odom": {
    "position": {
      "x": -0.2558209006340572,
      "y": 7.478748547396943,
      "z": 0.0
    },
    "orientation_quat": {
      "x": -0.002077468398230546,
      "y": 8.772952366074583e-05,
      "z": 0.9991085138432801,
      "w": 0.04216460594452609
    },
    "yaw_rad": 3.0572382519513313,
    "linear_vel": {
      "x": 0.0018924388529882722,
      "y": -5.861810723952846e-05
    },
    "angular_vel_z": 0.1802801821087589
  }
}