{
  "frame_idx": 0,
  "ros_stamp": 4559.9,
  "wall_time": 1776688756.7142398,
  "prompt": "unpacked boxes area",
  "goal_id": "box_staging_area",
  "goal_pose": {
    "frame_id": "map",
    "x": 1.545,
    "y": 6.535,
    "yaw_rad": 1.485
  },
  "odom": {
    "position": {
      "x": 3.8301399779958465,
      "y": 1.8347852687624684,
      "z": 0.0
    },
    "orientation_quat": {
      "x": 0.0014243762532724215,
      "y": 0.0017063638541141546,
      "z": -0.6408176031870044,
      "w": 0.7676899497325397
    },
    "yaw_rad": -1.3911297356367835,
    "linear_vel": {
      "x": 0.00035321990221567044,
      "y": 4.7263894765292855e-05
    },
    "angular_vel_z": -0.13480292098396626
  }
}