{
  "frame_idx": 1,
  "ros_stamp": 4561.9,
  "wall_time": 1776688758.9124157,
  "prompt": "unpacked boxes area",
  "goal_id": "box_staging_area",
  "goal_pose": {
    "frame_id": "map",
    "x": 1.545,
    "y": 6.535,
    "yaw_rad": 1.485
  },
  "odom": {
    "position": {
      "x": 3.83424904494444,
      "y": 1.8722353721651208,
      "z": 0.0
    },
    "orientation_quat": {
      "x": 0.001645790855579746,
      "y": 0.0014940542757922023,
      "z": -0.7404141981442923,
      "w": 0.6721472118223993
    },
    "yaw_rad": -1.6673781972507873,
    "linear_vel": {
      "x": -0.13636368011403008,
      "y": 1.4398499518123256e-09
    },
    "angular_vel_z": 0.0
  }
}