{
  "frame_idx": 2,
  "ros_stamp": 4563.9,
  "wall_time": 1776688760.9987402,
  "prompt": "unpacked boxes area",
  "goal_id": "box_staging_area",
  "goal_pose": {
    "frame_id": "map",
    "x": 1.545,
    "y": 6.535,
    "yaw_rad": 1.485
  },
  "odom": {
    "position": {
      "x": 3.8592336495213018,
      "y": 2.130118817372935,
      "z": 0.0
    },
    "orientation_quat": {
      "x": 0.0016457165260529583,
      "y": 0.001493986817051512,
      "z": -0.7404142088699885,
      "w": 0.6721472003392823
    },
    "yaw_rad": -1.6673782286741738,
    "linear_vel": {
      "x": -0.13636363341415786,
      "y": 5.702743430881533e-09
    },
    "angular_vel_z": 0.0
  }
}