{
  "frame_idx": 3,
  "ros_stamp": 4565.9,
  "wall_time": 1776688763.1465054,
  "prompt": "unpacked boxes area",
  "goal_id": "box_staging_area",
  "goal_pose": {
    "frame_id": "map",
    "x": 1.545,
    "y": 6.535,
    "yaw_rad": 1.485
  },
  "odom": {
    "position": {
      "x": 3.8583822935964682,
      "y": 2.1469118703986765,
      "z": 0.0
    },
    "orientation_quat": {
      "x": -2.1620278783170014e-05,
      "y": -1.6591454933713176e-05,
      "z": -0.830874251114015,
      "w": 0.5564602214830923
    },
    "yaw_rad": -1.9613538815451708,
    "linear_vel": {
      "x": 0.007831525789509483,
      "y": 6.254468777063633e-08
    },
    "angular_vel_z": -0.20040255525190348
  }
}