{
  "frame_idx": 4,
  "ros_stamp": 4567.9,
  "wall_time": 1776688765.319069,
  "prompt": "unpacked boxes area",
  "goal_id": "box_staging_area",
  "goal_pose": {
    "frame_id": "map",
    "x": 1.545,
    "y": 6.535,
    "yaw_rad": 1.485
  },
  "odom": {
    "position": {
      "x": 3.8360364357833325,
      "y": 2.1139826245188713,
      "z": 0.0
    },
    "orientation_quat": {
      "x": -7.8035318535201e-05,
      "y": -3.37759910747537e-05,
      "z": 0.9174111854838921,
      "w": -0.3979405854128369
    },
    "yaw_rad": -2.32305077172322,
    "linear_vel": {
      "x": 0.030799239623432693,
      "y": 8.888455986185402e-06
    },
    "angular_vel_z": -0.18991179562698798
  }
}