{
  "frame_idx": 5,
  "ros_stamp": 4569.9,
  "wall_time": 1776688767.4167159,
  "prompt": "unpacked boxes area",
  "goal_id": "box_staging_area",
  "goal_pose": {
    "frame_id": "map",
    "x": 1.545,
    "y": 6.535,
    "yaw_rad": 1.485
  },
  "odom": {
    "position": {
      "x": 3.765989673058067,
      "y": 2.0618904158172717,
      "z": 0.0
    },
    "orientation_quat": {
      "x": -0.0005527221781693581,
      "y": -0.0001395629548123875,
      "z": 0.9705505565787942,
      "w": -0.2408968495953578
    },
    "yaw_rad": -2.6550129599684147,
    "linear_vel": {
      "x": 0.056584234863373474,
      "y": 2.1529473238855712e-05
    },
    "angular_vel_z": -0.14311554031843293
  }
}