{
  "frame_idx": 6,
  "ros_stamp": 4571.9,
  "wall_time": 1776688769.6074312,
  "prompt": "unpacked boxes area",
  "goal_id": "box_staging_area",
  "goal_pose": {
    "frame_id": "map",
    "x": 1.545,
    "y": 6.535,
    "yaw_rad": 1.485
  },
  "odom": {
    "position": {
      "x": 3.6285278080709653,
      "y": 2.0139512896494893,
      "z": 0.0
    },
    "orientation_quat": {
      "x": -0.0015004717196555222,
      "y": -0.00014943704641828852,
      "z": 0.9954506556388169,
      "w": -0.09526656518126929
    },
    "yaw_rad": -2.9507699355348134,
    "linear_vel": {
      "x": 0.07518284819029535,
      "y": 4.977127009646937e-05
    },
    "angular_vel_z": -0.16358393791633566
  }
}