{
  "frame_idx": 7,
  "ros_stamp": 4573.9,
  "wall_time": 1776688771.6986656,
  "prompt": "unpacked boxes area",
  "goal_id": "box_staging_area",
  "goal_pose": {
    "frame_id": "map",
    "x": 1.545,
    "y": 6.535,
    "yaw_rad": 1.485
  },
  "odom": {
    "position": {
      "x": 3.435375751684636,
      "y": 2.0020727766473896,
      "z": 0.0
    },
    "orientation_quat": {
      "x": -0.00010316655720265027,
      "y": 2.318702908153226e-06,
      "z": 0.9997452143601608,
      "w": 0.022572011767693297
    },
    "yaw_rad": 3.096444795484869,
    "linear_vel": {
      "x": 0.11564258296428835,
      "y": 1.216013593219481e-05
    },
    "angular_vel_z": -0.08269112361178661
  }
}