{
  "frame_idx": 8,
  "ros_stamp": 4575.9,
  "wall_time": 1776688773.8484979,
  "prompt": "unpacked boxes area",
  "goal_id": "box_staging_area",
  "goal_pose": {
    "frame_id": "map",
    "x": 1.545,
    "y": 6.535,
    "yaw_rad": 1.485
  },
  "odom": {
    "position": {
      "x": 3.173616640581841,
      "y": 2.0363303443906458,
      "z": 0.0
    },
    "orientation_quat": {
      "x": -0.0017100099211897406,
      "y": 0.00017647677254579088,
      "z": 0.9947589065933518,
      "w": 0.1022338616859283
    },
    "yaw_rad": 2.9367667686392283,
    "linear_vel": {
      "x": 0.12336717662982451,
      "y": 2.494072175289542e-05
    },
    "angular_vel_z": -0.06041799674852579
  }
}