{
  "frame_idx": 9,
  "ros_stamp": 4577.9,
  "wall_time": 1776688776.0222728,
  "prompt": "unpacked boxes area",
  "goal_id": "box_staging_area",
  "goal_pose": {
    "frame_id": "map",
    "x": 1.545,
    "y": 6.535,
    "yaw_rad": 1.485
  },
  "odom": {
    "position": {
      "x": 2.8782927097811215,
      "y": 2.110082271149857,
      "z": 0.0
    },
    "orientation_quat": {
      "x": 0.0012465286175817284,
      "y": -0.00017123374715346176,
      "z": 0.9907136758751917,
      "w": 0.13595892497101883
    },
    "yaw_rad": 2.868829814968831,
    "linear_vel": {
      "x": 0.16063755090785728,
      "y": -8.821103337677122e-07
    },
    "angular_vel_z": -0.036306934101520326
  }
}