{
  "frame_idx": 10,
  "ros_stamp": 4579.9,
  "wall_time": 1776688778.1383939,
  "prompt": "unpacked boxes area",
  "goal_id": "box_staging_area",
  "goal_pose": {
    "frame_id": "map",
    "x": 1.545,
    "y": 6.535,
    "yaw_rad": 1.485
  },
  "odom": {
    "position": {
      "x": 2.5582647697132606,
      "y": 2.202907470951851,
      "z": 0.0
    },
    "orientation_quat": {
      "x": 0.0017271425154251232,
      "y": -0.00024914300099789855,
      "z": 0.9897586119942212,
      "w": 0.1427404809077268
    },
    "yaw_rad": 2.85513281664932,
    "linear_vel": {
      "x": 0.19516027085401347,
      "y": -1.1125547791506775e-06
    },
    "angular_vel_z": -0.006220328360299338
  }
}