{
  "frame_idx": 11,
  "ros_stamp": 4581.9,
  "wall_time": 1776688780.316773,
  "prompt": "unpacked boxes area",
  "goal_id": "box_staging_area",
  "goal_pose": {
    "frame_id": "map",
    "x": 1.545,
    "y": 6.535,
    "yaw_rad": 1.485
  },
  "odom": {
    "position": {
      "x": 2.2171198522335573,
      "y": 2.309894190333439,
      "z": 0.0
    },
    "orientation_quat": {
      "x": -0.0020303116165227594,
      "y": 0.0003486112385595738,
      "z": 0.9855700625294918,
      "w": 0.16925545235104725
    },
    "yaw_rad": 2.8014435786145633,
    "linear_vel": {
      "x": 0.15399691568613122,
      "y": 2.9185853424556867e-05
    },
    "angular_vel_z": -0.059771903491832125
  }
}