{
  "frame_idx": 12,
  "ros_stamp": 4583.9,
  "wall_time": 1776688782.432257,
  "prompt": "unpacked boxes area",
  "goal_id": "box_staging_area",
  "goal_pose": {
    "frame_id": "map",
    "x": 1.545,
    "y": 6.535,
    "yaw_rad": 1.485
  },
  "odom": {
    "position": {
      "x": 1.9403230839601244,
      "y": 2.4403051424678313,
      "z": 0.0
    },
    "orientation_quat": {
      "x": 0.0013064237392455868,
      "y": -0.0003841794695363264,
      "z": 0.958499850875658,
      "w": 0.28508977802525665
    },
    "yaw_rad": 2.563391906742316,
    "linear_vel": {
      "x": 0.15595502424713512,
      "y": -6.129704502271904e-06
    },
    "angular_vel_z": -0.13735297821370568
  }
}