{
  "frame_idx": 13,
  "ros_stamp": 4585.9,
  "wall_time": 1776688784.5763404,
  "prompt": "unpacked boxes area",
  "goal_id": "box_staging_area",
  "goal_pose": {
    "frame_id": "map",
    "x": 1.545,
    "y": 6.535,
    "yaw_rad": 1.485
  },
  "odom": {
    "position": {
      "x": 1.7662734430134346,
      "y": 2.5936608704620814,
      "z": 0.0
    },
    "orientation_quat": {
      "x": -0.0020099711728051818,
      "y": 0.0009491053514726715,
      "z": 0.9042572991152065,
      "w": 0.42698219659815806
    },
    "yaw_rad": 2.2592846828954385,
    "linear_vel": {
      "x": 0.10568616780905234,
      "y": 6.270693882333311e-05
    },
    "angular_vel_z": -0.13830761571130856
  }
}