{
  "frame_idx": 14,
  "ros_stamp": 4587.9,
  "wall_time": 1776688786.7478766,
  "prompt": "unpacked boxes area",
  "goal_id": "box_staging_area",
  "goal_pose": {
    "frame_id": "map",
    "x": 1.545,
    "y": 6.535,
    "yaw_rad": 1.485
  },
  "odom": {
    "position": {
      "x": 1.6500873377139649,
      "y": 2.794247957566716,
      "z": 0.0
    },
    "orientation_quat": {
      "x": -0.0018303865249448483,
      "y": 0.001256951928196245,
      "z": 0.825599151624153,
      "w": 0.5642527010077122
    },
    "yaw_rad": 1.9425336719833128,
    "linear_vel": {
      "x": 0.11071894335578136,
      "y": 8.626255892296227e-05
    },
    "angular_vel_z": -0.14443389473951368
  }
}