{
  "frame_idx": 15,
  "ros_stamp": 4589.9,
  "wall_time": 1776688788.8396132,
  "prompt": "unpacked boxes area",
  "goal_id": "box_staging_area",
  "goal_pose": {
    "frame_id": "map",
    "x": 1.545,
    "y": 6.535,
    "yaw_rad": 1.485
  },
  "odom": {
    "position": {
      "x": 1.586884094131195,
      "y": 3.044807619905417,
      "z": 0.0
    },
    "orientation_quat": {
      "x": -0.0016844844534463555,
      "y": 0.0014503116463103105,
      "z": 0.7578831868357648,
      "w": 0.6523864914450022
    },
    "yaw_rad": 1.7201302751695076,
    "linear_vel": {
      "x": 0.15013987294823494,
      "y": 6.650754573711029e-05
    },
    "angular_vel_z": -0.132786050737047
  }
}