{
  "frame_idx": 16,
  "ros_stamp": 4591.9,
  "wall_time": 1776688791.004481,
  "prompt": "unpacked boxes area",
  "goal_id": "box_staging_area",
  "goal_pose": {
    "frame_id": "map",
    "x": 1.545,
    "y": 6.535,
    "yaw_rad": 1.485
  },
  "odom": {
    "position": {
      "x": 1.5615563969422808,
      "y": 3.377191455677482,
      "z": 0.0
    },
    "orientation_quat": {
      "x": -0.0001709094847452027,
      "y": 0.00016279979544756086,
      "z": 0.7240638274301128,
      "w": 0.6897329324408328
    },
    "yaw_rad": 1.61935231529354,
    "linear_vel": {
      "x": 0.17798700305949683,
      "y": 1.8417330959997157e-06
    },
    "angular_vel_z": -0.008141328970280456
  }
}