{
  "frame_idx": 17,
  "ros_stamp": 4593.9,
  "wall_time": 1776688793.1230226,
  "prompt": "unpacked boxes area",
  "goal_id": "box_staging_area",
  "goal_pose": {
    "frame_id": "map",
    "x": 1.545,
    "y": 6.535,
    "yaw_rad": 1.485
  },
  "odom": {
    "position": {
      "x": 1.5482882345790796,
      "y": 3.725910950520781,
      "z": 0.0
    },
    "orientation_quat": {
      "x": 0.00033958228500165704,
      "y": -0.00033374840423505827,
      "z": 0.7132209111046252,
      "w": 0.7009391594560564
    },
    "yaw_rad": 1.5881655668622896,
    "linear_vel": {
      "x": 0.17855567539488987,
      "y": 1.7695765325048096e-06
    },
    "angular_vel_z": -0.017791411081551776
  }
}