{
  "frame_idx": 18,
  "ros_stamp": 4595.9,
  "wall_time": 1776688795.242365,
  "prompt": "unpacked boxes area",
  "goal_id": "box_staging_area",
  "goal_pose": {
    "frame_id": "map",
    "x": 1.545,
    "y": 6.535,
    "yaw_rad": 1.485
  },
  "odom": {
    "position": {
      "x": 1.5460012717640639,
      "y": 4.067405201483042,
      "z": 0.0
    },
    "orientation_quat": {
      "x": -0.0005437168900084749,
      "y": 0.0005476417845812028,
      "z": 0.7046121485571056,
      "w": 0.7095922241443734
    },
    "yaw_rad": 1.5637534197936755,
    "linear_vel": {
      "x": 0.18058959746157185,
      "y": 1.5793106767365162e-06
    },
    "angular_vel_z": -0.004954626794691607
  }
}