{
  "frame_idx": 19,
  "ros_stamp": 4597.9,
  "wall_time": 1776688797.411214,
  "prompt": "unpacked boxes area",
  "goal_id": "box_staging_area",
  "goal_pose": {
    "frame_id": "map",
    "x": 1.545,
    "y": 6.535,
    "yaw_rad": 1.485
  },
  "odom": {
    "position": {
      "x": 1.5474905258280018,
      "y": 4.43481575748394,
      "z": 0.0
    },
    "orientation_quat": {
      "x": 0.001565582313589958,
      "y": -0.0015775573139476568,
      "z": 0.7044038590136577,
      "w": 0.7097959310052486
    },
    "yaw_rad": 1.5631707481161203,
    "linear_vel": {
      "x": 0.19106751870208746,
      "y": -2.3382981968234096e-06
    },
    "angular_vel_z": -0.01503650588891393
  }
}