{
  "frame_idx": 20,
  "ros_stamp": 4599.9,
  "wall_time": 1776688799.5115757,
  "prompt": "unpacked boxes area",
  "goal_id": "box_staging_area",
  "goal_pose": {
    "frame_id": "map",
    "x": 1.545,
    "y": 6.535,
    "yaw_rad": 1.485
  },
  "odom": {
    "position": {
      "x": 1.5501207471599094,
      "y": 4.761943549657605,
      "z": 0.0
    },
    "orientation_quat": {
      "x": 0.0006603696137943614,
      "y": -0.000663348572140335,
      "z": 0.705518996033661,
      "w": 0.7086903908734055
    },
    "yaw_rad": 1.566311291490946,
    "linear_vel": {
      "x": 0.19269479339463552,
      "y": -4.3748389003963463e-07
    },
    "angular_vel_z": 0.006800259940836146
  }
}