{
  "frame_idx": 21,
  "ros_stamp": 4601.9,
  "wall_time": 1776688801.669448,
  "prompt": "unpacked boxes area",
  "goal_id": "box_staging_area",
  "goal_pose": {
    "frame_id": "map",
    "x": 1.545,
    "y": 6.535,
    "yaw_rad": 1.485
  },
  "odom": {
    "position": {
      "x": 1.5510970832861481,
      "y": 5.121366948968674,
      "z": 0.0
    },
    "orientation_quat": {
      "x": -0.001424655268925207,
      "y": 0.0014293173987899761,
      "z": 0.7059464884230886,
      "w": 0.7082622980875435
    },
    "yaw_rad": 1.5675212691945286,
    "linear_vel": {
      "x": 0.1604652596701388,
      "y": 8.198240136546371e-06
    },
    "angular_vel_z": -0.01709719774795817
  }
}