{
  "frame_idx": 22,
  "ros_stamp": 4603.9,
  "wall_time": 1776688803.79349,
  "prompt": "unpacked boxes area",
  "goal_id": "box_staging_area",
  "goal_pose": {
    "frame_id": "map",
    "x": 1.545,
    "y": 6.535,
    "yaw_rad": 1.485
  },
  "odom": {
    "position": {
      "x": 1.5499210743082539,
      "y": 5.516926189825611,
      "z": 0.0
    },
    "orientation_quat": {
      "x": -0.0014799700439358909,
      "y": 0.0014722963002683205,
      "z": 0.7089406142476959,
      "w": 0.7052650902337169
    },
    "yaw_rad": 1.5759943198801694,
    "linear_vel": {
      "x": 0.19732305352754637,
      "y": -6.066119829310746e-07
    },
    "angular_vel_z": 0.0
  }
}