{
  "frame_idx": 23,
  "ros_stamp": 4605.9,
  "wall_time": 1776688805.8966587,
  "prompt": "unpacked boxes area",
  "goal_id": "box_staging_area",
  "goal_pose": {
    "frame_id": "map",
    "x": 1.545,
    "y": 6.535,
    "yaw_rad": 1.485
  },
  "odom": {
    "position": {
      "x": 1.5498103338759817,
      "y": 5.89408090277241,
      "z": 0.0
    },
    "orientation_quat": {
      "x": -0.0009157701959497275,
      "y": 0.000916705474687984,
      "z": 0.7067470565917617,
      "w": 0.7074651362540079
    },
    "yaw_rad": 1.5697808079103626,
    "linear_vel": {
      "x": 0.17136901074673347,
      "y": 4.128090935803233e-06
    },
    "angular_vel_z": -0.010828595644851535
  }
}