{
  "frame_idx": 24,
  "ros_stamp": 4607.9,
  "wall_time": 1776688808.0916896,
  "prompt": "unpacked boxes area",
  "goal_id": "box_staging_area",
  "goal_pose": {
    "frame_id": "map",
    "x": 1.545,
    "y": 6.535,
    "yaw_rad": 1.485
  },
  "odom": {
    "position": {
      "x": 1.5510217518741904,
      "y": 6.186098116481937,
      "z": 0.0
    },
    "orientation_quat": {
      "x": -0.0015565723627126134,
      "y": 0.0015871134242481306,
      "z": 0.700202633401441,
      "w": 0.7139407050526995
    },
    "yaw_rad": 1.5513674059554519,
    "linear_vel": {
      "x": 0.11183092173471784,
      "y": 8.93805438502201e-06
    },
    "angular_vel_z": -0.01945787604222369
  }
}