{
  "frame_idx": 0,
  "ros_stamp": 829.9,
  "wall_time": 1776684727.3331552,
  "prompt": "main shelf area",
  "goal_id": "big_shelf_area",
  "goal_pose": {
    "frame_id": "map",
    "x": -3.858,
    "y": -8.011,
    "yaw_rad": 1.5399999999999998
  },
  "odom": {
    "position": {
      "x": 3.750760606115327,
      "y": 1.7784684534718316,
      "z": 0.0
    },
    "orientation_quat": {
      "x": 0.0014651641960790425,
      "y": 0.0016716486962833218,
      "z": -0.659130598004515,
      "w": 0.7520252081271779
    },
    "yaw_rad": -1.4393285276168362,
    "linear_vel": {
      "x": -0.0005282129555689492,
      "y": 4.77871226618576e-05
    },
    "angular_vel_z": -0.13696700120500208
  }
}