{
  "frame_idx": 1,
  "ros_stamp": 831.9,
  "wall_time": 1776684729.4745314,
  "prompt": "main shelf area",
  "goal_id": "big_shelf_area",
  "goal_pose": {
    "frame_id": "map",
    "x": -3.858,
    "y": -8.011,
    "yaw_rad": 1.5399999999999998
  },
  "odom": {
    "position": {
      "x": 3.7508242094357422,
      "y": 1.774059552312493,
      "z": 0.0
    },
    "orientation_quat": {
      "x": 0.0016484683556885085,
      "y": 0.0014891399209077303,
      "z": -0.7413694869819546,
      "w": 0.6710933979607381
    },
    "yaw_rad": -1.6702229090812875,
    "linear_vel": {
      "x": 0.002912689231963846,
      "y": 4.802196417656795e-05
    },
    "angular_vel_z": -0.1336581476654461
  }
}