{
  "frame_idx": 2,
  "ros_stamp": 833.9,
  "wall_time": 1776684731.5952897,
  "prompt": "main shelf area",
  "goal_id": "big_shelf_area",
  "goal_pose": {
    "frame_id": "map",
    "x": -3.858,
    "y": -8.011,
    "yaw_rad": 1.5399999999999998
  },
  "odom": {
    "position": {
      "x": 3.7427689299174713,
      "y": 1.742060471675795,
      "z": 0.0
    },
    "orientation_quat": {
      "x": -0.000179258152864756,
      "y": -0.00011935475517999626,
      "z": -0.8265931098171316,
      "w": 0.5627999506252648
    },
    "yaw_rad": -1.9460541258295694,
    "linear_vel": {
      "x": 0.03016722529806042,
      "y": -3.8516272503059094e-07
    },
    "angular_vel_z": -0.14626283875799526
  }
}