{
  "frame_idx": 3,
  "ros_stamp": 835.9,
  "wall_time": 1776684733.7827263,
  "prompt": "main shelf area",
  "goal_id": "big_shelf_area",
  "goal_pose": {
    "frame_id": "map",
    "x": -3.858,
    "y": -8.011,
    "yaw_rad": 1.5399999999999998
  },
  "odom": {
    "position": {
      "x": 3.7168584878350384,
      "y": 1.7011127109274884,
      "z": 0.0
    },
    "orientation_quat": {
      "x": -0.001896225875972683,
      "y": -0.0008754729265591361,
      "z": 0.9079187692881853,
      "w": -0.41914096226545217
    },
    "yaw_rad": -2.276592731596112,
    "linear_vel": {
      "x": 0.037686512231495675,
      "y": 5.884772620335522e-05
    },
    "angular_vel_z": -0.16445394099387864
  }
}