{
  "frame_idx": 4,
  "ros_stamp": 837.9,
  "wall_time": 1776684735.8817542,
  "prompt": "main shelf area",
  "goal_id": "big_shelf_area",
  "goal_pose": {
    "frame_id": "map",
    "x": -3.858,
    "y": -8.011,
    "yaw_rad": 1.5399999999999998
  },
  "odom": {
    "position": {
      "x": 3.6324946085871344,
      "y": 1.630327639623942,
      "z": 0.0
    },
    "orientation_quat": {
      "x": 0.0002593836507964294,
      "y": 7.744075508053007e-05,
      "z": 0.9611928867172126,
      "w": -0.2758770763352456
    },
    "yaw_rad": -2.582588493398571,
    "linear_vel": {
      "x": 0.057827279145064484,
      "y": 1.3471946427726696e-06
    },
    "angular_vel_z": -0.17082092954304393
  }
}