{
  "frame_idx": 5,
  "ros_stamp": 839.9,
  "wall_time": 1776684738.0591116,
  "prompt": "main shelf area",
  "goal_id": "big_shelf_area",
  "goal_pose": {
    "frame_id": "map",
    "x": -3.858,
    "y": -8.011,
    "yaw_rad": 1.5399999999999998
  },
  "odom": {
    "position": {
      "x": 3.4934331141422343,
      "y": 1.5720565028220665,
      "z": 0.0
    },
    "orientation_quat": {
      "x": 0.000771017592741386,
      "y": 0.0001012614519132756,
      "z": 0.9914654617445169,
      "w": -0.13036730205738678
    },
    "yaw_rad": -2.8801137051514765,
    "linear_vel": {
      "x": 0.10516083619811503,
      "y": -3.304533022845013e-06
    },
    "angular_vel_z": -0.16298428490250266
  }
}