{
  "frame_idx": 6,
  "ros_stamp": 841.9,
  "wall_time": 1776684740.1849306,
  "prompt": "main shelf area",
  "goal_id": "big_shelf_area",
  "goal_pose": {
    "frame_id": "map",
    "x": -3.858,
    "y": -8.011,
    "yaw_rad": 1.5399999999999998
  },
  "odom": {
    "position": {
      "x": 3.251774184475977,
      "y": 1.545205084962643,
      "z": 0.0
    },
    "orientation_quat": {
      "x": 0.0022260931368430314,
      "y": -6.493226439042366e-06,
      "z": 0.9999975212226908,
      "w": 4.489608025800566e-05
    },
    "yaw_rad": 3.1415028896711363,
    "linear_vel": {
      "x": 0.13421776268384578,
      "y": -2.1010063771149098e-05
    },
    "angular_vel_z": -0.08489029058527367
  }
}