{
  "frame_idx": 7,
  "ros_stamp": 843.9,
  "wall_time": 1776684742.3004062,
  "prompt": "main shelf area",
  "goal_id": "big_shelf_area",
  "goal_pose": {
    "frame_id": "map",
    "x": -3.858,
    "y": -8.011,
    "yaw_rad": 1.5399999999999998
  },
  "odom": {
    "position": {
      "x": 2.9153308778699545,
      "y": 1.5680297048634084,
      "z": 0.0
    },
    "orientation_quat": {
      "x": -0.0010325891310712769,
      "y": 3.948851321873073e-05,
      "z": 0.9994157985384671,
      "w": 0.03416129142848452
    },
    "yaw_rad": 3.073256747239748,
    "linear_vel": {
      "x": 0.1555939724004385,
      "y": -3.337496950121027e-05
    },
    "angular_vel_z": 0.10611543733740356
  }
}