{
  "frame_idx": 8,
  "ros_stamp": 845.9,
  "wall_time": 1776684744.494627,
  "prompt": "main shelf area",
  "goal_id": "big_shelf_area",
  "goal_pose": {
    "frame_id": "map",
    "x": -3.858,
    "y": -8.011,
    "yaw_rad": 1.5399999999999998
  },
  "odom": {
    "position": {
      "x": 2.6406751185492467,
      "y": 1.554451768519637,
      "z": 0.0
    },
    "orientation_quat": {
      "x": -0.0007620677230807613,
      "y": -7.602593472674573e-05,
      "z": 0.9939838857865121,
      "w": -0.10952373381869693
    },
    "yaw_rad": -2.922104799534171,
    "linear_vel": {
      "x": 0.11953231144854844,
      "y": -7.380762732136856e-05
    },
    "angular_vel_z": 0.20591307369327763
  }
}