{
  "frame_idx": 9,
  "ros_stamp": 847.9,
  "wall_time": 1776684746.5826929,
  "prompt": "main shelf area",
  "goal_id": "big_shelf_area",
  "goal_pose": {
    "frame_id": "map",
    "x": -3.858,
    "y": -8.011,
    "yaw_rad": 1.5399999999999998
  },
  "odom": {
    "position": {
      "x": 2.386726993542561,
      "y": 1.4508376385344448,
      "z": 0.0
    },
    "orientation_quat": {
      "x": 0.0003864473415250947,
      "y": 0.0001050169571809343,
      "z": 0.9614474275207331,
      "w": -0.27498851565775584
    },
    "yaw_rad": -2.584437088425813,
    "linear_vel": {
      "x": 0.13408017014508394,
      "y": -1.0585483982007812e-05
    },
    "angular_vel_z": 0.13992766626442504
  }
}