{
  "frame_idx": 10,
  "ros_stamp": 849.9,
  "wall_time": 1776684748.7511277,
  "prompt": "main shelf area",
  "goal_id": "big_shelf_area",
  "goal_pose": {
    "frame_id": "map",
    "x": -3.858,
    "y": -8.011,
    "yaw_rad": 1.5399999999999998
  },
  "odom": {
    "position": {
      "x": 2.1691540839858297,
      "y": 1.265681300186703,
      "z": 0.0
    },
    "orientation_quat": {
      "x": 0.0010208187453759772,
      "y": 0.00046146315413054346,
      "z": 0.9107903499103454,
      "w": -0.4128676343466959
    },
    "yaw_rad": -2.290391415362342,
    "linear_vel": {
      "x": 0.1392858779978887,
      "y": 3.8944315352830395e-06
    },
    "angular_vel_z": 0.11147341077649461
  }
}