{
  "frame_idx": 11,
  "ros_stamp": 851.9,
  "wall_time": 1776684750.8846684,
  "prompt": "main shelf area",
  "goal_id": "big_shelf_area",
  "goal_pose": {
    "frame_id": "map",
    "x": -3.858,
    "y": -8.011,
    "yaw_rad": 1.5399999999999998
  },
  "odom": {
    "position": {
      "x": 1.9824178844086071,
      "y": 1.003467438294451,
      "z": 0.0
    },
    "orientation_quat": {
      "x": -0.0005111849022628185,
      "y": -0.00028770101132437987,
      "z": 0.8719457701458972,
      "w": -0.4896021138054879
    },
    "yaw_rad": -2.118325711749321,
    "linear_vel": {
      "x": 0.19121687268611262,
      "y": -1.711156653069312e-05
    },
    "angular_vel_z": 0.05933110035447903
  }
}