{
  "frame_idx": 12,
  "ros_stamp": 853.9,
  "wall_time": 1776684753.003481,
  "prompt": "main shelf area",
  "goal_id": "big_shelf_area",
  "goal_pose": {
    "frame_id": "map",
    "x": -3.858,
    "y": -8.011,
    "yaw_rad": 1.5399999999999998
  },
  "odom": {
    "position": {
      "x": 1.8047093713945004,
      "y": 0.6892242209085715,
      "z": 0.0
    },
    "orientation_quat": {
      "x": -0.0008405734762309856,
      "y": -0.0005055201186737176,
      "z": -0.8568254159287013,
      "w": 0.5156057064310372
    },
    "yaw_rad": -2.0581632383964723,
    "linear_vel": {
      "x": 0.1699867415150639,
      "y": -1.342353930508316e-06
    },
    "angular_vel_z": 0.022518573769331317
  }
}