{
  "frame_idx": 13,
  "ros_stamp": 855.9,
  "wall_time": 1776684755.208988,
  "prompt": "main shelf area",
  "goal_id": "big_shelf_area",
  "goal_pose": {
    "frame_id": "map",
    "x": -3.858,
    "y": -8.011,
    "yaw_rad": 1.5399999999999998
  },
  "odom": {
    "position": {
      "x": 1.634916411708087,
      "y": 0.3646037307435514,
      "z": 0.0
    },
    "orientation_quat": {
      "x": -0.0007186663738840549,
      "y": -0.0004312635902068188,
      "z": -0.8574449281740385,
      "w": 0.5145750602963347
    },
    "yaw_rad": -2.0605682571570436,
    "linear_vel": {
      "x": 0.18299809352907448,
      "y": 8.782015155069187e-07
    },
    "angular_vel_z": -0.0061942667110354045
  }
}