{
  "frame_idx": 14,
  "ros_stamp": 857.9,
  "wall_time": 1776684757.3171911,
  "prompt": "main shelf area",
  "goal_id": "big_shelf_area",
  "goal_pose": {
    "frame_id": "map",
    "x": -3.858,
    "y": -8.011,
    "yaw_rad": 1.5399999999999998
  },
  "odom": {
    "position": {
      "x": 1.4636058366588651,
      "y": 0.041590986145856795,
      "z": 0.0
    },
    "orientation_quat": {
      "x": 0.00022285059786454373,
      "y": 0.00013437292243726539,
      "z": -0.856429448766596,
      "w": 0.516264013433896
    },
    "yaw_rad": -2.0566268037846647,
    "linear_vel": {
      "x": 0.18711236735286146,
      "y": -3.80154139747454e-06
    },
    "angular_vel_z": 0.014137571911379185
  }
}