{
  "frame_idx": 15,
  "ros_stamp": 859.9,
  "wall_time": 1776684759.4633179,
  "prompt": "main shelf area",
  "goal_id": "big_shelf_area",
  "goal_pose": {
    "frame_id": "map",
    "x": -3.858,
    "y": -8.011,
    "yaw_rad": 1.5399999999999998
  },
  "odom": {
    "position": {
      "x": 1.280274383910187,
      "y": -0.2932634486501976,
      "z": 0.0
    },
    "orientation_quat": {
      "x": 0.0018728696269335239,
      "y": 0.0011142118034718782,
      "z": -0.859415891260474,
      "w": 0.5112725073191228
    },
    "yaw_rad": -2.068260228730928,
    "linear_vel": {
      "x": 0.1946614012245214,
      "y": 6.425636154739245e-07
    },
    "angular_vel_z": 0.0
  }
}