{
  "frame_idx": 16,
  "ros_stamp": 861.9,
  "wall_time": 1776684761.6261294,
  "prompt": "main shelf area",
  "goal_id": "big_shelf_area",
  "goal_pose": {
    "frame_id": "map",
    "x": -3.858,
    "y": -8.011,
    "yaw_rad": 1.5399999999999998
  },
  "odom": {
    "position": {
      "x": 1.0997912040638271,
      "y": -0.6240049082610942,
      "z": 0.0
    },
    "orientation_quat": {
      "x": -0.0019184427463367411,
      "y": -0.0011256944260461072,
      "z": -0.8624768398400189,
      "w": 0.5060916449903745
    },
    "yaw_rad": -2.0802953480495168,
    "linear_vel": {
      "x": 0.18989116346342075,
      "y": -3.6333837945268233e-06
    },
    "angular_vel_z": -0.026263420112578168
  }
}