{
  "frame_idx": 17,
  "ros_stamp": 863.9,
  "wall_time": 1776684763.72145,
  "prompt": "main shelf area",
  "goal_id": "big_shelf_area",
  "goal_pose": {
    "frame_id": "map",
    "x": -3.858,
    "y": -8.011,
    "yaw_rad": 1.5399999999999998
  },
  "odom": {
    "position": {
      "x": 0.9132149461107449,
      "y": -0.9515636831108635,
      "z": 0.0
    },
    "orientation_quat": {
      "x": -0.0016216588129821792,
      "y": -0.00094661878602728,
      "z": -0.8636084492498751,
      "w": 0.5041596180970807
    },
    "yaw_rad": -2.0847734236465665,
    "linear_vel": {
      "x": 0.20187058596099833,
      "y": -9.59844581142628e-07
    },
    "angular_vel_z": -0.006745957042981324
  }
}