{
  "frame_idx": 18,
  "ros_stamp": 865.9,
  "wall_time": 1776684765.9228747,
  "prompt": "main shelf area",
  "goal_id": "big_shelf_area",
  "goal_pose": {
    "frame_id": "map",
    "x": -3.858,
    "y": -8.011,
    "yaw_rad": 1.5399999999999998
  },
  "odom": {
    "position": {
      "x": 0.7288861144489011,
      "y": -1.2703544116062992,
      "z": 0.0
    },
    "orientation_quat": {
      "x": 0.0019373283264141994,
      "y": 0.0010911254413810518,
      "z": 0.8713030683578852,
      "w": -0.49074027680063226
    },
    "yaw_rad": -2.11571153417611,
    "linear_vel": {
      "x": 0.17424296112964383,
      "y": -4.070410979250421e-06
    },
    "angular_vel_z": -0.02614327513739665
  }
}