{
  "frame_idx": 19,
  "ros_stamp": 867.9,
  "wall_time": 1776684768.0191736,
  "prompt": "main shelf area",
  "goal_id": "big_shelf_area",
  "goal_pose": {
    "frame_id": "map",
    "x": -3.858,
    "y": -8.011,
    "yaw_rad": 1.5399999999999998
  },
  "odom": {
    "position": {
      "x": 0.5312852884868455,
      "y": -1.5884544493577883,
      "z": 0.0
    },
    "orientation_quat": {
      "x": 0.00031691327338191974,
      "y": 0.00017378560052401295,
      "z": 0.8767585894322869,
      "w": -0.480930603331966
    },
    "yaw_rad": -2.138160947650777,
    "linear_vel": {
      "x": 0.2046821931082253,
      "y": -3.0208437825618418e-06
    },
    "angular_vel_z": 0.015488770505626867
  }
}