{
  "frame_idx": 20,
  "ros_stamp": 869.9,
  "wall_time": 1776684770.1705444,
  "prompt": "main shelf area",
  "goal_id": "big_shelf_area",
  "goal_pose": {
    "frame_id": "map",
    "x": -3.858,
    "y": -8.011,
    "yaw_rad": 1.5399999999999998
  },
  "odom": {
    "position": {
      "x": 0.33652373153389853,
      "y": -1.9026420806520004,
      "z": 0.0
    },
    "orientation_quat": {
      "x": 0.001935170100793521,
      "y": 0.00109568118697388,
      "z": 0.8701892470491177,
      "w": -0.4927126230567947
    },
    "yaw_rad": -2.1111812912189842,
    "linear_vel": {
      "x": 0.19401616679729702,
      "y": 4.3867941669151135e-06
    },
    "angular_vel_z": 0.025862060046661407
  }
}