{
  "frame_idx": 21,
  "ros_stamp": 871.9,
  "wall_time": 1776684772.3295758,
  "prompt": "main shelf area",
  "goal_id": "big_shelf_area",
  "goal_pose": {
    "frame_id": "map",
    "x": -3.858,
    "y": -8.011,
    "yaw_rad": 1.5399999999999998
  },
  "odom": {
    "position": {
      "x": 0.1470390576752127,
      "y": -2.220611310014947,
      "z": 0.0
    },
    "orientation_quat": {
      "x": -0.0019374621744566117,
      "y": -0.0010946563155660555,
      "z": 0.8704903952921232,
      "w": -0.49218037310729534
    },
    "yaw_rad": -2.1124043698561006,
    "linear_vel": {
      "x": 0.19017615659869366,
      "y": 1.6894779582225642e-05
    },
    "angular_vel_z": -0.029889219171745085
  }
}