{
  "frame_idx": 22,
  "ros_stamp": 873.9,
  "wall_time": 1776684774.4165134,
  "prompt": "main shelf area",
  "goal_id": "big_shelf_area",
  "goal_pose": {
    "frame_id": "map",
    "x": -3.858,
    "y": -8.011,
    "yaw_rad": 1.5399999999999998
  },
  "odom": {
    "position": {
      "x": -0.05487503065805582,
      "y": -2.5361979530083945,
      "z": 0.0
    },
    "orientation_quat": {
      "x": 0.0006583150687427069,
      "y": 0.00036015374209579973,
      "z": 0.8772708757441804,
      "w": -0.4799950494344614
    },
    "yaw_rad": -2.1402942069356903,
    "linear_vel": {
      "x": 0.17793224412590186,
      "y": -4.942834233343072e-07
    },
    "angular_vel_z": 0.002130531471833566
  }
}