{
  "frame_idx": 23,
  "ros_stamp": 875.9,
  "wall_time": 1776684776.6094773,
  "prompt": "main shelf area",
  "goal_id": "big_shelf_area",
  "goal_pose": {
    "frame_id": "map",
    "x": -3.858,
    "y": -8.011,
    "yaw_rad": 1.5399999999999998
  },
  "odom": {
    "position": {
      "x": -0.2599028155963533,
      "y": -2.862605141024307,
      "z": 0.0
    },
    "orientation_quat": {
      "x": -0.0005869396172627678,
      "y": -0.0003253602403195376,
      "z": 0.8746216950231116,
      "w": -0.4848055695198839
    },
    "yaw_rad": -2.129310700636622,
    "linear_vel": {
      "x": 0.19226715637030245,
      "y": 1.0234690543891136e-05
    },
    "angular_vel_z": -0.03138663016188535
  }
}