{
  "frame_idx": 24,
  "ros_stamp": 877.9,
  "wall_time": 1776684778.7026842,
  "prompt": "main shelf area",
  "goal_id": "big_shelf_area",
  "goal_pose": {
    "frame_id": "map",
    "x": -3.858,
    "y": -8.011,
    "yaw_rad": 1.5399999999999998
  },
  "odom": {
    "position": {
      "x": -0.4632540290567199,
      "y": -3.1802319963983687,
      "z": 0.0
    },
    "orientation_quat": {
      "x": -0.0009923486692964903,
      "y": -0.0005330822623562316,
      "z": 0.8809498686647769,
      "w": -0.4732082627838744
    },
    "yaw_rad": -2.1557338718726435,
    "linear_vel": {
      "x": 0.19677840818683628,
      "y": 1.1985973543838916e-05
    },
    "angular_vel_z": -0.03114975237459528
  }
}