{
  "frame_idx": 25,
  "ros_stamp": 879.9,
  "wall_time": 1776684780.8390853,
  "prompt": "main shelf area",
  "goal_id": "big_shelf_area",
  "goal_pose": {
    "frame_id": "map",
    "x": -3.858,
    "y": -8.011,
    "yaw_rad": 1.5399999999999998
  },
  "odom": {
    "position": {
      "x": -0.6693848361664104,
      "y": -3.502348142777495,
      "z": 0.0
    },
    "orientation_quat": {
      "x": 0.0009044050743687268,
      "y": 0.0004924366228075751,
      "z": 0.878237056014812,
      "w": -0.4782244378950849
    },
    "yaw_rad": -2.144328348297464,
    "linear_vel": {
      "x": 0.18548160718263193,
      "y": 7.858969737909783e-07
    },
    "angular_vel_z": -0.030139869165886672
  }
}