{
  "frame_idx": 26,
  "ros_stamp": 881.9,
  "wall_time": 1776684783.0052898,
  "prompt": "main shelf area",
  "goal_id": "big_shelf_area",
  "goal_pose": {
    "frame_id": "map",
    "x": -3.858,
    "y": -8.011,
    "yaw_rad": 1.5399999999999998
  },
  "odom": {
    "position": {
      "x": -0.8815596762165476,
      "y": -3.8155783341811547,
      "z": 0.0
    },
    "orientation_quat": {
      "x": 0.0019710423800096038,
      "y": 0.001030432784490514,
      "z": 0.8861956009588544,
      "w": -0.4633059572694785
    },
    "yaw_rad": -2.1781459275977717,
    "linear_vel": {
      "x": 0.18698280524997785,
      "y": 5.912324729323787e-08
    },
    "angular_vel_z": 0.0
  }
}