{
  "frame_idx": 27,
  "ros_stamp": 883.9,
  "wall_time": 1776684785.1006174,
  "prompt": "main shelf area",
  "goal_id": "big_shelf_area",
  "goal_pose": {
    "frame_id": "map",
    "x": -3.858,
    "y": -8.011,
    "yaw_rad": 1.5399999999999998
  },
  "odom": {
    "position": {
      "x": -1.099211084123634,
      "y": -4.130822218449502,
      "z": 0.0
    },
    "orientation_quat": {
      "x": -0.0018720535430680602,
      "y": -0.0009913781628610636,
      "z": 0.8837366626203823,
      "w": -0.46797972576326274
    },
    "yaw_rad": -2.1675836012373284,
    "linear_vel": {
      "x": 0.18684045725997395,
      "y": 5.504428681332382e-06
    },
    "angular_vel_z": -0.010077097725419561
  }
}