{
  "frame_idx": 28,
  "ros_stamp": 885.9,
  "wall_time": 1776684787.2863617,
  "prompt": "main shelf area",
  "goal_id": "big_shelf_area",
  "goal_pose": {
    "frame_id": "map",
    "x": -3.858,
    "y": -8.011,
    "yaw_rad": 1.5399999999999998
  },
  "odom": {
    "position": {
      "x": -1.3115878145107798,
      "y": -4.444967638117128,
      "z": 0.0
    },
    "orientation_quat": {
      "x": 0.0007305891446717078,
      "y": 0.0003859513547654829,
      "z": 0.8841804080306861,
      "w": -0.4671448633301482
    },
    "yaw_rad": -2.1694745309876073,
    "linear_vel": {
      "x": 0.19336094890597938,
      "y": 1.001892126115914e-06
    },
    "angular_vel_z": -0.013796294524624714
  }
}