{
  "frame_idx": 29,
  "ros_stamp": 887.9,
  "wall_time": 1776684789.3917801,
  "prompt": "main shelf area",
  "goal_id": "big_shelf_area",
  "goal_pose": {
    "frame_id": "map",
    "x": -3.858,
    "y": -8.011,
    "yaw_rad": 1.5399999999999998
  },
  "odom": {
    "position": {
      "x": -1.5256741676440635,
      "y": -4.762297649700546,
      "z": 0.0
    },
    "orientation_quat": {
      "x": -0.0004437196106189062,
      "y": -0.00023674359732986583,
      "z": 0.8823104948409639,
      "w": -0.4706675448327296
    },
    "yaw_rad": -2.1614980935949415,
    "linear_vel": {
      "x": 0.2023873694013068,
      "y": -1.3006590700778415e-06
    },
    "angular_vel_z": 0.005684082953672246
  }
}