{
  "frame_idx": 30,
  "ros_stamp": 889.9,
  "wall_time": 1776684791.513606,
  "prompt": "main shelf area",
  "goal_id": "big_shelf_area",
  "goal_pose": {
    "frame_id": "map",
    "x": -3.858,
    "y": -8.011,
    "yaw_rad": 1.5399999999999998
  },
  "odom": {
    "position": {
      "x": -1.7386265870254933,
      "y": -5.081154941028113,
      "z": 0.0
    },
    "orientation_quat": {
      "x": 0.0005424068438405847,
      "y": 0.00028663866938350867,
      "z": 0.8841113642257262,
      "w": -0.46727584923684473
    },
    "yaw_rad": -2.1691783935932194,
    "linear_vel": {
      "x": 0.19808272922054565,
      "y": -2.487382437982343e-06
    },
    "angular_vel_z": 0.021187458956232294
  }
}