{
  "frame_idx": 31,
  "ros_stamp": 891.9,
  "wall_time": 1776684793.6783698,
  "prompt": "main shelf area",
  "goal_id": "big_shelf_area",
  "goal_pose": {
    "frame_id": "map",
    "x": -3.858,
    "y": -8.011,
    "yaw_rad": 1.5399999999999998
  },
  "odom": {
    "position": {
      "x": -1.948892621320368,
      "y": -5.4041402952434705,
      "z": 0.0
    },
    "orientation_quat": {
      "x": -0.0019493161279058224,
      "y": -0.0010679688103161068,
      "z": 0.8770089495274752,
      "w": -0.4804688981172125
    },
    "yaw_rad": -2.1392113702282365,
    "linear_vel": {
      "x": 0.18103552320311847,
      "y": -4.873882625204659e-06
    },
    "angular_vel_z": 0.009951601737512732
  }
}