{
  "frame_idx": 32,
  "ros_stamp": 893.9,
  "wall_time": 1776684795.7660012,
  "prompt": "main shelf area",
  "goal_id": "big_shelf_area",
  "goal_pose": {
    "frame_id": "map",
    "x": -3.858,
    "y": -8.011,
    "yaw_rad": 1.5399999999999998
  },
  "odom": {
    "position": {
      "x": -2.1548417635665427,
      "y": -5.72479378788418,
      "z": 0.0
    },
    "orientation_quat": {
      "x": -0.0011400475741784775,
      "y": -0.0006181256806484966,
      "z": 0.8791088786699625,
      "w": -0.47661923760567276
    },
    "yaw_rad": -2.147981702037546,
    "linear_vel": {
      "x": 0.19252270863344328,
      "y": 3.9487735120673694e-06
    },
    "angular_vel_z": -0.0089336506883968
  }
}