{
  "frame_idx": 33,
  "ros_stamp": 895.9,
  "wall_time": 1776684797.9360428,
  "prompt": "main shelf area",
  "goal_id": "big_shelf_area",
  "goal_pose": {
    "frame_id": "map",
    "x": -3.858,
    "y": -8.011,
    "yaw_rad": 1.5399999999999998
  },
  "odom": {
    "position": {
      "x": -2.360720314438089,
      "y": -6.034865116568415,
      "z": 0.0
    },
    "orientation_quat": {
      "x": -0.0013315340014402554,
      "y": -0.0007034044191753872,
      "z": 0.8842158543416707,
      "w": -0.46707607000386514
    },
    "yaw_rad": -2.1696292999309637,
    "linear_vel": {
      "x": 0.18306090002708877,
      "y": -2.941708000567364e-06
    },
    "angular_vel_z": 0.007786800245004197
  }
}