{
  "frame_idx": 34,
  "ros_stamp": 897.9,
  "wall_time": 1776684800.048535,
  "prompt": "main shelf area",
  "goal_id": "big_shelf_area",
  "goal_pose": {
    "frame_id": "map",
    "x": -3.858,
    "y": -8.011,
    "yaw_rad": 1.5399999999999998
  },
  "odom": {
    "position": {
      "x": -2.5766132834430606,
      "y": -6.344789662924986,
      "z": 0.0
    },
    "orientation_quat": {
      "x": 0.0009869874471700388,
      "y": 0.0005144646153157923,
      "z": 0.886749639448383,
      "w": -0.4622486756282829
    },
    "yaw_rad": -2.180533230956961,
    "linear_vel": {
      "x": 0.1901547056481456,
      "y": 5.316484748683794e-07
    },
    "angular_vel_z": -0.009427851350493975
  }
}