{
  "frame_idx": 35,
  "ros_stamp": 899.9,
  "wall_time": 1776684802.1632068,
  "prompt": "main shelf area",
  "goal_id": "big_shelf_area",
  "goal_pose": {
    "frame_id": "map",
    "x": -3.858,
    "y": -8.011,
    "yaw_rad": 1.5399999999999998
  },
  "odom": {
    "position": {
      "x": -2.8051918050188864,
      "y": -6.670776317461533,
      "z": 0.0
    },
    "orientation_quat": {
      "x": -0.0010031999476824394,
      "y": -0.0005183964443413591,
      "z": 0.8884125040549825,
      "w": -0.4590446029458871
    },
    "yaw_rad": -2.1877529903825734,
    "linear_vel": {
      "x": 0.19245340780535058,
      "y": -1.9643109450893622e-07
    },
    "angular_vel_z": 0.0
  }
}