{
  "frame_idx": 36,
  "ros_stamp": 901.9,
  "wall_time": 1776684804.333943,
  "prompt": "main shelf area",
  "goal_id": "big_shelf_area",
  "goal_pose": {
    "frame_id": "map",
    "x": -3.858,
    "y": -8.011,
    "yaw_rad": 1.5399999999999998
  },
  "odom": {
    "position": {
      "x": -3.0142441638523287,
      "y": -6.95614825502703,
      "z": 0.0
    },
    "orientation_quat": {
      "x": 0.0019986409381278847,
      "y": 0.0009996121577492603,
      "z": 0.8943655108887844,
      "w": -0.4473313527381893
    },
    "yaw_rad": -2.2140316158420927,
    "linear_vel": {
      "x": 0.2276856742722316,
      "y": -4.700498528834051e-07
    },
    "angular_vel_z": -0.005721565515303962
  }
}