{
  "frame_idx": 37,
  "ros_stamp": 903.9,
  "wall_time": 1776684806.4286973,
  "prompt": "main shelf area",
  "goal_id": "big_shelf_area",
  "goal_pose": {
    "frame_id": "map",
    "x": -3.858,
    "y": -8.011,
    "yaw_rad": 1.5399999999999998
  },
  "odom": {
    "position": {
      "x": -3.272423113665886,
      "y": -7.29619630868094,
      "z": 0.0
    },
    "orientation_quat": {
      "x": -0.0009586870993774515,
      "y": -0.0004742820704596464,
      "z": 0.8963267410892884,
      "w": -0.4433928609978051
    },
    "yaw_rad": -2.2228312133500947,
    "linear_vel": {
      "x": 0.20379736754064576,
      "y": 1.1563461981646322e-06
    },
    "angular_vel_z": -0.0026212958971928253
  }
}