{
  "frame_idx": 38,
  "ros_stamp": 905.9,
  "wall_time": 1776684808.5852365,
  "prompt": "main shelf area",
  "goal_id": "big_shelf_area",
  "goal_pose": {
    "frame_id": "map",
    "x": -3.858,
    "y": -8.011,
    "yaw_rad": 1.5399999999999998
  },
  "odom": {
    "position": {
      "x": -3.4968326055019707,
      "y": -7.582273583309159,
      "z": 0.0
    },
    "orientation_quat": {
      "x": -0.002004031223278933,
      "y": -0.000962770670557382,
      "z": 0.9013815495216194,
      "w": -0.43302004470173927
    },
    "yaw_rad": -2.2459091930052826,
    "linear_vel": {
      "x": 0.1592008195663621,
      "y": 5.20663279330604e-06
    },
    "angular_vel_z": -0.010039772234245948
  }
}