{
  "frame_idx": 39,
  "ros_stamp": 907.9,
  "wall_time": 1776684810.715366,
  "prompt": "main shelf area",
  "goal_id": "big_shelf_area",
  "goal_pose": {
    "frame_id": "map",
    "x": -3.858,
    "y": -8.011,
    "yaw_rad": 1.5399999999999998
  },
  "odom": {
    "position": {
      "x": -3.696207603118409,
      "y": -7.803288715128618,
      "z": 0.0
    },
    "orientation_quat": {
      "x": -0.002087449541637597,
      "y": -0.0007636423029541527,
      "z": 0.9391176407371065,
      "w": -0.3435885857551369
    },
    "yaw_rad": -2.440119925584778,
    "linear_vel": {
      "x": 0.12844681878888517,
      "y": 7.584376657906891e-05
    },
    "angular_vel_z": -0.15936943368383688
  }
}