{
  "frame_idx": 40,
  "ros_stamp": 909.9,
  "wall_time": 1776684812.816732,
  "prompt": "main shelf area",
  "goal_id": "big_shelf_area",
  "goal_pose": {
    "frame_id": "map",
    "x": -3.858,
    "y": -8.011,
    "yaw_rad": 1.5399999999999998
  },
  "odom": {
    "position": {
      "x": -3.8558421898698123,
      "y": -7.90470434649579,
      "z": 0.0
    },
    "orientation_quat": {
      "x": -0.002180857363593813,
      "y": -0.00043080101109310443,
      "z": 0.9809242790032239,
      "w": -0.19437751190313657
    },
    "yaw_rad": -2.7503460316064494,
    "linear_vel": {
      "x": 0.05419707808591848,
      "y": 6.777594528207677e-05
    },
    "angular_vel_z": -0.16583469059006867
  }
}