{
  "frame_idx": 41,
  "ros_stamp": 911.9,
  "wall_time": 1776684815.0015295,
  "prompt": "main shelf area",
  "goal_id": "big_shelf_area",
  "goal_pose": {
    "frame_id": "map",
    "x": -3.858,
    "y": -8.011,
    "yaw_rad": 1.5399999999999998
  },
  "odom": {
    "position": {
      "x": -3.9169045028978227,
      "y": -7.921272435420783,
      "z": 0.0
    },
    "orientation_quat": {
      "x": -0.0022215651778624158,
      "y": -6.923232397923052e-05,
      "z": 0.9995131218536225,
      "w": -0.03112200342958875
    },
    "yaw_rad": -3.0793384407481184,
    "linear_vel": {
      "x": 0.005952187372361228,
      "y": 5.8154826450802595e-05
    },
    "angular_vel_z": -0.16442011856404065
  }
}