{
  "frame_idx": 42,
  "ros_stamp": 913.9,
  "wall_time": 1776684817.081716,
  "prompt": "main shelf area",
  "goal_id": "big_shelf_area",
  "goal_pose": {
    "frame_id": "map",
    "x": -3.858,
    "y": -8.011,
    "yaw_rad": 1.5399999999999998
  },
  "odom": {
    "position": {
      "x": -3.925748146930058,
      "y": -7.921174582454822,
      "z": 0.0
    },
    "orientation_quat": {
      "x": -0.0021995089406537435,
      "y": 0.00029265170027400794,
      "z": 0.9914697734819782,
      "w": 0.13031793731868613
    },
    "yaw_rad": 2.8802127323156648,
    "linear_vel": {
      "x": -0.00015641393637284156,
      "y": 5.5023602766812935e-05
    },
    "angular_vel_z": -0.15250555641913605
  }
}