{
  "frame_idx": 43,
  "ros_stamp": 915.9,
  "wall_time": 1776684819.234544,
  "prompt": "main shelf area",
  "goal_id": "big_shelf_area",
  "goal_pose": {
    "frame_id": "map",
    "x": -3.858,
    "y": -8.011,
    "yaw_rad": 1.5399999999999998
  },
  "odom": {
    "position": {
      "x": -3.9258879893882668,
      "y": -7.921239303762467,
      "z": 0.0
    },
    "orientation_quat": {
      "x": -0.0021380001803315367,
      "y": 0.0006074078571668646,
      "z": 0.9619242178814226,
      "w": 0.27330726127224925
    },
    "yaw_rad": 2.5879322022926297,
    "linear_vel": {
      "x": -2.6557048706061445e-07,
      "y": 5.137184255405273e-05
    },
    "angular_vel_z": -0.14692229061397832
  }
}