{
  "frame_idx": 44,
  "ros_stamp": 917.9,
  "wall_time": 1776684821.376746,
  "prompt": "main shelf area",
  "goal_id": "big_shelf_area",
  "goal_pose": {
    "frame_id": "map",
    "x": -3.858,
    "y": -8.011,
    "yaw_rad": 1.5399999999999998
  },
  "odom": {
    "position": {
      "x": -3.925944549712954,
      "y": -7.921309192887514,
      "z": 0.0
    },
    "orientation_quat": {
      "x": -0.002045231646867419,
      "y": 0.000870026056605344,
      "z": 0.9201913564081649,
      "w": 0.39146254951639126
    },
    "yaw_rad": 2.3371496540719754,
    "linear_vel": {
      "x": 0.0,
      "y": 0.0
    },
    "angular_vel_z": 0.0
  }
}