{
  "frame_idx": 45,
  "ros_stamp": 919.9,
  "wall_time": 1776684823.471073,
  "prompt": "main shelf area",
  "goal_id": "big_shelf_area",
  "goal_pose": {
    "frame_id": "map",
    "x": -3.858,
    "y": -8.011,
    "yaw_rad": 1.5399999999999998
  },
  "odom": {
    "position": {
      "x": -3.9260130034804805,
      "y": -7.921362560923796,
      "z": 0.0
    },
    "orientation_quat": {
      "x": -0.0019337923162066446,
      "y": 0.0010955952620610204,
      "z": 0.8700558411407041,
      "w": 0.49294816503892314
    },
    "yaw_rad": 2.1106398947970546,
    "linear_vel": {
      "x": 2.640763648582436e-07,
      "y": 3.451371208997532e-05
    },
    "angular_vel_z": -0.09824158749282834
  }
}