{
  "frame_idx": 46,
  "ros_stamp": 921.9,
  "wall_time": 1776684825.669496,
  "prompt": "main shelf area",
  "goal_id": "big_shelf_area",
  "goal_pose": {
    "frame_id": "map",
    "x": -3.858,
    "y": -8.011,
    "yaw_rad": 1.5399999999999998
  },
  "odom": {
    "position": {
      "x": -3.9260716284136543,
      "y": -7.9213897887013385,
      "z": 0.0
    },
    "orientation_quat": {
      "x": -0.001826972315833083,
      "y": 0.0012657145669007289,
      "z": 0.821997960657846,
      "w": 0.5694860953641755
    },
    "yaw_rad": 1.9298281664610948,
    "linear_vel": {
      "x": 2.386230696803243e-07,
      "y": 2.725300849543913e-05
    },
    "angular_vel_z": -0.0767525138531523
  }
}