{
  "frame_idx": 47,
  "ros_stamp": 923.9,
  "wall_time": 1776684827.7531388,
  "prompt": "main shelf area",
  "goal_id": "big_shelf_area",
  "goal_pose": {
    "frame_id": "map",
    "x": -3.858,
    "y": -8.011,
    "yaw_rad": 1.5399999999999998
  },
  "odom": {
    "position": {
      "x": -3.9261257646757928,
      "y": -7.921404475408402,
      "z": 0.0
    },
    "orientation_quat": {
      "x": -0.001726155416399246,
      "y": 0.0014000849216032234,
      "z": 0.7766405332987604,
      "w": 0.6299401100002346
    },
    "yaw_rad": 1.7786364562093688,
    "linear_vel": {
      "x": 1.0967435683400169e-07,
      "y": 2.2024897398619497e-05
    },
    "angular_vel_z": -0.06200587329277156
  }
}