{
  "frame_idx": 0,
  "ros_stamp": 1301.9,
  "wall_time": 1776685232.1602192,
  "prompt": "in small storage shelves",
  "goal_id": "inside_small_shelf",
  "goal_pose": {
    "frame_id": "map",
    "x": 5.231,
    "y": -5.906,
    "yaw_rad": -3.134
  },
  "odom": {
    "position": {
      "x": 3.779028666739641,
      "y": 1.5646572900107474,
      "z": 0.0
    },
    "orientation_quat": {
      "x": -0.0001687466107395626,
      "y": -0.00020308729239306564,
      "z": -0.6609678890223694,
      "w": 0.750414138966908
    },
    "yaw_rad": -1.4442157370423538,
    "linear_vel": {
      "x": 0.1487382941488124,
      "y": 1.3990433890860503e-05
    },
    "angular_vel_z": -0.1076997482040372
  }
}