{
  "frame_idx": 1,
  "ros_stamp": 1303.9,
  "wall_time": 1776685234.3063507,
  "prompt": "in small storage shelves",
  "goal_id": "inside_small_shelf",
  "goal_pose": {
    "frame_id": "map",
    "x": 5.231,
    "y": -5.906,
    "yaw_rad": -3.134
  },
  "odom": {
    "position": {
      "x": 3.7969438914090627,
      "y": 1.2427799696086492,
      "z": 0.0
    },
    "orientation_quat": {
      "x": 0.0007066714161856203,
      "y": 0.0007266572099587901,
      "z": -0.6971864588036485,
      "w": 0.7168891227000429
    },
    "yaw_rad": -1.5429316365436687,
    "linear_vel": {
      "x": 0.1574098912315247,
      "y": 5.015229440018317e-06
    },
    "angular_vel_z": -0.016805426493685327
  }
}