{
  "frame_idx": 2,
  "ros_stamp": 1305.9,
  "wall_time": 1776685236.4255672,
  "prompt": "in small storage shelves",
  "goal_id": "inside_small_shelf",
  "goal_pose": {
    "frame_id": "map",
    "x": 5.231,
    "y": -5.906,
    "yaw_rad": -3.134
  },
  "odom": {
    "position": {
      "x": 3.802718757008499,
      "y": 0.8759170157284516,
      "z": 0.0
    },
    "orientation_quat": {
      "x": 0.0009821244607896179,
      "y": 0.000982523312658213,
      "z": -0.7069645289132815,
      "w": 0.7072476404611794
    },
    "yaw_rad": -1.5703959462260701,
    "linear_vel": {
      "x": 0.17480334867510489,
      "y": 7.416659123829256e-07
    },
    "angular_vel_z": -0.0019466661424654558
  }
}