{
  "frame_idx": 3,
  "ros_stamp": 1307.9,
  "wall_time": 1776685238.6034923,
  "prompt": "in small storage shelves",
  "goal_id": "inside_small_shelf",
  "goal_pose": {
    "frame_id": "map",
    "x": 5.231,
    "y": -5.906,
    "yaw_rad": -3.134
  },
  "odom": {
    "position": {
      "x": 3.8021040324729856,
      "y": 0.5467206691414594,
      "z": 0.0
    },
    "orientation_quat": {
      "x": -0.0008301531505529547,
      "y": -0.0008242447985907637,
      "z": -0.7096264888566854,
      "w": 0.7045770914379711
    },
    "yaw_rad": -1.5779372731627888,
    "linear_vel": {
      "x": 0.17569960457188483,
      "y": -9.0034151983273e-08
    },
    "angular_vel_z": -0.0107481372150322
  }
}