{
  "frame_idx": 4,
  "ros_stamp": 1309.9,
  "wall_time": 1776685240.696303,
  "prompt": "in small storage shelves",
  "goal_id": "inside_small_shelf",
  "goal_pose": {
    "frame_id": "map",
    "x": 5.231,
    "y": -5.906,
    "yaw_rad": -3.134
  },
  "odom": {
    "position": {
      "x": 3.80023045521804,
      "y": 0.21020988281401673,
      "z": 0.0
    },
    "orientation_quat": {
      "x": -0.0015766442395143486,
      "y": -0.0015675144678078048,
      "z": -0.7091557394798798,
      "w": 0.7050483630603508
    },
    "yaw_rad": -1.5766050567620116,
    "linear_vel": {
      "x": 0.16100871619328166,
      "y": 2.3483882535903183e-06
    },
    "angular_vel_z": 0.012630107218484555
  }
}