{
  "frame_idx": 5,
  "ros_stamp": 1311.9,
  "wall_time": 1776685242.8564615,
  "prompt": "in small storage shelves",
  "goal_id": "inside_small_shelf",
  "goal_pose": {
    "frame_id": "map",
    "x": 5.231,
    "y": -5.906,
    "yaw_rad": -3.134
  },
  "odom": {
    "position": {
      "x": 3.7978000782824335,
      "y": -0.12687821200352076,
      "z": 0.0
    },
    "orientation_quat": {
      "x": 0.0015721724077463147,
      "y": 0.001573179435079681,
      "z": -0.706877428514725,
      "w": 0.707332562827978
    },
    "yaw_rad": -1.5701526680568332,
    "linear_vel": {
      "x": 0.1628636642247457,
      "y": 5.131595606474802e-06
    },
    "angular_vel_z": -0.010062049639874001
  }
}