{
  "frame_idx": 6,
  "ros_stamp": 1313.9,
  "wall_time": 1776685244.999972,
  "prompt": "in small storage shelves",
  "goal_id": "inside_small_shelf",
  "goal_pose": {
    "frame_id": "map",
    "x": 5.231,
    "y": -5.906,
    "yaw_rad": -3.134
  },
  "odom": {
    "position": {
      "x": 3.7992509330625714,
      "y": -0.46598250664735763,
      "z": 0.0
    },
    "orientation_quat": {
      "x": -0.0015661490486007109,
      "y": -0.0015773327128050805,
      "z": -0.7045835866914074,
      "w": 0.7096175227287884
    },
    "yaw_rad": -1.5636772335400482,
    "linear_vel": {
      "x": 0.17912456763606024,
      "y": 7.143721048576911e-08
    },
    "angular_vel_z": 0.0
  }
}