{
  "frame_idx": 7,
  "ros_stamp": 1315.9,
  "wall_time": 1776685247.100062,
  "prompt": "in small storage shelves",
  "goal_id": "inside_small_shelf",
  "goal_pose": {
    "frame_id": "map",
    "x": 5.231,
    "y": -5.906,
    "yaw_rad": -3.134
  },
  "odom": {
    "position": {
      "x": 3.7994679349261444,
      "y": -0.8163414845373491,
      "z": 0.0
    },
    "orientation_quat": {
      "x": 0.0015795750375039632,
      "y": 0.0015742121156112146,
      "z": -0.7083063089536218,
      "w": 0.7059016925149085
    },
    "yaw_rad": -1.5741969780680816,
    "linear_vel": {
      "x": 0.16994365543175977,
      "y": -5.218301167180872e-07
    },
    "angular_vel_z": 0.0
  }
}