{
  "frame_idx": 8,
  "ros_stamp": 1317.9,
  "wall_time": 1776685249.2956197,
  "prompt": "in small storage shelves",
  "goal_id": "inside_small_shelf",
  "goal_pose": {
    "frame_id": "map",
    "x": 5.231,
    "y": -5.906,
    "yaw_rad": -3.134
  },
  "odom": {
    "position": {
      "x": 3.7996447981349823,
      "y": -1.1764471303635153,
      "z": 0.0
    },
    "orientation_quat": {
      "x": 0.0008879860944266006,
      "y": 0.0008827931110160113,
      "z": -0.7091765794450121,
      "w": 0.7050297946354407
    },
    "yaw_rad": -1.576660779112669,
    "linear_vel": {
      "x": 0.18147458913386547,
      "y": -1.617478493638895e-06
    },
    "angular_vel_z": 0.004271136860088354
  }
}