{
  "frame_idx": 9,
  "ros_stamp": 1319.9,
  "wall_time": 1776685251.3813748,
  "prompt": "in small storage shelves",
  "goal_id": "inside_small_shelf",
  "goal_pose": {
    "frame_id": "map",
    "x": 5.231,
    "y": -5.906,
    "yaw_rad": -3.134
  },
  "odom": {
    "position": {
      "x": 3.7997022777425853,
      "y": -1.498892930436185,
      "z": 0.0
    },
    "orientation_quat": {
      "x": -9.559758739029963e-05,
      "y": -9.552931995208388e-05,
      "z": -0.7073680870350334,
      "w": 0.7068453658188952
    },
    "yaw_rad": -1.571535566252137,
    "linear_vel": {
      "x": 0.16783241227632437,
      "y": 8.466294541210111e-07
    },
    "angular_vel_z": -0.005668488779841415
  }
}