{
  "frame_idx": 10,
  "ros_stamp": 1321.9,
  "wall_time": 1776685253.5237818,
  "prompt": "in small storage shelves",
  "goal_id": "inside_small_shelf",
  "goal_pose": {
    "frame_id": "map",
    "x": 5.231,
    "y": -5.906,
    "yaw_rad": -3.134
  },
  "odom": {
    "position": {
      "x": 3.8005142596401877,
      "y": -1.842500331891809,
      "z": 0.0
    },
    "orientation_quat": {
      "x": 0.0008683900868348207,
      "y": 0.0008751818051869157,
      "z": -0.7043476331355814,
      "w": 0.7098541340668302
    },
    "yaw_rad": -1.5630089329056374,
    "linear_vel": {
      "x": 0.1900701122246188,
      "y": -6.6256617311592466e-06
    },
    "angular_vel_z": 0.01691816147624553
  }
}