{
  "frame_idx": 11,
  "ros_stamp": 1323.9,
  "wall_time": 1776685255.6736999,
  "prompt": "in small storage shelves",
  "goal_id": "inside_small_shelf",
  "goal_pose": {
    "frame_id": "map",
    "x": 5.231,
    "y": -5.906,
    "yaw_rad": -3.134
  },
  "odom": {
    "position": {
      "x": 3.80215087408847,
      "y": -2.1874415655174397,
      "z": 0.0
    },
    "orientation_quat": {
      "x": 0.0015786045327603156,
      "y": 0.0015716557643948176,
      "z": -0.7086632557263451,
      "w": 0.705543356491452
    },
    "yaw_rad": -1.5752085451353715,
    "linear_vel": {
      "x": 0.15918091830641762,
      "y": 3.1032319499050877e-06
    },
    "angular_vel_z": -0.006121665902336191
  }
}