{
  "frame_idx": 12,
  "ros_stamp": 1325.9,
  "wall_time": 1776685257.768036,
  "prompt": "in small storage shelves",
  "goal_id": "inside_small_shelf",
  "goal_pose": {
    "frame_id": "map",
    "x": 5.231,
    "y": -5.906,
    "yaw_rad": -3.134
  },
  "odom": {
    "position": {
      "x": 3.802273382142457,
      "y": -2.5346847764146347,
      "z": 0.0
    },
    "orientation_quat": {
      "x": 0.00038380268227068237,
      "y": 0.0003879347130456311,
      "z": -0.7033090342057111,
      "w": 0.7108840303500911
    },
    "yaw_rad": -1.5600836116905963,
    "linear_vel": {
      "x": 0.18538454429453594,
      "y": -2.16232884451062e-06
    },
    "angular_vel_z": 0.007904325112109162
  }
}