{
  "frame_idx": 13,
  "ros_stamp": 1327.9,
  "wall_time": 1776685259.967607,
  "prompt": "in small storage shelves",
  "goal_id": "inside_small_shelf",
  "goal_pose": {
    "frame_id": "map",
    "x": 5.231,
    "y": -5.906,
    "yaw_rad": -3.134
  },
  "odom": {
    "position": {
      "x": 3.803464277950509,
      "y": -2.8788598585568277,
      "z": 0.0
    },
    "orientation_quat": {
      "x": -0.0015684380892341983,
      "y": -0.001575185289151605,
      "z": -0.7055849184013785,
      "w": 0.708621889104327
    },
    "yaw_rad": -1.5665013877145921,
    "linear_vel": {
      "x": 0.17388049299489367,
      "y": -1.2143417808932036e-06
    },
    "angular_vel_z": -0.007834283040626753
  }
}