{
  "frame_idx": 14,
  "ros_stamp": 1329.9,
  "wall_time": 1776685262.0560765,
  "prompt": "in small storage shelves",
  "goal_id": "inside_small_shelf",
  "goal_pose": {
    "frame_id": "map",
    "x": 5.231,
    "y": -5.906,
    "yaw_rad": -3.134
  },
  "odom": {
    "position": {
      "x": 3.8054914356507776,
      "y": -3.221496777844419,
      "z": 0.0
    },
    "orientation_quat": {
      "x": -0.0006227177102531029,
      "y": -0.0006290039838360759,
      "z": -0.7035476097477961,
      "w": 0.7106475760845207
    },
    "yaw_rad": -1.5607554119983469,
    "linear_vel": {
      "x": 0.17339231982320907,
      "y": -2.1011454547992764e-07
    },
    "angular_vel_z": 0.005899020110417666
  }
}