{
  "frame_idx": 15,
  "ros_stamp": 1331.9,
  "wall_time": 1776685264.2007265,
  "prompt": "in small storage shelves",
  "goal_id": "inside_small_shelf",
  "goal_pose": {
    "frame_id": "map",
    "x": 5.231,
    "y": -5.906,
    "yaw_rad": -3.134
  },
  "odom": {
    "position": {
      "x": 3.809211317884411,
      "y": -3.5614714127841602,
      "z": 0.0
    },
    "orientation_quat": {
      "x": -0.001224163417733173,
      "y": -0.001245658682602046,
      "z": -0.7009265007429144,
      "w": 0.7132313722170852
    },
    "yaw_rad": -1.5533943645706199,
    "linear_vel": {
      "x": 0.18109926519451985,
      "y": 2.28014434888916e-06
    },
    "angular_vel_z": 0.02499633604229577
  }
}