{
  "frame_idx": 16,
  "ros_stamp": 1333.9,
  "wall_time": 1776685266.355759,
  "prompt": "in small storage shelves",
  "goal_id": "inside_small_shelf",
  "goal_pose": {
    "frame_id": "map",
    "x": 5.231,
    "y": -5.906,
    "yaw_rad": -3.134
  },
  "odom": {
    "position": {
      "x": 3.81804914740401,
      "y": -3.902219147949973,
      "z": 0.0
    },
    "orientation_quat": {
      "x": 0.0008944528037069955,
      "y": 0.000922773571406886,
      "z": -0.6960004212538734,
      "w": 0.7180402231473866
    },
    "yaw_rad": -1.5396260524573622,
    "linear_vel": {
      "x": 0.1790298869681608,
      "y": 3.3139797291502996e-06
    },
    "angular_vel_z": -0.008542742485790544
  }
}