{
  "frame_idx": 17,
  "ros_stamp": 1335.9,
  "wall_time": 1776685268.449461,
  "prompt": "in small storage shelves",
  "goal_id": "inside_small_shelf",
  "goal_pose": {
    "frame_id": "map",
    "x": 5.231,
    "y": -5.906,
    "yaw_rad": -3.134
  },
  "odom": {
    "position": {
      "x": 3.831970183446194,
      "y": -4.244350670282316,
      "z": 0.0
    },
    "orientation_quat": {
      "x": 0.0009879375735675489,
      "y": 0.0010490911371332427,
      "z": -0.6855706334959965,
      "w": 0.7280046908331257
    },
    "yaw_rad": -1.5107764365528997,
    "linear_vel": {
      "x": 0.17141189671192442,
      "y": -1.9828954476769777e-05
    },
    "angular_vel_z": 0.0488403773991265
  }
}