{
  "frame_idx": 18,
  "ros_stamp": 1337.9,
  "wall_time": 1776685270.626305,
  "prompt": "in small storage shelves",
  "goal_id": "inside_small_shelf",
  "goal_pose": {
    "frame_id": "map",
    "x": 5.231,
    "y": -5.906,
    "yaw_rad": -3.134
  },
  "odom": {
    "position": {
      "x": 3.8657632840274267,
      "y": -4.596830302520776,
      "z": 0.0
    },
    "orientation_quat": {
      "x": -0.0013973628398498013,
      "y": -0.0015710064844278782,
      "z": -0.6646046896000575,
      "w": 0.7471922014296797
    },
    "yaw_rad": -1.4539332007315262,
    "linear_vel": {
      "x": 0.1656440476674737,
      "y": -4.223886759316262e-07
    },
    "angular_vel_z": -0.004721088420486307
  }
}