{
  "frame_idx": 19,
  "ros_stamp": 1339.9,
  "wall_time": 1776685272.7279978,
  "prompt": "in small storage shelves",
  "goal_id": "inside_small_shelf",
  "goal_pose": {
    "frame_id": "map",
    "x": 5.231,
    "y": -5.906,
    "yaw_rad": -3.134
  },
  "odom": {
    "position": {
      "x": 3.918526942572506,
      "y": -4.9549485959796975,
      "z": 0.0
    },
    "orientation_quat": {
      "x": 0.0010997815626609645,
      "y": 0.0013257162833677262,
      "z": -0.6385525029583197,
      "w": 0.7695763340452431
    },
    "yaw_rad": -1.3852342585286925,
    "linear_vel": {
      "x": 0.1805720383430574,
      "y": -2.944164618168629e-05
    },
    "angular_vel_z": 0.06377822853187641
  }
}