{
  "frame_idx": 20,
  "ros_stamp": 1341.9,
  "wall_time": 1776685274.877107,
  "prompt": "in small storage shelves",
  "goal_id": "inside_small_shelf",
  "goal_pose": {
    "frame_id": "map",
    "x": 5.231,
    "y": -5.906,
    "yaw_rad": -3.134
  },
  "odom": {
    "position": {
      "x": 4.002656902092202,
      "y": -5.285584379717341,
      "z": 0.0
    },
    "orientation_quat": {
      "x": -0.0012899587810692465,
      "y": -0.001811948648736763,
      "z": -0.5815686116337544,
      "w": 0.8134943163973704
    },
    "yaw_rad": -1.2413147496240942,
    "linear_vel": {
      "x": 0.15677697496387952,
      "y": 4.92307381112596e-05
    },
    "angular_vel_z": 0.07995899306348664
  }
}