{
  "frame_idx": 21,
  "ros_stamp": 1343.9,
  "wall_time": 1776685277.0491025,
  "prompt": "in small storage shelves",
  "goal_id": "inside_small_shelf",
  "goal_pose": {
    "frame_id": "map",
    "x": 5.231,
    "y": -5.906,
    "yaw_rad": -3.134
  },
  "odom": {
    "position": {
      "x": 4.118006786214277,
      "y": -5.536197592801921,
      "z": 0.0
    },
    "orientation_quat": {
      "x": -0.00011453672387025202,
      "y": -0.00020352925087353872,
      "z": -0.4906327298833956,
      "w": 0.8713664383164811
    },
    "yaw_rad": -1.025631510407596,
    "linear_vel": {
      "x": 0.12649120311104808,
      "y": -1.5074506157361831e-05
    },
    "angular_vel_z": 0.13291825464917156
  }
}