{
  "frame_idx": 22,
  "ros_stamp": 1345.9,
  "wall_time": 1776685279.1339395,
  "prompt": "in small storage shelves",
  "goal_id": "inside_small_shelf",
  "goal_pose": {
    "frame_id": "map",
    "x": 5.231,
    "y": -5.906,
    "yaw_rad": -3.134
  },
  "odom": {
    "position": {
      "x": 4.237175861293681,
      "y": -5.691773113671174,
      "z": 0.0
    },
    "orientation_quat": {
      "x": 0.000353694728105217,
      "y": 0.000856755085688856,
      "z": -0.38053800023771184,
      "w": 0.9247648194248339
    },
    "yaw_rad": -0.7807563443463834,
    "linear_vel": {
      "x": 0.08543556699991235,
      "y": -3.651635805037304e-05
    },
    "angular_vel_z": 0.16577337487132354
  }
}