{
  "frame_idx": 23,
  "ros_stamp": 1347.9,
  "wall_time": 1776685281.3200788,
  "prompt": "in small storage shelves",
  "goal_id": "inside_small_shelf",
  "goal_pose": {
    "frame_id": "map",
    "x": 5.231,
    "y": -5.906,
    "yaw_rad": -3.134
  },
  "odom": {
    "position": {
      "x": 4.377724577047208,
      "y": -5.797835026799535,
      "z": 0.0
    },
    "orientation_quat": {
      "x": -7.177863308655443e-05,
      "y": -0.0002741062212344389,
      "z": -0.24945878448696138,
      "w": 0.9683853750216879
    },
    "yaw_rad": -0.5042426809707867,
    "linear_vel": {
      "x": 0.07863958753437804,
      "y": -3.995402175741052e-06
    },
    "angular_vel_z": 0.14335361468847369
  }
}