{
  "frame_idx": 24,
  "ros_stamp": 1349.9,
  "wall_time": 1776685283.4274366,
  "prompt": "in small storage shelves",
  "goal_id": "inside_small_shelf",
  "goal_pose": {
    "frame_id": "map",
    "x": 5.231,
    "y": -5.906,
    "yaw_rad": -3.134
  },
  "odom": {
    "position": {
      "x": 4.5213219211586795,
      "y": -5.85439260898596,
      "z": 0.0
    },
    "orientation_quat": {
      "x": -0.00017660010250351548,
      "y": -0.001505079918304466,
      "z": -0.11861523842938669,
      "w": 0.9929391364827872
    },
    "yaw_rad": -0.23779060127757307,
    "linear_vel": {
      "x": 0.0681529746366001,
      "y": 2.224429165013495e-05
    },
    "angular_vel_z": 0.12635377752065172
  }
}