{
  "frame_idx": 25,
  "ros_stamp": 1351.9,
  "wall_time": 1776685285.557217,
  "prompt": "in small storage shelves",
  "goal_id": "inside_small_shelf",
  "goal_pose": {
    "frame_id": "map",
    "x": 5.231,
    "y": -5.906,
    "yaw_rad": -3.134
  },
  "odom": {
    "position": {
      "x": 4.640326908759781,
      "y": -5.869283413947905,
      "z": 0.0
    },
    "orientation_quat": {
      "x": -3.20777857204049e-05,
      "y": -0.0022233780509660307,
      "z": -0.014455346763775415,
      "w": 0.9998930435356559
    },
    "yaw_rad": -0.028911772243034112,
    "linear_vel": {
      "x": 0.06645452673457215,
      "y": 2.300499697025137e-05
    },
    "angular_vel_z": 0.08184888420468026
  }
}