{
  "frame_idx": 26,
  "ros_stamp": 1353.9,
  "wall_time": 1776685287.7167664,
  "prompt": "in small storage shelves",
  "goal_id": "inside_small_shelf",
  "goal_pose": {
    "frame_id": "map",
    "x": 5.231,
    "y": -5.906,
    "yaw_rad": -3.134
  },
  "odom": {
    "position": {
      "x": 4.8449402050151145,
      "y": -5.8665861072430605,
      "z": 0.0
    },
    "orientation_quat": {
      "x": 6.156992751120214e-07,
      "y": -0.00028585708743529797,
      "z": -0.010600073107653945,
      "w": 0.9999437767872046
    },
    "yaw_rad": -0.021200546199335608,
    "linear_vel": {
      "x": 0.15550371004049782,
      "y": 1.1480093415029239e-05
    },
    "angular_vel_z": -0.10063040396852856
  }
}