{
  "frame_idx": 27,
  "ros_stamp": 1355.9,
  "wall_time": 1776685289.8183584,
  "prompt": "in small storage shelves",
  "goal_id": "inside_small_shelf",
  "goal_pose": {
    "frame_id": "map",
    "x": 5.231,
    "y": -5.906,
    "yaw_rad": -3.134
  },
  "odom": {
    "position": {
      "x": 5.118880305366569,
      "y": -5.905782455815674,
      "z": 0.0
    },
    "orientation_quat": {
      "x": 0.0003043949660430333,
      "y": 0.0019301043676889509,
      "z": -0.15518519692471008,
      "w": 0.987883463115095
    },
    "yaw_rad": -0.31163043235605387,
    "linear_vel": {
      "x": 0.10480700872956403,
      "y": 7.661305890851753e-05
    },
    "angular_vel_z": -0.18342116543726653
  }
}