{
  "frame_idx": 28,
  "ros_stamp": 1357.9,
  "wall_time": 1776685291.992027,
  "prompt": "in small storage shelves",
  "goal_id": "inside_small_shelf",
  "goal_pose": {
    "frame_id": "map",
    "x": 5.231,
    "y": -5.906,
    "yaw_rad": -3.134
  },
  "odom": {
    "position": {
      "x": 5.219490456167567,
      "y": -5.953975346833289,
      "z": 0.0
    },
    "orientation_quat": {
      "x": 0.00029319265785474616,
      "y": 0.0008268878860230822,
      "z": -0.33650263291149296,
      "w": 0.9416821163949767
    },
    "yaw_rad": -0.6864012100194384,
    "linear_vel": {
      "x": 0.029279594694641264,
      "y": 3.328306749626425e-05
    },
    "angular_vel_z": -0.2010193445048832
  }
}