{
  "frame_idx": 29,
  "ros_stamp": 1359.9,
  "wall_time": 1776685294.108789,
  "prompt": "in small storage shelves",
  "goal_id": "inside_small_shelf",
  "goal_pose": {
    "frame_id": "map",
    "x": 5.231,
    "y": -5.906,
    "yaw_rad": -3.134
  },
  "odom": {
    "position": {
      "x": 5.233571890341271,
      "y": -5.968200470695703,
      "z": 0.0
    },
    "orientation_quat": {
      "x": 0.001125559134404055,
      "y": 0.0019151287032714902,
      "z": -0.5062790433693534,
      "w": 0.8623668567632324
    },
    "yaw_rad": -1.0617318794580801,
    "linear_vel": {
      "x": 0.0006983478648181625,
      "y": 6.852077588544525e-05
    },
    "angular_vel_z": -0.19453438864394168
  }
}