{
  "frame_idx": 30,
  "ros_stamp": 1361.9,
  "wall_time": 1776685296.222888,
  "prompt": "in small storage shelves",
  "goal_id": "inside_small_shelf",
  "goal_pose": {
    "frame_id": "map",
    "x": 5.231,
    "y": -5.906,
    "yaw_rad": -3.134
  },
  "odom": {
    "position": {
      "x": 5.233873659908853,
      "y": -5.968538946734926,
      "z": 0.0
    },
    "orientation_quat": {
      "x": 0.0014561373737804304,
      "y": 0.0016792979240482125,
      "z": -0.6551174277758658,
      "w": 0.7555238020385355
    },
    "yaw_rad": -1.4286803537394699,
    "linear_vel": {
      "x": 4.720216477478158e-08,
      "y": 5.7045649172830956e-05
    },
    "angular_vel_z": -0.16339045191502538
  }
}