{
  "frame_idx": 32,
  "ros_stamp": 1365.9,
  "wall_time": 1776685300.48732,
  "prompt": "in small storage shelves",
  "goal_id": "inside_small_shelf",
  "goal_pose": {
    "frame_id": "map",
    "x": 5.231,
    "y": -5.906,
    "yaw_rad": -3.134
  },
  "odom": {
    "position": {
      "x": 5.242441034836304,
      "y": -5.979978192250787,
      "z": 0.0
    },
    "orientation_quat": {
      "x": -0.001824867712990633,
      "y": -0.00126874455172282,
      "z": -0.8210508664400713,
      "w": 0.5708507115377022
    },
    "yaw_rad": -1.926506011110987,
    "linear_vel": {
      "x": 0.010032949242966521,
      "y": 0.015368581066427467
    },
    "angular_vel_z": -0.032048409067029
  }
}