{
  "frame_idx": 33,
  "ros_stamp": 1367.9,
  "wall_time": 1776685302.6593559,
  "prompt": "in small storage shelves",
  "goal_id": "inside_small_shelf",
  "goal_pose": {
    "frame_id": "map",
    "x": 5.231,
    "y": -5.906,
    "yaw_rad": -3.134
  },
  "odom": {
    "position": {
      "x": 5.264803055277261,
      "y": -6.012189526853538,
      "z": 0.0
    },
    "orientation_quat": {
      "x": -0.0018682518399017116,
      "y": -0.001203955660562225,
      "z": -0.8405684185624713,
      "w": 0.5417008342629871
    },
    "yaw_rad": -1.9966710307442155,
    "linear_vel": {
      "x": 0.011509361768247664,
      "y": 0.018188139962669894
    },
    "angular_vel_z": -0.03862160720262218
  }
}