{
  "frame_idx": 34,
  "ros_stamp": 1369.9,
  "wall_time": 1776685304.7824855,
  "prompt": "in small storage shelves",
  "goal_id": "inside_small_shelf",
  "goal_pose": {
    "frame_id": "map",
    "x": 5.231,
    "y": -5.906,
    "yaw_rad": -3.134
  },
  "odom": {
    "position": {
      "x": 5.287677958804442,
      "y": -6.048200357220373,
      "z": 0.0
    },
    "orientation_quat": {
      "x": -0.0019165267382882853,
      "y": -0.0011270189021446528,
      "z": -0.8620126886666686,
      "w": 0.5068818218592144
    },
    "yaw_rad": -2.0784625145009743,
    "linear_vel": {
      "x": 0.011853873946565733,
      "y": 0.020583779620684774
    },
    "angular_vel_z": -0.04878838365593273
  }
}