{
  "frame_idx": 35,
  "ros_stamp": 1371.9,
  "wall_time": 1776685306.8910644,
  "prompt": "in small storage shelves",
  "goal_id": "inside_small_shelf",
  "goal_pose": {
    "frame_id": "map",
    "x": 5.231,
    "y": -5.906,
    "yaw_rad": -3.134
  },
  "odom": {
    "position": {
      "x": 5.299750371051455,
      "y": -6.062901557073645,
      "z": 0.0
    },
    "orientation_quat": {
      "x": 0.002010061949742245,
      "y": 0.000948484586902366,
      "z": 0.9043626581422191,
      "w": -0.42675899824829305
    },
    "yaw_rad": -2.2597783154417734,
    "linear_vel": {
      "x": 9.004581488452172e-08,
      "y": -4.273767694262227e-05
    },
    "angular_vel_z": -0.12296891046610967
  }
}