{
  "frame_idx": 36,
  "ros_stamp": 1373.9,
  "wall_time": 1776685309.0742855,
  "prompt": "in small storage shelves",
  "goal_id": "inside_small_shelf",
  "goal_pose": {
    "frame_id": "map",
    "x": 5.231,
    "y": -5.906,
    "yaw_rad": -3.134
  },
  "odom": {
    "position": {
      "x": 5.299693783156471,
      "y": -6.062843255048714,
      "z": 0.0
    },
    "orientation_quat": {
      "x": 0.002103209579964848,
      "y": 0.0007186472658180864,
      "z": 0.9462747886227943,
      "w": -0.32335597175938474
    },
    "yaw_rad": -2.483043270852224,
    "linear_vel": {
      "x": -1.2702842223493072e-07,
      "y": -3.9663173271608016e-05
    },
    "angular_vel_z": -0.11388290196137762
  }
}