{
  "frame_idx": 37,
  "ros_stamp": 1375.9,
  "wall_time": 1776685311.1676948,
  "prompt": "in small storage shelves",
  "goal_id": "inside_small_shelf",
  "goal_pose": {
    "frame_id": "map",
    "x": 5.231,
    "y": -5.906,
    "yaw_rad": -3.134
  },
  "odom": {
    "position": {
      "x": 5.2996598301547655,
      "y": -6.0627846522817315,
      "z": 0.0
    },
    "orientation_quat": {
      "x": 0.0021598689225258982,
      "y": 0.0005243584218635307,
      "z": 0.9717643052879674,
      "w": -0.23594320287449874
    },
    "yaw_rad": -2.6652133338220545,
    "linear_vel": {
      "x": -2.789467027062689e-07,
      "y": -3.369237753684524e-05
    },
    "angular_vel_z": -0.09559624982176715
  }
}