{
  "frame_idx": 38,
  "ros_stamp": 1377.9,
  "wall_time": 1776685313.3163264,
  "prompt": "in small storage shelves",
  "goal_id": "inside_small_shelf",
  "goal_pose": {
    "frame_id": "map",
    "x": 5.231,
    "y": -5.906,
    "yaw_rad": -3.134
  },
  "odom": {
    "position": {
      "x": 5.2995789661047,
      "y": -6.062745884835085,
      "z": 0.0
    },
    "orientation_quat": {
      "x": 0.0021991219007612807,
      "y": 0.0003223279823423887,
      "z": 0.9894222480911096,
      "w": -0.14504714733448718
    },
    "yaw_rad": -2.850470681940189,
    "linear_vel": {
      "x": -2.4905508547957935e-07,
      "y": -2.961472492448321e-05
    },
    "angular_vel_z": -0.08362601818045842
  }
}