{
  "frame_idx": 0,
  "ros_stamp": 361.9,
  "wall_time": 1776684226.732725,
  "prompt": "small shelf entrance",
  "goal_id": "enter_small_shelf_row",
  "goal_pose": {
    "frame_id": "map",
    "x": 3.774,
    "y": 1.856,
    "yaw_rad": -1.5940000000000003
  },
  "odom": {
    "position": {
      "x": -0.22918970248134438,
      "y": 7.264380859677128,
      "z": 0.0
    },
    "orientation_quat": {
      "x": -0.001633943924150791,
      "y": -0.001506672090112351,
      "z": -0.7351576059116708,
      "w": 0.6778925834058712
    },
    "yaw_rad": -1.6518036458736278,
    "linear_vel": {
      "x": 0.15947984105216909,
      "y": 2.3410840035864045e-05
    },
    "angular_vel_z": 0.1262101186074746
  }
}