{
  "frame_idx": 1,
  "ros_stamp": 363.9,
  "wall_time": 1776684228.91865,
  "prompt": "small shelf entrance",
  "goal_id": "enter_small_shelf_row",
  "goal_pose": {
    "frame_id": "map",
    "x": 3.774,
    "y": 1.856,
    "yaw_rad": -1.5940000000000003
  },
  "odom": {
    "position": {
      "x": -0.2217850510431879,
      "y": 6.950686936555113,
      "z": 0.0
    },
    "orientation_quat": {
      "x": 8.496237703901262e-05,
      "y": 9.692755835019148e-05,
      "z": -0.6628817560446906,
      "w": 0.7487240886264781
    },
    "yaw_rad": -1.4493222627205689,
    "linear_vel": {
      "x": 0.17904128112618461,
      "y": -1.0941864293838866e-05
    },
    "angular_vel_z": 0.050421839489601494
  }
}