{
  "frame_idx": 2,
  "ros_stamp": 365.9,
  "wall_time": 1776684231.0070434,
  "prompt": "small shelf entrance",
  "goal_id": "enter_small_shelf_row",
  "goal_pose": {
    "frame_id": "map",
    "x": 3.774,
    "y": 1.856,
    "yaw_rad": -1.5940000000000003
  },
  "odom": {
    "position": {
      "x": -0.16166453532153355,
      "y": 6.638662567455262,
      "z": 0.0
    },
    "orientation_quat": {
      "x": 0.0003994510718970846,
      "y": 0.0005162475672809887,
      "z": -0.6057897358981661,
      "w": 0.7956245155899362
    },
    "yaw_rad": -1.30151650018346,
    "linear_vel": {
      "x": 0.17847157627221963,
      "y": -2.5108549560836323e-05
    },
    "angular_vel_z": 0.09538347974501546
  }
}