{
  "frame_idx": 3,
  "ros_stamp": 367.9,
  "wall_time": 1776684233.1783147,
  "prompt": "small shelf entrance",
  "goal_id": "enter_small_shelf_row",
  "goal_pose": {
    "frame_id": "map",
    "x": 3.774,
    "y": 1.856,
    "yaw_rad": -1.5940000000000003
  },
  "odom": {
    "position": {
      "x": -0.0571868284733086,
      "y": 6.3060490433162055,
      "z": 0.0
    },
    "orientation_quat": {
      "x": 0.0001713936702769475,
      "y": 0.0002374940219664027,
      "z": -0.5851063275377345,
      "w": 0.8109565337896383
    },
    "yaw_rad": -1.2500223924386533,
    "linear_vel": {
      "x": 0.17565974727110004,
      "y": -5.313527769823756e-06
    },
    "angular_vel_z": 0.022852224492140253
  }
}