{
  "frame_idx": 4,
  "ros_stamp": 369.9,
  "wall_time": 1776684235.2987587,
  "prompt": "small shelf entrance",
  "goal_id": "enter_small_shelf_row",
  "goal_pose": {
    "frame_id": "map",
    "x": 3.774,
    "y": 1.856,
    "yaw_rad": -1.5940000000000003
  },
  "odom": {
    "position": {
      "x": 0.0619528477108598,
      "y": 5.973082274047786,
      "z": 0.0
    },
    "orientation_quat": {
      "x": -0.0004923749478478665,
      "y": -0.0007216418009606759,
      "z": -0.5636171240808724,
      "w": 0.8260356979228127
    },
    "yaw_rad": -1.1975168906110294,
    "linear_vel": {
      "x": 0.18700309589360306,
      "y": -2.0564741031218418e-06
    },
    "angular_vel_z": 0.02235689032812086
  }
}