{
  "frame_idx": 5,
  "ros_stamp": 371.9,
  "wall_time": 1776684237.4226012,
  "prompt": "small shelf entrance",
  "goal_id": "enter_small_shelf_row",
  "goal_pose": {
    "frame_id": "map",
    "x": 3.774,
    "y": 1.856,
    "yaw_rad": -1.5940000000000003
  },
  "odom": {
    "position": {
      "x": 0.19818751116659836,
      "y": 5.637000303487313,
      "z": 0.0
    },
    "orientation_quat": {
      "x": 0.0007253924677909842,
      "y": 0.0010775456548413396,
      "z": -0.5584332619160969,
      "w": 0.8295484342019321
    },
    "yaw_rad": -1.1849930063314533,
    "linear_vel": {
      "x": 0.19416832078189095,
      "y": 9.395045450152093e-06
    },
    "angular_vel_z": -0.022669149590703427
  }
}