{
  "frame_idx": 6,
  "ros_stamp": 373.9,
  "wall_time": 1776684239.5998533,
  "prompt": "small shelf entrance",
  "goal_id": "enter_small_shelf_row",
  "goal_pose": {
    "frame_id": "map",
    "x": 3.774,
    "y": 1.856,
    "yaw_rad": -1.5940000000000003
  },
  "odom": {
    "position": {
      "x": 0.33521333247458124,
      "y": 5.307299926071822,
      "z": 0.0
    },
    "orientation_quat": {
      "x": -0.0006718521783363339,
      "y": -0.0010167473833159438,
      "z": -0.551313180748486,
      "w": 0.8342974838583634
    },
    "yaw_rad": -1.167875811341202,
    "linear_vel": {
      "x": 0.165093705893362,
      "y": 5.710501640124484e-07
    },
    "angular_vel_z": 0.005593518787905229
  }
}