{
  "frame_idx": 7,
  "ros_stamp": 375.9,
  "wall_time": 1776684241.7046292,
  "prompt": "small shelf entrance",
  "goal_id": "enter_small_shelf_row",
  "goal_pose": {
    "frame_id": "map",
    "x": 3.774,
    "y": 1.856,
    "yaw_rad": -1.5940000000000003
  },
  "odom": {
    "position": {
      "x": 0.4828159575018233,
      "y": 4.965393877075992,
      "z": 0.0
    },
    "orientation_quat": {
      "x": 0.000938773517644806,
      "y": 0.0014545874562457042,
      "z": -0.5433001599734912,
      "w": 0.8395367407400307
    },
    "yaw_rad": -1.1487280543914704,
    "linear_vel": {
      "x": 0.1903194768626205,
      "y": -1.1105755803287004e-05
    },
    "angular_vel_z": 0.02130935206026072
  }
}