{
  "frame_idx": 8,
  "ros_stamp": 377.9,
  "wall_time": 1776684243.8824074,
  "prompt": "small shelf entrance",
  "goal_id": "enter_small_shelf_row",
  "goal_pose": {
    "frame_id": "map",
    "x": 3.774,
    "y": 1.856,
    "yaw_rad": -1.5940000000000003
  },
  "odom": {
    "position": {
      "x": 0.6300381700379787,
      "y": 4.6421870543203845,
      "z": 0.0
    },
    "orientation_quat": {
      "x": -0.0012105879143956668,
      "y": -0.0018659968635569176,
      "z": -0.5442670767563966,
      "w": 0.838909054481863
    },
    "yaw_rad": -1.1510336251816522,
    "linear_vel": {
      "x": 0.189401325875515,
      "y": -1.0532098729520165e-07
    },
    "angular_vel_z": 0.003134052592343757
  }
}