{
  "frame_idx": 9,
  "ros_stamp": 379.9,
  "wall_time": 1776684246.0183668,
  "prompt": "small shelf entrance",
  "goal_id": "enter_small_shelf_row",
  "goal_pose": {
    "frame_id": "map",
    "x": 3.774,
    "y": 1.856,
    "yaw_rad": -1.5940000000000003
  },
  "odom": {
    "position": {
      "x": 0.7856012559747559,
      "y": 4.305141073665677,
      "z": 0.0
    },
    "orientation_quat": {
      "x": 0.0006159217495418597,
      "y": 0.0009708760069302902,
      "z": -0.5356791884873315,
      "w": 0.8444207985724484
    },
    "yaw_rad": -1.1306245706910425,
    "linear_vel": {
      "x": 0.20137506265267419,
      "y": -5.2964925010559e-06
    },
    "angular_vel_z": 0.01207666233624456
  }
}