{
  "frame_idx": 10,
  "ros_stamp": 381.9,
  "wall_time": 1776684248.1315186,
  "prompt": "small shelf entrance",
  "goal_id": "enter_small_shelf_row",
  "goal_pose": {
    "frame_id": "map",
    "x": 3.774,
    "y": 1.856,
    "yaw_rad": -1.5940000000000003
  },
  "odom": {
    "position": {
      "x": 0.9469328482449341,
      "y": 3.9715093693397834,
      "z": 0.0
    },
    "orientation_quat": {
      "x": -0.0007474560941356438,
      "y": -0.001195102709020165,
      "z": -0.5302839279985784,
      "w": 0.8478189480928701
    },
    "yaw_rad": -1.1178720870315464,
    "linear_vel": {
      "x": 0.20624350312110237,
      "y": -6.660278638147407e-08
    },
    "angular_vel_z": 0.023999199286402557
  }
}