{
  "frame_idx": 11,
  "ros_stamp": 383.9,
  "wall_time": 1776684250.3269947,
  "prompt": "small shelf entrance",
  "goal_id": "enter_small_shelf_row",
  "goal_pose": {
    "frame_id": "map",
    "x": 3.774,
    "y": 1.856,
    "yaw_rad": -1.5940000000000003
  },
  "odom": {
    "position": {
      "x": 1.1209176237430987,
      "y": 3.627753272954107,
      "z": 0.0
    },
    "orientation_quat": {
      "x": 0.0011292694612860085,
      "y": 0.0019103748649683138,
      "z": -0.5100345504926042,
      "w": 0.8601510521543099
    },
    "yaw_rad": -1.0704528487781877,
    "linear_vel": {
      "x": 0.16807539377139685,
      "y": -3.1693759421379036e-05
    },
    "angular_vel_z": 0.05781225507235974
  }
}