{
  "frame_idx": 12,
  "ros_stamp": 385.9,
  "wall_time": 1776684252.3994906,
  "prompt": "small shelf entrance",
  "goal_id": "enter_small_shelf_row",
  "goal_pose": {
    "frame_id": "map",
    "x": 3.774,
    "y": 1.856,
    "yaw_rad": -1.5940000000000003
  },
  "odom": {
    "position": {
      "x": 1.287404336614314,
      "y": 3.3279058769316645,
      "z": 0.0
    },
    "orientation_quat": {
      "x": -0.0004468520259853571,
      "y": -0.0007691373595176444,
      "z": -0.502424183789408,
      "w": 0.8646208118560045
    },
    "yaw_rad": -1.0528009622973078,
    "linear_vel": {
      "x": 0.18969370083784448,
      "y": 3.648969206545942e-07
    },
    "angular_vel_z": 0.0023488762239043106
  }
}