{
  "frame_idx": 13,
  "ros_stamp": 387.9,
  "wall_time": 1776684254.568453,
  "prompt": "small shelf entrance",
  "goal_id": "enter_small_shelf_row",
  "goal_pose": {
    "frame_id": "map",
    "x": 3.774,
    "y": 1.856,
    "yaw_rad": -1.5940000000000003
  },
  "odom": {
    "position": {
      "x": 1.468529034345853,
      "y": 3.0218958380840726,
      "z": 0.0
    },
    "orientation_quat": {
      "x": 0.001038500630460165,
      "y": 0.001853187037997099,
      "z": -0.48884071475449,
      "w": 0.8723704733727305
    },
    "yaw_rad": -1.0215232693225145,
    "linear_vel": {
      "x": 0.15531380607024983,
      "y": -1.3665819884327475e-05
    },
    "angular_vel_z": 0.027022466184323655
  }
}