{
  "frame_idx": 14,
  "ros_stamp": 389.9,
  "wall_time": 1776684256.70543,
  "prompt": "small shelf entrance",
  "goal_id": "enter_small_shelf_row",
  "goal_pose": {
    "frame_id": "map",
    "x": 3.774,
    "y": 1.856,
    "yaw_rad": -1.5940000000000003
  },
  "odom": {
    "position": {
      "x": 1.6596916319249977,
      "y": 2.735987504034026,
      "z": 0.0
    },
    "orientation_quat": {
      "x": -0.0006702337777796783,
      "y": -0.0013247314188706016,
      "z": -0.44716852225044296,
      "w": 0.8944484940910271
    },
    "yaw_rad": -0.9271955132323868,
    "linear_vel": {
      "x": 0.18294806235120437,
      "y": 1.00814734472327e-06
    },
    "angular_vel_z": 0.08396937591315114
  }
}