{
  "frame_idx": 15,
  "ros_stamp": 391.9,
  "wall_time": 1776684258.8152175,
  "prompt": "small shelf entrance",
  "goal_id": "enter_small_shelf_row",
  "goal_pose": {
    "frame_id": "map",
    "x": 3.774,
    "y": 1.856,
    "yaw_rad": -1.5940000000000003
  },
  "odom": {
    "position": {
      "x": 1.8699956064201861,
      "y": 2.4985254895703513,
      "z": 0.0
    },
    "orientation_quat": {
      "x": -0.0006854977316600971,
      "y": -0.00177303760919227,
      "z": -0.360478061148081,
      "w": 0.9327657550861399
    },
    "yaw_rad": -0.7375621188775894,
    "linear_vel": {
      "x": 0.13929182381355737,
      "y": 1.852240716231936e-05
    },
    "angular_vel_z": 0.1197982790267798
  }
}