{
  "frame_idx": 16,
  "ros_stamp": 393.9,
  "wall_time": 1776684261.0151255,
  "prompt": "small shelf entrance",
  "goal_id": "enter_small_shelf_row",
  "goal_pose": {
    "frame_id": "map",
    "x": 3.774,
    "y": 1.856,
    "yaw_rad": -1.5940000000000003
  },
  "odom": {
    "position": {
      "x": 2.0787650020819424,
      "y": 2.351924447353747,
      "z": 0.0
    },
    "orientation_quat": {
      "x": -0.000547554529989127,
      "y": -0.0021581510922355244,
      "z": -0.2459158458984258,
      "w": 0.9692886253866603
    },
    "yaw_rad": -0.49693013953008425,
    "linear_vel": {
      "x": 0.13205287748555966,
      "y": 2.4935692875275916e-05
    },
    "angular_vel_z": 0.11327476923475321
  }
}