{
  "frame_idx": 17,
  "ros_stamp": 395.9,
  "wall_time": 1776684263.1025376,
  "prompt": "small shelf entrance",
  "goal_id": "enter_small_shelf_row",
  "goal_pose": {
    "frame_id": "map",
    "x": 3.774,
    "y": 1.856,
    "yaw_rad": -1.5940000000000003
  },
  "odom": {
    "position": {
      "x": 2.3317589736128843,
      "y": 2.248159461693185,
      "z": 0.0
    },
    "orientation_quat": {
      "x": -4.815698575735917e-06,
      "y": -4.373905721081428e-05,
      "z": -0.14521293613240951,
      "w": 0.989400425128021
    },
    "yaw_rad": -0.29145637332710767,
    "linear_vel": {
      "x": 0.14243978928855025,
      "y": -1.244164209731645e-05
    },
    "angular_vel_z": 0.09146779736869677
  }
}