{
  "frame_idx": 18,
  "ros_stamp": 397.9,
  "wall_time": 1776684265.240948,
  "prompt": "small shelf entrance",
  "goal_id": "enter_small_shelf_row",
  "goal_pose": {
    "frame_id": "map",
    "x": 3.774,
    "y": 1.856,
    "yaw_rad": -1.5940000000000003
  },
  "odom": {
    "position": {
      "x": 2.695987262142763,
      "y": 2.162635218034554,
      "z": 0.0
    },
    "orientation_quat": {
      "x": 0.00020783199564283834,
      "y": 0.0022147097972914156,
      "z": -0.0934083329531217,
      "w": 0.9956253990338405
    },
    "yaw_rad": -0.18708986832729102,
    "linear_vel": {
      "x": 0.20632352193795214,
      "y": -2.0745857288298122e-05
    },
    "angular_vel_z": 0.03834805863134487
  }
}