{
  "frame_idx": 19,
  "ros_stamp": 399.9,
  "wall_time": 1776684267.4072719,
  "prompt": "small shelf entrance",
  "goal_id": "enter_small_shelf_row",
  "goal_pose": {
    "frame_id": "map",
    "x": 3.774,
    "y": 1.856,
    "yaw_rad": -1.5940000000000003
  },
  "odom": {
    "position": {
      "x": 3.0745863442576242,
      "y": 2.090905697933234,
      "z": 0.0
    },
    "orientation_quat": {
      "x": 0.0002159964358112481,
      "y": 0.001962642178220127,
      "z": -0.10780590348807599,
      "w": 0.9941699998261563
    },
    "yaw_rad": -0.2160320608989198,
    "linear_vel": {
      "x": 0.16864585831492662,
      "y": 1.865942534934605e-05
    },
    "angular_vel_z": -0.03474848132995027
  }
}