{
  "frame_idx": 20,
  "ros_stamp": 401.9,
  "wall_time": 1776684269.5005193,
  "prompt": "small shelf entrance",
  "goal_id": "enter_small_shelf_row",
  "goal_pose": {
    "frame_id": "map",
    "x": 3.774,
    "y": 1.856,
    "yaw_rad": -1.5940000000000003
  },
  "odom": {
    "position": {
      "x": 3.3904520960118836,
      "y": 2.0112613155427725,
      "z": 0.0
    },
    "orientation_quat": {
      "x": 0.0002994296508085933,
      "y": 0.001931046453996623,
      "z": -0.15319411214071402,
      "w": 0.9881941840584243
    },
    "yaw_rad": -0.30760006054521544,
    "linear_vel": {
      "x": 0.14903717122087895,
      "y": 6.526407820093149e-05
    },
    "angular_vel_z": -0.1418893921901105
  }
}