{
  "frame_idx": 21,
  "ros_stamp": 403.9,
  "wall_time": 1776684271.6862173,
  "prompt": "small shelf entrance",
  "goal_id": "enter_small_shelf_row",
  "goal_pose": {
    "frame_id": "map",
    "x": 3.774,
    "y": 1.856,
    "yaw_rad": -1.5940000000000003
  },
  "odom": {
    "position": {
      "x": 3.614847995532337,
      "y": 1.9145754583291823,
      "z": 0.0
    },
    "orientation_quat": {
      "x": 0.0005247931616184615,
      "y": 0.0019489802416445803,
      "z": -0.25997506202396037,
      "w": 0.9656132213230063
    },
    "yaw_rad": -0.5259938502410921,
    "linear_vel": {
      "x": 0.09941641787999765,
      "y": 5.15265101424236e-05
    },
    "angular_vel_z": -0.12279317125101603
  }
}