{
  "frame_idx": 22,
  "ros_stamp": 405.9,
  "wall_time": 1776684273.7760763,
  "prompt": "small shelf entrance",
  "goal_id": "enter_small_shelf_row",
  "goal_pose": {
    "frame_id": "map",
    "x": 3.774,
    "y": 1.856,
    "yaw_rad": -1.5940000000000003
  },
  "odom": {
    "position": {
      "x": 3.7245184890580307,
      "y": 1.8356613273645406,
      "z": 0.0
    },
    "orientation_quat": {
      "x": 0.0008244766566256704,
      "y": 0.0020642833758774126,
      "z": -0.3708917664636334,
      "w": 0.9286734391280244
    },
    "yaw_rad": -0.759940157994226,
    "linear_vel": {
      "x": 0.03580498112644974,
      "y": 4.240204392728612e-05
    },
    "angular_vel_z": -0.11082477822710761
  }
}