{
  "frame_idx": 23,
  "ros_stamp": 407.9,
  "wall_time": 1776684275.918424,
  "prompt": "small shelf entrance",
  "goal_id": "enter_small_shelf_row",
  "goal_pose": {
    "frame_id": "map",
    "x": 3.774,
    "y": 1.856,
    "yaw_rad": -1.5940000000000003
  },
  "odom": {
    "position": {
      "x": 3.7488035534807147,
      "y": 1.8082776147637232,
      "z": 0.0
    },
    "orientation_quat": {
      "x": 0.001061298129175166,
      "y": 0.0019540578452516243,
      "z": -0.47726124977416756,
      "w": 0.8787586442068255
    },
    "yaw_rad": -0.9950736106421434,
    "linear_vel": {
      "x": 0.008107226440713424,
      "y": 3.7766183205594843e-05
    },
    "angular_vel_z": -0.10531439849254538
  }
}