{
  "frame_idx": 24,
  "ros_stamp": 409.9,
  "wall_time": 1776684278.0805154,
  "prompt": "small shelf entrance",
  "goal_id": "enter_small_shelf_row",
  "goal_pose": {
    "frame_id": "map",
    "x": 3.774,
    "y": 1.856,
    "yaw_rad": -1.5940000000000003
  },
  "odom": {
    "position": {
      "x": 3.7510440288063034,
      "y": 1.804481442940461,
      "z": 0.0
    },
    "orientation_quat": {
      "x": 0.0012410259521246783,
      "y": 0.0018439933094486023,
      "z": -0.5583280870593427,
      "w": 0.8296172652156631
    },
    "yaw_rad": -1.1847416350918774,
    "linear_vel": {
      "x": -0.00015437261691228228,
      "y": 3.500721101719846e-05
    },
    "angular_vel_z": -0.09918092418377943
  }
}