{
  "frame_idx": 25,
  "ros_stamp": 411.9,
  "wall_time": 1776684280.1819415,
  "prompt": "small shelf entrance",
  "goal_id": "enter_small_shelf_row",
  "goal_pose": {
    "frame_id": "map",
    "x": 3.774,
    "y": 1.856,
    "yaw_rad": -1.5940000000000003
  },
  "odom": {
    "position": {
      "x": 3.7514549134039843,
      "y": 1.8033076539926378,
      "z": 0.0
    },
    "orientation_quat": {
      "x": 0.0013925249306225775,
      "y": 0.0017326302683356937,
      "z": -0.6264485090752159,
      "w": 0.7794596361224293
    },
    "yaw_rad": -1.3539809533069664,
    "linear_vel": {
      "x": 0.00013024703179062891,
      "y": 2.448535460721085e-05
    },
    "angular_vel_z": -0.06902907652849541
  }
}