{
  "frame_idx": 0,
  "ros_stamp": 3285.9,
  "wall_time": 1776687377.7473254,
  "prompt": "go to the big shelf area",
  "goal_id": "big_shelf_area",
  "goal_pose": {
    "frame_id": "map",
    "x": -3.858,
    "y": -8.011,
    "yaw_rad": 1.5399999999999998
  },
  "odom": {
    "position": {
      "x": 5.268955325983277,
      "y": -6.024406634007574,
      "z": 0.0
    },
    "orientation_quat": {
      "x": 0.001105559323001589,
      "y": 0.00033712071155742203,
      "z": 0.955860904392395,
      "w": -0.29381728257943174
    },
    "yaw_rad": -2.5451563335076997,
    "linear_vel": {
      "x": 0.006079642560317586,
      "y": -9.024550473539602e-06
    },
    "angular_vel_z": -0.04588837150386078
  }
}