{
  "frame_idx": 1,
  "ros_stamp": 3287.9,
  "wall_time": 1776687379.9519718,
  "prompt": "go to the big shelf area",
  "goal_id": "big_shelf_area",
  "goal_pose": {
    "frame_id": "map",
    "x": -3.858,
    "y": -8.011,
    "yaw_rad": 1.5399999999999998
  },
  "odom": {
    "position": {
      "x": 5.251732562871632,
      "y": -6.034215541278326,
      "z": 0.0
    },
    "orientation_quat": {
      "x": 0.001274205837547226,
      "y": 0.00029529957633107873,
      "z": 0.974171717817656,
      "w": -0.225804679760719
    },
    "yaw_rad": -2.686054315394649,
    "linear_vel": {
      "x": 0.021368900154093685,
      "y": -3.4290355296856767e-06
    },
    "angular_vel_z": -0.023045002614223997
  }
}