{
  "frame_idx": 2,
  "ros_stamp": 3289.9,
  "wall_time": 1776687382.0708456,
  "prompt": "go to the big shelf area",
  "goal_id": "big_shelf_area",
  "goal_pose": {
    "frame_id": "map",
    "x": -3.858,
    "y": -8.011,
    "yaw_rad": 1.5399999999999998
  },
  "odom": {
    "position": {
      "x": 5.234752098684881,
      "y": -6.041515137865895,
      "z": 0.0
    },
    "orientation_quat": {
      "x": -0.0005985309874400949,
      "y": -0.00010874496557960796,
      "z": 0.9847685123600998,
      "w": -0.17386951141377768
    },
    "yaw_rad": -2.7920772362658015,
    "linear_vel": {
      "x": 0.0007503879724682367,
      "y": 1.1188666058246104e-05
    },
    "angular_vel_z": -0.13375106274065546
  }
}