{
  "frame_idx": 3,
  "ros_stamp": 3291.9,
  "wall_time": 1776687384.278334,
  "prompt": "go to the big shelf area",
  "goal_id": "big_shelf_area",
  "goal_pose": {
    "frame_id": "map",
    "x": -3.858,
    "y": -8.011,
    "yaw_rad": 1.5399999999999998
  },
  "odom": {
    "position": {
      "x": 5.226173044993302,
      "y": -6.044183873942891,
      "z": 0.0
    },
    "orientation_quat": {
      "x": -0.002212420833362878,
      "y": -0.00021641861797828637,
      "z": 0.9952473391420905,
      "w": -0.09735395363120396
    },
    "yaw_rad": -2.9465753768770266,
    "linear_vel": {
      "x": -0.002701689021971701,
      "y": 3.501781508785982e-05
    },
    "angular_vel_z": -0.1002296635066426
  }
}