{
  "frame_idx": 4,
  "ros_stamp": 3293.9,
  "wall_time": 1776687386.4902241,
  "prompt": "go to the big shelf area",
  "goal_id": "big_shelf_area",
  "goal_pose": {
    "frame_id": "map",
    "x": -3.858,
    "y": -8.011,
    "yaw_rad": 1.5399999999999998
  },
  "odom": {
    "position": {
      "x": 5.245607027780295,
      "y": -6.043141445367796,
      "z": 0.0
    },
    "orientation_quat": {
      "x": 0.0022181825216042654,
      "y": 0.00014076597876684247,
      "z": 0.9979882919954988,
      "w": -0.06335952091948872
    },
    "yaw_rad": -3.014788360220521,
    "linear_vel": {
      "x": 0.0,
      "y": 0.0
    },
    "angular_vel_z": 0.0
  }
}