{
  "frame_idx": 5,
  "ros_stamp": 3295.9,
  "wall_time": 1776687388.6135027,
  "prompt": "go to the big shelf area",
  "goal_id": "big_shelf_area",
  "goal_pose": {
    "frame_id": "map",
    "x": -3.858,
    "y": -8.011,
    "yaw_rad": 1.5399999999999998
  },
  "odom": {
    "position": {
      "x": 5.259122023431232,
      "y": -6.043133516495717,
      "z": 0.0
    },
    "orientation_quat": {
      "x": 0.0022209333544370674,
      "y": 9.328327183914941e-05,
      "z": 0.9991154788508432,
      "w": -0.04199188819184735
    },
    "yaw_rad": -3.057583967962356,
    "linear_vel": {
      "x": 0.0029969164256771447,
      "y": 0.001700216930482848
    },
    "angular_vel_z": 0.00927046993554412
  }
}