{
  "frame_idx": 6,
  "ros_stamp": 3297.9,
  "wall_time": 1776687390.8151133,
  "prompt": "go to the big shelf area",
  "goal_id": "big_shelf_area",
  "goal_pose": {
    "frame_id": "map",
    "x": -3.858,
    "y": -8.011,
    "yaw_rad": 1.5399999999999998
  },
  "odom": {
    "position": {
      "x": 5.265859175789479,
      "y": -6.044170555853155,
      "z": 0.0
    },
    "orientation_quat": {
      "x": 0.002224947531075281,
      "y": 6.858616085761602e-05,
      "z": 0.9995219081061263,
      "w": -0.030838289840895136
    },
    "yaw_rad": -3.0799061408349924,
    "linear_vel": {
      "x": -0.0006653130433469474,
      "y": 0.0006801815453317874
    },
    "angular_vel_z": -0.0022136651902601315
  }
}