{
  "frame_idx": 7,
  "ros_stamp": 3299.9,
  "wall_time": 1776687392.9131203,
  "prompt": "go to the big shelf area",
  "goal_id": "big_shelf_area",
  "goal_pose": {
    "frame_id": "map",
    "x": -3.858,
    "y": -8.011,
    "yaw_rad": 1.5399999999999998
  },
  "odom": {
    "position": {
      "x": 5.270676201100123,
      "y": -6.0453450405000675,
      "z": 0.0
    },
    "orientation_quat": {
      "x": 0.002220797129975751,
      "y": 4.896065196674806e-05,
      "z": 0.9997411098788811,
      "w": -0.02264462146084302
    },
    "yaw_rad": -3.0962994214899227,
    "linear_vel": {
      "x": -0.005813478634431423,
      "y": -5.610647758379556e-06
    },
    "angular_vel_z": -0.019958009775527908
  }
}