{
  "frame_idx": 8,
  "ros_stamp": 3301.9,
  "wall_time": 1776687395.08236,
  "prompt": "go to the big shelf area",
  "goal_id": "big_shelf_area",
  "goal_pose": {
    "frame_id": "map",
    "x": -3.858,
    "y": -8.011,
    "yaw_rad": 1.5399999999999998
  },
  "odom": {
    "position": {
      "x": 5.287159424015657,
      "y": -6.045212799158362,
      "z": 0.0
    },
    "orientation_quat": {
      "x": 0.002221646501173687,
      "y": -1.976943994697812e-05,
      "z": 0.9999581811612009,
      "w": 0.008871292170571749
    },
    "yaw_rad": 3.1238497929913023,
    "linear_vel": {
      "x": -0.014021408440803485,
      "y": -1.6663956135122915e-05
    },
    "angular_vel_z": -0.07922991065265578
  }
}