{
  "frame_idx": 9,
  "ros_stamp": 3303.9,
  "wall_time": 1776687397.2767746,
  "prompt": "go to the big shelf area",
  "goal_id": "big_shelf_area",
  "goal_pose": {
    "frame_id": "map",
    "x": -3.858,
    "y": -8.011,
    "yaw_rad": 1.5399999999999998
  },
  "odom": {
    "position": {
      "x": 5.272241936943386,
      "y": -6.043189943440551,
      "z": 0.0
    },
    "orientation_quat": {
      "x": -0.0016439422557924417,
      "y": 0.00014744086717457538,
      "z": 0.9960065043736489,
      "w": 0.08926544101966447
    },
    "yaw_rad": 2.9628235750059173,
    "linear_vel": {
      "x": 0.006404631298434377,
      "y": 3.077083538117751e-05
    },
    "angular_vel_z": -0.12094806040751616
  }
}