{
  "frame_idx": 10,
  "ros_stamp": 3305.9,
  "wall_time": 1776687399.5093164,
  "prompt": "go to the big shelf area",
  "goal_id": "big_shelf_area",
  "goal_pose": {
    "frame_id": "map",
    "x": -3.858,
    "y": -8.011,
    "yaw_rad": 1.5399999999999998
  },
  "odom": {
    "position": {
      "x": 5.225844741194664,
      "y": -6.029373479326373,
      "z": 0.0
    },
    "orientation_quat": {
      "x": 0.0015230773551099378,
      "y": -0.0003269512186492077,
      "z": 0.9766865119679129,
      "w": 0.2146649265208987
    },
    "yaw_rad": 2.7088946051686063,
    "linear_vel": {
      "x": 0.007693962412161753,
      "y": -6.283530606147017e-05
    },
    "angular_vel_z": -0.10188713371851381
  }
}