{
  "frame_idx": 11,
  "ros_stamp": 3307.9,
  "wall_time": 1776687401.74594,
  "prompt": "go to the big shelf area",
  "goal_id": "big_shelf_area",
  "goal_pose": {
    "frame_id": "map",
    "x": -3.858,
    "y": -8.011,
    "yaw_rad": 1.5399999999999998
  },
  "odom": {
    "position": {
      "x": 4.951899152601161,
      "y": -5.877094009839328,
      "z": 0.0
    },
    "orientation_quat": {
      "x": -0.0013450624576081835,
      "y": 0.0003220582219550069,
      "z": 0.9721812176432176,
      "w": 0.23422588914814205
    },
    "yaw_rad": 2.6687477262510737,
    "linear_vel": {
      "x": 0.16240004019990645,
      "y": -3.7933266941929205e-05
    },
    "angular_vel_z": 0.10307038071832372
  }
}