{
  "frame_idx": 12,
  "ros_stamp": 3309.9,
  "wall_time": 1776687403.8811462,
  "prompt": "go to the big shelf area",
  "goal_id": "big_shelf_area",
  "goal_pose": {
    "frame_id": "map",
    "x": -3.858,
    "y": -8.011,
    "yaw_rad": 1.5399999999999998
  },
  "odom": {
    "position": {
      "x": 4.831637983581181,
      "y": -5.805163816790997,
      "z": 0.0
    },
    "orientation_quat": {
      "x": -0.002090250305421768,
      "y": -0.0007586746006914911,
      "z": 0.9399967980436609,
      "w": -0.3411760175249368
    },
    "yaw_rad": -2.4452554645775026,
    "linear_vel": {
      "x": 0.02976581736157378,
      "y": -0.1618658955112458
    },
    "angular_vel_z": 0.3891135274442366
  }
}