{
  "frame_idx": 13,
  "ros_stamp": 3311.9,
  "wall_time": 1776687406.0495532,
  "prompt": "go to the big shelf area",
  "goal_id": "big_shelf_area",
  "goal_pose": {
    "frame_id": "map",
    "x": -3.858,
    "y": -8.011,
    "yaw_rad": 1.5399999999999998
  },
  "odom": {
    "position": {
      "x": 4.746211675350047,
      "y": -5.790694652195263,
      "z": 0.0
    },
    "orientation_quat": {
      "x": -0.0020192813885591835,
      "y": -0.0009288808032900417,
      "z": 0.9084936559859556,
      "w": -0.41789273350514183
    },
    "yaw_rad": -2.2793412428846875,
    "linear_vel": {
      "x": 0.0,
      "y": 0.0
    },
    "angular_vel_z": 0.0
  }
}