{
  "frame_idx": 14,
  "ros_stamp": 3313.9,
  "wall_time": 1776687408.2077825,
  "prompt": "go to the big shelf area",
  "goal_id": "big_shelf_area",
  "goal_pose": {
    "frame_id": "map",
    "x": -3.858,
    "y": -8.011,
    "yaw_rad": 1.5399999999999998
  },
  "odom": {
    "position": {
      "x": 4.746207336713272,
      "y": -5.790694449428883,
      "z": 0.0
    },
    "orientation_quat": {
      "x": -0.0020195155789124795,
      "y": -0.0009289983118455881,
      "z": 0.9084919905580817,
      "w": -0.4178963527129394
    },
    "yaw_rad": -2.279333274850425,
    "linear_vel": {
      "x": -6.458621694612276e-05,
      "y": 7.681910803805106e-05
    },
    "angular_vel_z": -0.00018336224834616425
  }
}