{
  "frame_idx": 15,
  "ros_stamp": 3315.9,
  "wall_time": 1776687410.3777936,
  "prompt": "go to the big shelf area",
  "goal_id": "big_shelf_area",
  "goal_pose": {
    "frame_id": "map",
    "x": -3.858,
    "y": -8.011,
    "yaw_rad": 1.5399999999999998
  },
  "odom": {
    "position": {
      "x": 4.746211384614174,
      "y": -5.790694717974728,
      "z": 0.0
    },
    "orientation_quat": {
      "x": -0.0020192964576076504,
      "y": -0.0009288880664049974,
      "z": 0.9084936030490112,
      "w": -0.41789284850042846
    },
    "yaw_rad": -2.2793409896946204,
    "linear_vel": {
      "x": 0.0,
      "y": 0.0
    },
    "angular_vel_z": 0.0
  }
}