{
  "frame_idx": 16,
  "ros_stamp": 3317.9,
  "wall_time": 1776687412.5954537,
  "prompt": "go to the big shelf area",
  "goal_id": "big_shelf_area",
  "goal_pose": {
    "frame_id": "map",
    "x": -3.858,
    "y": -8.011,
    "yaw_rad": 1.5399999999999998
  },
  "odom": {
    "position": {
      "x": 4.746207297772243,
      "y": -5.790694533725986,
      "z": 0.0
    },
    "orientation_quat": {
      "x": -0.0020195271006366723,
      "y": -0.0009290036733678022,
      "z": 0.9084919803100872,
      "w": -0.41789637492412035
    },
    "yaw_rad": -2.279333225927632,
    "linear_vel": {
      "x": -6.453191510924378e-05,
      "y": 7.677331122848532e-05
    },
    "angular_vel_z": -0.00018323144972214877
  }
}