{
  "frame_idx": 18,
  "ros_stamp": 3321.9,
  "wall_time": 1776687416.8717823,
  "prompt": "go to the big shelf area",
  "goal_id": "big_shelf_area",
  "goal_pose": {
    "frame_id": "map",
    "x": -3.858,
    "y": -8.011,
    "yaw_rad": 1.5399999999999998
  },
  "odom": {
    "position": {
      "x": 4.746211348263584,
      "y": -5.790694789912814,
      "z": 0.0
    },
    "orientation_quat": {
      "x": -0.0020192964358367814,
      "y": -0.0009288881136831936,
      "z": 0.9084935932632183,
      "w": -0.41789286977461404
    },
    "yaw_rad": -2.27934094286064,
    "linear_vel": {
      "x": 0.0,
      "y": 0.0
    },
    "angular_vel_z": 0.0
  }
}