{
  "frame_idx": 19,
  "ros_stamp": 3323.9,
  "wall_time": 1776687419.0767138,
  "prompt": "go to the big shelf area",
  "goal_id": "big_shelf_area",
  "goal_pose": {
    "frame_id": "map",
    "x": -3.858,
    "y": -8.011,
    "yaw_rad": 1.5399999999999998
  },
  "odom": {
    "position": {
      "x": 4.741097914516022,
      "y": -5.7961082979887895,
      "z": 0.0
    },
    "orientation_quat": {
      "x": 0.0020581470130777288,
      "y": 0.0008587065793866363,
      "z": 0.9228031367708152,
      "w": -0.3852653597454971
    },
    "yaw_rad": -2.3505998493286873,
    "linear_vel": {
      "x": 0.028562205798729916,
      "y": -6.464462424014939e-05
    },
    "angular_vel_z": -0.20169191691900007
  }
}