{
  "frame_idx": 20,
  "ros_stamp": 3325.9,
  "wall_time": 1776687421.2676759,
  "prompt": "go to the big shelf area",
  "goal_id": "big_shelf_area",
  "goal_pose": {
    "frame_id": "map",
    "x": -3.858,
    "y": -8.011,
    "yaw_rad": 1.5399999999999998
  },
  "odom": {
    "position": {
      "x": 4.661632938852424,
      "y": -5.845338326215098,
      "z": 0.0
    },
    "orientation_quat": {
      "x": -0.0012941287672590888,
      "y": -0.00024618095914740617,
      "z": 0.9816022046963845,
      "w": -0.19093291062796458
    },
    "yaw_rad": -2.7573673940991017,
    "linear_vel": {
      "x": 0.04967265145335453,
      "y": 4.339966941276323e-05
    },
    "angular_vel_z": -0.18684764976417467
  }
}