{
  "frame_idx": 21,
  "ros_stamp": 3327.9,
  "wall_time": 1776687423.4720366,
  "prompt": "go to the big shelf area",
  "goal_id": "big_shelf_area",
  "goal_pose": {
    "frame_id": "map",
    "x": -3.858,
    "y": -8.011,
    "yaw_rad": 1.5399999999999998
  },
  "odom": {
    "position": {
      "x": 4.329770924591939,
      "y": -5.9079995855287235,
      "z": 0.0
    },
    "orientation_quat": {
      "x": -0.0019911107198056716,
      "y": -7.974857539151278e-05,
      "z": 0.9991975795833637,
      "w": -0.04000282581285684
    },
    "yaw_rad": -3.061565489892447,
    "linear_vel": {
      "x": 0.19933217042279933,
      "y": 5.302900100440421e-05
    },
    "angular_vel_z": -0.1029008869749393
  }
}