{
  "frame_idx": 22,
  "ros_stamp": 3329.9,
  "wall_time": 1776687425.5881782,
  "prompt": "go to the big shelf area",
  "goal_id": "big_shelf_area",
  "goal_pose": {
    "frame_id": "map",
    "x": -3.858,
    "y": -8.011,
    "yaw_rad": 1.5399999999999998
  },
  "odom": {
    "position": {
      "x": 4.009647237149436,
      "y": -5.9122501246380414,
      "z": 0.0
    },
    "orientation_quat": {
      "x": 0.001024936379891801,
      "y": -1.54762282015226e-05,
      "z": 0.9998863666488155,
      "w": 0.01504004839534547
    },
    "yaw_rad": 3.1115114069655205,
    "linear_vel": {
      "x": 0.16845238980444183,
      "y": 3.654150052646038e-07
    },
    "angular_vel_z": -0.05233487112246882
  }
}