{
  "frame_idx": 23,
  "ros_stamp": 3331.9,
  "wall_time": 1776687427.7257352,
  "prompt": "go to the big shelf area",
  "goal_id": "big_shelf_area",
  "goal_pose": {
    "frame_id": "map",
    "x": -3.858,
    "y": -8.011,
    "yaw_rad": 1.5399999999999998
  },
  "odom": {
    "position": {
      "x": 3.6736229455727787,
      "y": -5.895393499753542,
      "z": 0.0
    },
    "orientation_quat": {
      "x": 0.0010408425663060567,
      "y": -3.5596831648527296e-05,
      "z": 0.9994157547339473,
      "w": 0.03416232675319954
    },
    "yaw_rad": 3.0732546661821525,
    "linear_vel": {
      "x": 0.17718636298143087,
      "y": 3.0558788510252834e-07
    },
    "angular_vel_z": -0.035743228875095116
  }
}