{
  "frame_idx": 24,
  "ros_stamp": 3333.9,
  "wall_time": 1776687429.998268,
  "prompt": "go to the big shelf area",
  "goal_id": "big_shelf_area",
  "goal_pose": {
    "frame_id": "map",
    "x": -3.858,
    "y": -8.011,
    "yaw_rad": 1.5399999999999998
  },
  "odom": {
    "position": {
      "x": 3.362673317922962,
      "y": -5.867883090754088,
      "z": 0.0
    },
    "orientation_quat": {
      "x": 0.00040828161451095593,
      "y": -2.3100654495222493e-05,
      "z": 0.9984111495672244,
      "w": 0.05634721991665916
    },
    "yaw_rad": 3.0288384846885736,
    "linear_vel": {
      "x": 0.14388399350096148,
      "y": 9.476162343681293e-07
    },
    "angular_vel_z": -0.008405656008599712
  }
}