{
  "frame_idx": 25,
  "ros_stamp": 3335.9,
  "wall_time": 1776687432.2727416,
  "prompt": "go to the big shelf area",
  "goal_id": "big_shelf_area",
  "goal_pose": {
    "frame_id": "map",
    "x": -3.858,
    "y": -8.011,
    "yaw_rad": 1.5399999999999998
  },
  "odom": {
    "position": {
      "x": 3.030443980231945,
      "y": -5.8210088303574485,
      "z": 0.0
    },
    "orientation_quat": {
      "x": 0.002220048648992083,
      "y": -0.00015349458322821608,
      "z": 0.9976179765647631,
      "w": 0.06894505535741355
    },
    "yaw_rad": 3.003592724979779,
    "linear_vel": {
      "x": 0.19559633300661217,
      "y": 5.376836768574553e-06
    },
    "angular_vel_z": 0.03300598469956067
  }
}