{
  "frame_idx": 26,
  "ros_stamp": 3337.9,
  "wall_time": 1776687434.4600449,
  "prompt": "go to the big shelf area",
  "goal_id": "big_shelf_area",
  "goal_pose": {
    "frame_id": "map",
    "x": -3.858,
    "y": -8.011,
    "yaw_rad": 1.5399999999999998
  },
  "odom": {
    "position": {
      "x": 2.67255470866828,
      "y": -5.795821419207715,
      "z": 0.0
    },
    "orientation_quat": {
      "x": -0.000662708597263532,
      "y": -1.3646873639784207e-06,
      "z": 0.9999506528412894,
      "w": 0.009912249882440044
    },
    "yaw_rad": 3.1217678143073915,
    "linear_vel": {
      "x": 0.20325358714296912,
      "y": -1.1058829464253415e-05
    },
    "angular_vel_z": 0.04507408059223761
  }
}