{
  "frame_idx": 27,
  "ros_stamp": 3339.9,
  "wall_time": 1776687436.5834785,
  "prompt": "go to the big shelf area",
  "goal_id": "big_shelf_area",
  "goal_pose": {
    "frame_id": "map",
    "x": -3.858,
    "y": -8.011,
    "yaw_rad": 1.5399999999999998
  },
  "odom": {
    "position": {
      "x": 2.324436475654901,
      "y": -5.796724125402163,
      "z": 0.0
    },
    "orientation_quat": {
      "x": 0.0022251358656796907,
      "y": 1.9482757470784183e-05,
      "z": 0.999958948331378,
      "w": -0.008783509708877832
    },
    "yaw_rad": -3.124025364508776,
    "linear_vel": {
      "x": 0.16857158483416837,
      "y": 1.6635660058403506e-06
    },
    "angular_vel_z": 0.009275587197521676
  }
}