{
  "frame_idx": 28,
  "ros_stamp": 3341.9,
  "wall_time": 1776687438.7295792,
  "prompt": "go to the big shelf area",
  "goal_id": "big_shelf_area",
  "goal_pose": {
    "frame_id": "map",
    "x": -3.858,
    "y": -8.011,
    "yaw_rad": 1.5399999999999998
  },
  "odom": {
    "position": {
      "x": 1.9807449840592728,
      "y": -5.801756950069954,
      "z": 0.0
    },
    "orientation_quat": {
      "x": 0.0008690833331760758,
      "y": 4.5335556752590535e-06,
      "z": 0.9999856322341325,
      "w": -0.005289612359072583
    },
    "yaw_rad": -3.1310133754305456,
    "linear_vel": {
      "x": 0.1639598856590388,
      "y": 9.9371982973282e-07
    },
    "angular_vel_z": -0.03983932016505386
  }
}