{
  "frame_idx": 29,
  "ros_stamp": 3343.9,
  "wall_time": 1776687440.934943,
  "prompt": "go to the big shelf area",
  "goal_id": "big_shelf_area",
  "goal_pose": {
    "frame_id": "map",
    "x": -3.858,
    "y": -8.011,
    "yaw_rad": 1.5399999999999998
  },
  "odom": {
    "position": {
      "x": 1.6134367581141473,
      "y": -5.805223364162479,
      "z": 0.0
    },
    "orientation_quat": {
      "x": 0.0006876552952232833,
      "y": 3.735215281274669e-06,
      "z": 0.9999845521652504,
      "w": -0.005515663795679206
    },
    "yaw_rad": -3.1305612673764656,
    "linear_vel": {
      "x": 0.16149074759454785,
      "y": -6.028757576132381e-07
    },
    "angular_vel_z": 0.011898390890482257
  }
}