{
  "frame_idx": 30,
  "ros_stamp": 3345.9,
  "wall_time": 1776687443.0917783,
  "prompt": "go to the big shelf area",
  "goal_id": "big_shelf_area",
  "goal_pose": {
    "frame_id": "map",
    "x": -3.858,
    "y": -8.011,
    "yaw_rad": 1.5399999999999998
  },
  "odom": {
    "position": {
      "x": 1.2901455761390321,
      "y": -5.810446604999079,
      "z": 0.0
    },
    "orientation_quat": {
      "x": -0.0005419798899575537,
      "y": -5.572372090211267e-06,
      "z": 0.9999480998294514,
      "w": -0.01017368538028562
    },
    "yaw_rad": -3.121244928881712,
    "linear_vel": {
      "x": 0.19096087617761137,
      "y": -1.2884755298706365e-06
    },
    "angular_vel_z": 0.004383441623845172
  }
}