{
  "frame_idx": 31,
  "ros_stamp": 3347.9,
  "wall_time": 1776687445.2836764,
  "prompt": "go to the big shelf area",
  "goal_id": "big_shelf_area",
  "goal_pose": {
    "frame_id": "map",
    "x": -3.858,
    "y": -8.011,
    "yaw_rad": 1.5399999999999998
  },
  "odom": {
    "position": {
      "x": 0.9489130781747535,
      "y": -5.817705936391372,
      "z": 0.0
    },
    "orientation_quat": {
      "x": -0.0015142213455868142,
      "y": -1.73236467447207e-05,
      "z": 0.9999338511805131,
      "w": -0.011401758500997334
    },
    "yaw_rad": -3.1187886165092467,
    "linear_vel": {
      "x": 0.16762345098046288,
      "y": 3.162680217564866e-06
    },
    "angular_vel_z": -0.007620774430202895
  }
}