{
  "frame_idx": 32,
  "ros_stamp": 3349.9,
  "wall_time": 1776687447.441814,
  "prompt": "go to the big shelf area",
  "goal_id": "big_shelf_area",
  "goal_pose": {
    "frame_id": "map",
    "x": -3.858,
    "y": -8.011,
    "yaw_rad": 1.5399999999999998
  },
  "odom": {
    "position": {
      "x": 0.6063161680871618,
      "y": -5.823706676842921,
      "z": 0.0
    },
    "orientation_quat": {
      "x": -0.0012996056166209849,
      "y": -1.0365948234085425e-05,
      "z": 0.9999677408784355,
      "w": -0.007926419132658536
    },
    "yaw_rad": -3.1257396360976824,
    "linear_vel": {
      "x": 0.17645647435964612,
      "y": -1.1499438006030505e-05
    },
    "angular_vel_z": 0.030088500829178487
  }
}