{
  "frame_idx": 33,
  "ros_stamp": 3351.9,
  "wall_time": 1776687449.583906,
  "prompt": "go to the big shelf area",
  "goal_id": "big_shelf_area",
  "goal_pose": {
    "frame_id": "map",
    "x": -3.858,
    "y": -8.011,
    "yaw_rad": 1.5399999999999998
  },
  "odom": {
    "position": {
      "x": 0.2710112862563284,
      "y": -5.835228559419811,
      "z": 0.0
    },
    "orientation_quat": {
      "x": 0.001904315292484563,
      "y": 7.460434374807122e-05,
      "z": 0.9992284670237577,
      "w": -0.03922803470491478
    },
    "yaw_rad": -3.063116305181135,
    "linear_vel": {
      "x": 0.15429969530572774,
      "y": 7.975272059976209e-06
    },
    "angular_vel_z": 0.06301146560064572
  }
}