{
  "frame_idx": 34,
  "ros_stamp": 3353.9,
  "wall_time": 1776687451.7736988,
  "prompt": "go to the big shelf area",
  "goal_id": "big_shelf_area",
  "goal_pose": {
    "frame_id": "map",
    "x": -3.858,
    "y": -8.011,
    "yaw_rad": 1.5399999999999998
  },
  "odom": {
    "position": {
      "x": -0.05763926565931256,
      "y": -5.873297673348031,
      "z": 0.0
    },
    "orientation_quat": {
      "x": -0.002224107604429,
      "y": -0.00016762269253200413,
      "z": 0.997170355166672,
      "w": -0.07514191922469218
    },
    "yaw_rad": -2.9911666550196667,
    "linear_vel": {
      "x": 0.15668387016007818,
      "y": -8.266911405743456e-05
    },
    "angular_vel_z": 0.02958670937706296
  }
}