{
  "frame_idx": 35,
  "ros_stamp": 3355.9,
  "wall_time": 1776687453.8691015,
  "prompt": "go to the big shelf area",
  "goal_id": "big_shelf_area",
  "goal_pose": {
    "frame_id": "map",
    "x": -3.858,
    "y": -8.011,
    "yaw_rad": 1.5399999999999998
  },
  "odom": {
    "position": {
      "x": -0.3937527944922404,
      "y": -5.935537842456059,
      "z": 0.0
    },
    "orientation_quat": {
      "x": -0.0019954722683208238,
      "y": -0.00022884239168154876,
      "z": 0.9935663940427688,
      "w": -0.11323332703067421
    },
    "yaw_rad": -2.9146387804664435,
    "linear_vel": {
      "x": 0.17570554861505505,
      "y": 9.950638073470062e-06
    },
    "angular_vel_z": -0.02083825862694209
  }
}