{
  "frame_idx": 36,
  "ros_stamp": 3357.9,
  "wall_time": 1776687456.1232064,
  "prompt": "go to the big shelf area",
  "goal_id": "big_shelf_area",
  "goal_pose": {
    "frame_id": "map",
    "x": -3.858,
    "y": -8.011,
    "yaw_rad": 1.5399999999999998
  },
  "odom": {
    "position": {
      "x": -0.7250383339816248,
      "y": -6.0156966367889035,
      "z": 0.0
    },
    "orientation_quat": {
      "x": 0.0005906151178801258,
      "y": 7.44067407301825e-05,
      "z": 0.9921461031413443,
      "w": -0.1250829950827223
    },
    "yaw_rad": -2.8907696432713985,
    "linear_vel": {
      "x": 0.16440770609984573,
      "y": -1.0613457204497001e-06
    },
    "angular_vel_z": 0.008303837494808883
  }
}