{
  "frame_idx": 37,
  "ros_stamp": 3359.9,
  "wall_time": 1776687458.2661545,
  "prompt": "go to the big shelf area",
  "goal_id": "big_shelf_area",
  "goal_pose": {
    "frame_id": "map",
    "x": -3.858,
    "y": -8.011,
    "yaw_rad": 1.5399999999999998
  },
  "odom": {
    "position": {
      "x": -1.0660361112097247,
      "y": -6.108304228056195,
      "z": 0.0
    },
    "orientation_quat": {
      "x": -0.001703308423459942,
      "y": -0.0002294578832650337,
      "z": 0.9910523704662519,
      "w": -0.13346252313933385
    },
    "yaw_rad": -2.87386836754834,
    "linear_vel": {
      "x": 0.1890561166194913,
      "y": 1.5163034449959138e-05
    },
    "angular_vel_z": -0.03309998227195156
  }
}