{
  "frame_idx": 38,
  "ros_stamp": 3361.9,
  "wall_time": 1776687460.3860729,
  "prompt": "go to the big shelf area",
  "goal_id": "big_shelf_area",
  "goal_pose": {
    "frame_id": "map",
    "x": -3.858,
    "y": -8.011,
    "yaw_rad": 1.5399999999999998
  },
  "odom": {
    "position": {
      "x": -1.4108976397890804,
      "y": -6.20623096754336,
      "z": 0.0
    },
    "orientation_quat": {
      "x": -0.0008903385758983735,
      "y": -0.00012809919270137797,
      "z": 0.989816576628648,
      "w": -0.1423458307045232
    },
    "yaw_rad": -2.8559305827843784,
    "linear_vel": {
      "x": 0.16810673046627614,
      "y": -1.863398208768564e-06
    },
    "angular_vel_z": 0.003960150748116596
  }
}