{
  "frame_idx": 39,
  "ros_stamp": 3363.9,
  "wall_time": 1776687462.6006708,
  "prompt": "go to the big shelf area",
  "goal_id": "big_shelf_area",
  "goal_pose": {
    "frame_id": "map",
    "x": -3.858,
    "y": -8.011,
    "yaw_rad": 1.5399999999999998
  },
  "odom": {
    "position": {
      "x": -1.7705842159138745,
      "y": -6.313286604954796,
      "z": 0.0
    },
    "orientation_quat": {
      "x": 0.0003435573480299989,
      "y": 5.0709808540869706e-05,
      "z": 0.9892657343353721,
      "w": -0.1461272947356554
    },
    "yaw_rad": -2.8482878287272166,
    "linear_vel": {
      "x": 0.17689835839026785,
      "y": -3.931986932254142e-06
    },
    "angular_vel_z": 0.03223703481776456
  }
}