{
  "frame_idx": 40,
  "ros_stamp": 3365.9,
  "wall_time": 1776687464.756371,
  "prompt": "go to the big shelf area",
  "goal_id": "big_shelf_area",
  "goal_pose": {
    "frame_id": "map",
    "x": -3.858,
    "y": -8.011,
    "yaw_rad": 1.5399999999999998
  },
  "odom": {
    "position": {
      "x": -2.1131852949101115,
      "y": -6.4225991720568425,
      "z": 0.0
    },
    "orientation_quat": {
      "x": -1.641685396717201e-05,
      "y": -5.659035052757645e-06,
      "z": 0.9859013086947002,
      "w": -0.16732784948280358
    },
    "yaw_rad": -2.805355295553385,
    "linear_vel": {
      "x": 0.18973431668496069,
      "y": -9.428803278760584e-06
    },
    "angular_vel_z": 0.04058872167087761
  }
}