{
  "frame_idx": 41,
  "ros_stamp": 3367.9,
  "wall_time": 1776687466.9450715,
  "prompt": "go to the big shelf area",
  "goal_id": "big_shelf_area",
  "goal_pose": {
    "frame_id": "map",
    "x": -3.858,
    "y": -8.011,
    "yaw_rad": 1.5399999999999998
  },
  "odom": {
    "position": {
      "x": -2.426227843825899,
      "y": -6.552010777299835,
      "z": 0.0
    },
    "orientation_quat": {
      "x": -0.0004945238309997442,
      "y": -0.00011855878319382591,
      "z": 0.9723969568904501,
      "w": -0.2333321658498619
    },
    "yaw_rad": -2.670586519238124,
    "linear_vel": {
      "x": 0.16446782280597114,
      "y": -2.3297290813778146e-05
    },
    "angular_vel_z": 0.0941196623480544
  }
}