{
  "frame_idx": 42,
  "ros_stamp": 3369.9,
  "wall_time": 1776687469.1268709,
  "prompt": "go to the big shelf area",
  "goal_id": "big_shelf_area",
  "goal_pose": {
    "frame_id": "map",
    "x": -3.858,
    "y": -8.011,
    "yaw_rad": 1.5399999999999998
  },
  "odom": {
    "position": {
      "x": -2.7138025921031015,
      "y": -6.743574666788927,
      "z": 0.0
    },
    "orientation_quat": {
      "x": 8.420195515877413e-05,
      "y": 2.8745550159867675e-05,
      "z": 0.9392561691048847,
      "w": -0.3432169006359393
    },
    "yaw_rad": -2.4409132331952366,
    "linear_vel": {
      "x": 0.16814400135915308,
      "y": -1.2014442719969758e-05
    },
    "angular_vel_z": 0.07364500725933801
  }
}