{
  "frame_idx": 43,
  "ros_stamp": 3371.9,
  "wall_time": 1776687471.284817,
  "prompt": "go to the big shelf area",
  "goal_id": "big_shelf_area",
  "goal_pose": {
    "frame_id": "map",
    "x": -3.858,
    "y": -8.011,
    "yaw_rad": 1.5399999999999998
  },
  "odom": {
    "position": {
      "x": -2.964352293975921,
      "y": -6.985119374054375,
      "z": 0.0
    },
    "orientation_quat": {
      "x": -0.0015542674308612666,
      "y": -0.000679580082463436,
      "z": 0.9162525210241517,
      "w": -0.4005976037628675
    },
    "yaw_rad": -2.3172534394242486,
    "linear_vel": {
      "x": 0.16916627702798445,
      "y": -2.8550925576126013e-05
    },
    "angular_vel_z": 0.06686776591414748
  }
}