{
  "frame_idx": 44,
  "ros_stamp": 3373.9,
  "wall_time": 1776687473.5390353,
  "prompt": "go to the big shelf area",
  "goal_id": "big_shelf_area",
  "goal_pose": {
    "frame_id": "map",
    "x": -3.858,
    "y": -8.011,
    "yaw_rad": 1.5399999999999998
  },
  "odom": {
    "position": {
      "x": -3.2468908923699886,
      "y": -7.306129839329109,
      "z": 0.0
    },
    "orientation_quat": {
      "x": -0.0020233013507168136,
      "y": -0.0009297138894662326,
      "z": 0.9086667352239283,
      "w": -0.41751623463191856
    },
    "yaw_rad": -2.2801699977960954,
    "linear_vel": {
      "x": 0.1928587807133322,
      "y": -1.1515881493519644e-05
    },
    "angular_vel_z": 0.021371642669458967
  }
}