{
  "frame_idx": 45,
  "ros_stamp": 3375.9,
  "wall_time": 1776687475.667218,
  "prompt": "go to the big shelf area",
  "goal_id": "big_shelf_area",
  "goal_pose": {
    "frame_id": "map",
    "x": -3.858,
    "y": -8.011,
    "yaw_rad": 1.5399999999999998
  },
  "odom": {
    "position": {
      "x": -3.4839369676614385,
      "y": -7.584162142906597,
      "z": 0.0
    },
    "orientation_quat": {
      "x": -0.002019189144137066,
      "y": -0.0009305965699048036,
      "z": 0.9081930554327101,
      "w": -0.41854561391683787
    },
    "yaw_rad": -2.2779037226558865,
    "linear_vel": {
      "x": 0.1621573649595324,
      "y": -3.840691235499575e-06
    },
    "angular_vel_z": 0.007636265621083287
  }
}