{
  "frame_idx": 46,
  "ros_stamp": 3377.9,
  "wall_time": 1776687477.810114,
  "prompt": "go to the big shelf area",
  "goal_id": "big_shelf_area",
  "goal_pose": {
    "frame_id": "map",
    "x": -3.858,
    "y": -8.011,
    "yaw_rad": 1.5399999999999998
  },
  "odom": {
    "position": {
      "x": -3.691202897251652,
      "y": -7.798859281053319,
      "z": 0.0
    },
    "orientation_quat": {
      "x": -0.0019485406871327035,
      "y": -0.0006870945193553189,
      "z": 0.9430922422953022,
      "w": -0.33252481653664756
    },
    "yaw_rad": -2.4636321931449086,
    "linear_vel": {
      "x": 0.12328756573927677,
      "y": 6.356518706339658e-05
    },
    "angular_vel_z": -0.14105109956438958
  }
}