{
  "frame_idx": 47,
  "ros_stamp": 3379.9,
  "wall_time": 1776687479.9782095,
  "prompt": "go to the big shelf area",
  "goal_id": "big_shelf_area",
  "goal_pose": {
    "frame_id": "map",
    "x": -3.858,
    "y": -8.011,
    "yaw_rad": 1.5399999999999998
  },
  "odom": {
    "position": {
      "x": -3.849849348136321,
      "y": -7.895663212932607,
      "z": 0.0
    },
    "orientation_quat": {
      "x": -0.002185464240877938,
      "y": -0.00040455647978833296,
      "z": 0.983272269306933,
      "w": -0.18212826384748979
    },
    "yaw_rad": -2.7752907690458217,
    "linear_vel": {
      "x": 0.05501587574517194,
      "y": 6.60107464452878e-05
    },
    "angular_vel_z": -0.1623641629857358
  }
}