{
  "frame_idx": 48,
  "ros_stamp": 3381.9,
  "wall_time": 1776687482.0885506,
  "prompt": "go to the big shelf area",
  "goal_id": "big_shelf_area",
  "goal_pose": {
    "frame_id": "map",
    "x": -3.858,
    "y": -8.011,
    "yaw_rad": 1.5399999999999998
  },
  "odom": {
    "position": {
      "x": -3.9145508962381386,
      "y": -7.91132793916186,
      "z": 0.0
    },
    "orientation_quat": {
      "x": -0.0019318554729498597,
      "y": -3.8890777115600896e-05,
      "z": 0.9997960741386829,
      "w": -0.0201016556237671
    },
    "yaw_rad": -3.101386559438121,
    "linear_vel": {
      "x": 0.01737482274942811,
      "y": 5.1074069538860495e-05
    },
    "angular_vel_z": -0.15950136506612866
  }
}