{
  "frame_idx": 49,
  "ros_stamp": 3383.9,
  "wall_time": 1776687484.2730129,
  "prompt": "go to the big shelf area",
  "goal_id": "big_shelf_area",
  "goal_pose": {
    "frame_id": "map",
    "x": -3.858,
    "y": -8.011,
    "yaw_rad": 1.5399999999999998
  },
  "odom": {
    "position": {
      "x": -3.921319628397728,
      "y": -7.911114203277554,
      "z": 0.0
    },
    "orientation_quat": {
      "x": -0.0022012404161384047,
      "y": 0.0003086839784974524,
      "z": 0.9903041614011087,
      "w": 0.13889826192749327
    },
    "yaw_rad": 2.8628943492826635,
    "linear_vel": {
      "x": 0.00039662831816166585,
      "y": 4.937824883214113e-05
    },
    "angular_vel_z": -0.14047331028418691
  }
}