{
  "frame_idx": 50,
  "ros_stamp": 3385.9,
  "wall_time": 1776687486.362811,
  "prompt": "go to the big shelf area",
  "goal_id": "big_shelf_area",
  "goal_pose": {
    "frame_id": "map",
    "x": -3.858,
    "y": -8.011,
    "yaw_rad": 1.5399999999999998
  },
  "odom": {
    "position": {
      "x": -3.92137640596326,
      "y": -7.911208271052629,
      "z": 0.0
    },
    "orientation_quat": {
      "x": -0.0021305737148636754,
      "y": 0.0006329453572621062,
      "z": 0.9585851511007696,
      "w": 0.2847974159379522
    },
    "yaw_rad": 2.564001014549445,
    "linear_vel": {
      "x": -2.451651086857067e-07,
      "y": 4.787249951476429e-05
    },
    "angular_vel_z": -0.13697175024114552
  }
}