{
  "frame_idx": 51,
  "ros_stamp": 3387.9,
  "wall_time": 1776687488.5138948,
  "prompt": "go to the big shelf area",
  "goal_id": "big_shelf_area",
  "goal_pose": {
    "frame_id": "map",
    "x": -3.858,
    "y": -8.011,
    "yaw_rad": 1.5399999999999998
  },
  "odom": {
    "position": {
      "x": -3.9214352613812604,
      "y": -7.911277358260044,
      "z": 0.0
    },
    "orientation_quat": {
      "x": -0.0020322831952554648,
      "y": 0.0008998541969408295,
      "z": 0.9143660127506726,
      "w": 0.404882519768235
    },
    "yaw_rad": 2.307889776761296,
    "linear_vel": {
      "x": -6.3652581910683195e-09,
      "y": 4.30286280621075e-05
    },
    "angular_vel_z": -0.1240764286293087
  }
}