{
  "frame_idx": 52,
  "ros_stamp": 3389.9,
  "wall_time": 1776687490.6986222,
  "prompt": "go to the big shelf area",
  "goal_id": "big_shelf_area",
  "goal_pose": {
    "frame_id": "map",
    "x": -3.858,
    "y": -8.011,
    "yaw_rad": 1.5399999999999998
  },
  "odom": {
    "position": {
      "x": -3.921500324176225,
      "y": -7.91132521807075,
      "z": 0.0
    },
    "orientation_quat": {
      "x": -0.0019224224245615853,
      "y": 0.0011154241346134196,
      "z": 0.8649405942509044,
      "w": 0.5018693341278323
    },
    "yaw_rad": 2.0900724970020272,
    "linear_vel": {
      "x": 2.748486155628866e-07,
      "y": 3.433047453624609e-05
    },
    "angular_vel_z": -0.09760978006569539
  }
}