{
  "frame_idx": 53,
  "ros_stamp": 3391.9,
  "wall_time": 1776687492.798178,
  "prompt": "go to the big shelf area",
  "goal_id": "big_shelf_area",
  "goal_pose": {
    "frame_id": "map",
    "x": -3.858,
    "y": -8.011,
    "yaw_rad": 1.5399999999999998
  },
  "odom": {
    "position": {
      "x": -3.9215609649309595,
      "y": -7.911351599346356,
      "z": 0.0
    },
    "orientation_quat": {
      "x": -0.0018121339335905396,
      "y": 0.001286868198202514,
      "z": 0.8153222032578658,
      "w": 0.5790032512996683
    },
    "yaw_rad": 1.9065778603580876,
    "linear_vel": {
      "x": 2.2164806566919705e-07,
      "y": 2.7713710248423934e-05
    },
    "angular_vel_z": -0.07808176647761456
  }
}