{
  "frame_idx": 0,
  "ros_stamp": 1893.9,
  "wall_time": 1776685870.6030264,
  "prompt": "large warehouse shelves",
  "goal_id": "big_shelf_area",
  "goal_pose": {
    "frame_id": "map",
    "x": -3.858,
    "y": -8.011,
    "yaw_rad": 1.5399999999999998
  },
  "odom": {
    "position": {
      "x": 2.0023834715172453,
      "y": -7.750581187418303,
      "z": 0.0
    },
    "orientation_quat": {
      "x": -0.0007515354826813044,
      "y": 0.002091683070260446,
      "z": 0.33815258932661635,
      "w": 0.9410886708424752
    },
    "yaw_rad": 0.6899080791319968,
    "linear_vel": {
      "x": -8.675050080961619e-08,
      "y": -4.607806111250855e-05
    },
    "angular_vel_z": 0.1325820452393643
  }
}