{
  "frame_idx": 1,
  "ros_stamp": 1895.9,
  "wall_time": 1776685872.8649654,
  "prompt": "large warehouse shelves",
  "goal_id": "big_shelf_area",
  "goal_pose": {
    "frame_id": "map",
    "x": -3.858,
    "y": -8.011,
    "yaw_rad": 1.5399999999999998
  },
  "odom": {
    "position": {
      "x": 2.002891923330571,
      "y": -7.7502479616031135,
      "z": 0.0
    },
    "orientation_quat": {
      "x": -0.0009913749422553468,
      "y": 0.001989253141397665,
      "z": 0.44605641063996954,
      "w": 0.895002088586753
    },
    "yaw_rad": 0.9247109718203241,
    "linear_vel": {
      "x": 1.5468274677549018e-07,
      "y": -4.1704462251413544e-05
    },
    "angular_vel_z": 0.11965136989846306
  }
}