{
  "frame_idx": 2,
  "ros_stamp": 1897.9,
  "wall_time": 1776685875.024006,
  "prompt": "large warehouse shelves",
  "goal_id": "big_shelf_area",
  "goal_pose": {
    "frame_id": "map",
    "x": -3.858,
    "y": -8.011,
    "yaw_rad": 1.5399999999999998
  },
  "odom": {
    "position": {
      "x": 2.0038245872216582,
      "y": -7.748759847586885,
      "z": 0.0
    },
    "orientation_quat": {
      "x": -0.0011960346839382779,
      "y": 0.0018742632315807055,
      "z": 0.5379516095776894,
      "w": 0.8429727886421642
    },
    "yaw_rad": 1.136013691140952,
    "linear_vel": {
      "x": 0.0017779314404817496,
      "y": -4.2038127378435395e-05
    },
    "angular_vel_z": 0.11887043078594321
  }
}