{
  "frame_idx": 3,
  "ros_stamp": 1899.9,
  "wall_time": 1776685877.1507106,
  "prompt": "large warehouse shelves",
  "goal_id": "big_shelf_area",
  "goal_pose": {
    "frame_id": "map",
    "x": -3.858,
    "y": -8.011,
    "yaw_rad": 1.5399999999999998
  },
  "odom": {
    "position": {
      "x": 2.004728499383225,
      "y": -7.745380535393882,
      "z": 0.0
    },
    "orientation_quat": {
      "x": -0.0011100880051542771,
      "y": 0.0013043530583993286,
      "z": 0.6480548863535321,
      "w": 0.7615917086215097
    },
    "yaw_rad": 1.410057791884511,
    "linear_vel": {
      "x": -8.568583056769588e-05,
      "y": -2.9262036936345796e-05
    },
    "angular_vel_z": 0.11298405382271848
  }
}