{
  "frame_idx": 4,
  "ros_stamp": 1901.9,
  "wall_time": 1776685879.3696253,
  "prompt": "large warehouse shelves",
  "goal_id": "big_shelf_area",
  "goal_pose": {
    "frame_id": "map",
    "x": -3.858,
    "y": -8.011,
    "yaw_rad": 1.5399999999999998
  },
  "odom": {
    "position": {
      "x": 2.0049670188429736,
      "y": -7.739071211278856,
      "z": 0.0
    },
    "orientation_quat": {
      "x": -0.0016835577723443215,
      "y": 0.0014511426451099397,
      "z": 0.7574358006758914,
      "w": 0.6529058643271035
    },
    "yaw_rad": 1.7187592816783466,
    "linear_vel": {
      "x": 0.0008602630798209384,
      "y": -5.4218660203407204e-05
    },
    "angular_vel_z": 0.154753779272457
  }
}