{
  "frame_idx": 5,
  "ros_stamp": 1903.9,
  "wall_time": 1776685881.5224268,
  "prompt": "large warehouse shelves",
  "goal_id": "big_shelf_area",
  "goal_pose": {
    "frame_id": "map",
    "x": -3.858,
    "y": -8.011,
    "yaw_rad": 1.5399999999999998
  },
  "odom": {
    "position": {
      "x": 2.001058267472052,
      "y": -7.7267506001127435,
      "z": 0.0
    },
    "orientation_quat": {
      "x": 0.0015895599988735355,
      "y": -0.0009581523869021715,
      "z": 0.856013323588768,
      "w": 0.5169504280697766
    },
    "yaw_rad": 2.055021402762569,
    "linear_vel": {
      "x": 0.0027177758515164667,
      "y": 5.232202036592711e-05
    },
    "angular_vel_z": 0.17617821551955368
  }
}