{
  "frame_idx": 6,
  "ros_stamp": 1905.9,
  "wall_time": 1776685883.7048345,
  "prompt": "large warehouse shelves",
  "goal_id": "big_shelf_area",
  "goal_pose": {
    "frame_id": "map",
    "x": -3.858,
    "y": -8.011,
    "yaw_rad": 1.5399999999999998
  },
  "odom": {
    "position": {
      "x": 1.999655023804116,
      "y": -7.724180787672408,
      "z": 0.0
    },
    "orientation_quat": {
      "x": -0.0021042436276285438,
      "y": -0.000715843460909233,
      "z": 0.9467223891736912,
      "w": -0.3220431299750902
    },
    "yaw_rad": -2.4858173726563026,
    "linear_vel": {
      "x": -5.381503666022071e-07,
      "y": -0.00036699280856173494
    },
    "angular_vel_z": 1.057830121044066
  }
}