{
  "frame_idx": 7,
  "ros_stamp": 1907.9,
  "wall_time": 1776685885.8567386,
  "prompt": "large warehouse shelves",
  "goal_id": "big_shelf_area",
  "goal_pose": {
    "frame_id": "map",
    "x": -3.858,
    "y": -8.011,
    "yaw_rad": 1.5399999999999998
  },
  "odom": {
    "position": {
      "x": 1.8266039541504366,
      "y": -7.8782167098654075,
      "z": 0.0
    },
    "orientation_quat": {
      "x": 0.0015918148877549056,
      "y": 0.0005141895966051499,
      "z": 0.9515743647894217,
      "w": -0.3074141018398967
    },
    "yaw_rad": -2.516643059740143,
    "linear_vel": {
      "x": 0.14760251228906265,
      "y": -1.1855044847312618e-05
    },
    "angular_vel_z": -0.1056658854864269
  }
}