{
  "frame_idx": 8,
  "ros_stamp": 1909.9,
  "wall_time": 1776685887.9581509,
  "prompt": "large warehouse shelves",
  "goal_id": "big_shelf_area",
  "goal_pose": {
    "frame_id": "map",
    "x": -3.858,
    "y": -8.011,
    "yaw_rad": 1.5399999999999998
  },
  "odom": {
    "position": {
      "x": 1.5424468369076394,
      "y": -8.047521015377528,
      "z": 0.0
    },
    "orientation_quat": {
      "x": 0.002162084560117041,
      "y": 0.0005214856238187602,
      "z": 0.9721064101701675,
      "w": -0.23452970120897063
    },
    "yaw_rad": -2.6681219644410867,
    "linear_vel": {
      "x": 0.1795537861340076,
      "y": -6.340279726743962e-06
    },
    "angular_vel_z": -0.034431547552295425
  }
}