{
  "frame_idx": 9,
  "ros_stamp": 1911.9,
  "wall_time": 1776685890.1404157,
  "prompt": "large warehouse shelves",
  "goal_id": "big_shelf_area",
  "goal_pose": {
    "frame_id": "map",
    "x": -3.858,
    "y": -8.011,
    "yaw_rad": 1.5399999999999998
  },
  "odom": {
    "position": {
      "x": 1.21136574249498,
      "y": -8.202600440643792,
      "z": 0.0
    },
    "orientation_quat": {
      "x": 0.0021780022004884983,
      "y": 0.0004488735360727929,
      "z": 0.9794087226599607,
      "w": -0.20187523076531075
    },
    "yaw_rad": -2.7350472433583928,
    "linear_vel": {
      "x": 0.18934011448297383,
      "y": -5.393528707937315e-06
    },
    "angular_vel_z": -0.030370082430722305
  }
}