{
  "frame_idx": 10,
  "ros_stamp": 1913.9,
  "wall_time": 1776685892.2574377,
  "prompt": "large warehouse shelves",
  "goal_id": "big_shelf_area",
  "goal_pose": {
    "frame_id": "map",
    "x": -3.858,
    "y": -8.011,
    "yaw_rad": 1.5399999999999998
  },
  "odom": {
    "position": {
      "x": 0.899999270584926,
      "y": -8.331466164206109,
      "z": 0.0
    },
    "orientation_quat": {
      "x": -0.002185838678048469,
      "y": -0.0004244889517792319,
      "z": 0.9816626471641783,
      "w": -0.190613454616985
    },
    "yaw_rad": -2.7580176492247985,
    "linear_vel": {
      "x": 0.16938030609614055,
      "y": 8.278424255514337e-06
    },
    "angular_vel_z": -0.017216034617564747
  }
}