{
  "frame_idx": 11,
  "ros_stamp": 1915.9,
  "wall_time": 1776685894.4065225,
  "prompt": "large warehouse shelves",
  "goal_id": "big_shelf_area",
  "goal_pose": {
    "frame_id": "map",
    "x": -3.858,
    "y": -8.011,
    "yaw_rad": 1.5399999999999998
  },
  "odom": {
    "position": {
      "x": 0.5796386998752493,
      "y": -8.456685488529418,
      "z": 0.0
    },
    "orientation_quat": {
      "x": -0.000799948506379319,
      "y": -0.00014583851463262706,
      "z": 0.9837984404032475,
      "w": -0.17927623231664772
    },
    "yaw_rad": -2.7810911029043908,
    "linear_vel": {
      "x": 0.16802959159407707,
      "y": 4.8781275718839815e-06
    },
    "angular_vel_z": -0.015211372236219165
  }
}