{
  "frame_idx": 12,
  "ros_stamp": 1917.9,
  "wall_time": 1776685896.5612926,
  "prompt": "large warehouse shelves",
  "goal_id": "big_shelf_area",
  "goal_pose": {
    "frame_id": "map",
    "x": -3.858,
    "y": -8.011,
    "yaw_rad": 1.5399999999999998
  },
  "odom": {
    "position": {
      "x": 0.2529777793673184,
      "y": -8.582018874064152,
      "z": 0.0
    },
    "orientation_quat": {
      "x": -0.000679568875995847,
      "y": -0.00013295759489929195,
      "z": 0.9814060707986192,
      "w": -0.19194177426510486
    },
    "yaw_rad": -2.7553119034867133,
    "linear_vel": {
      "x": 0.1616344459305085,
      "y": -5.794101862043749e-06
    },
    "angular_vel_z": 0.020093104160615806
  }
}