{
  "frame_idx": 13,
  "ros_stamp": 1919.9,
  "wall_time": 1776685898.6627748,
  "prompt": "large warehouse shelves",
  "goal_id": "big_shelf_area",
  "goal_pose": {
    "frame_id": "map",
    "x": -3.858,
    "y": -8.011,
    "yaw_rad": 1.5399999999999998
  },
  "odom": {
    "position": {
      "x": -0.07414521415863179,
      "y": -8.7147832580835,
      "z": 0.0
    },
    "orientation_quat": {
      "x": 0.0012819225248839484,
      "y": 0.00025478723657282494,
      "z": 0.98080675620552,
      "w": -0.19497794423911075
    },
    "yaw_rad": -2.7491223883388693,
    "linear_vel": {
      "x": 0.18105068882396902,
      "y": 4.3714743553811223e-07
    },
    "angular_vel_z": 0.043098983033803266
  }
}