{
  "frame_idx": 14,
  "ros_stamp": 1921.9,
  "wall_time": 1776685900.8502977,
  "prompt": "large warehouse shelves",
  "goal_id": "big_shelf_area",
  "goal_pose": {
    "frame_id": "map",
    "x": -3.858,
    "y": -8.011,
    "yaw_rad": 1.5399999999999998
  },
  "odom": {
    "position": {
      "x": -0.40110158421333175,
      "y": -8.854713903894048,
      "z": 0.0
    },
    "orientation_quat": {
      "x": 0.0005893910002142573,
      "y": 0.00012328533391026976,
      "z": 0.9787966993103082,
      "w": -0.2048332464182061
    },
    "yaw_rad": -2.729005900937162,
    "linear_vel": {
      "x": 0.15888262381764268,
      "y": 6.830095825301565e-07
    },
    "angular_vel_z": -0.001469097666744653
  }
}