{
  "frame_idx": 15,
  "ros_stamp": 1923.9,
  "wall_time": 1776685902.9349205,
  "prompt": "large warehouse shelves",
  "goal_id": "big_shelf_area",
  "goal_pose": {
    "frame_id": "map",
    "x": -3.858,
    "y": -8.011,
    "yaw_rad": 1.5399999999999998
  },
  "odom": {
    "position": {
      "x": -0.7071119454016418,
      "y": -8.988141284351736,
      "z": 0.0
    },
    "orientation_quat": {
      "x": -0.002178337707224762,
      "y": -0.00044529620796836716,
      "z": 0.9797421498169203,
      "w": -0.20025078383926478
    },
    "yaw_rad": -2.7383638781376494,
    "linear_vel": {
      "x": 0.17355033299714137,
      "y": 8.042427236658746e-06
    },
    "angular_vel_z": -0.0166109993383568
  }
}