{
  "frame_idx": 16,
  "ros_stamp": 1925.9,
  "wall_time": 1776685905.0803902,
  "prompt": "large warehouse shelves",
  "goal_id": "big_shelf_area",
  "goal_pose": {
    "frame_id": "map",
    "x": -3.858,
    "y": -8.011,
    "yaw_rad": 1.5399999999999998
  },
  "odom": {
    "position": {
      "x": -1.0461537312781783,
      "y": -9.1124748793485,
      "z": 0.0
    },
    "orientation_quat": {
      "x": 0.0003921880898817538,
      "y": 4.8862430855718386e-05,
      "z": 0.9909902141170166,
      "w": -0.13393371242997265
    },
    "yaw_rad": -2.872917824912097,
    "linear_vel": {
      "x": 0.17578715098646658,
      "y": 1.1770394836652987e-05
    },
    "angular_vel_z": -0.09413882982468273
  }
}