{
  "frame_idx": 17,
  "ros_stamp": 1927.9,
  "wall_time": 1776685907.241965,
  "prompt": "large warehouse shelves",
  "goal_id": "big_shelf_area",
  "goal_pose": {
    "frame_id": "map",
    "x": -3.858,
    "y": -8.011,
    "yaw_rad": 1.5399999999999998
  },
  "odom": {
    "position": {
      "x": -1.3386309588944725,
      "y": -9.167000727035585,
      "z": 0.0
    },
    "orientation_quat": {
      "x": -0.0022221493637821785,
      "y": -0.00012089994279873736,
      "z": 0.998472469579891,
      "w": -0.05520665654105969
    },
    "yaw_rad": -3.0311228950583717,
    "linear_vel": {
      "x": 0.16441096166998062,
      "y": 3.364370579266082e-05
    },
    "angular_vel_z": -0.06449733738737488
  }
}