{
  "frame_idx": 18,
  "ros_stamp": 1929.9,
  "wall_time": 1776685909.3343601,
  "prompt": "large warehouse shelves",
  "goal_id": "big_shelf_area",
  "goal_pose": {
    "frame_id": "map",
    "x": -3.858,
    "y": -8.011,
    "yaw_rad": 1.5399999999999998
  },
  "odom": {
    "position": {
      "x": -1.6931770048237413,
      "y": -9.18348236581041,
      "z": 0.0
    },
    "orientation_quat": {
      "x": -0.001730399799965339,
      "y": 4.961406601380571e-06,
      "z": 0.9999950521020269,
      "w": 0.0026270636423977624
    },
    "yaw_rad": 3.1363385138331874,
    "linear_vel": {
      "x": 0.15708716845408474,
      "y": 2.1974667644414143e-05
    },
    "angular_vel_z": -0.04998743783526137
  }
}