{
  "frame_idx": 19,
  "ros_stamp": 1931.9,
  "wall_time": 1776685911.5227697,
  "prompt": "large warehouse shelves",
  "goal_id": "big_shelf_area",
  "goal_pose": {
    "frame_id": "map",
    "x": -3.858,
    "y": -8.011,
    "yaw_rad": 1.5399999999999998
  },
  "odom": {
    "position": {
      "x": -2.027539937642274,
      "y": -9.169107073548211,
      "z": 0.0
    },
    "orientation_quat": {
      "x": 0.0013139501805641298,
      "y": -6.208968796906885e-05,
      "z": 0.9988823483714121,
      "w": 0.047247473919847204
    },
    "yaw_rad": 3.047062431161998,
    "linear_vel": {
      "x": 0.16253701766304063,
      "y": -1.8233730803104392e-06
    },
    "angular_vel_z": -0.06271298325398592
  }
}