{
  "frame_idx": 20,
  "ros_stamp": 1933.9,
  "wall_time": 1776685913.6906338,
  "prompt": "large warehouse shelves",
  "goal_id": "big_shelf_area",
  "goal_pose": {
    "frame_id": "map",
    "x": -3.858,
    "y": -8.011,
    "yaw_rad": 1.5399999999999998
  },
  "odom": {
    "position": {
      "x": -2.3525698121983316,
      "y": -9.10503152598325,
      "z": 0.0
    },
    "orientation_quat": {
      "x": 0.0007418353339225225,
      "y": -0.0001130698361133186,
      "z": 0.9888259472076087,
      "w": 0.149072744069884
    },
    "yaw_rad": 2.8423316257386464,
    "linear_vel": {
      "x": 0.16291984716615251,
      "y": 5.1291024840934615e-06
    },
    "angular_vel_z": -0.09419955644258009
  }
}