{
  "frame_idx": 21,
  "ros_stamp": 1935.9,
  "wall_time": 1776685915.944395,
  "prompt": "large warehouse shelves",
  "goal_id": "big_shelf_area",
  "goal_pose": {
    "frame_id": "map",
    "x": -3.858,
    "y": -8.011,
    "yaw_rad": 1.5399999999999998
  },
  "odom": {
    "position": {
      "x": -2.649867717817822,
      "y": -8.973534536914835,
      "z": 0.0
    },
    "orientation_quat": {
      "x": 0.0021491488060064205,
      "y": -0.0005812093265850722,
      "z": 0.9653533120144823,
      "w": 0.26093682441885835
    },
    "yaw_rad": 2.6136062741784305,
    "linear_vel": {
      "x": 0.18075162485620655,
      "y": -1.4512703210627586e-05
    },
    "angular_vel_z": -0.08358732960195273
  }
}