{
  "frame_idx": 22,
  "ros_stamp": 1937.9,
  "wall_time": 1776685918.1634126,
  "prompt": "large warehouse shelves",
  "goal_id": "big_shelf_area",
  "goal_pose": {
    "frame_id": "map",
    "x": -3.858,
    "y": -8.011,
    "yaw_rad": 1.5399999999999998
  },
  "odom": {
    "position": {
      "x": -2.9542829069285013,
      "y": -8.764573353819769,
      "z": 0.0
    },
    "orientation_quat": {
      "x": -9.462186757315598e-05,
      "y": 3.168810946805106e-05,
      "z": 0.9480412082205102,
      "w": 0.3181475405505456
    },
    "yaw_rad": 2.494042932661535,
    "linear_vel": {
      "x": 0.21459913432833977,
      "y": 8.721347455568765e-06
    },
    "angular_vel_z": -0.03798608748687844
  }
}