{
  "frame_idx": 23,
  "ros_stamp": 1939.9,
  "wall_time": 1776685920.288692,
  "prompt": "large warehouse shelves",
  "goal_id": "big_shelf_area",
  "goal_pose": {
    "frame_id": "map",
    "x": -3.858,
    "y": -8.011,
    "yaw_rad": 1.5399999999999998
  },
  "odom": {
    "position": {
      "x": -3.2633010658230686,
      "y": -8.515920929839933,
      "z": 0.0
    },
    "orientation_quat": {
      "x": -0.001352267042553729,
      "y": 0.0004946725889103359,
      "z": 0.9391246409291867,
      "w": 0.34357362452973816
    },
    "yaw_rad": 2.4401528369752987,
    "linear_vel": {
      "x": 0.18569192738034412,
      "y": 2.8513383453391086e-06
    },
    "angular_vel_z": -0.006806320825885351
  }
}