{
  "frame_idx": 24,
  "ros_stamp": 1941.9,
  "wall_time": 1776685922.4912593,
  "prompt": "large warehouse shelves",
  "goal_id": "big_shelf_area",
  "goal_pose": {
    "frame_id": "map",
    "x": -3.858,
    "y": -8.011,
    "yaw_rad": 1.5399999999999998
  },
  "odom": {
    "position": {
      "x": -3.5271988424822904,
      "y": -8.292246288161245,
      "z": 0.0
    },
    "orientation_quat": {
      "x": -0.0018148888149279343,
      "y": 0.0006897407730337527,
      "z": 0.9347611233203598,
      "w": 0.3552715479251253
    },
    "yaw_rad": 2.4151821199263654,
    "linear_vel": {
      "x": 0.14853298848713486,
      "y": 5.5083373713756976e-05
    },
    "angular_vel_z": -0.12140315583046875
  }
}