{
  "frame_idx": 25,
  "ros_stamp": 1943.9,
  "wall_time": 1776685924.6039762,
  "prompt": "large warehouse shelves",
  "goal_id": "big_shelf_area",
  "goal_pose": {
    "frame_id": "map",
    "x": -3.858,
    "y": -8.011,
    "yaw_rad": 1.5399999999999998
  },
  "odom": {
    "position": {
      "x": -3.6888669256819564,
      "y": -8.125629050414785,
      "z": 0.0
    },
    "orientation_quat": {
      "x": -0.002010426106932317,
      "y": 0.0009486179459178273,
      "z": 0.9043692754262007,
      "w": 0.4267449729943519
    },
    "yaw_rad": 2.259809331396367,
    "linear_vel": {
      "x": 0.09921563433345473,
      "y": 3.66065042291258e-05
    },
    "angular_vel_z": -0.08224681227340383
  }
}