{
  "frame_idx": 26,
  "ros_stamp": 1945.9,
  "wall_time": 1776685926.7522554,
  "prompt": "large warehouse shelves",
  "goal_id": "big_shelf_area",
  "goal_pose": {
    "frame_id": "map",
    "x": -3.858,
    "y": -8.011,
    "yaw_rad": 1.5399999999999998
  },
  "odom": {
    "position": {
      "x": -3.7696575575541567,
      "y": -8.01053015851996,
      "z": 0.0
    },
    "orientation_quat": {
      "x": -0.001915590269871094,
      "y": 0.001122263840112233,
      "z": 0.8635273024896962,
      "w": 0.5042972029395566
    },
    "yaw_rad": 2.0844539755119773,
    "linear_vel": {
      "x": 0.04631001571040569,
      "y": 3.805478408311408e-05
    },
    "angular_vel_z": -0.094582386822732
  }
}