{
  "frame_idx": 27,
  "ros_stamp": 1947.9,
  "wall_time": 1776685928.9367502,
  "prompt": "large warehouse shelves",
  "goal_id": "big_shelf_area",
  "goal_pose": {
    "frame_id": "map",
    "x": -3.858,
    "y": -8.011,
    "yaw_rad": 1.5399999999999998
  },
  "odom": {
    "position": {
      "x": -3.7901623372817697,
      "y": -7.968072147336403,
      "z": 0.0
    },
    "orientation_quat": {
      "x": -0.0015995242680691536,
      "y": 0.0011350926042226674,
      "z": 0.8155096480011231,
      "w": 0.5787401550816912
    },
    "yaw_rad": 1.9072239417835601,
    "linear_vel": {
      "x": 0.007611496815943771,
      "y": 2.2657248126483217e-05
    },
    "angular_vel_z": -0.07560931201160637
  }
}