{
  "frame_idx": 0,
  "ros_stamp": 2849.9,
  "wall_time": 1776686903.5606942,
  "prompt": "main shelf area",
  "goal_id": "big_shelf_area",
  "goal_pose": {
    "frame_id": "map",
    "x": -3.858,
    "y": -8.011,
    "yaw_rad": 1.5399999999999998
  },
  "odom": {
    "position": {
      "x": 2.375401840825143,
      "y": -2.1040785480932414,
      "z": 0.0
    },
    "orientation_quat": {
      "x": -0.0006372098186414265,
      "y": 0.0021293031876823466,
      "z": 0.2867161536337721,
      "w": 0.9580129995344725
    },
    "yaw_rad": 0.5815961030032658,
    "linear_vel": {
      "x": 1.723521740075588e-07,
      "y": 4.723486001617717e-05
    },
    "angular_vel_z": -0.1351665137345756
  }
}