{
  "frame_idx": 1,
  "ros_stamp": 2851.9,
  "wall_time": 1776686905.902557,
  "prompt": "main shelf area",
  "goal_id": "big_shelf_area",
  "goal_pose": {
    "frame_id": "map",
    "x": -3.858,
    "y": -8.011,
    "yaw_rad": 1.5399999999999998
  },
  "odom": {
    "position": {
      "x": 2.37559116873941,
      "y": -2.1038676970860717,
      "z": 0.0
    },
    "orientation_quat": {
      "x": -0.00039116592661858987,
      "y": 0.002187922717900978,
      "z": 0.17601822817436105,
      "w": 0.9843843981564097
    },
    "yaw_rad": 0.3538809850237452,
    "linear_vel": {
      "x": -1.9646488888916992e-07,
      "y": 3.567695544557023e-05
    },
    "angular_vel_z": -0.10104633419795697
  }
}