{
  "frame_idx": 2,
  "ros_stamp": 2853.9,
  "wall_time": 1776686908.091437,
  "prompt": "main shelf area",
  "goal_id": "big_shelf_area",
  "goal_pose": {
    "frame_id": "map",
    "x": -3.858,
    "y": -8.011,
    "yaw_rad": 1.5399999999999998
  },
  "odom": {
    "position": {
      "x": 2.36314387980367,
      "y": -2.1001032677301863,
      "z": 0.0
    },
    "orientation_quat": {
      "x": 0.00013717420679033174,
      "y": -0.0022184818448035275,
      "z": 0.06168771793246458,
      "w": 0.9980930242105823
    },
    "yaw_rad": 0.12345412353838557,
    "linear_vel": {
      "x": 0.0007757832352372672,
      "y": -4.657740824583524e-05
    },
    "angular_vel_z": -0.13363356598843432
  }
}