{
  "frame_idx": 3,
  "ros_stamp": 2855.9,
  "wall_time": 1776686910.3610883,
  "prompt": "main shelf area",
  "goal_id": "big_shelf_area",
  "goal_pose": {
    "frame_id": "map",
    "x": -3.858,
    "y": -8.011,
    "yaw_rad": 1.5399999999999998
  },
  "odom": {
    "position": {
      "x": 2.3665074244128257,
      "y": -2.100366396659725,
      "z": 0.0
    },
    "orientation_quat": {
      "x": 5.229498947042761e-05,
      "y": 0.0006519876088078632,
      "z": -0.08063570082887737,
      "w": 0.996743425325308
    },
    "yaw_rad": -0.16144671777167763,
    "linear_vel": {
      "x": 0.0022254170286680726,
      "y": 1.1837292633814657e-05
    },
    "angular_vel_z": -0.12084110233446459
  }
}