{
  "frame_idx": 5,
  "ros_stamp": 2859.9,
  "wall_time": 1776686914.7241187,
  "prompt": "main shelf area",
  "goal_id": "big_shelf_area",
  "goal_pose": {
    "frame_id": "map",
    "x": -3.858,
    "y": -8.011,
    "yaw_rad": 1.5399999999999998
  },
  "odom": {
    "position": {
      "x": 2.366638246559841,
      "y": -2.1003625878759307,
      "z": 0.0
    },
    "orientation_quat": {
      "x": 0.0002515071803411542,
      "y": 0.0022088785459845376,
      "z": -0.11309564757350976,
      "w": 0.9935816182375939
    },
    "yaw_rad": -0.2266768420834262,
    "linear_vel": {
      "x": 0.0,
      "y": 0.0
    },
    "angular_vel_z": 0.0
  }
}