{
  "frame_idx": 6,
  "ros_stamp": 2861.9,
  "wall_time": 1776686916.9657521,
  "prompt": "main shelf area",
  "goal_id": "big_shelf_area",
  "goal_pose": {
    "frame_id": "map",
    "x": -3.858,
    "y": -8.011,
    "yaw_rad": 1.5399999999999998
  },
  "odom": {
    "position": {
      "x": 2.368341279863993,
      "y": -2.100784700900989,
      "z": 0.0
    },
    "orientation_quat": {
      "x": 0.00020763009264154595,
      "y": 0.001514897461519396,
      "z": -0.13576019660331534,
      "w": 0.9907405467596726
    },
    "yaw_rad": -0.2723617656185991,
    "linear_vel": {
      "x": 0.0015010669082762614,
      "y": 4.0400617512298565e-05
    },
    "angular_vel_z": -0.1707448838849972
  }
}