{
  "frame_idx": 7,
  "ros_stamp": 2863.9,
  "wall_time": 1776686919.146233,
  "prompt": "main shelf area",
  "goal_id": "big_shelf_area",
  "goal_pose": {
    "frame_id": "map",
    "x": -3.858,
    "y": -8.011,
    "yaw_rad": 1.5399999999999998
  },
  "odom": {
    "position": {
      "x": 2.372117770092694,
      "y": -2.1021366299405737,
      "z": 0.0
    },
    "orientation_quat": {
      "x": 0.0005609665831342495,
      "y": 0.0021507564732943163,
      "z": -0.2523560604898021,
      "w": 0.967631891938847
    },
    "yaw_rad": -0.510229990715799,
    "linear_vel": {
      "x": -7.948273166902693e-05,
      "y": 3.9714711522139574e-05
    },
    "angular_vel_z": -0.11311312249614167
  }
}