{
  "frame_idx": 8,
  "ros_stamp": 2865.9,
  "wall_time": 1776686921.4316447,
  "prompt": "main shelf area",
  "goal_id": "big_shelf_area",
  "goal_pose": {
    "frame_id": "map",
    "x": -3.858,
    "y": -8.011,
    "yaw_rad": 1.5399999999999998
  },
  "odom": {
    "position": {
      "x": 2.379983188004552,
      "y": -2.10849769921415,
      "z": 0.0
    },
    "orientation_quat": {
      "x": -0.00039412402803901955,
      "y": -0.0009097207265491703,
      "z": -0.3975186520727415,
      "w": 0.9175935583518015
    },
    "yaw_rad": -0.8176225614754042,
    "linear_vel": {
      "x": 0.008265871567442304,
      "y": -1.497077805516737e-05
    },
    "angular_vel_z": -0.1041069634014609
  }
}