{
  "frame_idx": 9,
  "ros_stamp": 2867.9,
  "wall_time": 1776686923.6192002,
  "prompt": "main shelf area",
  "goal_id": "big_shelf_area",
  "goal_pose": {
    "frame_id": "map",
    "x": -3.858,
    "y": -8.011,
    "yaw_rad": 1.5399999999999998
  },
  "odom": {
    "position": {
      "x": 2.38785282095926,
      "y": -2.118686561563253,
      "z": 0.0
    },
    "orientation_quat": {
      "x": 0.0006064903651610406,
      "y": 0.0010446377078370587,
      "z": -0.5024243584206951,
      "w": 0.8646203241695452
    },
    "yaw_rad": -1.0528017553237516,
    "linear_vel": {
      "x": -0.00039821741913378185,
      "y": 1.7846632581075786e-05
    },
    "angular_vel_z": -0.09534949043042813
  }
}