{
  "frame_idx": 10,
  "ros_stamp": 2869.9,
  "wall_time": 1776686925.832368,
  "prompt": "main shelf area",
  "goal_id": "big_shelf_area",
  "goal_pose": {
    "frame_id": "map",
    "x": -3.858,
    "y": -8.011,
    "yaw_rad": 1.5399999999999998
  },
  "odom": {
    "position": {
      "x": 2.392016473149129,
      "y": -2.1313113406488498,
      "z": 0.0
    },
    "orientation_quat": {
      "x": -0.0014425280768827185,
      "y": -0.001692465390096618,
      "z": -0.6486232383719255,
      "w": 0.7611063981583435
    },
    "yaw_rad": -1.4115525177555577,
    "linear_vel": {
      "x": 0.00669730317393479,
      "y": -4.374427919186169e-05
    },
    "angular_vel_z": -0.1270932580857606
  }
}