{
  "frame_idx": 11,
  "ros_stamp": 2871.9,
  "wall_time": 1776686928.0929568,
  "prompt": "main shelf area",
  "goal_id": "big_shelf_area",
  "goal_pose": {
    "frame_id": "map",
    "x": -3.858,
    "y": -8.011,
    "yaw_rad": 1.5399999999999998
  },
  "odom": {
    "position": {
      "x": 2.3904432722428055,
      "y": -2.165910572563416,
      "z": 0.0
    },
    "orientation_quat": {
      "x": -0.0015377974839265107,
      "y": -0.001228260588129188,
      "z": -0.7812156674982207,
      "w": 0.6242581256260391
    },
    "yaw_rad": -1.7932264880358435,
    "linear_vel": {
      "x": 0.0284810994053998,
      "y": -5.184468304326261e-05
    },
    "angular_vel_z": -0.18246695994795004
  }
}