{
  "frame_idx": 12,
  "ros_stamp": 2873.9,
  "wall_time": 1776686930.2898116,
  "prompt": "main shelf area",
  "goal_id": "big_shelf_area",
  "goal_pose": {
    "frame_id": "map",
    "x": -3.858,
    "y": -8.011,
    "yaw_rad": 1.5399999999999998
  },
  "odom": {
    "position": {
      "x": 2.348834399639505,
      "y": -2.2464995092239337,
      "z": 0.0
    },
    "orientation_quat": {
      "x": 0.001964993086611837,
      "y": 0.0010396218086581106,
      "z": 0.8838647509118016,
      "w": -0.4677372767743488
    },
    "yaw_rad": -2.1681320102949333,
    "linear_vel": {
      "x": 0.11148882862398854,
      "y": -4.66540953785847e-05
    },
    "angular_vel_z": -0.19930485843482218
  }
}