{
  "frame_idx": 13,
  "ros_stamp": 2875.9,
  "wall_time": 1776686932.5501852,
  "prompt": "main shelf area",
  "goal_id": "big_shelf_area",
  "goal_pose": {
    "frame_id": "map",
    "x": -3.858,
    "y": -8.011,
    "yaw_rad": 1.5399999999999998
  },
  "odom": {
    "position": {
      "x": 2.0913709812414294,
      "y": -2.5261043672562558,
      "z": 0.0
    },
    "orientation_quat": {
      "x": 0.0014678192595822459,
      "y": 0.0005867192686583447,
      "z": 0.9286910574350877,
      "w": -0.3708509418987899
    },
    "yaw_rad": -2.3817413917827506,
    "linear_vel": {
      "x": 0.17192935146555788,
      "y": -2.5427539092562758e-06
    },
    "angular_vel_z": -0.04944701647019768
  }
}