{
  "frame_idx": 14,
  "ros_stamp": 2877.9,
  "wall_time": 1776686934.7546093,
  "prompt": "main shelf area",
  "goal_id": "big_shelf_area",
  "goal_pose": {
    "frame_id": "map",
    "x": -3.858,
    "y": -8.011,
    "yaw_rad": 1.5399999999999998
  },
  "odom": {
    "position": {
      "x": 1.8208124584089518,
      "y": -2.774958384060132,
      "z": 0.0
    },
    "orientation_quat": {
      "x": 0.0020885052799711062,
      "y": 0.0007600074326012347,
      "z": 0.9397258843152847,
      "w": -0.3419215156761182
    },
    "yaw_rad": -2.4436690666663603,
    "linear_vel": {
      "x": 0.18478121465087802,
      "y": -1.1538497889710374e-05
    },
    "angular_vel_z": -0.07119217686155695
  }
}