{
  "frame_idx": 15,
  "ros_stamp": 2879.9,
  "wall_time": 1776686936.9609962,
  "prompt": "main shelf area",
  "goal_id": "big_shelf_area",
  "goal_pose": {
    "frame_id": "map",
    "x": -3.858,
    "y": -8.011,
    "yaw_rad": 1.5399999999999998
  },
  "odom": {
    "position": {
      "x": 1.5317234335757763,
      "y": -3.02133125752449,
      "z": 0.0
    },
    "orientation_quat": {
      "x": 0.0011320042444650327,
      "y": 0.0004108166824256819,
      "z": 0.939995899215,
      "w": -0.34118361516202306
    },
    "yaw_rad": -2.445240567532588,
    "linear_vel": {
      "x": 0.18947744323743415,
      "y": -1.6556460600018665e-07
    },
    "angular_vel_z": -0.030290919787178426
  }
}