{
  "frame_idx": 16,
  "ros_stamp": 2881.9,
  "wall_time": 1776686939.18209,
  "prompt": "main shelf area",
  "goal_id": "big_shelf_area",
  "goal_pose": {
    "frame_id": "map",
    "x": -3.858,
    "y": -8.011,
    "yaw_rad": 1.5399999999999998
  },
  "odom": {
    "position": {
      "x": 1.2553888620726026,
      "y": -3.266546100437187,
      "z": 0.0
    },
    "orientation_quat": {
      "x": -0.00030399540859864374,
      "y": -0.0001163144053344118,
      "z": 0.9340163299337192,
      "w": -0.3572301631650051
    },
    "yaw_rad": -2.41099122634219,
    "linear_vel": {
      "x": 0.18772963486862393,
      "y": 5.896291053817521e-06
    },
    "angular_vel_z": -0.024003033687907443
  }
}