{
  "frame_idx": 17,
  "ros_stamp": 2883.9,
  "wall_time": 1776686941.3615215,
  "prompt": "main shelf area",
  "goal_id": "big_shelf_area",
  "goal_pose": {
    "frame_id": "map",
    "x": -3.858,
    "y": -8.011,
    "yaw_rad": 1.5399999999999998
  },
  "odom": {
    "position": {
      "x": 0.9798689415154779,
      "y": -3.509917862868057,
      "z": 0.0
    },
    "orientation_quat": {
      "x": 0.0006785819996651041,
      "y": 0.00026145676997490954,
      "z": 0.9331101872571554,
      "w": -0.3595898352341781
    },
    "yaw_rad": -2.4059358717792674,
    "linear_vel": {
      "x": 0.18947592974815758,
      "y": 1.2074801862294602e-06
    },
    "angular_vel_z": -0.014247621762506555
  }
}