{
  "frame_idx": 18,
  "ros_stamp": 2885.9,
  "wall_time": 1776686943.5743973,
  "prompt": "main shelf area",
  "goal_id": "big_shelf_area",
  "goal_pose": {
    "frame_id": "map",
    "x": -3.858,
    "y": -8.011,
    "yaw_rad": 1.5399999999999998
  },
  "odom": {
    "position": {
      "x": 0.67884790960537,
      "y": -3.7760805250353866,
      "z": 0.0
    },
    "orientation_quat": {
      "x": 0.0004216228315750646,
      "y": 0.0001616546790122481,
      "z": 0.9337324191686079,
      "w": -0.3579714590515447
    },
    "yaw_rad": -2.4094036180087843,
    "linear_vel": {
      "x": 0.18436943382394955,
      "y": -2.4400487548816257e-06
    },
    "angular_vel_z": 0.025861862872897684
  }
}