{
  "frame_idx": 19,
  "ros_stamp": 2887.9,
  "wall_time": 1776686945.7426262,
  "prompt": "main shelf area",
  "goal_id": "big_shelf_area",
  "goal_pose": {
    "frame_id": "map",
    "x": -3.858,
    "y": -8.011,
    "yaw_rad": 1.5399999999999998
  },
  "odom": {
    "position": {
      "x": 0.4133230791354066,
      "y": -4.0161684267315305,
      "z": 0.0
    },
    "orientation_quat": {
      "x": 0.0011478083394745723,
      "y": 0.0004401470281499137,
      "z": 0.9336912121505798,
      "w": -0.35807709946237914
    },
    "yaw_rad": -2.409176836071946,
    "linear_vel": {
      "x": 0.1920429601498089,
      "y": 5.715235847786066e-08
    },
    "angular_vel_z": 0.007631411929379442
  }
}