{
  "frame_idx": 20,
  "ros_stamp": 2889.9,
  "wall_time": 1776686947.8959088,
  "prompt": "main shelf area",
  "goal_id": "big_shelf_area",
  "goal_pose": {
    "frame_id": "map",
    "x": -3.858,
    "y": -8.011,
    "yaw_rad": 1.5399999999999998
  },
  "odom": {
    "position": {
      "x": 0.12814935235272146,
      "y": -4.273065847491566,
      "z": 0.0
    },
    "orientation_quat": {
      "x": -0.0017458152965407732,
      "y": -0.000659692174095666,
      "z": 0.9354539119689848,
      "w": -0.3534437657069493
    },
    "yaw_rad": -2.4190914726794817,
    "linear_vel": {
      "x": 0.18288239560082692,
      "y": 1.8299871894583383e-05
    },
    "angular_vel_z": -0.03940829717553134
  }
}