{
  "frame_idx": 21,
  "ros_stamp": 2891.9,
  "wall_time": 1776686950.1139936,
  "prompt": "main shelf area",
  "goal_id": "big_shelf_area",
  "goal_pose": {
    "frame_id": "map",
    "x": -3.858,
    "y": -8.011,
    "yaw_rad": 1.5399999999999998
  },
  "odom": {
    "position": {
      "x": -0.16979239875869392,
      "y": -4.531794797927427,
      "z": 0.0
    },
    "orientation_quat": {
      "x": -0.0013598233209445932,
      "y": -0.000510958853835675,
      "z": 0.9361076909937768,
      "w": -0.35171050690004313
    },
    "yaw_rad": -2.4227964007647356,
    "linear_vel": {
      "x": 0.18486507676329925,
      "y": 6.836773102427427e-06
    },
    "angular_vel_z": -0.016829919663114666
  }
}