{
  "frame_idx": 22,
  "ros_stamp": 2893.9,
  "wall_time": 1776686952.2319057,
  "prompt": "main shelf area",
  "goal_id": "big_shelf_area",
  "goal_pose": {
    "frame_id": "map",
    "x": -3.858,
    "y": -8.011,
    "yaw_rad": 1.5399999999999998
  },
  "odom": {
    "position": {
      "x": -0.4430556049334322,
      "y": -4.76405418903702,
      "z": 0.0
    },
    "orientation_quat": {
      "x": -0.0020894720906852126,
      "y": -0.0007639851568821942,
      "z": 0.9391936585189946,
      "w": -0.3433807248969702
    },
    "yaw_rad": -2.440562577590338,
    "linear_vel": {
      "x": 0.1920821478675278,
      "y": -4.264694040186784e-07
    },
    "angular_vel_z": 0.0
  }
}