{
  "frame_idx": 23,
  "ros_stamp": 2895.9,
  "wall_time": 1776686954.4685507,
  "prompt": "main shelf area",
  "goal_id": "big_shelf_area",
  "goal_pose": {
    "frame_id": "map",
    "x": -3.858,
    "y": -8.011,
    "yaw_rad": 1.5399999999999998
  },
  "odom": {
    "position": {
      "x": -0.7405932843978339,
      "y": -5.0205205535280255,
      "z": 0.0
    },
    "orientation_quat": {
      "x": 0.00012328985127329183,
      "y": 4.497442477885532e-05,
      "z": 0.9393230185738264,
      "w": -0.3430338898043003
    },
    "yaw_rad": -2.44130290936862,
    "linear_vel": {
      "x": 0.19409608271768974,
      "y": -1.24782984392655e-06
    },
    "angular_vel_z": 0.006786814908463616
  }
}