{
  "frame_idx": 24,
  "ros_stamp": 2897.9,
  "wall_time": 1776686956.6410246,
  "prompt": "main shelf area",
  "goal_id": "big_shelf_area",
  "goal_pose": {
    "frame_id": "map",
    "x": -3.858,
    "y": -8.011,
    "yaw_rad": 1.5399999999999998
  },
  "odom": {
    "position": {
      "x": -1.014231232506245,
      "y": -5.259714238131957,
      "z": 0.0
    },
    "orientation_quat": {
      "x": 0.0005577603673960942,
      "y": 0.0002112831537421469,
      "z": 0.9351222204133132,
      "w": -0.35432481870746285
    },
    "yaw_rad": -2.417208630908309,
    "linear_vel": {
      "x": 0.17748359075997025,
      "y": 1.2025341189432536e-06
    },
    "angular_vel_z": -0.017024453463998983
  }
}