{
  "frame_idx": 25,
  "ros_stamp": 2899.9,
  "wall_time": 1776686958.7832015,
  "prompt": "main shelf area",
  "goal_id": "big_shelf_area",
  "goal_pose": {
    "frame_id": "map",
    "x": -3.858,
    "y": -8.011,
    "yaw_rad": 1.5399999999999998
  },
  "odom": {
    "position": {
      "x": -1.2947468191859473,
      "y": -5.497951512974247,
      "z": 0.0
    },
    "orientation_quat": {
      "x": -0.0006300160954308239,
      "y": -0.0002327378736430819,
      "z": 0.9389098476519635,
      "w": -0.34416252976605155
    },
    "yaw_rad": -2.4388991322636464,
    "linear_vel": {
      "x": 0.17954924995606314,
      "y": -1.2894412517717687e-05
    },
    "angular_vel_z": 0.04345165482638622
  }
}