{
  "frame_idx": 26,
  "ros_stamp": 2901.9,
  "wall_time": 1776686960.9826035,
  "prompt": "main shelf area",
  "goal_id": "big_shelf_area",
  "goal_pose": {
    "frame_id": "map",
    "x": -3.858,
    "y": -8.011,
    "yaw_rad": 1.5399999999999998
  },
  "odom": {
    "position": {
      "x": -1.5818675122559749,
      "y": -5.742201216099789,
      "z": 0.0
    },
    "orientation_quat": {
      "x": 0.0011121254856804085,
      "y": 0.00040442076612564394,
      "z": 0.9397728692516919,
      "w": -0.34179753340126734
    },
    "yaw_rad": -2.4439342159804665,
    "linear_vel": {
      "x": 0.1931690451433571,
      "y": -4.964790273099011e-07
    },
    "angular_vel_z": 0.016300812014731117
  }
}