{
  "frame_idx": 27,
  "ros_stamp": 2903.9,
  "wall_time": 1776686963.1192307,
  "prompt": "main shelf area",
  "goal_id": "big_shelf_area",
  "goal_pose": {
    "frame_id": "map",
    "x": -3.858,
    "y": -8.011,
    "yaw_rad": 1.5399999999999998
  },
  "odom": {
    "position": {
      "x": -1.878166760831095,
      "y": -5.9891717043185,
      "z": 0.0
    },
    "orientation_quat": {
      "x": -0.0007661582858020871,
      "y": -0.0002807100175822053,
      "z": 0.9389743898932098,
      "w": -0.3439860888583165
    },
    "yaw_rad": -2.439274880508393,
    "linear_vel": {
      "x": 0.17499811829975429,
      "y": -6.688562051740084e-06
    },
    "angular_vel_z": 0.02295153667136438
  }
}