{
  "frame_idx": 28,
  "ros_stamp": 2905.9,
  "wall_time": 1776686965.2958915,
  "prompt": "main shelf area",
  "goal_id": "big_shelf_area",
  "goal_pose": {
    "frame_id": "map",
    "x": -3.858,
    "y": -8.011,
    "yaw_rad": 1.5399999999999998
  },
  "odom": {
    "position": {
      "x": -2.1598302502505367,
      "y": -6.229544849959873,
      "z": 0.0
    },
    "orientation_quat": {
      "x": -0.0002527028470381531,
      "y": -9.267261142120556e-05,
      "z": 0.9389191963912444,
      "w": -0.34413757452663907
    },
    "yaw_rad": -2.43895242644207,
    "linear_vel": {
      "x": 0.19520591760833444,
      "y": -1.1581312514574206e-06
    },
    "angular_vel_z": 0.0044839601966987965
  }
}