{
  "frame_idx": 29,
  "ros_stamp": 2907.9,
  "wall_time": 1776686967.4375799,
  "prompt": "main shelf area",
  "goal_id": "big_shelf_area",
  "goal_pose": {
    "frame_id": "map",
    "x": -3.858,
    "y": -8.011,
    "yaw_rad": 1.5399999999999998
  },
  "odom": {
    "position": {
      "x": -2.447881085463923,
      "y": -6.485102925440154,
      "z": 0.0
    },
    "orientation_quat": {
      "x": -0.0010591447086199892,
      "y": -0.0004134176192174691,
      "z": 0.9315658556634472,
      "w": -0.36357085122488547
    },
    "yaw_rad": -2.3973957331888673,
    "linear_vel": {
      "x": 0.1822714925566022,
      "y": -9.475727525816934e-06
    },
    "angular_vel_z": 0.025744839286742722
  }
}