{
  "frame_idx": 30,
  "ros_stamp": 2909.9,
  "wall_time": 1776686969.5691419,
  "prompt": "main shelf area",
  "goal_id": "big_shelf_area",
  "goal_pose": {
    "frame_id": "map",
    "x": -3.858,
    "y": -8.011,
    "yaw_rad": 1.5399999999999998
  },
  "odom": {
    "position": {
      "x": -2.7131875837743973,
      "y": -6.746714148878323,
      "z": 0.0
    },
    "orientation_quat": {
      "x": -3.297807069594584e-05,
      "y": -1.4173838041278442e-05,
      "z": 0.9193006680131013,
      "w": -0.3935559432942349
    },
    "yaw_rad": -2.3325996510726394,
    "linear_vel": {
      "x": 0.18856748075370644,
      "y": -8.577789753524251e-06
    },
    "angular_vel_z": 0.04334167368606424
  }
}