{
  "frame_idx": 31,
  "ros_stamp": 2911.9,
  "wall_time": 1776686971.768904,
  "prompt": "main shelf area",
  "goal_id": "big_shelf_area",
  "goal_pose": {
    "frame_id": "map",
    "x": -3.858,
    "y": -8.011,
    "yaw_rad": 1.5399999999999998
  },
  "odom": {
    "position": {
      "x": -2.9617318488794786,
      "y": -7.0172486654084505,
      "z": 0.0
    },
    "orientation_quat": {
      "x": 0.0020670790959633526,
      "y": 0.0009316488305259634,
      "z": 0.9116694587156237,
      "w": -0.4109180663582817
    },
    "yaw_rad": -2.294668641280327,
    "linear_vel": {
      "x": 0.2304277950093681,
      "y": 5.239007729241274e-07
    },
    "angular_vel_z": 0.004214907777363384
  }
}