{
  "frame_idx": 32,
  "ros_stamp": 2913.9,
  "wall_time": 1776686973.8615394,
  "prompt": "main shelf area",
  "goal_id": "big_shelf_area",
  "goal_pose": {
    "frame_id": "map",
    "x": -3.858,
    "y": -8.011,
    "yaw_rad": 1.5399999999999998
  },
  "odom": {
    "position": {
      "x": -3.244811877286032,
      "y": -7.3369870849050915,
      "z": 0.0
    },
    "orientation_quat": {
      "x": -0.001348656641688132,
      "y": -0.0006131319430589458,
      "z": 0.910349652828682,
      "w": -0.41383730473361313
    },
    "yaw_rad": -2.288261182032894,
    "linear_vel": {
      "x": 0.19894983566676813,
      "y": -1.5094873544966182e-06
    },
    "angular_vel_z": 0.003582484659172232
  }
}