{
  "frame_idx": 33,
  "ros_stamp": 2915.9,
  "wall_time": 1776686976.0110714,
  "prompt": "main shelf area",
  "goal_id": "big_shelf_area",
  "goal_pose": {
    "frame_id": "map",
    "x": -3.858,
    "y": -8.011,
    "yaw_rad": 1.5399999999999998
  },
  "odom": {
    "position": {
      "x": -3.486606889242299,
      "y": -7.6102662457926895,
      "z": 0.0
    },
    "orientation_quat": {
      "x": -0.0016106636736035267,
      "y": -0.0007131571240430653,
      "z": 0.9143855608547823,
      "w": -0.40484063935051307
    },
    "yaw_rad": -2.3079821948780443,
    "linear_vel": {
      "x": 0.17649642709172828,
      "y": 1.1100832319192082e-05
    },
    "angular_vel_z": -0.024554454774352093
  }
}