{
  "frame_idx": 34,
  "ros_stamp": 2917.9,
  "wall_time": 1776686978.2048,
  "prompt": "main shelf area",
  "goal_id": "big_shelf_area",
  "goal_pose": {
    "frame_id": "map",
    "x": -3.858,
    "y": -8.011,
    "yaw_rad": 1.5399999999999998
  },
  "odom": {
    "position": {
      "x": -3.698588090858778,
      "y": -7.810390805016271,
      "z": 0.0
    },
    "orientation_quat": {
      "x": 0.0006151314508843203,
      "y": 0.000197261294100612,
      "z": 0.9522707941187948,
      "w": -0.3052538572559565
    },
    "yaw_rad": -2.5211825223518325,
    "linear_vel": {
      "x": 0.1188125561503189,
      "y": 4.2462805552016965e-06
    },
    "angular_vel_z": -0.15079080111808818
  }
}