{
  "frame_idx": 35,
  "ros_stamp": 2919.9,
  "wall_time": 1776686980.3045347,
  "prompt": "main shelf area",
  "goal_id": "big_shelf_area",
  "goal_pose": {
    "frame_id": "map",
    "x": -3.858,
    "y": -8.011,
    "yaw_rad": 1.5399999999999998
  },
  "odom": {
    "position": {
      "x": -3.8579729107499268,
      "y": -7.894235844552803,
      "z": 0.0
    },
    "orientation_quat": {
      "x": -0.0017908858969687602,
      "y": -0.0002711403952886908,
      "z": 0.9887344930746255,
      "w": -0.14966903960089306
    },
    "yaw_rad": -2.84112509005901,
    "linear_vel": {
      "x": 0.06415915288025585,
      "y": 5.3622483183064634e-05
    },
    "angular_vel_z": -0.15244780791618934
  }
}