{
  "frame_idx": 36,
  "ros_stamp": 2921.9,
  "wall_time": 1776686982.4921517,
  "prompt": "main shelf area",
  "goal_id": "big_shelf_area",
  "goal_pose": {
    "frame_id": "map",
    "x": -3.858,
    "y": -8.011,
    "yaw_rad": 1.5399999999999998
  },
  "odom": {
    "position": {
      "x": -3.918201162032113,
      "y": -7.904762207900209,
      "z": 0.0
    },
    "orientation_quat": {
      "x": -0.0022229368019363173,
      "y": 3.618780920010426e-05,
      "z": 0.9998776594595274,
      "w": 0.015483002168635601
    },
    "yaw_rad": 3.1106253432194153,
    "linear_vel": {
      "x": 0.013371572849228852,
      "y": 6.0569203579161255e-05
    },
    "angular_vel_z": -0.16565319637553516
  }
}