{
  "frame_idx": 37,
  "ros_stamp": 2923.9,
  "wall_time": 1776686984.5805728,
  "prompt": "main shelf area",
  "goal_id": "big_shelf_area",
  "goal_pose": {
    "frame_id": "map",
    "x": -3.858,
    "y": -8.011,
    "yaw_rad": 1.5399999999999998
  },
  "odom": {
    "position": {
      "x": -3.924174275394415,
      "y": -7.904133777861395,
      "z": 0.0
    },
    "orientation_quat": {
      "x": -0.0021895637976180817,
      "y": 0.0003817355973912818,
      "z": 0.9851352034401931,
      "w": 0.17176638504421932
    },
    "yaw_rad": 2.796346945074898,
    "linear_vel": {
      "x": -3.531830900933545e-07,
      "y": 5.256050731652595e-05
    },
    "angular_vel_z": -0.14970052578480192
  }
}