{
  "frame_idx": 38,
  "ros_stamp": 2925.9,
  "wall_time": 1776686986.7224467,
  "prompt": "main shelf area",
  "goal_id": "big_shelf_area",
  "goal_pose": {
    "frame_id": "map",
    "x": -3.858,
    "y": -8.011,
    "yaw_rad": 1.5399999999999998
  },
  "odom": {
    "position": {
      "x": -3.9242551376247072,
      "y": -7.904213626221761,
      "z": 0.0
    },
    "orientation_quat": {
      "x": -0.0021094749727295354,
      "y": 0.0007000468014176755,
      "z": 0.9490933454871896,
      "w": 0.3149871133899759
    },
    "yaw_rad": 2.500704861404368,
    "linear_vel": {
      "x": -1.719892984949575e-07,
      "y": 4.677323487083081e-05
    },
    "angular_vel_z": -0.13422345519160134
  }
}