{
  "frame_idx": 39,
  "ros_stamp": 2927.9,
  "wall_time": 1776686988.8888943,
  "prompt": "main shelf area",
  "goal_id": "big_shelf_area",
  "goal_pose": {
    "frame_id": "map",
    "x": -3.858,
    "y": -8.011,
    "yaw_rad": 1.5399999999999998
  },
  "odom": {
    "position": {
      "x": -3.83859611518271,
      "y": -7.987737271028042,
      "z": 0.0
    },
    "orientation_quat": {
      "x": -0.0020589329154013618,
      "y": 0.0008370896301443554,
      "z": 0.9263553661568493,
      "w": 0.3766441233692764
    },
    "yaw_rad": 2.3692487239169706,
    "linear_vel": {
      "x": -0.13636363918761124,
      "y": -1.3506815769461465e-08
    },
    "angular_vel_z": 0.0
  }
}