{
  "frame_idx": 40,
  "ros_stamp": 2929.9,
  "wall_time": 1776686990.9848242,
  "prompt": "main shelf area",
  "goal_id": "big_shelf_area",
  "goal_pose": {
    "frame_id": "map",
    "x": -3.858,
    "y": -8.011,
    "yaw_rad": 1.5399999999999998
  },
  "odom": {
    "position": {
      "x": -3.691579227399238,
      "y": -8.130209630489862,
      "z": 0.0
    },
    "orientation_quat": {
      "x": 0.0020452809817499483,
      "y": -0.000873692452572183,
      "z": 0.9196121655928622,
      "w": 0.39282122954444565
    },
    "yaw_rad": 2.3341956844428324,
    "linear_vel": {
      "x": 0.10836525363850999,
      "y": -2.6460734272143292e-05
    },
    "angular_vel_z": -0.11095068725355481
  }
}