{
  "frame_idx": 41,
  "ros_stamp": 2931.9,
  "wall_time": 1776686993.1617968,
  "prompt": "main shelf area",
  "goal_id": "big_shelf_area",
  "goal_pose": {
    "frame_id": "map",
    "x": -3.858,
    "y": -8.011,
    "yaw_rad": 1.5399999999999998
  },
  "odom": {
    "position": {
      "x": -3.7836184123706724,
      "y": -8.017393965825836,
      "z": 0.0
    },
    "orientation_quat": {
      "x": -0.0019559852622905317,
      "y": 0.0010564095822151957,
      "z": 0.8798628459066726,
      "w": 0.4752225063204177
    },
    "yaw_rad": 2.151156181984745,
    "linear_vel": {
      "x": 0.05071241906128249,
      "y": 4.2416649385253655e-05
    },
    "angular_vel_z": -0.10579155757183792
  }
}