{
  "frame_idx": 42,
  "ros_stamp": 2933.9,
  "wall_time": 1776686995.271202,
  "prompt": "main shelf area",
  "goal_id": "big_shelf_area",
  "goal_pose": {
    "frame_id": "map",
    "x": -3.858,
    "y": -8.011,
    "yaw_rad": 1.5399999999999998
  },
  "odom": {
    "position": {
      "x": -3.810028439577791,
      "y": -7.970375568431055,
      "z": 0.0
    },
    "orientation_quat": {
      "x": 0.0003156606328800361,
      "y": -0.0002098452034258938,
      "z": 0.8331341866235176,
      "w": 0.5530707761241097
    },
    "yaw_rad": 1.9695014389376304,
    "linear_vel": {
      "x": 0.01519452261673832,
      "y": -3.0944466688220343e-06
    },
    "angular_vel_z": -0.09175055919890293
  }
}