{
  "frame_idx": 43,
  "ros_stamp": 2935.9,
  "wall_time": 1776686997.3954256,
  "prompt": "main shelf area",
  "goal_id": "big_shelf_area",
  "goal_pose": {
    "frame_id": "map",
    "x": -3.858,
    "y": -8.011,
    "yaw_rad": 1.5399999999999998
  },
  "odom": {
    "position": {
      "x": -3.8137008052337693,
      "y": -7.960024956525503,
      "z": 0.0
    },
    "orientation_quat": {
      "x": -0.0017419604945668652,
      "y": 0.0013806475747165075,
      "z": 0.783690678779596,
      "w": 0.6211473089210691
    },
    "yaw_rad": 1.8011770750152134,
    "linear_vel": {
      "x": 0.0007226479128776369,
      "y": 2.579032325989219e-05
    },
    "angular_vel_z": -0.07260945109367978
  }
}