{
  "frame_idx": 0,
  "ros_stamp": 2371.9,
  "wall_time": 1776686385.575342,
  "prompt": "in small shelf row",
  "goal_id": "inside_small_shelf",
  "goal_pose": {
    "frame_id": "map",
    "x": 5.231,
    "y": -5.906,
    "yaw_rad": -3.134
  },
  "odom": {
    "position": {
      "x": 0.31117188900181436,
      "y": 3.473894149458433,
      "z": 0.0
    },
    "orientation_quat": {
      "x": -0.002207089110080649,
      "y": 0.00026231438891643897,
      "z": 0.9930056060425099,
      "w": 0.11804628887419202
    },
    "yaw_rad": 2.9049476990376935,
    "linear_vel": {
      "x": 1.2723128981043652e-07,
      "y": -6.078079074037456e-05
    },
    "angular_vel_z": 0.17365427666241057
  }
}