{
  "frame_idx": 1,
  "ros_stamp": 2373.9,
  "wall_time": 1776686387.7755775,
  "prompt": "in small shelf row",
  "goal_id": "inside_small_shelf",
  "goal_pose": {
    "frame_id": "map",
    "x": 5.231,
    "y": -5.906,
    "yaw_rad": -3.134
  },
  "odom": {
    "position": {
      "x": 0.3104470902283526,
      "y": 3.4741426061383223,
      "z": 0.0
    },
    "orientation_quat": {
      "x": -0.002222081882341506,
      "y": -5.018602417405898e-05,
      "z": 0.999743198044077,
      "w": -0.022552112940314246
    },
    "yaw_rad": -3.096484492344504,
    "linear_vel": {
      "x": 2.255445842722912e-06,
      "y": -5.109171367726207e-05
    },
    "angular_vel_z": 0.14705435400423345
  }
}