{
  "frame_idx": 2,
  "ros_stamp": 2375.9,
  "wall_time": 1776686389.8751261,
  "prompt": "in small shelf row",
  "goal_id": "inside_small_shelf",
  "goal_pose": {
    "frame_id": "map",
    "x": 5.231,
    "y": -5.906,
    "yaw_rad": -3.134
  },
  "odom": {
    "position": {
      "x": 0.30683323974910537,
      "y": 3.4736337740505965,
      "z": 0.0
    },
    "orientation_quat": {
      "x": -0.001805212620344801,
      "y": -0.0002592021231370054,
      "z": 0.9898533299401922,
      "w": -0.14208117126476597
    },
    "yaw_rad": -2.8564649760639265,
    "linear_vel": {
      "x": 0.005741417572775029,
      "y": -2.2339515894738266e-05
    },
    "angular_vel_z": 0.07414892823085173
  }
}