{
  "frame_idx": 3,
  "ros_stamp": 2377.9,
  "wall_time": 1776686392.0205138,
  "prompt": "in small shelf row",
  "goal_id": "inside_small_shelf",
  "goal_pose": {
    "frame_id": "map",
    "x": 5.231,
    "y": -5.906,
    "yaw_rad": -3.134
  },
  "odom": {
    "position": {
      "x": 0.3033907547382935,
      "y": 3.472461636963505,
      "z": 0.0
    },
    "orientation_quat": {
      "x": -0.0018785669433477486,
      "y": -0.0005393158216656416,
      "z": 0.9612409850193631,
      "w": -0.2757026456958449
    },
    "yaw_rad": -2.582950355866817,
    "linear_vel": {
      "x": 0.002651682268389965,
      "y": -1.6779023524776663e-05
    },
    "angular_vel_z": 0.051936275429353605
  }
}