{
  "frame_idx": 4,
  "ros_stamp": 2379.9,
  "wall_time": 1776686394.1811655,
  "prompt": "in small shelf row",
  "goal_id": "inside_small_shelf",
  "goal_pose": {
    "frame_id": "map",
    "x": 5.231,
    "y": -5.906,
    "yaw_rad": -3.134
  },
  "odom": {
    "position": {
      "x": 0.2953121961764745,
      "y": 3.465849057599107,
      "z": 0.0
    },
    "orientation_quat": {
      "x": 0.0002703301263625328,
      "y": 0.0001233364266404055,
      "z": 0.9097545629179823,
      "w": -0.415146416291481
    },
    "yaw_rad": -2.2853851383137567,
    "linear_vel": {
      "x": 0.004025624700513403,
      "y": 7.944272961346016e-06
    },
    "angular_vel_z": 0.19187895879744385
  }
}