{
  "frame_idx": 5,
  "ros_stamp": 2381.9,
  "wall_time": 1776686396.2762957,
  "prompt": "in small shelf row",
  "goal_id": "inside_small_shelf",
  "goal_pose": {
    "frame_id": "map",
    "x": 5.231,
    "y": -5.906,
    "yaw_rad": -3.134
  },
  "odom": {
    "position": {
      "x": 0.28538544642791336,
      "y": 3.4494067237446013,
      "z": 0.0
    },
    "orientation_quat": {
      "x": -0.0009379044195751921,
      "y": -0.0006355761479305579,
      "z": -0.8289212733570349,
      "w": 0.5593641380660828
    },
    "yaw_rad": -1.9543547797794556,
    "linear_vel": {
      "x": 0.0373475311248318,
      "y": 3.746396497808219e-05
    },
    "angular_vel_z": 0.3324129939331185
  }
}