{
  "frame_idx": 6,
  "ros_stamp": 2383.9,
  "wall_time": 1776686398.4742382,
  "prompt": "in small shelf row",
  "goal_id": "inside_small_shelf",
  "goal_pose": {
    "frame_id": "map",
    "x": 5.231,
    "y": -5.906,
    "yaw_rad": -3.134
  },
  "odom": {
    "position": {
      "x": 0.27984034305538696,
      "y": 3.4118417880674516,
      "z": 0.0
    },
    "orientation_quat": {
      "x": 0.001585278569601326,
      "y": 0.0015746944270742021,
      "z": -0.7095097497049762,
      "w": 0.7046920762311012
    },
    "yaw_rad": -1.5776095767184184,
    "linear_vel": {
      "x": 0.018753990539272306,
      "y": -7.112115544124005e-05
    },
    "angular_vel_z": 0.1934072466270521
  }
}