{
  "frame_idx": 7,
  "ros_stamp": 2385.9,
  "wall_time": 1776686400.573862,
  "prompt": "in small shelf row",
  "goal_id": "inside_small_shelf",
  "goal_pose": {
    "frame_id": "map",
    "x": 5.231,
    "y": -5.906,
    "yaw_rad": -3.134
  },
  "odom": {
    "position": {
      "x": 0.31423815778180253,
      "y": 3.2256248491222483,
      "z": 0.0
    },
    "orientation_quat": {
      "x": 0.0012653502190996795,
      "y": 0.0015569050157963873,
      "z": -0.6306974852422012,
      "w": 0.7760261961072953
    },
    "yaw_rad": -1.364906614243763,
    "linear_vel": {
      "x": 0.16107130233492067,
      "y": 4.952671530566766e-06
    },
    "angular_vel_z": -0.011457037715162821
  }
}