{
  "frame_idx": 8,
  "ros_stamp": 2387.9,
  "wall_time": 1776686402.7167072,
  "prompt": "in small shelf row",
  "goal_id": "inside_small_shelf",
  "goal_pose": {
    "frame_id": "map",
    "x": 5.231,
    "y": -5.906,
    "yaw_rad": -3.134
  },
  "odom": {
    "position": {
      "x": 0.38067539306104503,
      "y": 2.895877652899772,
      "z": 0.0
    },
    "orientation_quat": {
      "x": -0.0011517335619071435,
      "y": -0.0014145416635986635,
      "z": -0.6313956830121383,
      "w": 0.7754586797859184
    },
    "yaw_rad": -1.3667061229400073,
    "linear_vel": {
      "x": 0.18388727816536982,
      "y": 7.822077955298677e-07
    },
    "angular_vel_z": 0.0027380517922339577
  }
}