{
  "frame_idx": 9,
  "ros_stamp": 2389.9,
  "wall_time": 1776686404.8774292,
  "prompt": "in small shelf row",
  "goal_id": "inside_small_shelf",
  "goal_pose": {
    "frame_id": "map",
    "x": 5.231,
    "y": -5.906,
    "yaw_rad": -3.134
  },
  "odom": {
    "position": {
      "x": 0.4480894247979951,
      "y": 2.56174944996746,
      "z": 0.0
    },
    "orientation_quat": {
      "x": 0.0012814835827921118,
      "y": 0.0015800567582106473,
      "z": -0.6298992333529161,
      "w": 0.7766742026370366
    },
    "yaw_rad": -1.36285028451526,
    "linear_vel": {
      "x": 0.1771006303964923,
      "y": -9.565769136101956e-06
    },
    "angular_vel_z": 0.01861027864349899
  }
}