{
  "frame_idx": 10,
  "ros_stamp": 2391.9,
  "wall_time": 1776686406.9775863,
  "prompt": "in small shelf row",
  "goal_id": "inside_small_shelf",
  "goal_pose": {
    "frame_id": "map",
    "x": 5.231,
    "y": -5.906,
    "yaw_rad": -3.134
  },
  "odom": {
    "position": {
      "x": 0.5216842210356547,
      "y": 2.222780244474712,
      "z": 0.0
    },
    "orientation_quat": {
      "x": -0.0014023600030130725,
      "y": -0.001730986333575248,
      "z": -0.6294942938228516,
      "w": 0.7770019119134806
    },
    "yaw_rad": -1.3618084200284468,
    "linear_vel": {
      "x": 0.19331790586184996,
      "y": 1.141178859185622e-06
    },
    "angular_vel_z": 0.010767795985502917
  }
}