{
  "frame_idx": 11,
  "ros_stamp": 2393.9,
  "wall_time": 1776686409.174736,
  "prompt": "in small shelf row",
  "goal_id": "inside_small_shelf",
  "goal_pose": {
    "frame_id": "map",
    "x": 5.231,
    "y": -5.906,
    "yaw_rad": -3.134
  },
  "odom": {
    "position": {
      "x": 0.5989865280904098,
      "y": 1.8946826715198788,
      "z": 0.0
    },
    "orientation_quat": {
      "x": 0.0006885120674923301,
      "y": 0.0008940904175523504,
      "z": -0.6099730590338416,
      "w": 0.7924213486563545
    },
    "yaw_rad": -1.3120541642093009,
    "linear_vel": {
      "x": 0.17884317992830853,
      "y": -1.470697455574439e-05
    },
    "angular_vel_z": 0.03886468196110002
  }
}