{
  "frame_idx": 12,
  "ros_stamp": 2395.9,
  "wall_time": 1776686411.2661836,
  "prompt": "in small shelf row",
  "goal_id": "inside_small_shelf",
  "goal_pose": {
    "frame_id": "map",
    "x": 5.231,
    "y": -5.906,
    "yaw_rad": -3.134
  },
  "odom": {
    "position": {
      "x": 0.6879693080292425,
      "y": 1.5654286740044083,
      "z": 0.0
    },
    "orientation_quat": {
      "x": 0.0009027628901991421,
      "y": 0.0011633990523568529,
      "z": -0.6130463308478922,
      "w": 0.7900455858719456
    },
    "yaw_rad": -1.3198231525743902,
    "linear_vel": {
      "x": 0.15602122452720485,
      "y": 5.591648374062903e-06
    },
    "angular_vel_z": -0.0135635645715904
  }
}