{
  "frame_idx": 13,
  "ros_stamp": 2397.9,
  "wall_time": 1776686413.40812,
  "prompt": "in small shelf row",
  "goal_id": "inside_small_shelf",
  "goal_pose": {
    "frame_id": "map",
    "x": 5.231,
    "y": -5.906,
    "yaw_rad": -3.134
  },
  "odom": {
    "position": {
      "x": 0.7797635737638619,
      "y": 1.2276389451023777,
      "z": 0.0
    },
    "orientation_quat": {
      "x": -0.0004931886831015179,
      "y": -0.0006572846505537254,
      "z": -0.6001855415757095,
      "w": 0.7998603880836226
    },
    "yaw_rad": -1.2874666185858326,
    "linear_vel": {
      "x": 0.1752718039312148,
      "y": -1.7596031339352051e-06
    },
    "angular_vel_z": 0.019443569132114796
  }
}