{
  "frame_idx": 14,
  "ros_stamp": 2399.9,
  "wall_time": 1776686415.5789063,
  "prompt": "in small shelf row",
  "goal_id": "inside_small_shelf",
  "goal_pose": {
    "frame_id": "map",
    "x": 5.231,
    "y": -5.906,
    "yaw_rad": -3.134
  },
  "odom": {
    "position": {
      "x": 0.8846454830387204,
      "y": 0.88930574528092,
      "z": 0.0
    },
    "orientation_quat": {
      "x": -0.0010264296975762061,
      "y": -0.0014050139280799105,
      "z": -0.5899030029394784,
      "w": 0.8074722406999039
    },
    "yaw_rad": -1.261879634789103,
    "linear_vel": {
      "x": 0.17123986444937794,
      "y": 5.916677378363323e-07
    },
    "angular_vel_z": -0.00024293380025062735
  }
}