{
  "frame_idx": 15,
  "ros_stamp": 2401.9,
  "wall_time": 1776686417.6745846,
  "prompt": "in small shelf row",
  "goal_id": "inside_small_shelf",
  "goal_pose": {
    "frame_id": "map",
    "x": 5.231,
    "y": -5.906,
    "yaw_rad": -3.134
  },
  "odom": {
    "position": {
      "x": 0.9962718058154731,
      "y": 0.5559839121350588,
      "z": 0.0
    },
    "orientation_quat": {
      "x": 0.0009873339086464185,
      "y": 0.0013928365953969524,
      "z": -0.5782905742324835,
      "w": 0.8158290856128113
    },
    "yaw_rad": -1.2332656900102508,
    "linear_vel": {
      "x": 0.1724826314186606,
      "y": -1.7912051386374648e-05
    },
    "angular_vel_z": 0.04015486807739927
  }
}