{
  "frame_idx": 16,
  "ros_stamp": 2403.9,
  "wall_time": 1776686419.8621578,
  "prompt": "in small shelf row",
  "goal_id": "inside_small_shelf",
  "goal_pose": {
    "frame_id": "map",
    "x": 5.231,
    "y": -5.906,
    "yaw_rad": -3.134
  },
  "odom": {
    "position": {
      "x": 1.119830869155852,
      "y": 0.21251431088214612,
      "z": 0.0
    },
    "orientation_quat": {
      "x": -0.0012804292618620264,
      "y": -0.0018172706486642189,
      "z": -0.5759839611898284,
      "w": 0.8174579710788618
    },
    "yaw_rad": -1.2276181182806154,
    "linear_vel": {
      "x": 0.18119429167471052,
      "y": 9.744819431146696e-07
    },
    "angular_vel_z": 0.009680122880504039
  }
}