{
  "frame_idx": 17,
  "ros_stamp": 2405.9,
  "wall_time": 1776686421.9645538,
  "prompt": "in small shelf row",
  "goal_id": "inside_small_shelf",
  "goal_pose": {
    "frame_id": "map",
    "x": 5.231,
    "y": -5.906,
    "yaw_rad": -3.134
  },
  "odom": {
    "position": {
      "x": 1.2390850682919101,
      "y": -0.10377585158995771,
      "z": 0.0
    },
    "orientation_quat": {
      "x": 0.0008126721641917019,
      "y": 0.0012091038814217275,
      "z": -0.5566715829621623,
      "w": 0.83073138038367
    },
    "yaw_rad": -1.1807490001254777,
    "linear_vel": {
      "x": 0.16491734772972463,
      "y": -1.6551803143076307e-05
    },
    "angular_vel_z": 0.047668132808172475
  }
}