{
  "frame_idx": 18,
  "ros_stamp": 2407.9,
  "wall_time": 1776686424.1156414,
  "prompt": "in small shelf row",
  "goal_id": "inside_small_shelf",
  "goal_pose": {
    "frame_id": "map",
    "x": 5.231,
    "y": -5.906,
    "yaw_rad": -3.134
  },
  "odom": {
    "position": {
      "x": 1.38570085907686,
      "y": -0.43620857195940943,
      "z": 0.0
    },
    "orientation_quat": {
      "x": -0.0010822142647965534,
      "y": -0.001687656909766059,
      "z": -0.5398074386982128,
      "w": 0.8417861425282049
    },
    "yaw_rad": -1.1404192576159644,
    "linear_vel": {
      "x": 0.1953038289799588,
      "y": 1.611189512418286e-06
    },
    "angular_vel_z": 0.020462810954851297
  }
}