{
  "frame_idx": 19,
  "ros_stamp": 2409.9,
  "wall_time": 1776686426.30319,
  "prompt": "in small shelf row",
  "goal_id": "inside_small_shelf",
  "goal_pose": {
    "frame_id": "map",
    "x": 5.231,
    "y": -5.906,
    "yaw_rad": -3.134
  },
  "odom": {
    "position": {
      "x": 1.5550398685785551,
      "y": -0.7798843287224017,
      "z": 0.0
    },
    "orientation_quat": {
      "x": 0.0008603943491984858,
      "y": 0.0013703966836351134,
      "z": -0.5336685375763917,
      "w": 0.8456921861620627
    },
    "yaw_rad": -1.1258667862362866,
    "linear_vel": {
      "x": 0.13346106905586172,
      "y": 7.24949223324422e-05
    },
    "angular_vel_z": -0.1831784874776781
  }
}