{
  "frame_idx": 20,
  "ros_stamp": 2411.9,
  "wall_time": 1776686428.4010494,
  "prompt": "in small shelf row",
  "goal_id": "inside_small_shelf",
  "goal_pose": {
    "frame_id": "map",
    "x": 5.231,
    "y": -5.906,
    "yaw_rad": -3.134
  },
  "odom": {
    "position": {
      "x": 1.6395935907642967,
      "y": -1.0202666808721632,
      "z": 0.0
    },
    "orientation_quat": {
      "x": 2.7218464480595993e-05,
      "y": 4.396182101189184e-05,
      "z": -0.6102837403227365,
      "w": 0.7921829041479022
    },
    "yaw_rad": -1.312837436193179,
    "linear_vel": {
      "x": 0.16305878346950822,
      "y": 9.563723470747723e-06
    },
    "angular_vel_z": -0.06351090597377
  }
}