{
  "frame_idx": 21,
  "ros_stamp": 2413.9,
  "wall_time": 1776686430.584497,
  "prompt": "in small shelf row",
  "goal_id": "inside_small_shelf",
  "goal_pose": {
    "frame_id": "map",
    "x": 5.231,
    "y": -5.906,
    "yaw_rad": -3.134
  },
  "odom": {
    "position": {
      "x": 1.7255219812447442,
      "y": -1.297273636440253,
      "z": 0.0
    },
    "orientation_quat": {
      "x": -0.0003725698153507471,
      "y": -0.0004781849829077782,
      "z": -0.6080768580315468,
      "w": 0.7938779296953259
    },
    "yaw_rad": -1.3072720194677891,
    "linear_vel": {
      "x": 0.1369168294418037,
      "y": -7.022950712444372e-06
    },
    "angular_vel_z": 0.17174929244877543
  }
}