{
  "frame_idx": 22,
  "ros_stamp": 2415.9,
  "wall_time": 1776686432.7023945,
  "prompt": "in small shelf row",
  "goal_id": "inside_small_shelf",
  "goal_pose": {
    "frame_id": "map",
    "x": 5.231,
    "y": -5.906,
    "yaw_rad": -3.134
  },
  "odom": {
    "position": {
      "x": 1.811626928017529,
      "y": -1.5122275948328947,
      "z": 0.0
    },
    "orientation_quat": {
      "x": -0.0011423014193792317,
      "y": -0.0019074869945586066,
      "z": -0.5137785404126141,
      "w": 0.8579199659946823
    },
    "yaw_rad": -1.0791695618937565,
    "linear_vel": {
      "x": 0.13177281585486114,
      "y": 2.28867825127825e-05
    },
    "angular_vel_z": 0.1088432214619309
  }
}