{
  "frame_idx": 23,
  "ros_stamp": 2417.9,
  "wall_time": 1776686434.8214123,
  "prompt": "in small shelf row",
  "goal_id": "inside_small_shelf",
  "goal_pose": {
    "frame_id": "map",
    "x": 5.231,
    "y": -5.906,
    "yaw_rad": -3.134
  },
  "odom": {
    "position": {
      "x": 1.9481210923024341,
      "y": -1.7207478809234655,
      "z": 0.0
    },
    "orientation_quat": {
      "x": 5.4804268781135145e-05,
      "y": 0.00011144540253435502,
      "z": -0.4407903291431978,
      "w": 0.8976100881286071
    },
    "yaw_rad": -0.9129579371697831,
    "linear_vel": {
      "x": 0.11909318911344897,
      "y": -8.564235398020461e-06
    },
    "angular_vel_z": 0.07031051540667822
  }
}