{
  "frame_idx": 24,
  "ros_stamp": 2419.9,
  "wall_time": 1776686436.9990144,
  "prompt": "in small shelf row",
  "goal_id": "inside_small_shelf",
  "goal_pose": {
    "frame_id": "map",
    "x": 5.231,
    "y": -5.906,
    "yaw_rad": -3.134
  },
  "odom": {
    "position": {
      "x": 2.0844319245310214,
      "y": -1.8798819926159556,
      "z": 0.0
    },
    "orientation_quat": {
      "x": 0.00035883963910972186,
      "y": 0.0008193470756285579,
      "z": -0.4011260279939567,
      "w": 0.9160224394469136
    },
    "yaw_rad": -0.825491896701269,
    "linear_vel": {
      "x": 0.08249200836829337,
      "y": -5.68529840147883e-07
    },
    "angular_vel_z": 0.0024585882930788228
  }
}