{
  "frame_idx": 25,
  "ros_stamp": 2421.9,
  "wall_time": 1776686439.098771,
  "prompt": "in small shelf row",
  "goal_id": "inside_small_shelf",
  "goal_pose": {
    "frame_id": "map",
    "x": 5.231,
    "y": -5.906,
    "yaw_rad": -3.134
  },
  "odom": {
    "position": {
      "x": 2.1610371533584636,
      "y": -1.970591835785877,
      "z": 0.0
    },
    "orientation_quat": {
      "x": 0.0007817106174103591,
      "y": 0.0015912985547204333,
      "z": -0.4438723534071405,
      "w": 0.8960882716441652
    },
    "yaw_rad": -0.919832498451152,
    "linear_vel": {
      "x": 0.05776868001196491,
      "y": -3.9822797118005526e-05
    },
    "angular_vel_z": 0.11616695734666586
  }
}