{
  "frame_idx": 26,
  "ros_stamp": 2423.9,
  "wall_time": 1776686441.271534,
  "prompt": "in small shelf row",
  "goal_id": "inside_small_shelf",
  "goal_pose": {
    "frame_id": "map",
    "x": 5.231,
    "y": -5.906,
    "yaw_rad": -3.134
  },
  "odom": {
    "position": {
      "x": 2.218833879456933,
      "y": -2.0388807138265013,
      "z": 0.0
    },
    "orientation_quat": {
      "x": 0.00040056554969824864,
      "y": 0.0009184956018158996,
      "z": -0.3997087630297248,
      "w": 0.9166416424483
    },
    "yaw_rad": -0.8223986427663683,
    "linear_vel": {
      "x": 0.024571321648969715,
      "y": 4.0839977169159424e-08
    },
    "angular_vel_z": -0.00025439834197330696
  }
}