{
  "frame_idx": 27,
  "ros_stamp": 2425.9,
  "wall_time": 1776686443.4091728,
  "prompt": "in small shelf row",
  "goal_id": "inside_small_shelf",
  "goal_pose": {
    "frame_id": "map",
    "x": 5.231,
    "y": -5.906,
    "yaw_rad": -3.134
  },
  "odom": {
    "position": {
      "x": 2.259291873382781,
      "y": -2.0786512561184947,
      "z": 0.0
    },
    "orientation_quat": {
      "x": 0.0006852424987665885,
      "y": 0.001803841205617571,
      "z": -0.3552623906592877,
      "w": 0.9347646283330743
    },
    "yaw_rad": -0.7263909244215552,
    "linear_vel": {
      "x": 0.0135525554202417,
      "y": -6.314237785280311e-06
    },
    "angular_vel_z": 0.01958935092804443
  }
}