{
  "frame_idx": 28,
  "ros_stamp": 2427.9,
  "wall_time": 1776686445.519415,
  "prompt": "in small shelf row",
  "goal_id": "inside_small_shelf",
  "goal_pose": {
    "frame_id": "map",
    "x": 5.231,
    "y": -5.906,
    "yaw_rad": -3.134
  },
  "odom": {
    "position": {
      "x": 2.2812398879992744,
      "y": -2.0968510477643716,
      "z": 0.0
    },
    "orientation_quat": {
      "x": -6.681185028183764e-05,
      "y": -0.00017210561888660001,
      "z": -0.32059222873567633,
      "w": 0.9472172869991997
    },
    "yaw_rad": -0.6527093110629891,
    "linear_vel": {
      "x": 0.02112176904648258,
      "y": 3.929662759581315e-05
    },
    "angular_vel_z": -0.04978461135290803
  }
}