{
  "frame_idx": 29,
  "ros_stamp": 2429.9,
  "wall_time": 1776686447.71152,
  "prompt": "in small shelf row",
  "goal_id": "inside_small_shelf",
  "goal_pose": {
    "frame_id": "map",
    "x": 5.231,
    "y": -5.906,
    "yaw_rad": -3.134
  },
  "odom": {
    "position": {
      "x": 2.2985663461821937,
      "y": -2.108695987880132,
      "z": 0.0
    },
    "orientation_quat": {
      "x": -0.000605958054559615,
      "y": -0.0021401564592610934,
      "z": -0.27318185641517767,
      "w": 0.9619598358927067
    },
    "yaw_rad": -0.553399728283059,
    "linear_vel": {
      "x": 0.013966022812268445,
      "y": 3.815839609388362e-06
    },
    "angular_vel_z": 0.010536683926868039
  }
}