{
  "frame_idx": 30,
  "ros_stamp": 2431.9,
  "wall_time": 1776686449.7951972,
  "prompt": "in small shelf row",
  "goal_id": "inside_small_shelf",
  "goal_pose": {
    "frame_id": "map",
    "x": 5.231,
    "y": -5.906,
    "yaw_rad": -3.134
  },
  "odom": {
    "position": {
      "x": 2.3173045044978062,
      "y": -2.1192606435797994,
      "z": 0.0
    },
    "orientation_quat": {
      "x": 0.0005065255900480947,
      "y": 0.002164114486270833,
      "z": -0.22800327993349542,
      "w": 0.9736578271548404
    },
    "yaw_rad": -0.4600540640456111,
    "linear_vel": {
      "x": 0.0010471912503174801,
      "y": -5.139063156273666e-06
    },
    "angular_vel_z": 0.016007222694836492
  }
}