{
  "frame_idx": 31,
  "ros_stamp": 2433.9,
  "wall_time": 1776686451.9439085,
  "prompt": "in small shelf row",
  "goal_id": "inside_small_shelf",
  "goal_pose": {
    "frame_id": "map",
    "x": 5.231,
    "y": -5.906,
    "yaw_rad": -3.134
  },
  "odom": {
    "position": {
      "x": 2.3324622417581633,
      "y": -2.1258398179102596,
      "z": 0.0
    },
    "orientation_quat": {
      "x": 0.00014277361995968454,
      "y": 0.0007575612124482962,
      "z": -0.18511175753648249,
      "w": 0.9827171734219654
    },
    "yaw_rad": -0.3723712799703126,
    "linear_vel": {
      "x": 0.0002991952353379046,
      "y": -5.938283132717029e-06
    },
    "angular_vel_z": 0.04778483690615168
  }
}