{
  "frame_idx": 32,
  "ros_stamp": 2435.9,
  "wall_time": 1776686454.0817852,
  "prompt": "in small shelf row",
  "goal_id": "inside_small_shelf",
  "goal_pose": {
    "frame_id": "map",
    "x": 5.231,
    "y": -5.906,
    "yaw_rad": -3.134
  },
  "odom": {
    "position": {
      "x": 2.3512586403389735,
      "y": -2.132282338231189,
      "z": 0.0
    },
    "orientation_quat": {
      "x": -0.0003005568705393861,
      "y": -0.0020218143149244357,
      "z": -0.14706010989363277,
      "w": 0.9891254450323863
    },
    "yaw_rad": -0.29519143367100587,
    "linear_vel": {
      "x": 0.025683502162717586,
      "y": 2.8015718073256613e-05
    },
    "angular_vel_z": 0.1003628616429045
  }
}