{
  "frame_idx": 33,
  "ros_stamp": 2437.9,
  "wall_time": 1776686456.188528,
  "prompt": "in small shelf row",
  "goal_id": "inside_small_shelf",
  "goal_pose": {
    "frame_id": "map",
    "x": 5.231,
    "y": -5.906,
    "yaw_rad": -3.134
  },
  "odom": {
    "position": {
      "x": 2.4010182804627904,
      "y": -2.1466122583071625,
      "z": 0.0
    },
    "orientation_quat": {
      "x": 0.0003105735912557793,
      "y": 0.0022045954939222973,
      "z": -0.1394472736825717,
      "w": 0.990226994766983
    },
    "yaw_rad": -0.27980712296446736,
    "linear_vel": {
      "x": 0.0008297383833631829,
      "y": -0.0010599992218602587
    },
    "angular_vel_z": 0.03788334200971983
  }
}