{
  "frame_idx": 34,
  "ros_stamp": 2439.9,
  "wall_time": 1776686458.3815536,
  "prompt": "in small shelf row",
  "goal_id": "inside_small_shelf",
  "goal_pose": {
    "frame_id": "map",
    "x": 5.231,
    "y": -5.906,
    "yaw_rad": -3.134
  },
  "odom": {
    "position": {
      "x": 2.4091156964336586,
      "y": -2.149017937157369,
      "z": 0.0
    },
    "orientation_quat": {
      "x": -0.0002733587411878547,
      "y": -0.002205764158725073,
      "z": -0.12301439713667751,
      "w": 0.9924023972041656
    },
    "yaw_rad": -0.246654177621409,
    "linear_vel": {
      "x": -1.5636896370888126e-05,
      "y": 5.953479071087111e-06
    },
    "angular_vel_z": 0.015503661137623642
  }
}