{
  "frame_idx": 35,
  "ros_stamp": 2441.9,
  "wall_time": 1776686460.474167,
  "prompt": "in small shelf row",
  "goal_id": "inside_small_shelf",
  "goal_pose": {
    "frame_id": "map",
    "x": 5.231,
    "y": -5.906,
    "yaw_rad": -3.134
  },
  "odom": {
    "position": {
      "x": 2.4140273520983686,
      "y": -2.150067984882973,
      "z": 0.0
    },
    "orientation_quat": {
      "x": -2.45867827894133e-05,
      "y": -0.00020006179014742356,
      "z": -0.09933227278831146,
      "w": 0.9950542995000216
    },
    "yaw_rad": -0.19899270749140305,
    "linear_vel": {
      "x": 0.01247230678518567,
      "y": 3.837600280726084e-07
    },
    "angular_vel_z": 0.055813328108670936
  }
}