{
  "frame_idx": 36,
  "ros_stamp": 2443.9,
  "wall_time": 1776686462.620881,
  "prompt": "in small shelf row",
  "goal_id": "inside_small_shelf",
  "goal_pose": {
    "frame_id": "map",
    "x": 5.231,
    "y": -5.906,
    "yaw_rad": -3.134
  },
  "odom": {
    "position": {
      "x": 2.4154438025006617,
      "y": -2.15034582064289,
      "z": 0.0
    },
    "orientation_quat": {
      "x": 0.00018268137861454656,
      "y": 0.00221514735956663,
      "z": -0.08216309119201269,
      "w": 0.9966164187868181
    },
    "yaw_rad": -0.16451204147302836,
    "linear_vel": {
      "x": 6.317650909338936e-08,
      "y": -5.9384869191344526e-06
    },
    "angular_vel_z": 0.01585199531586725
  }
}