{
  "frame_idx": 37,
  "ros_stamp": 2445.9,
  "wall_time": 1776686464.7693033,
  "prompt": "in small shelf row",
  "goal_id": "inside_small_shelf",
  "goal_pose": {
    "frame_id": "map",
    "x": 5.231,
    "y": -5.906,
    "yaw_rad": -3.134
  },
  "odom": {
    "position": {
      "x": 2.4157815368413225,
      "y": -2.1504102298861434,
      "z": 0.0
    },
    "orientation_quat": {
      "x": 0.00014669167867031283,
      "y": 0.0022178176617623398,
      "z": -0.06597099036208258,
      "w": 0.9978190658616504
    },
    "yaw_rad": -0.13203820069571207,
    "linear_vel": {
      "x": 5.784040648635336e-05,
      "y": -2.1179547269897645e-05
    },
    "angular_vel_z": 0.060015847426007476
  }
}