{
  "frame_idx": 38,
  "ros_stamp": 2447.9,
  "wall_time": 1776686466.8655796,
  "prompt": "in small shelf row",
  "goal_id": "inside_small_shelf",
  "goal_pose": {
    "frame_id": "map",
    "x": 5.231,
    "y": -5.906,
    "yaw_rad": -3.134
  },
  "odom": {
    "position": {
      "x": 2.4159344045417614,
      "y": -2.150437074093292,
      "z": 0.0
    },
    "orientation_quat": {
      "x": 0.00012552678839687116,
      "y": 0.002219095945288229,
      "z": -0.056449143244235896,
      "w": 0.9984030018400399
    },
    "yaw_rad": -0.11295861018042619,
    "linear_vel": {
      "x": -1.9478061943487116e-07,
      "y": -7.255105132275992e-07
    },
    "angular_vel_z": 0.0010015432498184861
  }
}