{
  "frame_idx": 39,
  "ros_stamp": 2449.9,
  "wall_time": 1776686469.0470262,
  "prompt": "in small shelf row",
  "goal_id": "inside_small_shelf",
  "goal_pose": {
    "frame_id": "map",
    "x": 5.231,
    "y": -5.906,
    "yaw_rad": -3.134
  },
  "odom": {
    "position": {
      "x": 2.415974883601794,
      "y": -2.150534829480863,
      "z": 0.0
    },
    "orientation_quat": {
      "x": -3.473654654628968e-05,
      "y": 0.0022223622079857275,
      "z": 0.015655746080223826,
      "w": 0.9998749709409974
    },
    "yaw_rad": 0.03131284900827091,
    "linear_vel": {
      "x": 1.3644041165693216e-05,
      "y": -0.0005650977379848823
    },
    "angular_vel_z": 0.6478108055605152
  }
}