{
  "frame_idx": 40,
  "ros_stamp": 2451.9,
  "wall_time": 1776686471.1396854,
  "prompt": "in small shelf row",
  "goal_id": "inside_small_shelf",
  "goal_pose": {
    "frame_id": "map",
    "x": 5.231,
    "y": -5.906,
    "yaw_rad": -3.134
  },
  "odom": {
    "position": {
      "x": 2.412444663080967,
      "y": -2.148990065349478,
      "z": 0.0
    },
    "orientation_quat": {
      "x": 0.0016441775130451254,
      "y": -0.0015368349754130888,
      "z": 0.7298131540092995,
      "w": 0.6836429587537359
    },
    "yaw_rad": 1.6361026021491365,
    "linear_vel": {
      "x": 0.05124382782149297,
      "y": 0.00013076562801361916
    },
    "angular_vel_z": -0.15709708968725736
  }
}