{
  "frame_idx": 41,
  "ros_stamp": 2453.9,
  "wall_time": 1776686473.2786958,
  "prompt": "in small shelf row",
  "goal_id": "inside_small_shelf",
  "goal_pose": {
    "frame_id": "map",
    "x": 5.231,
    "y": -5.906,
    "yaw_rad": -3.134
  },
  "odom": {
    "position": {
      "x": 2.4105949890141414,
      "y": -2.113974100690111,
      "z": 0.0
    },
    "orientation_quat": {
      "x": 0.0015138506800652669,
      "y": -0.0016277972118437878,
      "z": 0.6810039205444678,
      "w": 0.7322763950418038
    },
    "yaw_rad": 1.498270024239657,
    "linear_vel": {
      "x": 0.0005958419517043079,
      "y": 0.003069858236978559
    },
    "angular_vel_z": -0.00697399246530755
  }
}