{
  "frame_idx": 42,
  "ros_stamp": 2455.9,
  "wall_time": 1776686475.4388955,
  "prompt": "in small shelf row",
  "goal_id": "inside_small_shelf",
  "goal_pose": {
    "frame_id": "map",
    "x": 5.231,
    "y": -5.906,
    "yaw_rad": -3.134
  },
  "odom": {
    "position": {
      "x": 2.4054641439258164,
      "y": -2.1108887422105913,
      "z": 0.0
    },
    "orientation_quat": {
      "x": 0.0015038085873401831,
      "y": -0.0016367477430265268,
      "z": 0.6765666508356569,
      "w": 0.7363780459747429
    },
    "yaw_rad": 1.4861847945990858,
    "linear_vel": {
      "x": 0.0010237374433900036,
      "y": 0.0021795857157025887
    },
    "angular_vel_z": -0.0046714840664059485
  }
}