{
  "frame_idx": 43,
  "ros_stamp": 2457.9,
  "wall_time": 1776686477.5364501,
  "prompt": "in small shelf row",
  "goal_id": "inside_small_shelf",
  "goal_pose": {
    "frame_id": "map",
    "x": 5.231,
    "y": -5.906,
    "yaw_rad": -3.134
  },
  "odom": {
    "position": {
      "x": 2.4007367188605873,
      "y": -2.108484216529469,
      "z": 0.0
    },
    "orientation_quat": {
      "x": 0.0014945501699283618,
      "y": -0.0016452103645134533,
      "z": 0.6724000912402822,
      "w": 0.7401845559741883
    },
    "yaw_rad": 1.4748976374476546,
    "linear_vel": {
      "x": 0.0006010950244828654,
      "y": 0.0014873831838834535
    },
    "angular_vel_z": -0.003315425631259893
  }
}