{
  "frame_idx": 44,
  "ros_stamp": 2459.9,
  "wall_time": 1776686479.7289653,
  "prompt": "in small shelf row",
  "goal_id": "inside_small_shelf",
  "goal_pose": {
    "frame_id": "map",
    "x": 5.231,
    "y": -5.906,
    "yaw_rad": -3.134
  },
  "odom": {
    "position": {
      "x": 2.3971525322996046,
      "y": -2.106428436528315,
      "z": 0.0
    },
    "orientation_quat": {
      "x": 0.0014999100313977838,
      "y": -0.0016403431130890978,
      "z": 0.6748070569789857,
      "w": 0.7379908504823952
    },
    "yaw_rad": 1.4814109744120125,
    "linear_vel": {
      "x": 0.00013548559705590902,
      "y": 1.7510148664630587e-05
    },
    "angular_vel_z": 0.049805862903827894
  }
}