{
  "frame_idx": 45,
  "ros_stamp": 2461.9,
  "wall_time": 1776686481.8269846,
  "prompt": "in small shelf row",
  "goal_id": "inside_small_shelf",
  "goal_pose": {
    "frame_id": "map",
    "x": 5.231,
    "y": -5.906,
    "yaw_rad": -3.134
  },
  "odom": {
    "position": {
      "x": 2.395460976654453,
      "y": -2.104410008671801,
      "z": 0.0
    },
    "orientation_quat": {
      "x": 0.0013676461190158353,
      "y": -0.0015202856907364666,
      "z": 0.6687961102004998,
      "w": 0.743443058516382
    },
    "yaw_rad": 1.4651802978604143,
    "linear_vel": {
      "x": 5.4726736966635955e-05,
      "y": 2.4001206416196293e-10
    },
    "angular_vel_z": 9.978674347054222e-14
  }
}