{
  "frame_idx": 46,
  "ros_stamp": 2463.9,
  "wall_time": 1776686483.97169,
  "prompt": "in small shelf row",
  "goal_id": "inside_small_shelf",
  "goal_pose": {
    "frame_id": "map",
    "x": 5.231,
    "y": -5.906,
    "yaw_rad": -3.134
  },
  "odom": {
    "position": {
      "x": 2.3907558024810505,
      "y": -2.1012981533555,
      "z": 0.0
    },
    "orientation_quat": {
      "x": 0.0014777708915698331,
      "y": -0.0016616747837833823,
      "z": 0.6645428045313507,
      "w": 0.7472468909107028
    },
    "yaw_rad": 1.4537680260814412,
    "linear_vel": {
      "x": 0.0006581423417263535,
      "y": 1.2346118368290215e-05
    },
    "angular_vel_z": 0.03471821047998516
  }
}