{
  "frame_idx": 47,
  "ros_stamp": 2465.9,
  "wall_time": 1776686486.127135,
  "prompt": "in small shelf row",
  "goal_id": "inside_small_shelf",
  "goal_pose": {
    "frame_id": "map",
    "x": 5.231,
    "y": -5.906,
    "yaw_rad": -3.134
  },
  "odom": {
    "position": {
      "x": 2.387025859781975,
      "y": -2.0969808198598274,
      "z": 0.0
    },
    "orientation_quat": {
      "x": 0.0014683874825984465,
      "y": -0.0016705929311278203,
      "z": 0.6601849624831655,
      "w": 0.7510997725126541
    },
    "yaw_rad": 1.4421343256042154,
    "linear_vel": {
      "x": 0.00024381286983848625,
      "y": 0.0007567154967239801
    },
    "angular_vel_z": -0.0016544171886701022
  }
}