{
  "frame_idx": 48,
  "ros_stamp": 2467.9,
  "wall_time": 1776686488.2158463,
  "prompt": "in small shelf row",
  "goal_id": "inside_small_shelf",
  "goal_pose": {
    "frame_id": "map",
    "x": 5.231,
    "y": -5.906,
    "yaw_rad": -3.134
  },
  "odom": {
    "position": {
      "x": 2.382060727187175,
      "y": -2.0934527794242968,
      "z": 0.0
    },
    "orientation_quat": {
      "x": 0.001457248297907745,
      "y": -0.0016784188475289505,
      "z": 0.6555992903123584,
      "w": 0.7551057077519031
    },
    "yaw_rad": 1.429956279080743,
    "linear_vel": {
      "x": 0.00015999702878608668,
      "y": 0.0005068321142722907
    },
    "angular_vel_z": -0.001152161472871335
  }
}