{
  "frame_idx": 49,
  "ros_stamp": 2469.9,
  "wall_time": 1776686490.4002573,
  "prompt": "in small shelf row",
  "goal_id": "inside_small_shelf",
  "goal_pose": {
    "frame_id": "map",
    "x": 5.231,
    "y": -5.906,
    "yaw_rad": -3.134
  },
  "odom": {
    "position": {
      "x": 2.3776900897747972,
      "y": -2.0906931006895992,
      "z": 0.0
    },
    "orientation_quat": {
      "x": 0.0014480161178220539,
      "y": -0.0016863086959298139,
      "z": 0.6514637815809182,
      "w": 0.758676479733354
    },
    "yaw_rad": 1.4190286870718398,
    "linear_vel": {
      "x": 0.0004717083262983368,
      "y": 0.0011416317424781251
    },
    "angular_vel_z": -0.0023950991241402492
  }
}