{
  "frame_idx": 50,
  "ros_stamp": 2471.9,
  "wall_time": 1776686492.5055475,
  "prompt": "in small shelf row",
  "goal_id": "inside_small_shelf",
  "goal_pose": {
    "frame_id": "map",
    "x": 5.231,
    "y": -5.906,
    "yaw_rad": -3.134
  },
  "odom": {
    "position": {
      "x": 2.373084281883263,
      "y": -2.08754026483286,
      "z": 0.0
    },
    "orientation_quat": {
      "x": 0.001438246036388041,
      "y": -0.001694694912763684,
      "z": 0.6470578791718155,
      "w": 0.7624376436530163
    },
    "yaw_rad": 1.407442731828616,
    "linear_vel": {
      "x": -0.000979987937759688,
      "y": -0.0013863855227469926
    },
    "angular_vel_z": 0.0029862314993033294
  }
}