{
  "frame_idx": 51,
  "ros_stamp": 2473.9,
  "wall_time": 1776686494.6384256,
  "prompt": "in small shelf row",
  "goal_id": "inside_small_shelf",
  "goal_pose": {
    "frame_id": "map",
    "x": 5.231,
    "y": -5.906,
    "yaw_rad": -3.134
  },
  "odom": {
    "position": {
      "x": 2.3730854903217122,
      "y": -2.087541457086369,
      "z": 0.0
    },
    "orientation_quat": {
      "x": 0.0014382483697137334,
      "y": -0.001694692530543986,
      "z": 0.6470590174677032,
      "w": 0.7624366776149902
    },
    "yaw_rad": 1.407445717767661,
    "linear_vel": {
      "x": 0.0,
      "y": 0.0
    },
    "angular_vel_z": 0.0
  }
}