{
  "frame_idx": 53,
  "ros_stamp": 2477.9,
  "wall_time": 1776686498.8963282,
  "prompt": "in small shelf row",
  "goal_id": "inside_small_shelf",
  "goal_pose": {
    "frame_id": "map",
    "x": 5.231,
    "y": -5.906,
    "yaw_rad": -3.134
  },
  "odom": {
    "position": {
      "x": 2.370648776691874,
      "y": -2.085623284677792,
      "z": 0.0
    },
    "orientation_quat": {
      "x": 0.0014330087119795742,
      "y": -0.0016990805076629177,
      "z": 0.644711471053911,
      "w": 0.764422774845806
    },
    "yaw_rad": 1.4012957224672256,
    "linear_vel": {
      "x": 0.0002827164398179419,
      "y": 0.0010796083099536154
    },
    "angular_vel_z": -0.00247876586420585
  }
}