{
  "frame_idx": 54,
  "ros_stamp": 2479.9,
  "wall_time": 1776686501.074267,
  "prompt": "in small shelf row",
  "goal_id": "inside_small_shelf",
  "goal_pose": {
    "frame_id": "map",
    "x": 5.231,
    "y": -5.906,
    "yaw_rad": -3.134
  },
  "odom": {
    "position": {
      "x": 2.365847168651891,
      "y": -2.0816050509470334,
      "z": 0.0
    },
    "orientation_quat": {
      "x": 0.0014226519760597595,
      "y": -0.0017075173695447641,
      "z": 0.6400484155691272,
      "w": 0.7683313648246033
    },
    "yaw_rad": 1.3891266693108189,
    "linear_vel": {
      "x": 0.0025240549125594217,
      "y": 0.003592455548257028
    },
    "angular_vel_z": -0.00770266234627817
  }
}