{
  "frame_idx": 55,
  "ros_stamp": 2481.9,
  "wall_time": 1776686503.188989,
  "prompt": "in small shelf row",
  "goal_id": "inside_small_shelf",
  "goal_pose": {
    "frame_id": "map",
    "x": 5.231,
    "y": -5.906,
    "yaw_rad": -3.134
  },
  "odom": {
    "position": {
      "x": 2.359292528264312,
      "y": -2.0754027453378527,
      "z": 0.0
    },
    "orientation_quat": {
      "x": 0.00140834296339243,
      "y": -0.0017196107281558435,
      "z": 0.6336071232633291,
      "w": 0.7736517775194532
    },
    "yaw_rad": 1.3724176558791212,
    "linear_vel": {
      "x": 0.0031410353634792145,
      "y": 0.005377474582386003
    },
    "angular_vel_z": -0.011717189751604696
  }
}