{
  "frame_idx": 56,
  "ros_stamp": 2483.9,
  "wall_time": 1776686505.3086574,
  "prompt": "in small shelf row",
  "goal_id": "inside_small_shelf",
  "goal_pose": {
    "frame_id": "map",
    "x": 5.231,
    "y": -5.906,
    "yaw_rad": -3.134
  },
  "odom": {
    "position": {
      "x": 2.3538458208136923,
      "y": -2.070386406664094,
      "z": 0.0
    },
    "orientation_quat": {
      "x": 0.0013961195978729535,
      "y": -0.0017295168371615228,
      "z": 0.6281146453369677,
      "w": 0.7781176337384944
    },
    "yaw_rad": 1.3582597404381258,
    "linear_vel": {
      "x": 0.0004449404441331748,
      "y": 0.0016961556155533643
    },
    "angular_vel_z": -0.006982410022420895
  }
}