{
  "frame_idx": 0,
  "ros_stamp": 4173.9,
  "wall_time": 1776688340.5682058,
  "prompt": "go to the small shelf entrance",
  "goal_id": "enter_small_shelf_row",
  "goal_pose": {
    "frame_id": "map",
    "x": 3.774,
    "y": 1.856,
    "yaw_rad": -1.5940000000000003
  },
  "odom": {
    "position": {
      "x": 2.0620978252551927,
      "y": -7.570239824093787,
      "z": 0.0
    },
    "orientation_quat": {
      "x": 0.00111613798284006,
      "y": -0.001485222494122351,
      "z": 0.6007235336303572,
      "w": 0.7994546794489374
    },
    "yaw_rad": 1.2888142590836942,
    "linear_vel": {
      "x": 0.14016716038289118,
      "y": 1.386017356835292e-05
    },
    "angular_vel_z": 0.09453531842695492
  }
}