{
  "frame_idx": 1,
  "ros_stamp": 4175.9,
  "wall_time": 1776688342.8330975,
  "prompt": "go to the small shelf entrance",
  "goal_id": "enter_small_shelf_row",
  "goal_pose": {
    "frame_id": "map",
    "x": 3.774,
    "y": 1.856,
    "yaw_rad": -1.5940000000000003
  },
  "odom": {
    "position": {
      "x": 2.1150251092900296,
      "y": -7.296507115571216,
      "z": 0.0
    },
    "orientation_quat": {
      "x": -0.0002331905107627946,
      "y": 0.00025351695198859463,
      "z": 0.6665975677000154,
      "w": 0.7454177111444052
    },
    "yaw_rad": 1.4592700109314876,
    "linear_vel": {
      "x": 0.14211275077218036,
      "y": -1.662077523109682e-05
    },
    "angular_vel_z": 0.08502989702458916
  }
}