{
  "frame_idx": 2,
  "ros_stamp": 4177.9,
  "wall_time": 1776688345.0019772,
  "prompt": "go to the small shelf entrance",
  "goal_id": "enter_small_shelf_row",
  "goal_pose": {
    "frame_id": "map",
    "x": 3.774,
    "y": 1.856,
    "yaw_rad": -1.5940000000000003
  },
  "odom": {
    "position": {
      "x": 2.1281195827549464,
      "y": -6.981828434094475,
      "z": 0.0
    },
    "orientation_quat": {
      "x": -0.0015715462789257454,
      "y": 0.0015767478102420266,
      "z": 0.7059368425723408,
      "w": 0.7082712887076745
    },
    "yaw_rad": 1.5674949117441683,
    "linear_vel": {
      "x": 0.16291877602231095,
      "y": -1.1247683889748088e-05
    },
    "angular_vel_z": 0.022051047829421782
  }
}