{
  "frame_idx": 3,
  "ros_stamp": 4179.9,
  "wall_time": 1776688347.2160866,
  "prompt": "go to the small shelf entrance",
  "goal_id": "enter_small_shelf_row",
  "goal_pose": {
    "frame_id": "map",
    "x": 3.774,
    "y": 1.856,
    "yaw_rad": -1.5940000000000003
  },
  "odom": {
    "position": {
      "x": 2.1279835870022286,
      "y": -6.661058057000069,
      "z": 0.0
    },
    "orientation_quat": {
      "x": 0.0007202616707869073,
      "y": -0.0007253889731081297,
      "z": 0.7045951442280135,
      "w": 0.7096087920567699
    },
    "yaw_rad": 1.5637059394845838,
    "linear_vel": {
      "x": 0.15089946656250697,
      "y": -2.0297946075172483e-07
    },
    "angular_vel_z": -0.010371339039886024
  }
}