{
  "frame_idx": 4,
  "ros_stamp": 4181.9,
  "wall_time": 1776688349.4487195,
  "prompt": "go to the small shelf entrance",
  "goal_id": "enter_small_shelf_row",
  "goal_pose": {
    "frame_id": "map",
    "x": 3.774,
    "y": 1.856,
    "yaw_rad": -1.5940000000000003
  },
  "odom": {
    "position": {
      "x": 2.14105834361986,
      "y": -6.369440070195207,
      "z": 0.0
    },
    "orientation_quat": {
      "x": -0.001485130884690538,
      "y": 0.0016374376876800239,
      "z": 0.6717939247770993,
      "w": 0.7407347945227464
    },
    "yaw_rad": 1.473260317927106,
    "linear_vel": {
      "x": 0.12717469591988642,
      "y": 3.3762399309967714e-05
    },
    "angular_vel_z": -0.07234703247225716
  }
}