{
  "frame_idx": 5,
  "ros_stamp": 4183.9,
  "wall_time": 1776688351.6053762,
  "prompt": "go to the small shelf entrance",
  "goal_id": "enter_small_shelf_row",
  "goal_pose": {
    "frame_id": "map",
    "x": 3.774,
    "y": 1.856,
    "yaw_rad": -1.5940000000000003
  },
  "odom": {
    "position": {
      "x": 2.17834682534976,
      "y": -6.163933795217147,
      "z": 0.0
    },
    "orientation_quat": {
      "x": 0.001274028663241338,
      "y": -0.0017072304999598293,
      "z": 0.5980618766082005,
      "w": 0.801447099915436
    },
    "yaw_rad": 1.2821646844103147,
    "linear_vel": {
      "x": 0.11044599494505783,
      "y": -3.084779208738975e-05
    },
    "angular_vel_z": -0.15261580678373102
  }
}