{
  "frame_idx": 6,
  "ros_stamp": 4185.9,
  "wall_time": 1776688353.866816,
  "prompt": "go to the small shelf entrance",
  "goal_id": "enter_small_shelf_row",
  "goal_pose": {
    "frame_id": "map",
    "x": 3.774,
    "y": 1.856,
    "yaw_rad": -1.5940000000000003
  },
  "odom": {
    "position": {
      "x": 2.230545419660642,
      "y": -6.037622306038356,
      "z": 0.0
    },
    "orientation_quat": {
      "x": 0.0008878441983077097,
      "y": -0.0015151496564007917,
      "z": 0.5055337752546513,
      "w": 0.8628050290366753
    },
    "yaw_rad": 1.060002812806451,
    "linear_vel": {
      "x": 0.054091418262631065,
      "y": -2.348171536906077e-05
    },
    "angular_vel_z": -0.11526881244890037
  }
}