{
  "frame_idx": 7,
  "ros_stamp": 4187.9,
  "wall_time": 1776688355.9844365,
  "prompt": "go to the small shelf entrance",
  "goal_id": "enter_small_shelf_row",
  "goal_pose": {
    "frame_id": "map",
    "x": 3.774,
    "y": 1.856,
    "yaw_rad": -1.5940000000000003
  },
  "odom": {
    "position": {
      "x": 2.303369174180138,
      "y": -5.934936601862501,
      "z": 0.0
    },
    "orientation_quat": {
      "x": -0.00016003143224929423,
      "y": 0.00035973453815517256,
      "z": 0.41092565160143923,
      "w": 0.911668774192105
    },
    "yaw_rad": 0.8469384067001955,
    "linear_vel": {
      "x": 0.05458860304227979,
      "y": 1.115798051281233e-05
    },
    "angular_vel_z": -0.09943208917390364
  }
}