{
  "frame_idx": 8,
  "ros_stamp": 4189.9,
  "wall_time": 1776688358.1630716,
  "prompt": "go to the small shelf entrance",
  "goal_id": "enter_small_shelf_row",
  "goal_pose": {
    "frame_id": "map",
    "x": 3.774,
    "y": 1.856,
    "yaw_rad": -1.5940000000000003
  },
  "odom": {
    "position": {
      "x": 2.375875891445825,
      "y": -5.866550587339302,
      "z": 0.0
    },
    "orientation_quat": {
      "x": -0.0005154375212334639,
      "y": 0.001534303941832673,
      "z": 0.32051799655078506,
      "w": 0.9472410433055816
    },
    "yaw_rad": 0.652553465077649,
    "linear_vel": {
      "x": 0.03335965191396789,
      "y": 2.8711964810716945e-05
    },
    "angular_vel_z": -0.10095682113539825
  }
}