{
  "frame_idx": 9,
  "ros_stamp": 4191.9,
  "wall_time": 1776688360.345566,
  "prompt": "go to the small shelf entrance",
  "goal_id": "enter_small_shelf_row",
  "goal_pose": {
    "frame_id": "map",
    "x": 3.774,
    "y": 1.856,
    "yaw_rad": -1.5940000000000003
  },
  "odom": {
    "position": {
      "x": 2.459902193169768,
      "y": -5.815154866851855,
      "z": 0.0
    },
    "orientation_quat": {
      "x": -0.00047401976253569534,
      "y": 0.002177863280983131,
      "z": 0.2131219459785205,
      "w": 0.9770230643946552
    },
    "yaw_rad": 0.4295395076675053,
    "linear_vel": {
      "x": 0.03035336648664652,
      "y": 3.923072906359223e-05
    },
    "angular_vel_z": -0.10418111745501701
  }
}