{
  "frame_idx": 10,
  "ros_stamp": 4193.9,
  "wall_time": 1776688362.458624,
  "prompt": "go to the small shelf entrance",
  "goal_id": "enter_small_shelf_row",
  "goal_pose": {
    "frame_id": "map",
    "x": 3.774,
    "y": 1.856,
    "yaw_rad": -1.5940000000000003
  },
  "odom": {
    "position": {
      "x": 2.543558209711457,
      "y": -5.7864410251040725,
      "z": 0.0
    },
    "orientation_quat": {
      "x": 2.265587958928502e-05,
      "y": -0.00018320594688991864,
      "z": 0.1222785561441807,
      "w": 0.99249580383475
    },
    "yaw_rad": 0.24517069205263145,
    "linear_vel": {
      "x": 0.04557729125484734,
      "y": 7.369366480239063e-07
    },
    "angular_vel_z": -0.05753953323573956
  }
}