{
  "frame_idx": 11,
  "ros_stamp": 4195.9,
  "wall_time": 1776688364.7066634,
  "prompt": "go to the small shelf entrance",
  "goal_id": "enter_small_shelf_row",
  "goal_pose": {
    "frame_id": "map",
    "x": 3.774,
    "y": 1.856,
    "yaw_rad": -1.5940000000000003
  },
  "odom": {
    "position": {
      "x": 2.608193027852666,
      "y": -5.774872253027083,
      "z": 0.0
    },
    "orientation_quat": {
      "x": -4.750316521951931e-05,
      "y": 0.0008362501766085038,
      "z": 0.056824817681724565,
      "w": 0.9983838132324313
    },
    "yaw_rad": 0.11371092807775801,
    "linear_vel": {
      "x": 0.029550398035712327,
      "y": 5.349780113661198e-06
    },
    "angular_vel_z": -0.031293011491603046
  }
}