{
  "frame_idx": 12,
  "ros_stamp": 4197.9,
  "wall_time": 1776688366.850301,
  "prompt": "go to the small shelf entrance",
  "goal_id": "enter_small_shelf_row",
  "goal_pose": {
    "frame_id": "map",
    "x": 3.774,
    "y": 1.856,
    "yaw_rad": -1.5940000000000003
  },
  "odom": {
    "position": {
      "x": 2.647553562513246,
      "y": -5.771855273859286,
      "z": 0.0
    },
    "orientation_quat": {
      "x": -3.9084258984455816e-05,
      "y": 0.0021625357181108557,
      "z": 0.01815588100800046,
      "w": 0.9998328289751802
    },
    "yaw_rad": 0.03631384300553288,
    "linear_vel": {
      "x": 0.0021529505508875867,
      "y": 1.3975796745443656e-05
    },
    "angular_vel_z": -0.041391048139193184
  }
}