{
  "frame_idx": 13,
  "ros_stamp": 4199.9,
  "wall_time": 1776688369.0517044,
  "prompt": "go to the small shelf entrance",
  "goal_id": "enter_small_shelf_row",
  "goal_pose": {
    "frame_id": "map",
    "x": 3.774,
    "y": 1.856,
    "yaw_rad": -1.5940000000000003
  },
  "odom": {
    "position": {
      "x": 2.6475994870899626,
      "y": -5.771850877019817,
      "z": 0.0
    },
    "orientation_quat": {
      "x": -1.5702606227351292e-06,
      "y": 0.002222682161396888,
      "z": 0.0007334025193015108,
      "w": 0.9999972608973928
    },
    "yaw_rad": 0.001466809059475766,
    "linear_vel": {
      "x": -3.2153128126730304e-05,
      "y": -1.4530525710772487e-06
    },
    "angular_vel_z": 0.00419054016970742
  }
}