{
  "frame_idx": 14,
  "ros_stamp": 4201.9,
  "wall_time": 1776688371.2972288,
  "prompt": "go to the small shelf entrance",
  "goal_id": "enter_small_shelf_row",
  "goal_pose": {
    "frame_id": "map",
    "x": 3.774,
    "y": 1.856,
    "yaw_rad": -1.5940000000000003
  },
  "odom": {
    "position": {
      "x": 2.6481632595597127,
      "y": -5.771874567839443,
      "z": 0.0
    },
    "orientation_quat": {
      "x": 2.6838584055540425e-05,
      "y": 0.0019035105454380376,
      "z": -0.014066743782746858,
      "w": 0.9998992462476629
    },
    "yaw_rad": -0.028134466215871092,
    "linear_vel": {
      "x": 0.004828852456584913,
      "y": 1.2658993132174469e-06
    },
    "angular_vel_z": -0.004084870650654553
  }
}