{
  "frame_idx": 15,
  "ros_stamp": 4203.9,
  "wall_time": 1776688373.7185354,
  "prompt": "go to the small shelf entrance",
  "goal_id": "enter_small_shelf_row",
  "goal_pose": {
    "frame_id": "map",
    "x": 3.774,
    "y": 1.856,
    "yaw_rad": -1.5940000000000003
  },
  "odom": {
    "position": {
      "x": 2.733947267197181,
      "y": -5.79643861600603,
      "z": 0.0
    },
    "orientation_quat": {
      "x": -0.0008073183972422362,
      "y": 0.002070822880745096,
      "z": 0.36326234061438306,
      "w": 0.9316842446993305
    },
    "yaw_rad": 0.7435360373227409,
    "linear_vel": {
      "x": 0.09445425742114792,
      "y": -0.1265138296069711
    },
    "angular_vel_z": 0.2929727839632498
  }
}