{
  "frame_idx": 16,
  "ros_stamp": 4205.9,
  "wall_time": 1776688376.0069711,
  "prompt": "go to the small shelf entrance",
  "goal_id": "enter_small_shelf_row",
  "goal_pose": {
    "frame_id": "map",
    "x": 3.774,
    "y": 1.856,
    "yaw_rad": -1.5940000000000003
  },
  "odom": {
    "position": {
      "x": 2.7940886536920995,
      "y": -5.804172550517167,
      "z": 0.0
    },
    "orientation_quat": {
      "x": -0.0009230021236394891,
      "y": 0.002021870944885643,
      "z": 0.4152950578524409,
      "w": 0.9096840523106359
    },
    "yaw_rad": 0.8565365153662524,
    "linear_vel": {
      "x": 0.0,
      "y": 0.0
    },
    "angular_vel_z": 0.0
  }
}