{
  "frame_idx": 22,
  "ros_stamp": 4217.9,
  "wall_time": 1776688389.1340003,
  "prompt": "go to the small shelf entrance",
  "goal_id": "enter_small_shelf_row",
  "goal_pose": {
    "frame_id": "map",
    "x": 3.774,
    "y": 1.856,
    "yaw_rad": -1.5940000000000003
  },
  "odom": {
    "position": {
      "x": 2.7994414645144934,
      "y": -5.798104610182556,
      "z": 0.0
    },
    "orientation_quat": {
      "x": -0.0008142730246494576,
      "y": 0.0018334825448649938,
      "z": 0.4052331057797776,
      "w": 0.914211192931521
    },
    "yaw_rad": 0.8344693699133587,
    "linear_vel": {
      "x": 0.023134971515844243,
      "y": 5.426660892015557e-05
    },
    "angular_vel_z": -0.18408132527368734
  }
}