{
  "frame_idx": 23,
  "ros_stamp": 4219.9,
  "wall_time": 1776688391.2763925,
  "prompt": "go to the small shelf entrance",
  "goal_id": "enter_small_shelf_row",
  "goal_pose": {
    "frame_id": "map",
    "x": 3.774,
    "y": 1.856,
    "yaw_rad": -1.5940000000000003
  },
  "odom": {
    "position": {
      "x": 2.8200135330540967,
      "y": -5.782551349737751,
      "z": 0.0
    },
    "orientation_quat": {
      "x": 0.0006087555969328955,
      "y": -0.002128094354103315,
      "z": 0.2755705108057563,
      "w": 0.9612783125636912
    },
    "yaw_rad": 0.5583676944401692,
    "linear_vel": {
      "x": 0.042900003849013726,
      "y": -3.8957244721764534e-05
    },
    "angular_vel_z": -0.12826598166917388
  }
}