{
  "frame_idx": 24,
  "ros_stamp": 4221.9,
  "wall_time": 1776688393.5126572,
  "prompt": "go to the small shelf entrance",
  "goal_id": "enter_small_shelf_row",
  "goal_pose": {
    "frame_id": "map",
    "x": 3.774,
    "y": 1.856,
    "yaw_rad": -1.5940000000000003
  },
  "odom": {
    "position": {
      "x": 3.047895631905399,
      "y": -5.650208388375739,
      "z": 0.0
    },
    "orientation_quat": {
      "x": 0.000593129212458193,
      "y": -0.001980518083758882,
      "z": 0.2868731941470048,
      "w": 0.957966333555492
    },
    "yaw_rad": 0.581923757610297,
    "linear_vel": {
      "x": 0.1815360462439216,
      "y": 1.5731397112652822e-05
    },
    "angular_vel_z": 0.11322648545245229
  }
}