{
  "frame_idx": 25,
  "ros_stamp": 4223.9,
  "wall_time": 1776688395.6783123,
  "prompt": "go to the small shelf entrance",
  "goal_id": "enter_small_shelf_row",
  "goal_pose": {
    "frame_id": "map",
    "x": 3.774,
    "y": 1.856,
    "yaw_rad": -1.5940000000000003
  },
  "odom": {
    "position": {
      "x": 3.26707119766932,
      "y": -5.463424073911413,
      "z": 0.0
    },
    "orientation_quat": {
      "x": -0.00011119000746841197,
      "y": 0.00024675086986495465,
      "z": 0.40926937467227603,
      "w": 0.9124135606763825
    },
    "yaw_rad": 0.8433063468615148,
    "linear_vel": {
      "x": 0.15988195519524864,
      "y": -2.65526970697898e-05
    },
    "angular_vel_z": 0.1279437203831948
  }
}