{
  "frame_idx": 26,
  "ros_stamp": 4225.9,
  "wall_time": 1776688397.8475993,
  "prompt": "go to the small shelf entrance",
  "goal_id": "enter_small_shelf_row",
  "goal_pose": {
    "frame_id": "map",
    "x": 3.774,
    "y": 1.856,
    "yaw_rad": -1.5940000000000003
  },
  "odom": {
    "position": {
      "x": 3.39243795114104,
      "y": -5.268345724566207,
      "z": 0.0
    },
    "orientation_quat": {
      "x": -0.0010137338386331685,
      "y": 0.0015383349356894484,
      "z": 0.5500344732047605,
      "w": 0.8351399189092158
    },
    "yaw_rad": 1.1648132648120548,
    "linear_vel": {
      "x": 0.10350330333091855,
      "y": -4.8498213117578824e-05
    },
    "angular_vel_z": 0.12409054685937201
  }
}