{
  "frame_idx": 27,
  "ros_stamp": 4227.9,
  "wall_time": 1776688400.025123,
  "prompt": "go to the small shelf entrance",
  "goal_id": "enter_small_shelf_row",
  "goal_pose": {
    "frame_id": "map",
    "x": 3.774,
    "y": 1.856,
    "yaw_rad": -1.5940000000000003
  },
  "odom": {
    "position": {
      "x": 3.4651228823909768,
      "y": -5.00555883132371,
      "z": 0.0
    },
    "orientation_quat": {
      "x": -0.0014369500075831086,
      "y": 0.0016783090888266485,
      "z": 0.6498829210193614,
      "w": 0.7600311226657896
    },
    "yaw_rad": 1.4148649322944342,
    "linear_vel": {
      "x": 0.12103995003724918,
      "y": -0.00028134852448130187
    },
    "angular_vel_z": 0.10313197497100249
  }
}