{
  "frame_idx": 28,
  "ros_stamp": 4229.9,
  "wall_time": 1776688402.1879437,
  "prompt": "go to the small shelf entrance",
  "goal_id": "enter_small_shelf_row",
  "goal_pose": {
    "frame_id": "map",
    "x": 3.774,
    "y": 1.856,
    "yaw_rad": -1.5940000000000003
  },
  "odom": {
    "position": {
      "x": 3.488850853390628,
      "y": -4.674672688291866,
      "z": 0.0
    },
    "orientation_quat": {
      "x": -0.0011537878989011981,
      "y": 0.0011944737702880926,
      "z": 0.6947500676073023,
      "w": 0.7192493208655433
    },
    "yaw_rad": 1.536147369572967,
    "linear_vel": {
      "x": 0.18074376487674643,
      "y": -1.1002977411514865e-05
    },
    "angular_vel_z": 0.024607762815175398
  }
}