{
  "frame_idx": 29,
  "ros_stamp": 4231.9,
  "wall_time": 1776688404.4617512,
  "prompt": "go to the small shelf entrance",
  "goal_id": "enter_small_shelf_row",
  "goal_pose": {
    "frame_id": "map",
    "x": 3.774,
    "y": 1.856,
    "yaw_rad": -1.5940000000000003
  },
  "odom": {
    "position": {
      "x": 3.4979871484405667,
      "y": -4.333600830270445,
      "z": 0.0
    },
    "orientation_quat": {
      "x": 0.0015695130458987779,
      "y": -0.0015956483280831677,
      "z": 0.7009282588707202,
      "w": 0.7132282709285102
    },
    "yaw_rad": 1.5534012156267143,
    "linear_vel": {
      "x": 0.18462234007174355,
      "y": 2.93466782786641e-06
    },
    "angular_vel_z": 0.015091584546333012
  }
}