{
  "frame_idx": 30,
  "ros_stamp": 4233.9,
  "wall_time": 1776688406.5763566,
  "prompt": "go to the small shelf entrance",
  "goal_id": "enter_small_shelf_row",
  "goal_pose": {
    "frame_id": "map",
    "x": 3.774,
    "y": 1.856,
    "yaw_rad": -1.5940000000000003
  },
  "odom": {
    "position": {
      "x": 3.500997311551634,
      "y": -3.985724865935014,
      "z": 0.0
    },
    "orientation_quat": {
      "x": -0.0006646537686499552,
      "y": 0.0006702911357791314,
      "z": 0.7041129791393528,
      "w": 0.7100873337503398
    },
    "yaw_rad": 1.5623472845793869,
    "linear_vel": {
      "x": 0.17132626145526111,
      "y": 7.469141132605303e-06
    },
    "angular_vel_z": -0.023604935528539314
  }
}