{
  "frame_idx": 31,
  "ros_stamp": 4235.9,
  "wall_time": 1776688408.7506523,
  "prompt": "go to the small shelf entrance",
  "goal_id": "enter_small_shelf_row",
  "goal_pose": {
    "frame_id": "map",
    "x": 3.774,
    "y": 1.856,
    "yaw_rad": -1.5940000000000003
  },
  "odom": {
    "position": {
      "x": 3.5038341056503826,
      "y": -3.637058462057525,
      "z": 0.0
    },
    "orientation_quat": {
      "x": -0.0009905341756648348,
      "y": 0.0009922585011196846,
      "z": 0.7064905753133368,
      "w": 0.7077210617598887
    },
    "yaw_rad": 1.5690561542422046,
    "linear_vel": {
      "x": 0.17735086448549997,
      "y": -4.558404388981422e-07
    },
    "angular_vel_z": 0.0011362593949999634
  }
}