{
  "frame_idx": 32,
  "ros_stamp": 4237.9,
  "wall_time": 1776688410.9463768,
  "prompt": "go to the small shelf entrance",
  "goal_id": "enter_small_shelf_row",
  "goal_pose": {
    "frame_id": "map",
    "x": 3.774,
    "y": 1.856,
    "yaw_rad": -1.5940000000000003
  },
  "odom": {
    "position": {
      "x": 3.5027955830008635,
      "y": -3.285009490890327,
      "z": 0.0
    },
    "orientation_quat": {
      "x": -0.001084767738032833,
      "y": 0.0010789629525765085,
      "z": 0.7089999820171039,
      "w": 0.7052068381812869
    },
    "yaw_rad": 1.5761606549592047,
    "linear_vel": {
      "x": 0.17651071010929392,
      "y": -2.0695237237583795e-06
    },
    "angular_vel_z": 0.004918682417656958
  }
}