{
  "frame_idx": 33,
  "ros_stamp": 4239.9,
  "wall_time": 1776688413.055036,
  "prompt": "go to the small shelf entrance",
  "goal_id": "enter_small_shelf_row",
  "goal_pose": {
    "frame_id": "map",
    "x": 3.774,
    "y": 1.856,
    "yaw_rad": -1.5940000000000003
  },
  "odom": {
    "position": {
      "x": 3.500642927421921,
      "y": -2.9269439214273083,
      "z": 0.0
    },
    "orientation_quat": {
      "x": 2.3214490455046883e-06,
      "y": -2.3053846122632676e-06,
      "z": 0.7085822439217323,
      "w": 0.7056282332702813
    },
    "yaw_rad": 1.5749739317594467,
    "linear_vel": {
      "x": 0.1825688064758722,
      "y": 1.6954465900794764e-06
    },
    "angular_vel_z": -0.00847199607349768
  }
}