{
  "frame_idx": 34,
  "ros_stamp": 4241.9,
  "wall_time": 1776688415.2669723,
  "prompt": "go to the small shelf entrance",
  "goal_id": "enter_small_shelf_row",
  "goal_pose": {
    "frame_id": "map",
    "x": 3.774,
    "y": 1.856,
    "yaw_rad": -1.5940000000000003
  },
  "odom": {
    "position": {
      "x": 3.4990818034481217,
      "y": -2.5951199628808066,
      "z": 0.0
    },
    "orientation_quat": {
      "x": -0.0013932663553732417,
      "y": 0.0013890669079080896,
      "z": 0.7081714219526947,
      "w": 0.7060377939115489
    },
    "yaw_rad": 1.5738137394874108,
    "linear_vel": {
      "x": 0.17478348491621054,
      "y": 5.620285460466216e-06
    },
    "angular_vel_z": -0.011622818405647892
  }
}