{
  "frame_idx": 35,
  "ros_stamp": 4243.9,
  "wall_time": 1776688417.420193,
  "prompt": "go to the small shelf entrance",
  "goal_id": "enter_small_shelf_row",
  "goal_pose": {
    "frame_id": "map",
    "x": 3.774,
    "y": 1.856,
    "yaw_rad": -1.5940000000000003
  },
  "odom": {
    "position": {
      "x": 3.4984672214050163,
      "y": -2.2479496755712916,
      "z": 0.0
    },
    "orientation_quat": {
      "x": -0.0015752084020364899,
      "y": 0.0015719406122196588,
      "z": 0.7078385914335046,
      "w": 0.7063707073475186
    },
    "yaw_rad": 1.5728722338865173,
    "linear_vel": {
      "x": 0.1708703581230551,
      "y": 3.986519239762467e-06
    },
    "angular_vel_z": -0.007696754209132631
  }
}