{
  "frame_idx": 36,
  "ros_stamp": 4245.9,
  "wall_time": 1776688419.6122222,
  "prompt": "go to the small shelf entrance",
  "goal_id": "enter_small_shelf_row",
  "goal_pose": {
    "frame_id": "map",
    "x": 3.774,
    "y": 1.856,
    "yaw_rad": -1.5940000000000003
  },
  "odom": {
    "position": {
      "x": 3.4983137455617612,
      "y": -1.8855668541035173,
      "z": 0.0
    },
    "orientation_quat": {
      "x": 0.0015693033668619618,
      "y": -0.001574839966996309,
      "z": 0.7058582458457886,
      "w": 0.7083496269057586
    },
    "yaw_rad": 1.56727297137324,
    "linear_vel": {
      "x": 0.17593426466641698,
      "y": 7.587711835766918e-07
    },
    "angular_vel_z": 0.004437495758093726
  }
}