{
  "frame_idx": 37,
  "ros_stamp": 4247.9,
  "wall_time": 1776688421.7900503,
  "prompt": "go to the small shelf entrance",
  "goal_id": "enter_small_shelf_row",
  "goal_pose": {
    "frame_id": "map",
    "x": 3.774,
    "y": 1.856,
    "yaw_rad": -1.5940000000000003
  },
  "odom": {
    "position": {
      "x": 3.4995414744020814,
      "y": -1.5453190432519728,
      "z": 0.0
    },
    "orientation_quat": {
      "x": -0.0009095308412856237,
      "y": 0.0009134190957030439,
      "z": 0.7055942881913307,
      "w": 0.7086148734615818
    },
    "yaw_rad": 1.566524567332761,
    "linear_vel": {
      "x": 0.17427358279222513,
      "y": -4.591200376447601e-06
    },
    "angular_vel_z": 0.011991584222831784
  }
}