{
  "frame_idx": 38,
  "ros_stamp": 4249.9,
  "wall_time": 1776688423.948634,
  "prompt": "go to the small shelf entrance",
  "goal_id": "enter_small_shelf_row",
  "goal_pose": {
    "frame_id": "map",
    "x": 3.774,
    "y": 1.856,
    "yaw_rad": -1.5940000000000003
  },
  "odom": {
    "position": {
      "x": 3.500255329111398,
      "y": -1.195388176007337,
      "z": 0.0
    },
    "orientation_quat": {
      "x": -0.0015733716736147127,
      "y": 0.0015718061407052823,
      "z": 0.7074565128272501,
      "w": 0.7067533773427189
    },
    "yaw_rad": 1.5717907130278583,
    "linear_vel": {
      "x": 0.16918427731598298,
      "y": 2.8373031881933455e-06
    },
    "angular_vel_z": -0.005496241287867939
  }
}