{
  "frame_idx": 39,
  "ros_stamp": 4251.9,
  "wall_time": 1776688426.2411194,
  "prompt": "go to the small shelf entrance",
  "goal_id": "enter_small_shelf_row",
  "goal_pose": {
    "frame_id": "map",
    "x": 3.774,
    "y": 1.856,
    "yaw_rad": -1.5940000000000003
  },
  "odom": {
    "position": {
      "x": 3.501169967282772,
      "y": -0.831631049885943,
      "z": 0.0
    },
    "orientation_quat": {
      "x": -0.00017589433612425143,
      "y": 0.0001762710394114836,
      "z": 0.7063503570717535,
      "w": 0.707862353183378
    },
    "yaw_rad": 1.568658040913983,
    "linear_vel": {
      "x": 0.17808150732287178,
      "y": 6.73773410077088e-07
    },
    "angular_vel_z": -0.0030914410834359017
  }
}