{
  "frame_idx": 40,
  "ros_stamp": 4253.9,
  "wall_time": 1776688428.4497337,
  "prompt": "go to the small shelf entrance",
  "goal_id": "enter_small_shelf_row",
  "goal_pose": {
    "frame_id": "map",
    "x": 3.774,
    "y": 1.856,
    "yaw_rad": -1.5940000000000003
  },
  "odom": {
    "position": {
      "x": 3.502293541516993,
      "y": -0.49982701787982003,
      "z": 0.0
    },
    "orientation_quat": {
      "x": 0.0014572612806207494,
      "y": -0.001467096450236923,
      "z": 0.7047216656974322,
      "w": 0.7094808650796738
    },
    "yaw_rad": 1.5640657753706975,
    "linear_vel": {
      "x": 0.1818589706333291,
      "y": -1.6586901032524797e-06
    },
    "angular_vel_z": -0.012563170006056468
  }
}