{
  "frame_idx": 41,
  "ros_stamp": 4255.9,
  "wall_time": 1776688430.6092684,
  "prompt": "go to the small shelf entrance",
  "goal_id": "enter_small_shelf_row",
  "goal_pose": {
    "frame_id": "map",
    "x": 3.774,
    "y": 1.856,
    "yaw_rad": -1.5940000000000003
  },
  "odom": {
    "position": {
      "x": 3.5034746029572155,
      "y": -0.15325378308779794,
      "z": 0.0
    },
    "orientation_quat": {
      "x": -0.0015717597844262334,
      "y": 0.001578689680775316,
      "z": 0.705542183824316,
      "w": 0.7086644228084876
    },
    "yaw_rad": 1.566380799454484,
    "linear_vel": {
      "x": 0.1582850553014587,
      "y": 0.0006713070076916058
    },
    "angular_vel_z": -0.017752330020349087
  }
}