{
  "frame_idx": 42,
  "ros_stamp": 4257.9,
  "wall_time": 1776688432.7892215,
  "prompt": "go to the small shelf entrance",
  "goal_id": "enter_small_shelf_row",
  "goal_pose": {
    "frame_id": "map",
    "x": 3.774,
    "y": 1.856,
    "yaw_rad": -1.5940000000000003
  },
  "odom": {
    "position": {
      "x": 3.507525249431864,
      "y": 0.20685216249951655,
      "z": 0.0
    },
    "orientation_quat": {
      "x": 0.0014088467685370498,
      "y": -0.0014268262387597116,
      "z": 0.7026082907659419,
      "w": 0.711574008142954
    },
    "yaw_rad": 1.558116777261193,
    "linear_vel": {
      "x": 0.17844826484603,
      "y": -1.5902865009199036e-06
    },
    "angular_vel_z": -0.011719870152595855
  }
}