{
  "frame_idx": 43,
  "ros_stamp": 4259.9,
  "wall_time": 1776688434.8728008,
  "prompt": "go to the small shelf entrance",
  "goal_id": "enter_small_shelf_row",
  "goal_pose": {
    "frame_id": "map",
    "x": 3.774,
    "y": 1.856,
    "yaw_rad": -1.5940000000000003
  },
  "odom": {
    "position": {
      "x": 3.515352747228235,
      "y": 0.5386827066479908,
      "z": 0.0
    },
    "orientation_quat": {
      "x": 0.00157392006245838,
      "y": -0.0016229098475144617,
      "z": 0.6961819199505582,
      "w": 0.7178618413547403
    },
    "yaw_rad": 1.540135008449352,
    "linear_vel": {
      "x": 0.21956258003299384,
      "y": -1.888046418156851e-06
    },
    "angular_vel_z": -0.014606459356597854
  }
}