{
  "frame_idx": 44,
  "ros_stamp": 4261.9,
  "wall_time": 1776688437.058205,
  "prompt": "go to the small shelf entrance",
  "goal_id": "enter_small_shelf_row",
  "goal_pose": {
    "frame_id": "map",
    "x": 3.774,
    "y": 1.856,
    "yaw_rad": -1.5940000000000003
  },
  "odom": {
    "position": {
      "x": 3.5419238353728533,
      "y": 0.9621028044429292,
      "z": 0.0
    },
    "orientation_quat": {
      "x": -0.0013324518772702488,
      "y": 0.0014827946126957803,
      "z": 0.6683943743572098,
      "w": 0.7438044005111594
    },
    "yaw_rad": 1.464099629767617,
    "linear_vel": {
      "x": 0.2078916122327925,
      "y": 2.2690861135599556e-05
    },
    "angular_vel_z": -0.043129682795914906
  }
}