{
  "frame_idx": 45,
  "ros_stamp": 4263.9,
  "wall_time": 1776688439.1823246,
  "prompt": "go to the small shelf entrance",
  "goal_id": "enter_small_shelf_row",
  "goal_pose": {
    "frame_id": "map",
    "x": 3.774,
    "y": 1.856,
    "yaw_rad": -1.5940000000000003
  },
  "odom": {
    "position": {
      "x": 3.5883342264073326,
      "y": 1.3162284400188253,
      "z": 0.0
    },
    "orientation_quat": {
      "x": -0.00033726075715456244,
      "y": 0.00038979787064652845,
      "z": 0.6543099399017506,
      "w": 0.7562263132545503
    },
    "yaw_rad": 1.4265397405032902,
    "linear_vel": {
      "x": 0.15969908330519628,
      "y": 5.991749258044243e-06
    },
    "angular_vel_z": -0.02393716736912226
  }
}