{
  "frame_idx": 46,
  "ros_stamp": 4265.9,
  "wall_time": 1776688441.3051915,
  "prompt": "go to the small shelf entrance",
  "goal_id": "enter_small_shelf_row",
  "goal_pose": {
    "frame_id": "map",
    "x": 3.774,
    "y": 1.856,
    "yaw_rad": -1.5940000000000003
  },
  "odom": {
    "position": {
      "x": 3.659666725464191,
      "y": 1.606542385089164,
      "z": 0.0
    },
    "orientation_quat": {
      "x": -0.0004447635012522063,
      "y": 0.0006668510293270476,
      "z": 0.5553540844079594,
      "w": 0.831613611256171
    },
    "yaw_rad": 1.1775778006031343,
    "linear_vel": {
      "x": 0.14263700632497522,
      "y": 4.889487108157575e-05
    },
    "angular_vel_z": -0.18259731351595893
  }
}