{
  "frame_idx": 47,
  "ros_stamp": 4267.9,
  "wall_time": 1776688443.5161536,
  "prompt": "go to the small shelf entrance",
  "goal_id": "enter_small_shelf_row",
  "goal_pose": {
    "frame_id": "map",
    "x": 3.774,
    "y": 1.856,
    "yaw_rad": -1.5940000000000003
  },
  "odom": {
    "position": {
      "x": 3.765328214669159,
      "y": 1.7815398757971599,
      "z": 0.0
    },
    "orientation_quat": {
      "x": -0.0008989545984292467,
      "y": 0.0020340006645145564,
      "z": 0.4042588223051207,
      "w": 0.9146419295606361
    },
    "yaw_rad": 0.8323388666753256,
    "linear_vel": {
      "x": 0.06296956152494682,
      "y": 7.758667749846034e-05
    },
    "angular_vel_z": -0.18925966083630702
  }
}