{
  "frame_idx": 48,
  "ros_stamp": 4269.9,
  "wall_time": 1776688445.616964,
  "prompt": "go to the small shelf entrance",
  "goal_id": "enter_small_shelf_row",
  "goal_pose": {
    "frame_id": "map",
    "x": 3.774,
    "y": 1.856,
    "yaw_rad": -1.5940000000000003
  },
  "odom": {
    "position": {
      "x": 3.8259922978670744,
      "y": 1.83189650500595,
      "z": 0.0
    },
    "orientation_quat": {
      "x": -0.0005055982227074226,
      "y": 0.0021645008628278714,
      "z": 0.22748635234316478,
      "w": 0.9737787319530312
    },
    "yaw_rad": 0.45899230334033425,
    "linear_vel": {
      "x": 0.020204820920599664,
      "y": 6.647139480436094e-05
    },
    "angular_vel_z": -0.17956428578546768
  }
}