{
  "frame_idx": 49,
  "ros_stamp": 4271.9,
  "wall_time": 1776688447.7760713,
  "prompt": "go to the small shelf entrance",
  "goal_id": "enter_small_shelf_row",
  "goal_pose": {
    "frame_id": "map",
    "x": 3.774,
    "y": 1.856,
    "yaw_rad": -1.5940000000000003
  },
  "odom": {
    "position": {
      "x": 3.836057251687032,
      "y": 1.8357991917737901,
      "z": 0.0
    },
    "orientation_quat": {
      "x": -0.00011578463578196172,
      "y": 0.0022193167179474773,
      "z": 0.052236837744206115,
      "w": 0.9986322516370624
    },
    "yaw_rad": 0.10452150627830953,
    "linear_vel": {
      "x": -0.0014355604042612096,
      "y": 5.9663815657525375e-05
    },
    "angular_vel_z": -0.17329330449871144
  }
}