{
  "frame_idx": 50,
  "ros_stamp": 4273.9,
  "wall_time": 1776688449.913162,
  "prompt": "go to the small shelf entrance",
  "goal_id": "enter_small_shelf_row",
  "goal_pose": {
    "frame_id": "map",
    "x": 3.774,
    "y": 1.856,
    "yaw_rad": -1.5940000000000003
  },
  "odom": {
    "position": {
      "x": 3.8362006217224556,
      "y": 1.8359196561090863,
      "z": 0.0
    },
    "orientation_quat": {
      "x": 0.00024751095844694073,
      "y": 0.002208824759945534,
      "z": -0.11133180168755571,
      "w": 0.993780805693342
    },
    "yaw_rad": -0.2231267185942434,
    "linear_vel": {
      "x": -1.5676452157485267e-07,
      "y": 5.143164816706097e-05
    },
    "angular_vel_z": -0.14675257235138076
  }
}