{
  "frame_idx": 51,
  "ros_stamp": 4275.9,
  "wall_time": 1776688452.042568,
  "prompt": "go to the small shelf entrance",
  "goal_id": "enter_small_shelf_row",
  "goal_pose": {
    "frame_id": "map",
    "x": 3.774,
    "y": 1.856,
    "yaw_rad": -1.5940000000000003
  },
  "odom": {
    "position": {
      "x": 3.836270280834721,
      "y": 1.8360067872785175,
      "z": 0.0
    },
    "orientation_quat": {
      "x": 0.00056350870387428,
      "y": 0.0021500603967620187,
      "z": -0.25350309069374877,
      "w": 0.9673320229925958
    },
    "yaw_rad": -0.5126011564888305,
    "linear_vel": {
      "x": 3.181496193016522e-06,
      "y": 5.450297233762007e-05
    },
    "angular_vel_z": -0.15574684646826603
  }
}