{
  "frame_idx": 52,
  "ros_stamp": 4277.9,
  "wall_time": 1776688454.2783809,
  "prompt": "go to the small shelf entrance",
  "goal_id": "enter_small_shelf_row",
  "goal_pose": {
    "frame_id": "map",
    "x": 3.774,
    "y": 1.856,
    "yaw_rad": -1.5940000000000003
  },
  "odom": {
    "position": {
      "x": 3.8363299884383393,
      "y": 1.8360850019874277,
      "z": 0.0
    },
    "orientation_quat": {
      "x": 0.0008487431045670944,
      "y": 0.0020542479785638436,
      "z": -0.3818370509625829,
      "w": 0.9242269884679752
    },
    "yaw_rad": -0.7835683182445552,
    "linear_vel": {
      "x": -3.9788871568306375e-09,
      "y": 3.739471720632182e-05
    },
    "angular_vel_z": -0.10782778968296647
  }
}