{
  "frame_idx": 53,
  "ros_stamp": 4279.9,
  "wall_time": 1776688456.3763373,
  "prompt": "go to the small shelf entrance",
  "goal_id": "enter_small_shelf_row",
  "goal_pose": {
    "frame_id": "map",
    "x": 3.774,
    "y": 1.856,
    "yaw_rad": -1.5940000000000003
  },
  "odom": {
    "position": {
      "x": 3.8363914237171937,
      "y": 1.8361347933992416,
      "z": 0.0
    },
    "orientation_quat": {
      "x": 0.0010661401068484495,
      "y": 0.0019503030264792086,
      "z": -0.47964849528697934,
      "w": 0.877457908182674
    },
    "yaw_rad": -1.0005108512556806,
    "linear_vel": {
      "x": 2.4007360811902567e-07,
      "y": 3.4550307547614044e-05
    },
    "angular_vel_z": -0.09851307434554861
  }
}