{
  "frame_idx": 54,
  "ros_stamp": 4281.9,
  "wall_time": 1776688458.536278,
  "prompt": "go to the small shelf entrance",
  "goal_id": "enter_small_shelf_row",
  "goal_pose": {
    "frame_id": "map",
    "x": 3.774,
    "y": 1.856,
    "yaw_rad": -1.5940000000000003
  },
  "odom": {
    "position": {
      "x": 3.8364747599153977,
      "y": 1.8361252659632772,
      "z": 0.0
    },
    "orientation_quat": {
      "x": 0.0012452777721884485,
      "y": 0.001841098464406606,
      "z": -0.5602465549801803,
      "w": 0.8283229184759735
    },
    "yaw_rad": -1.1893701905897054,
    "linear_vel": {
      "x": 2.557694259149019e-07,
      "y": 3.1024302819228683e-05
    },
    "angular_vel_z": -0.08764535645671265
  }
}