{
  "frame_idx": 0,
  "ros_stamp": 77.9,
  "wall_time": 1776683922.8785195,
  "prompt": "go to the packaging section",
  "goal_id": "mini_packaging_section",
  "goal_pose": {
    "frame_id": "map",
    "x": 0.342,
    "y": 3.57,
    "yaw_rad": 3.101
  },
  "odom": {
    "position": {
      "x": -3.941755639533107,
      "y": -7.721326999219375,
      "z": 0.0
    },
    "orientation_quat": {
      "x": -0.0013170279305295374,
      "y": 0.0013330893724216486,
      "z": 0.70302268797107,
      "w": 0.71116495168708
    },
    "yaw_rad": 1.5592813453118695,
    "linear_vel": {
      "x": 0.15499725901235145,
      "y": 5.814702253764278e-05
    },
    "angular_vel_z": -0.13248709294796773
  }
}