{
  "frame_idx": 1,
  "ros_stamp": 79.9,
  "wall_time": 1776683925.0471182,
  "prompt": "go to the packaging section",
  "goal_id": "mini_packaging_section",
  "goal_pose": {
    "frame_id": "map",
    "x": 0.342,
    "y": 3.57,
    "yaw_rad": 3.101
  },
  "odom": {
    "position": {
      "x": -3.9028931827629525,
      "y": -7.3941027544161795,
      "z": 0.0
    },
    "orientation_quat": {
      "x": 0.0011739685472648077,
      "y": -0.001431417490787954,
      "z": 0.6341716771335482,
      "w": 0.7731900521627524
    },
    "yaw_rad": 1.373876303549063,
    "linear_vel": {
      "x": 0.17201516982907367,
      "y": -1.0771108444752035e-05
    },
    "angular_vel_z": -0.09727444815692832
  }
}