{
  "frame_idx": 2,
  "ros_stamp": 81.9,
  "wall_time": 1776683927.150456,
  "prompt": "go to the packaging section",
  "goal_id": "mini_packaging_section",
  "goal_pose": {
    "frame_id": "map",
    "x": 0.342,
    "y": 3.57,
    "yaw_rad": 3.101
  },
  "odom": {
    "position": {
      "x": -3.825348174314826,
      "y": -7.036648607896341,
      "z": 0.0
    },
    "orientation_quat": {
      "x": -0.0013814018643271764,
      "y": 0.0017421180469206958,
      "z": 0.6213206443484435,
      "w": 0.7835532615336591
    },
    "yaw_rad": 1.340857976180474,
    "linear_vel": {
      "x": 0.17643431891011216,
      "y": 1.0979011606327625e-05
    },
    "angular_vel_z": -0.019924613567720136
  }
}