{
  "frame_idx": 3,
  "ros_stamp": 83.9,
  "wall_time": 1776683929.3255305,
  "prompt": "go to the packaging section",
  "goal_id": "mini_packaging_section",
  "goal_pose": {
    "frame_id": "map",
    "x": 0.342,
    "y": 3.57,
    "yaw_rad": 3.101
  },
  "odom": {
    "position": {
      "x": -3.7474084920195985,
      "y": -6.716457220801339,
      "z": 0.0
    },
    "orientation_quat": {
      "x": 0.0009562600782602899,
      "y": -0.001209865683053851,
      "z": 0.6200784881300425,
      "w": 0.784538265701586
    },
    "yaw_rad": 1.3376873651975711,
    "linear_vel": {
      "x": 0.18024378488299037,
      "y": -2.2469772355355132e-07
    },
    "angular_vel_z": -0.011629906336458423
  }
}