{
  "frame_idx": 4,
  "ros_stamp": 85.9,
  "wall_time": 1776683931.4440672,
  "prompt": "go to the packaging section",
  "goal_id": "mini_packaging_section",
  "goal_pose": {
    "frame_id": "map",
    "x": 0.342,
    "y": 3.57,
    "yaw_rad": 3.101
  },
  "odom": {
    "position": {
      "x": -3.666554111942314,
      "y": -6.373277758192975,
      "z": 0.0
    },
    "orientation_quat": {
      "x": -0.001096702229289392,
      "y": 0.0013990259089492845,
      "z": 0.6169479573711011,
      "w": 0.7870019427335313
    },
    "yaw_rad": 1.3297199335606105,
    "linear_vel": {
      "x": 0.18899522432467647,
      "y": 1.910820265122834e-05
    },
    "angular_vel_z": -0.039483596366186355
  }
}