{
  "frame_idx": 5,
  "ros_stamp": 87.9,
  "wall_time": 1776683933.6054227,
  "prompt": "go to the packaging section",
  "goal_id": "mini_packaging_section",
  "goal_pose": {
    "frame_id": "map",
    "x": 0.342,
    "y": 3.57,
    "yaw_rad": 3.101
  },
  "odom": {
    "position": {
      "x": -3.5806351554017537,
      "y": -6.032931036838211,
      "z": 0.0
    },
    "orientation_quat": {
      "x": -0.0008968281694966783,
      "y": 0.0011391770551547767,
      "z": 0.6185820609527551,
      "w": 0.7857188631070997
    },
    "yaw_rad": 1.3338752195669707,
    "linear_vel": {
      "x": 0.1772712175172362,
      "y": -7.923446886435828e-06
    },
    "angular_vel_z": 0.01857573222213637
  }
}