{
  "frame_idx": 6,
  "ros_stamp": 89.9,
  "wall_time": 1776683935.7671053,
  "prompt": "go to the packaging section",
  "goal_id": "mini_packaging_section",
  "goal_pose": {
    "frame_id": "map",
    "x": 0.342,
    "y": 3.57,
    "yaw_rad": 3.101
  },
  "odom": {
    "position": {
      "x": -3.4919288345463437,
      "y": -5.68358450783765,
      "z": 0.0
    },
    "orientation_quat": {
      "x": 0.000716422755451083,
      "y": -0.0009417691649540721,
      "z": 0.6054320750783069,
      "w": 0.7958961001761793
    },
    "yaw_rad": 1.3006183321671214,
    "linear_vel": {
      "x": 0.18472918372176786,
      "y": -5.877276139344082e-07
    },
    "angular_vel_z": -0.000848226552289676
  }
}