{
  "frame_idx": 7,
  "ros_stamp": 91.9,
  "wall_time": 1776683937.8567824,
  "prompt": "go to the packaging section",
  "goal_id": "mini_packaging_section",
  "goal_pose": {
    "frame_id": "map",
    "x": 0.342,
    "y": 3.57,
    "yaw_rad": 3.101
  },
  "odom": {
    "position": {
      "x": -3.3997507915253795,
      "y": -5.343495663177663,
      "z": 0.0
    },
    "orientation_quat": {
      "x": 0.00034863655250258414,
      "y": -0.0004567674984080871,
      "z": 0.6067174872653947,
      "w": 0.7949173293257433
    },
    "yaw_rad": 1.3038496040357883,
    "linear_vel": {
      "x": 0.1795514331657928,
      "y": 1.6999584090143132e-06
    },
    "angular_vel_z": -0.014805014622762952
  }
}