{
  "frame_idx": 8,
  "ros_stamp": 93.9,
  "wall_time": 1776683940.042035,
  "prompt": "go to the packaging section",
  "goal_id": "mini_packaging_section",
  "goal_pose": {
    "frame_id": "map",
    "x": 0.342,
    "y": 3.57,
    "yaw_rad": 3.101
  },
  "odom": {
    "position": {
      "x": -3.297934097492124,
      "y": -5.00169556908023,
      "z": 0.0
    },
    "orientation_quat": {
      "x": 0.0006476453232394259,
      "y": -0.0008999333888803138,
      "z": 0.5846802351916707,
      "w": 0.8112630851034969
    },
    "yaw_rad": 1.2489725784397085,
    "linear_vel": {
      "x": 0.18769799111971255,
      "y": -9.329338818822911e-07
    },
    "angular_vel_z": -0.0022948150087037248
  }
}