{
  "frame_idx": 9,
  "ros_stamp": 95.9,
  "wall_time": 1776683942.1639423,
  "prompt": "go to the packaging section",
  "goal_id": "mini_packaging_section",
  "goal_pose": {
    "frame_id": "map",
    "x": 0.342,
    "y": 3.57,
    "yaw_rad": 3.101
  },
  "odom": {
    "position": {
      "x": -3.190005575926786,
      "y": -4.671578329769711,
      "z": 0.0
    },
    "orientation_quat": {
      "x": 0.001306198735980431,
      "y": -0.0018016455015402004,
      "z": 0.5869606018897633,
      "w": 0.8096124379896567
    },
    "yaw_rad": 1.2546027576289038,
    "linear_vel": {
      "x": 0.2023576478816119,
      "y": -1.0860342628256727e-07
    },
    "angular_vel_z": -0.005005232704890324
  }
}