{
  "frame_idx": 10,
  "ros_stamp": 97.9,
  "wall_time": 1776683944.2965243,
  "prompt": "go to the packaging section",
  "goal_id": "mini_packaging_section",
  "goal_pose": {
    "frame_id": "map",
    "x": 0.342,
    "y": 3.57,
    "yaw_rad": 3.101
  },
  "odom": {
    "position": {
      "x": -3.076877256856173,
      "y": -4.329573887502866,
      "z": 0.0
    },
    "orientation_quat": {
      "x": 0.0012973648913643062,
      "y": -0.0018099491236901997,
      "z": 0.5825804244469431,
      "w": 0.8127700105071102
    },
    "yaw_rad": 1.2438034180330597,
    "linear_vel": {
      "x": 0.18603937545549362,
      "y": -2.683715130890284e-06
    },
    "angular_vel_z": -0.020520237370666432
  }
}