{
  "frame_idx": 11,
  "ros_stamp": 99.9,
  "wall_time": 1776683946.473014,
  "prompt": "go to the packaging section",
  "goal_id": "mini_packaging_section",
  "goal_pose": {
    "frame_id": "map",
    "x": 0.342,
    "y": 3.57,
    "yaw_rad": 3.101
  },
  "odom": {
    "position": {
      "x": -2.9595984929511157,
      "y": -3.9881517090480623,
      "z": 0.0
    },
    "orientation_quat": {
      "x": -0.0010050768171562844,
      "y": 0.0013971281671080037,
      "z": 0.5839861956374962,
      "w": 0.8117617637942306
    },
    "yaw_rad": 1.2472633405414915,
    "linear_vel": {
      "x": 0.177337147673575,
      "y": -3.375350038471801e-07
    },
    "angular_vel_z": 0.0022089345569390123
  }
}