{
  "frame_idx": 12,
  "ros_stamp": 101.9,
  "wall_time": 1776683948.5708659,
  "prompt": "go to the packaging section",
  "goal_id": "mini_packaging_section",
  "goal_pose": {
    "frame_id": "map",
    "x": 0.342,
    "y": 3.57,
    "yaw_rad": 3.101
  },
  "odom": {
    "position": {
      "x": -2.840243777039661,
      "y": -3.6420805079825262,
      "z": 0.0
    },
    "orientation_quat": {
      "x": -0.0009229673321428856,
      "y": 0.0012954384407438647,
      "z": 0.5802729542322641,
      "w": 0.8144205108892524
    },
    "yaw_rad": 1.2381294057267602,
    "linear_vel": {
      "x": 0.1752494526827999,
      "y": -1.7993429667989097e-05
    },
    "angular_vel_z": 0.04131843433470063
  }
}