{
  "frame_idx": 13,
  "ros_stamp": 103.9,
  "wall_time": 1776683950.750009,
  "prompt": "go to the packaging section",
  "goal_id": "mini_packaging_section",
  "goal_pose": {
    "frame_id": "map",
    "x": 0.342,
    "y": 3.57,
    "yaw_rad": 3.101
  },
  "odom": {
    "position": {
      "x": -2.7162104066246826,
      "y": -3.3032177489305727,
      "z": 0.0
    },
    "orientation_quat": {
      "x": 0.00014208238170008864,
      "y": -0.00020837088638074518,
      "z": 0.5632985632938854,
      "w": 0.8262533903017979
    },
    "yaw_rad": 1.196745214774929,
    "linear_vel": {
      "x": 0.18719980709569284,
      "y": 3.255190620192179e-06
    },
    "angular_vel_z": -0.01795996375018621
  }
}