{
  "frame_idx": 14,
  "ros_stamp": 105.9,
  "wall_time": 1776683952.860624,
  "prompt": "go to the packaging section",
  "goal_id": "mini_packaging_section",
  "goal_pose": {
    "frame_id": "map",
    "x": 0.342,
    "y": 3.57,
    "yaw_rad": 3.101
  },
  "odom": {
    "position": {
      "x": -2.583692161158717,
      "y": -2.9734835757092735,
      "z": 0.0
    },
    "orientation_quat": {
      "x": 0.0005912888025282942,
      "y": -0.0008749264389689728,
      "z": 0.5599214992042457,
      "w": 0.8285449894907024
    },
    "yaw_rad": 1.1885828569074148,
    "linear_vel": {
      "x": 0.18330854304706273,
      "y": -7.743088511271172e-07
    },
    "angular_vel_z": 0.003929927328217989
  }
}