{
  "frame_idx": 15,
  "ros_stamp": 107.9,
  "wall_time": 1776683954.9888487,
  "prompt": "go to the packaging section",
  "goal_id": "mini_packaging_section",
  "goal_pose": {
    "frame_id": "map",
    "x": 0.342,
    "y": 3.57,
    "yaw_rad": 3.101
  },
  "odom": {
    "position": {
      "x": -2.449716360437737,
      "y": -2.6322081284820893,
      "z": 0.0
    },
    "orientation_quat": {
      "x": -0.0006115228868042978,
      "y": 0.0008986721344427294,
      "z": 0.5625978340624402,
      "w": 0.8267300015944773
    },
    "yaw_rad": 1.195050304866267,
    "linear_vel": {
      "x": 0.18958596429213462,
      "y": 7.2196758727172084e-06
    },
    "angular_vel_z": -0.01787309957884487
  }
}