{
  "frame_idx": 16,
  "ros_stamp": 109.9,
  "wall_time": 1776683957.1669767,
  "prompt": "go to the packaging section",
  "goal_id": "mini_packaging_section",
  "goal_pose": {
    "frame_id": "map",
    "x": 0.342,
    "y": 3.57,
    "yaw_rad": 3.101
  },
  "odom": {
    "position": {
      "x": -2.3010138186476627,
      "y": -2.281305430068159,
      "z": 0.0
    },
    "orientation_quat": {
      "x": -7.327108984367541e-05,
      "y": 0.00011277923105062782,
      "z": 0.544818563480853,
      "w": 0.8385539426887528
    },
    "yaw_rad": 1.1523454741393582,
    "linear_vel": {
      "x": 0.1867914642849681,
      "y": 5.851103127765681e-06
    },
    "angular_vel_z": -0.030151959878814267
  }
}