{
  "frame_idx": 17,
  "ros_stamp": 111.9,
  "wall_time": 1776683959.2589083,
  "prompt": "go to the packaging section",
  "goal_id": "mini_packaging_section",
  "goal_pose": {
    "frame_id": "map",
    "x": 0.342,
    "y": 3.57,
    "yaw_rad": 3.101
  },
  "odom": {
    "position": {
      "x": -2.158579549599625,
      "y": -1.961954215189763,
      "z": 0.0
    },
    "orientation_quat": {
      "x": 0.0005604925701420152,
      "y": -0.0008656459529572935,
      "z": 0.5434916187443184,
      "w": 0.8394139603674956
    },
    "yaw_rad": 1.1491829344079676,
    "linear_vel": {
      "x": 0.20126594161398303,
      "y": 1.5375936732541884e-06
    },
    "angular_vel_z": -0.0315623379221769
  }
}