{
  "frame_idx": 18,
  "ros_stamp": 113.9,
  "wall_time": 1776683961.4333255,
  "prompt": "go to the packaging section",
  "goal_id": "mini_packaging_section",
  "goal_pose": {
    "frame_id": "map",
    "x": 0.342,
    "y": 3.57,
    "yaw_rad": 3.101
  },
  "odom": {
    "position": {
      "x": -1.9916646228531538,
      "y": -1.6230327612766697,
      "z": 0.0
    },
    "orientation_quat": {
      "x": 0.0008058740553540918,
      "y": -0.0013499287391895596,
      "z": 0.512570583446838,
      "w": 0.8586436544017396
    },
    "yaw_rad": 1.0763532583973165,
    "linear_vel": {
      "x": 0.20126577725503828,
      "y": -1.0128018805634115e-06
    },
    "angular_vel_z": -0.02988398879307471
  }
}