{
  "frame_idx": 19,
  "ros_stamp": 115.9,
  "wall_time": 1776683963.5709875,
  "prompt": "go to the packaging section",
  "goal_id": "mini_packaging_section",
  "goal_pose": {
    "frame_id": "map",
    "x": 0.342,
    "y": 3.57,
    "yaw_rad": 3.101
  },
  "odom": {
    "position": {
      "x": -1.8096345090493893,
      "y": -1.301419182889126,
      "z": 0.0
    },
    "orientation_quat": {
      "x": -0.0011268118726015033,
      "y": 0.001916645084105534,
      "z": 0.5068219916763312,
      "w": 0.8620478673019626
    },
    "yaw_rad": 1.06299132720154,
    "linear_vel": {
      "x": 0.18635882966289144,
      "y": -7.346843093287492e-06
    },
    "angular_vel_z": 0.014691586752621666
  }
}