{
  "frame_idx": 20,
  "ros_stamp": 117.9,
  "wall_time": 1776683965.681273,
  "prompt": "go to the packaging section",
  "goal_id": "mini_packaging_section",
  "goal_pose": {
    "frame_id": "map",
    "x": 0.342,
    "y": 3.57,
    "yaw_rad": 3.101
  },
  "odom": {
    "position": {
      "x": -1.6250196584682077,
      "y": -0.9746380970604706,
      "z": 0.0
    },
    "orientation_quat": {
      "x": 0.0009660915364751597,
      "y": -0.0016828649479750516,
      "z": 0.49785318547032165,
      "w": 0.8672591540881903
    },
    "yaw_rad": 1.0422453945450272,
    "linear_vel": {
      "x": 0.18524124538689843,
      "y": -3.01550946484665e-06
    },
    "angular_vel_z": -0.029011261712584353
  }
}