{
  "frame_idx": 21,
  "ros_stamp": 119.9,
  "wall_time": 1776683967.8767927,
  "prompt": "go to the packaging section",
  "goal_id": "mini_packaging_section",
  "goal_pose": {
    "frame_id": "map",
    "x": 0.342,
    "y": 3.57,
    "yaw_rad": 3.101
  },
  "odom": {
    "position": {
      "x": -1.4174972571190214,
      "y": -0.6375485281570116,
      "z": 0.0
    },
    "orientation_quat": {
      "x": 0.000615549656085366,
      "y": -0.001102360932022487,
      "z": 0.48750984039026957,
      "w": 0.8731165795136697
    },
    "yaw_rad": 1.0184717738034361,
    "linear_vel": {
      "x": 0.18605872545611019,
      "y": -2.3964143959964625e-08
    },
    "angular_vel_z": 0.019623836939542668
  }
}