{
  "frame_idx": 22,
  "ros_stamp": 121.9,
  "wall_time": 1776683969.9640465,
  "prompt": "go to the packaging section",
  "goal_id": "mini_packaging_section",
  "goal_pose": {
    "frame_id": "map",
    "x": 0.342,
    "y": 3.57,
    "yaw_rad": 3.101
  },
  "odom": {
    "position": {
      "x": -1.2351561516043437,
      "y": -0.33538574484645617,
      "z": 0.0
    },
    "orientation_quat": {
      "x": -0.0010975788437965176,
      "y": 0.0019327972168202215,
      "z": 0.49366237145592745,
      "w": 0.869650804992504
    },
    "yaw_rad": 1.0325948879315674,
    "linear_vel": {
      "x": 0.1167655449504322,
      "y": -1.835934067402918e-05
    },
    "angular_vel_z": 0.040302333220012324
  }
}