{
  "frame_idx": 23,
  "ros_stamp": 123.9,
  "wall_time": 1776683972.126175,
  "prompt": "go to the packaging section",
  "goal_id": "mini_packaging_section",
  "goal_pose": {
    "frame_id": "map",
    "x": 0.342,
    "y": 3.57,
    "yaw_rad": 3.101
  },
  "odom": {
    "position": {
      "x": -1.0444855959951873,
      "y": -0.029583652732335354,
      "z": 0.0
    },
    "orientation_quat": {
      "x": -0.0008296552861930913,
      "y": 0.0015890298348342987,
      "z": 0.4636920801469336,
      "w": 0.8859946057766378
    },
    "yaw_rad": 0.9643173410323342,
    "linear_vel": {
      "x": 0.17355693209151418,
      "y": 2.1300178376941394e-05
    },
    "angular_vel_z": -0.04507474340412771
  }
}