{
  "frame_idx": 24,
  "ros_stamp": 125.9,
  "wall_time": 1776683974.2646768,
  "prompt": "go to the packaging section",
  "goal_id": "mini_packaging_section",
  "goal_pose": {
    "frame_id": "map",
    "x": 0.342,
    "y": 3.57,
    "yaw_rad": 3.101
  },
  "odom": {
    "position": {
      "x": -0.851329605300237,
      "y": 0.2381166584959935,
      "z": 0.0
    },
    "orientation_quat": {
      "x": 0.0008087320546815354,
      "y": -0.0015863712083263404,
      "z": 0.45416429997412355,
      "w": 0.8909161677777924
    },
    "yaw_rad": 0.942869552750375,
    "linear_vel": {
      "x": 0.16238904178497782,
      "y": -1.7303553641759913e-06
    },
    "angular_vel_z": -0.012558155274634327
  }
}