{
  "frame_idx": 25,
  "ros_stamp": 127.9,
  "wall_time": 1776683976.3754501,
  "prompt": "go to the packaging section",
  "goal_id": "mini_packaging_section",
  "goal_pose": {
    "frame_id": "map",
    "x": 0.342,
    "y": 3.57,
    "yaw_rad": 3.101
  },
  "odom": {
    "position": {
      "x": -0.6497060180294383,
      "y": 0.49818909341339507,
      "z": 0.0
    },
    "orientation_quat": {
      "x": -5.551162770928023e-05,
      "y": 0.00013228207994313125,
      "z": 0.42470517748207465,
      "w": 0.9053317025487564
    },
    "yaw_rad": 0.8772724300530481,
    "linear_vel": {
      "x": 0.14464142988284384,
      "y": 9.931139633689834e-06
    },
    "angular_vel_z": -0.047999111007263874
  }
}