{
  "frame_idx": 26,
  "ros_stamp": 129.9,
  "wall_time": 1776683978.5756423,
  "prompt": "go to the packaging section",
  "goal_id": "mini_packaging_section",
  "goal_pose": {
    "frame_id": "map",
    "x": 0.342,
    "y": 3.57,
    "yaw_rad": 3.101
  },
  "odom": {
    "position": {
      "x": -0.453518308127799,
      "y": 0.7238156479144473,
      "z": 0.0
    },
    "orientation_quat": {
      "x": 0.0002631222113488858,
      "y": -0.0005817068719337123,
      "z": 0.4120635508801612,
      "w": 0.9111548838808086
    },
    "yaw_rad": 0.8494355223787976,
    "linear_vel": {
      "x": 0.15435234679157667,
      "y": -4.414832483693853e-07
    },
    "angular_vel_z": 0.011701671572591112
  }
}