{
  "frame_idx": 27,
  "ros_stamp": 131.9,
  "wall_time": 1776683980.6764228,
  "prompt": "go to the packaging section",
  "goal_id": "mini_packaging_section",
  "goal_pose": {
    "frame_id": "map",
    "x": 0.342,
    "y": 3.57,
    "yaw_rad": 3.101
  },
  "odom": {
    "position": {
      "x": -0.2778967360973805,
      "y": 0.9279907723560067,
      "z": 0.0
    },
    "orientation_quat": {
      "x": 0.0004401004779782157,
      "y": -0.000908756857101697,
      "z": 0.435958445579141,
      "w": 0.8999662294779528
    },
    "yaw_rad": 0.9022064565456422,
    "linear_vel": {
      "x": 0.11191647803314356,
      "y": 3.0919472177505394e-06
    },
    "angular_vel_z": 0.07242548127100319
  }
}