{
  "frame_idx": 28,
  "ros_stamp": 133.9,
  "wall_time": 1776683982.830033,
  "prompt": "go to the packaging section",
  "goal_id": "mini_packaging_section",
  "goal_pose": {
    "frame_id": "map",
    "x": 0.342,
    "y": 3.57,
    "yaw_rad": 3.101
  },
  "odom": {
    "position": {
      "x": -0.13800087873575034,
      "y": 1.1551791447230748,
      "z": 0.0
    },
    "orientation_quat": {
      "x": -0.00036849038130065665,
      "y": 0.0005774532886717617,
      "z": 0.5379089955196651,
      "w": 0.8430026354060605
    },
    "yaw_rad": 1.1359097334487225,
    "linear_vel": {
      "x": 0.11518527733952404,
      "y": -2.318765405978819e-05
    },
    "angular_vel_z": 0.09550967374102394
  }
}