{
  "frame_idx": 29,
  "ros_stamp": 135.9,
  "wall_time": 1776683984.9833617,
  "prompt": "go to the packaging section",
  "goal_id": "mini_packaging_section",
  "goal_pose": {
    "frame_id": "map",
    "x": 0.342,
    "y": 3.57,
    "yaw_rad": 3.101
  },
  "odom": {
    "position": {
      "x": -0.058832139244767295,
      "y": 1.394029932818293,
      "z": 0.0
    },
    "orientation_quat": {
      "x": -0.0013850553560385114,
      "y": 0.0017390088033182691,
      "z": 0.6229421146722558,
      "w": 0.7822647756595594
    },
    "yaw_rad": 1.3450001412388448,
    "linear_vel": {
      "x": 0.14973217934034416,
      "y": -3.231320318019854e-05
    },
    "angular_vel_z": 0.06598564525509129
  }
}