{
  "frame_idx": 30,
  "ros_stamp": 137.9,
  "wall_time": 1776683987.0887659,
  "prompt": "go to the packaging section",
  "goal_id": "mini_packaging_section",
  "goal_pose": {
    "frame_id": "map",
    "x": 0.342,
    "y": 3.57,
    "yaw_rad": 3.101
  },
  "odom": {
    "position": {
      "x": -0.007945783442584928,
      "y": 1.7059549366764009,
      "z": 0.0
    },
    "orientation_quat": {
      "x": 0.00148151976971242,
      "y": -0.0016597784259210662,
      "z": 0.6659057135378456,
      "w": 0.7460325937332776
    },
    "yaw_rad": 1.4574188101078094,
    "linear_vel": {
      "x": 0.18694513896508222,
      "y": 5.36749048747246e-06
    },
    "angular_vel_z": 0.031557161922462315
  }
}