{
  "frame_idx": 31,
  "ros_stamp": 139.9,
  "wall_time": 1776683989.282609,
  "prompt": "go to the packaging section",
  "goal_id": "mini_packaging_section",
  "goal_pose": {
    "frame_id": "map",
    "x": 0.342,
    "y": 3.57,
    "yaw_rad": 3.101
  },
  "odom": {
    "position": {
      "x": 0.02303611071244269,
      "y": 2.0465196667873045,
      "z": 0.0
    },
    "orientation_quat": {
      "x": -0.0009649997689464538,
      "y": 0.0010393831498172797,
      "z": 0.6804082906036959,
      "w": 0.7328318678495569
    },
    "yaw_rad": 1.4966411287413965,
    "linear_vel": {
      "x": 0.15964891910316908,
      "y": -8.116128388011934e-06
    },
    "angular_vel_z": 0.021973691173938128
  }
}