{
  "frame_idx": 32,
  "ros_stamp": 141.9,
  "wall_time": 1776683991.3623543,
  "prompt": "go to the packaging section",
  "goal_id": "mini_packaging_section",
  "goal_pose": {
    "frame_id": "map",
    "x": 0.342,
    "y": 3.57,
    "yaw_rad": 3.101
  },
  "odom": {
    "position": {
      "x": 0.05434942423103159,
      "y": 2.4220346826542003,
      "z": 0.0
    },
    "orientation_quat": {
      "x": 0.0011432875212092062,
      "y": -0.001283958852506271,
      "z": 0.6650112678072856,
      "w": 0.7468313451058783
    },
    "yaw_rad": 1.455020442552262,
    "linear_vel": {
      "x": 0.22022684109927626,
      "y": 5.294338652481526e-08
    },
    "angular_vel_z": -0.005805313286890755
  }
}