{
  "frame_idx": 33,
  "ros_stamp": 143.9,
  "wall_time": 1776683993.5049014,
  "prompt": "go to the packaging section",
  "goal_id": "mini_packaging_section",
  "goal_pose": {
    "frame_id": "map",
    "x": 0.342,
    "y": 3.57,
    "yaw_rad": 3.101
  },
  "odom": {
    "position": {
      "x": 0.1074916744700461,
      "y": 2.8127157325231504,
      "z": 0.0
    },
    "orientation_quat": {
      "x": -0.00019649657812186133,
      "y": 0.000230659885424012,
      "z": 0.6484866312911356,
      "w": 0.7612259830180436
    },
    "yaw_rad": 1.411189441400468,
    "linear_vel": {
      "x": 0.1856716568354167,
      "y": 7.400880564857918e-06
    },
    "angular_vel_z": -0.030557748879454207
  }
}