{
  "frame_idx": 34,
  "ros_stamp": 145.9,
  "wall_time": 1776683995.6551445,
  "prompt": "go to the packaging section",
  "goal_id": "mini_packaging_section",
  "goal_pose": {
    "frame_id": "map",
    "x": 0.342,
    "y": 3.57,
    "yaw_rad": 3.101
  },
  "odom": {
    "position": {
      "x": 0.17060156000562,
      "y": 3.135165884831141,
      "z": 0.0
    },
    "orientation_quat": {
      "x": -0.001165006697255558,
      "y": 0.0014465278275197205,
      "z": 0.6272462477370184,
      "w": 0.7788187818847658
    },
    "yaw_rad": 1.3560274968471941,
    "linear_vel": {
      "x": 0.14261062197468782,
      "y": -5.233266033458102e-05
    },
    "angular_vel_z": 0.11920607461155082
  }
}