{
  "frame_idx": 35,
  "ros_stamp": 147.9,
  "wall_time": 1776683997.7497246,
  "prompt": "go to the packaging section",
  "goal_id": "mini_packaging_section",
  "goal_pose": {
    "frame_id": "map",
    "x": 0.342,
    "y": 3.57,
    "yaw_rad": 3.101
  },
  "odom": {
    "position": {
      "x": 0.19816989178755184,
      "y": 3.388942009339726,
      "z": 0.0
    },
    "orientation_quat": {
      "x": -0.0015839584947736427,
      "y": 0.0015593071136849766,
      "z": 0.7126313833419046,
      "w": 0.7015351531555746
    },
    "yaw_rad": 1.586488965835608,
    "linear_vel": {
      "x": 0.09578529187288556,
      "y": -5.2260078183369587e-05
    },
    "angular_vel_z": 0.11810163716753172
  }
}