{
  "frame_idx": 36,
  "ros_stamp": 149.9,
  "wall_time": 1776683999.929417,
  "prompt": "go to the packaging section",
  "goal_id": "mini_packaging_section",
  "goal_pose": {
    "frame_id": "map",
    "x": 0.342,
    "y": 3.57,
    "yaw_rad": 3.101
  },
  "odom": {
    "position": {
      "x": 0.18130990900782326,
      "y": 3.519693861562092,
      "z": 0.0
    },
    "orientation_quat": {
      "x": -0.0017760483303243147,
      "y": 0.001336830919437878,
      "z": 0.7989565230856427,
      "w": 0.6013846795141375
    },
    "yaw_rad": 1.851122766096149,
    "linear_vel": {
      "x": 0.03791023187812097,
      "y": -5.205732920548859e-05
    },
    "angular_vel_z": 0.133718874985896
  }
}