{
  "frame_idx": 37,
  "ros_stamp": 151.9,
  "wall_time": 1776684002.0254664,
  "prompt": "go to the packaging section",
  "goal_id": "mini_packaging_section",
  "goal_pose": {
    "frame_id": "map",
    "x": 0.342,
    "y": 3.57,
    "yaw_rad": 3.101
  },
  "odom": {
    "position": {
      "x": 0.16393468963930755,
      "y": 3.563098100527012,
      "z": 0.0
    },
    "orientation_quat": {
      "x": -0.0019390762570984923,
      "y": 0.0010870457499517663,
      "z": 0.8722726863118027,
      "w": 0.48901474316138793
    },
    "yaw_rad": 2.1196701429468536,
    "linear_vel": {
      "x": 0.00553346737721166,
      "y": -4.9509198296148446e-05
    },
    "angular_vel_z": 0.13927865408559592
  }
}