{
  "frame_idx": 38,
  "ros_stamp": 153.9,
  "wall_time": 1776684004.1773229,
  "prompt": "go to the packaging section",
  "goal_id": "mini_packaging_section",
  "goal_pose": {
    "frame_id": "map",
    "x": 0.342,
    "y": 3.57,
    "yaw_rad": 3.101
  },
  "odom": {
    "position": {
      "x": 0.16283592164622987,
      "y": 3.564870812252551,
      "z": 0.0
    },
    "orientation_quat": {
      "x": -0.0020577107064174713,
      "y": 0.000840098741377804,
      "z": 0.9258037995519307,
      "w": 0.377997863480684
    },
    "yaw_rad": 2.3663251309544355,
    "linear_vel": {
      "x": -1.3364360161818552e-05,
      "y": -3.7748958097175285e-05
    },
    "angular_vel_z": 0.10885347015574938
  }
}