{
  "frame_idx": 39,
  "ros_stamp": 155.9,
  "wall_time": 1776684006.3350632,
  "prompt": "go to the packaging section",
  "goal_id": "mini_packaging_section",
  "goal_pose": {
    "frame_id": "map",
    "x": 0.342,
    "y": 3.57,
    "yaw_rad": 3.101
  },
  "odom": {
    "position": {
      "x": 0.16289000274705667,
      "y": 3.564938583481947,
      "z": 0.0
    },
    "orientation_quat": {
      "x": -0.002140791867241624,
      "y": 0.0005974825025610248,
      "z": 0.9631815378068095,
      "w": 0.26884267751409885
    },
    "yaw_rad": 2.5972087331837894,
    "linear_vel": {
      "x": 2.566472487021458e-07,
      "y": -3.616523797295507e-05
    },
    "angular_vel_z": 0.1030216208062497
  }
}