{
  "frame_idx": 40,
  "ros_stamp": 157.9,
  "wall_time": 1776684008.424874,
  "prompt": "go to the packaging section",
  "goal_id": "mini_packaging_section",
  "goal_pose": {
    "frame_id": "map",
    "x": 0.342,
    "y": 3.57,
    "yaw_rad": 3.101
  },
  "odom": {
    "position": {
      "x": 0.1629190904152528,
      "y": 3.5650026835895487,
      "z": 0.0
    },
    "orientation_quat": {
      "x": -0.002188518106675033,
      "y": 0.00038782647795187753,
      "z": 0.984651853123923,
      "w": 0.17451586781362946
    },
    "yaw_rad": 2.790763638923422,
    "linear_vel": {
      "x": 2.3230961676873172e-07,
      "y": -3.0917782215099715e-05
    },
    "angular_vel_z": 0.08732008679539471
  }
}