{
  "frame_idx": 0,
  "ros_stamp": 2187.9,
  "wall_time": 1776686188.8273509,
  "prompt": "main shelf area",
  "goal_id": "big_shelf_area",
  "goal_pose": {
    "frame_id": "map",
    "x": -3.858,
    "y": -8.011,
    "yaw_rad": 1.5399999999999998
  },
  "odom": {
    "position": {
      "x": 1.9987495680276435,
      "y": -7.713579422171399,
      "z": 0.0
    },
    "orientation_quat": {
      "x": -0.0014430980430632638,
      "y": 0.001690368810073005,
      "z": 0.6492902678224207,
      "w": 0.7605374469626154
    },
    "yaw_rad": 1.4133059580347427,
    "linear_vel": {
      "x": -1.4934540565766076e-05,
      "y": -5.617049601676671e-05
    },
    "angular_vel_z": 0.16076999959663385
  }
}