{
  "frame_idx": 1,
  "ros_stamp": 2189.9,
  "wall_time": 1776686190.9808187,
  "prompt": "main shelf area",
  "goal_id": "big_shelf_area",
  "goal_pose": {
    "frame_id": "map",
    "x": -3.858,
    "y": -8.011,
    "yaw_rad": 1.5399999999999998
  },
  "odom": {
    "position": {
      "x": 1.9982126421575512,
      "y": -7.700596961715012,
      "z": 0.0
    },
    "orientation_quat": {
      "x": -0.0016899922930461542,
      "y": 0.0014435433566514133,
      "z": 0.7603197759760437,
      "w": 0.6495451472902908
    },
    "yaw_rad": 1.727616337445813,
    "linear_vel": {
      "x": 0.0012067304888341052,
      "y": -7.617836858633802e-05
    },
    "angular_vel_z": 0.21750865472670156
  }
}