{
  "frame_idx": 2,
  "ros_stamp": 2191.9,
  "wall_time": 1776686193.1359565,
  "prompt": "main shelf area",
  "goal_id": "big_shelf_area",
  "goal_pose": {
    "frame_id": "map",
    "x": -3.858,
    "y": -8.011,
    "yaw_rad": 1.5399999999999998
  },
  "odom": {
    "position": {
      "x": 1.9945694353463088,
      "y": -7.689556057864688,
      "z": 0.0
    },
    "orientation_quat": {
      "x": -0.0014637198001996338,
      "y": 0.0008837853668521999,
      "z": 0.8554642687442477,
      "w": 0.5178590168662138
    },
    "yaw_rad": 2.0528981981062078,
    "linear_vel": {
      "x": 0.006283616633761482,
      "y": -5.970818118264089e-05
    },
    "angular_vel_z": 0.21777060415388289
  }
}