{
  "frame_idx": 3,
  "ros_stamp": 2193.9,
  "wall_time": 1776686195.2349997,
  "prompt": "main shelf area",
  "goal_id": "big_shelf_area",
  "goal_pose": {
    "frame_id": "map",
    "x": -3.858,
    "y": -8.011,
    "yaw_rad": 1.5399999999999998
  },
  "odom": {
    "position": {
      "x": 1.9817491275357835,
      "y": -7.673861489563871,
      "z": 0.0
    },
    "orientation_quat": {
      "x": -0.002082942332816531,
      "y": 0.0007818767479287497,
      "z": 0.9361996387845436,
      "w": 0.3514616428000065
    },
    "yaw_rad": 2.423327007344727,
    "linear_vel": {
      "x": 0.009644099058665782,
      "y": -7.260394011742275e-05
    },
    "angular_vel_z": 0.20338918451395846
  }
}