{
  "frame_idx": 4,
  "ros_stamp": 2195.9,
  "wall_time": 1776686197.422459,
  "prompt": "main shelf area",
  "goal_id": "big_shelf_area",
  "goal_pose": {
    "frame_id": "map",
    "x": -3.858,
    "y": -8.011,
    "yaw_rad": 1.5399999999999998
  },
  "odom": {
    "position": {
      "x": 1.910782101423572,
      "y": -7.635812660899823,
      "z": 0.0
    },
    "orientation_quat": {
      "x": 0.002191261501099215,
      "y": -0.00038670592895288217,
      "z": 0.9847854671365557,
      "w": 0.17376027321627363
    },
    "yaw_rad": 2.7922982779925922,
    "linear_vel": {
      "x": 0.06814527515039587,
      "y": 5.2132685774359305e-05
    },
    "angular_vel_z": 0.18636272197100495
  }
}