{
  "frame_idx": 5,
  "ros_stamp": 2197.9,
  "wall_time": 1776686199.5137858,
  "prompt": "main shelf area",
  "goal_id": "big_shelf_area",
  "goal_pose": {
    "frame_id": "map",
    "x": -3.858,
    "y": -8.011,
    "yaw_rad": 1.5399999999999998
  },
  "odom": {
    "position": {
      "x": 1.753100376404999,
      "y": -7.609798607470751,
      "z": 0.0
    },
    "orientation_quat": {
      "x": 0.0022279534472197395,
      "y": -0.0001333541005844416,
      "z": 0.9982071964927002,
      "w": 0.05981146470623098
    },
    "yaw_rad": 3.021897986585495,
    "linear_vel": {
      "x": 4.781767857988847e-06,
      "y": 1.0362171952099905e-07
    },
    "angular_vel_z": 2.091127659777871e-08
  }
}