{
  "frame_idx": 6,
  "ros_stamp": 2199.9,
  "wall_time": 1776686201.6547813,
  "prompt": "main shelf area",
  "goal_id": "big_shelf_area",
  "goal_pose": {
    "frame_id": "map",
    "x": -3.858,
    "y": -8.011,
    "yaw_rad": 1.5399999999999998
  },
  "odom": {
    "position": {
      "x": 1.5108838822853976,
      "y": -7.563257188051266,
      "z": 0.0
    },
    "orientation_quat": {
      "x": 0.0022183071813948432,
      "y": -0.00013044320733828464,
      "z": 0.9982617761461876,
      "w": 0.05889387390278999
    },
    "yaw_rad": 3.0237364151586723,
    "linear_vel": {
      "x": 0.0806347089829043,
      "y": 5.63239051689403e-05
    },
    "angular_vel_z": 0.2121268603729011
  }
}