{
  "frame_idx": 7,
  "ros_stamp": 2201.9,
  "wall_time": 1776686203.8122542,
  "prompt": "main shelf area",
  "goal_id": "big_shelf_area",
  "goal_pose": {
    "frame_id": "map",
    "x": -3.858,
    "y": -8.011,
    "yaw_rad": 1.5399999999999998
  },
  "odom": {
    "position": {
      "x": 1.21542077171313,
      "y": -7.5100213275870695,
      "z": 0.0
    },
    "orientation_quat": {
      "x": 0.0020071844213066193,
      "y": -0.0002805461967243951,
      "z": 0.9907230327342935,
      "w": 0.13588143697464433
    },
    "yaw_rad": 2.8689859172214116,
    "linear_vel": {
      "x": 0.1812535061813806,
      "y": -1.386005318526303e-05
    },
    "angular_vel_z": -0.09136403617107183
  }
}