{
  "frame_idx": 8,
  "ros_stamp": 2203.9,
  "wall_time": 1776686205.911346,
  "prompt": "main shelf area",
  "goal_id": "big_shelf_area",
  "goal_pose": {
    "frame_id": "map",
    "x": -3.858,
    "y": -8.011,
    "yaw_rad": 1.5399999999999998
  },
  "odom": {
    "position": {
      "x": 0.8950191125739275,
      "y": -7.396038507245278,
      "z": 0.0
    },
    "orientation_quat": {
      "x": -0.0012882499640099487,
      "y": 0.00025799984052793926,
      "z": 0.9805984200554214,
      "w": 0.19602298955205147
    },
    "yaw_rad": 2.7469911687187025,
    "linear_vel": {
      "x": 0.17629136911822382,
      "y": 1.6238793167615154e-05
    },
    "angular_vel_z": -0.039517401723442626
  }
}