{
  "frame_idx": 9,
  "ros_stamp": 2205.9,
  "wall_time": 1776686208.0921059,
  "prompt": "main shelf area",
  "goal_id": "big_shelf_area",
  "goal_pose": {
    "frame_id": "map",
    "x": -3.858,
    "y": -8.011,
    "yaw_rad": 1.5399999999999998
  },
  "odom": {
    "position": {
      "x": 0.5520686853650074,
      "y": -7.2517453691027125,
      "z": 0.0
    },
    "orientation_quat": {
      "x": -0.0006928492397469091,
      "y": 0.00013633348884952643,
      "z": 0.981173187385386,
      "w": 0.1931286558983753
    },
    "yaw_rad": 2.752892875796552,
    "linear_vel": {
      "x": 0.16476507555009307,
      "y": -6.179844088107037e-06
    },
    "angular_vel_z": 0.021494196686017625
  }
}