{
  "frame_idx": 10,
  "ros_stamp": 2207.9,
  "wall_time": 1776686210.2069798,
  "prompt": "main shelf area",
  "goal_id": "big_shelf_area",
  "goal_pose": {
    "frame_id": "map",
    "x": -3.858,
    "y": -8.011,
    "yaw_rad": 1.5399999999999998
  },
  "odom": {
    "position": {
      "x": 0.2464891209569725,
      "y": -7.13138905279086,
      "z": 0.0
    },
    "orientation_quat": {
      "x": -0.001742164645813017,
      "y": 0.00034008733849668303,
      "z": 0.9814668046313806,
      "w": 0.19162400843739946
    },
    "yaw_rad": 2.755958933751085,
    "linear_vel": {
      "x": 0.15833595322288668,
      "y": 4.546672093702788e-06
    },
    "angular_vel_z": -0.008852452679123076
  }
}