{
  "frame_idx": 11,
  "ros_stamp": 2209.9,
  "wall_time": 1776686212.340729,
  "prompt": "main shelf area",
  "goal_id": "big_shelf_area",
  "goal_pose": {
    "frame_id": "map",
    "x": -3.858,
    "y": -8.011,
    "yaw_rad": 1.5399999999999998
  },
  "odom": {
    "position": {
      "x": -0.06178737651674381,
      "y": -7.004708668629589,
      "z": 0.0
    },
    "orientation_quat": {
      "x": -0.002182842945859159,
      "y": 0.0004326811617146466,
      "z": 0.9809078313528973,
      "w": 0.1944604699527441
    },
    "yaw_rad": 2.750176891179626,
    "linear_vel": {
      "x": 0.15602485169072683,
      "y": 4.849193524869788e-06
    },
    "angular_vel_z": -0.008401038971286297
  }
}