{
  "frame_idx": 12,
  "ros_stamp": 2211.9,
  "wall_time": 1776686214.5130665,
  "prompt": "main shelf area",
  "goal_id": "big_shelf_area",
  "goal_pose": {
    "frame_id": "map",
    "x": -3.858,
    "y": -8.011,
    "yaw_rad": 1.5399999999999998
  },
  "odom": {
    "position": {
      "x": -0.34490095093134343,
      "y": -6.877900167581477,
      "z": 0.0
    },
    "orientation_quat": {
      "x": -0.0016171147660814379,
      "y": 0.0003863782122196282,
      "z": 0.9724442660551929,
      "w": 0.2331295456781221
    },
    "yaw_rad": 2.6710026477408593,
    "linear_vel": {
      "x": 0.13633001222289026,
      "y": 2.316651482358928e-05
    },
    "angular_vel_z": -0.05767826712549142
  }
}