{
  "frame_idx": 13,
  "ros_stamp": 2213.9,
  "wall_time": 1776686216.615617,
  "prompt": "main shelf area",
  "goal_id": "big_shelf_area",
  "goal_pose": {
    "frame_id": "map",
    "x": -3.858,
    "y": -8.011,
    "yaw_rad": 1.5399999999999998
  },
  "odom": {
    "position": {
      "x": -0.5954411274325729,
      "y": -6.739055681544008,
      "z": 0.0
    },
    "orientation_quat": {
      "x": -0.001147515484236112,
      "y": 0.0003182284198200843,
      "z": 0.9635945857928534,
      "w": 0.26736502420770264
    },
    "yaw_rad": 2.6002773306088978,
    "linear_vel": {
      "x": 0.1250865213656477,
      "y": 1.1568207144703295e-07
    },
    "angular_vel_z": -0.0021101446504279532
  }
}