{
  "frame_idx": 14,
  "ros_stamp": 2215.9,
  "wall_time": 1776686218.7905385,
  "prompt": "main shelf area",
  "goal_id": "big_shelf_area",
  "goal_pose": {
    "frame_id": "map",
    "x": -3.858,
    "y": -8.011,
    "yaw_rad": 1.5399999999999998
  },
  "odom": {
    "position": {
      "x": -0.8156102638160194,
      "y": -6.609306514399079,
      "z": 0.0
    },
    "orientation_quat": {
      "x": 0.0021622698209757575,
      "y": -0.0005526090021270513,
      "z": 0.9688688025671464,
      "w": 0.2475646635217075
    },
    "yaw_rad": 2.6412596534042647,
    "linear_vel": {
      "x": 0.14543063676381485,
      "y": 1.2949526718766531e-05
    },
    "angular_vel_z": 0.061398412692545555
  }
}