{
  "frame_idx": 15,
  "ros_stamp": 2217.9,
  "wall_time": 1776686220.9073503,
  "prompt": "main shelf area",
  "goal_id": "big_shelf_area",
  "goal_pose": {
    "frame_id": "map",
    "x": -3.858,
    "y": -8.011,
    "yaw_rad": 1.5399999999999998
  },
  "odom": {
    "position": {
      "x": -1.099610611252838,
      "y": -6.483246411906748,
      "z": 0.0
    },
    "orientation_quat": {
      "x": -0.0015441929978773706,
      "y": 0.0002463446399849922,
      "z": 0.9876054575906811,
      "w": 0.15694908384379028
    },
    "yaw_rad": 2.8263908923215046,
    "linear_vel": {
      "x": 0.11603016865365971,
      "y": -4.12426317050579e-05
    },
    "angular_vel_z": 0.11825545814575418
  }
}