{
  "frame_idx": 16,
  "ros_stamp": 2219.9,
  "wall_time": 1776686223.0217652,
  "prompt": "main shelf area",
  "goal_id": "big_shelf_area",
  "goal_pose": {
    "frame_id": "map",
    "x": -3.858,
    "y": -8.011,
    "yaw_rad": 1.5399999999999998
  },
  "odom": {
    "position": {
      "x": -1.3965631669242762,
      "y": -6.422138251287281,
      "z": 0.0
    },
    "orientation_quat": {
      "x": -0.0017253225771572099,
      "y": 9.422137784584132e-05,
      "z": 0.9985053818227945,
      "w": 0.05462615541342714
    },
    "yaw_rad": 3.0322857706339175,
    "linear_vel": {
      "x": 0.16293549951483705,
      "y": -2.60193098666984e-05
    },
    "angular_vel_z": 0.06023137701789174
  }
}