{
  "frame_idx": 17,
  "ros_stamp": 2221.9,
  "wall_time": 1776686225.1977022,
  "prompt": "main shelf area",
  "goal_id": "big_shelf_area",
  "goal_pose": {
    "frame_id": "map",
    "x": -3.858,
    "y": -8.011,
    "yaw_rad": 1.5399999999999998
  },
  "odom": {
    "position": {
      "x": -1.751966304596552,
      "y": -6.408141735625255,
      "z": 0.0
    },
    "orientation_quat": {
      "x": 0.0020097566175496183,
      "y": 2.9028401955537997e-05,
      "z": 0.999893577962125,
      "w": -0.014449663864270644
    },
    "yaw_rad": -3.112692261662217,
    "linear_vel": {
      "x": 0.18586905844546328,
      "y": 9.933709919656845e-06
    },
    "angular_vel_z": 0.07711191927662309
  }
}