{
  "frame_idx": 18,
  "ros_stamp": 2223.9,
  "wall_time": 1776686227.2964985,
  "prompt": "main shelf area",
  "goal_id": "big_shelf_area",
  "goal_pose": {
    "frame_id": "map",
    "x": -3.858,
    "y": -8.011,
    "yaw_rad": 1.5399999999999998
  },
  "odom": {
    "position": {
      "x": -2.1060204399901803,
      "y": -6.448138074448986,
      "z": 0.0
    },
    "orientation_quat": {
      "x": 0.0018500338914000547,
      "y": 0.00016758776921231753,
      "z": 0.99591068407386,
      "w": -0.09032418633166131
    },
    "yaw_rad": -2.9606974256334486,
    "linear_vel": {
      "x": 0.19459588535360733,
      "y": 2.020642321980202e-06
    },
    "angular_vel_z": 0.029242634129539497
  }
}