{
  "frame_idx": 19,
  "ros_stamp": 2225.9,
  "wall_time": 1776686229.46153,
  "prompt": "main shelf area",
  "goal_id": "big_shelf_area",
  "goal_pose": {
    "frame_id": "map",
    "x": -3.858,
    "y": -8.011,
    "yaw_rad": 1.5399999999999998
  },
  "odom": {
    "position": {
      "x": -2.445797564188038,
      "y": -6.538264126424575,
      "z": 0.0
    },
    "orientation_quat": {
      "x": -0.001425096615375735,
      "y": -0.0002592117215820808,
      "z": 0.9839698103124732,
      "w": -0.17832923008457002
    },
    "yaw_rad": -2.7830158721598393,
    "linear_vel": {
      "x": 0.17342821868132807,
      "y": -4.5092026508097415e-05
    },
    "angular_vel_z": 0.11070293642495857
  }
}