{
  "frame_idx": 20,
  "ros_stamp": 2227.9,
  "wall_time": 1776686231.586597,
  "prompt": "main shelf area",
  "goal_id": "big_shelf_area",
  "goal_pose": {
    "frame_id": "map",
    "x": -3.858,
    "y": -8.011,
    "yaw_rad": 1.5399999999999998
  },
  "odom": {
    "position": {
      "x": -2.7237342744114796,
      "y": -6.6853828342017465,
      "z": 0.0
    },
    "orientation_quat": {
      "x": 0.0015125131513830372,
      "y": 0.000488647639903259,
      "z": 0.9516280473209698,
      "w": -0.3072483247790441
    },
    "yaw_rad": -2.5169915657302333,
    "linear_vel": {
      "x": 0.16272311155817792,
      "y": 1.1357090111250743e-05
    },
    "angular_vel_z": 0.12097726578154352
  }
}