{
  "frame_idx": 21,
  "ros_stamp": 2229.9,
  "wall_time": 1776686233.6913605,
  "prompt": "main shelf area",
  "goal_id": "big_shelf_area",
  "goal_pose": {
    "frame_id": "map",
    "x": -3.858,
    "y": -8.011,
    "yaw_rad": 1.5399999999999998
  },
  "odom": {
    "position": {
      "x": -2.970649747174182,
      "y": -6.908140999695225,
      "z": 0.0
    },
    "orientation_quat": {
      "x": -0.001092860570511709,
      "y": -0.0004768363075173162,
      "z": 0.9165751168536178,
      "w": -0.39986076757752304
    },
    "yaw_rad": -2.318862161360713,
    "linear_vel": {
      "x": 0.17411319760002006,
      "y": -2.55419790345338e-05
    },
    "angular_vel_z": 0.07000135080505836
  }
}