{
  "frame_idx": 22,
  "ros_stamp": 2231.9,
  "wall_time": 1776686235.871903,
  "prompt": "main shelf area",
  "goal_id": "big_shelf_area",
  "goal_pose": {
    "frame_id": "map",
    "x": -3.858,
    "y": -8.011,
    "yaw_rad": 1.5399999999999998
  },
  "odom": {
    "position": {
      "x": -3.2324954045683123,
      "y": -7.217898810385784,
      "z": 0.0
    },
    "orientation_quat": {
      "x": -0.001587632436817767,
      "y": -0.0007682342967403334,
      "z": 0.9001599915550911,
      "w": -0.4355558274697394
    },
    "yaw_rad": -2.240279829072438,
    "linear_vel": {
      "x": 0.19425910495204624,
      "y": -1.3244211438819507e-07
    },
    "angular_vel_z": 0.0005785707921822801
  }
}