{
  "frame_idx": 23,
  "ros_stamp": 2233.9,
  "wall_time": 1776686237.9722586,
  "prompt": "main shelf area",
  "goal_id": "big_shelf_area",
  "goal_pose": {
    "frame_id": "map",
    "x": -3.858,
    "y": -8.011,
    "yaw_rad": 1.5399999999999998
  },
  "odom": {
    "position": {
      "x": -3.463444019044799,
      "y": -7.51717131057753,
      "z": 0.0
    },
    "orientation_quat": {
      "x": -0.0009031838787202012,
      "y": -0.0004490940099998601,
      "z": 0.8954285453414308,
      "w": -0.44520411359418116
    },
    "yaw_rad": -2.2187877507698133,
    "linear_vel": {
      "x": 0.17753894882901233,
      "y": -3.156183840273335e-06
    },
    "angular_vel_z": 0.010367456192316904
  }
}