{
  "frame_idx": 24,
  "ros_stamp": 2235.9,
  "wall_time": 1776686240.1379492,
  "prompt": "main shelf area",
  "goal_id": "big_shelf_area",
  "goal_pose": {
    "frame_id": "map",
    "x": -3.858,
    "y": -8.011,
    "yaw_rad": 1.5399999999999998
  },
  "odom": {
    "position": {
      "x": -3.654688261416191,
      "y": -7.754105691708035,
      "z": 0.0
    },
    "orientation_quat": {
      "x": 0.000935000144514896,
      "y": 0.000391946363304221,
      "z": 0.9239604904015755,
      "w": -0.38248658058768326
    },
    "yaw_rad": -2.3566201967179423,
    "linear_vel": {
      "x": 0.13785058621533222,
      "y": -1.9262668788386575e-06
    },
    "angular_vel_z": -0.1376092792493266
  }
}