{
  "frame_idx": 25,
  "ros_stamp": 2237.9,
  "wall_time": 1776686242.2661405,
  "prompt": "main shelf area",
  "goal_id": "big_shelf_area",
  "goal_pose": {
    "frame_id": "map",
    "x": -3.858,
    "y": -8.011,
    "yaw_rad": 1.5399999999999998
  },
  "odom": {
    "position": {
      "x": -3.828456815306613,
      "y": -7.886737185357074,
      "z": 0.0
    },
    "orientation_quat": {
      "x": -0.0013556399141546852,
      "y": -0.00033482846350822064,
      "z": 0.9715188172812417,
      "w": -0.23695830392451014
    },
    "yaw_rad": -2.6631246174428376,
    "linear_vel": {
      "x": 0.08249675481290544,
      "y": 4.7781786672829006e-05
    },
    "angular_vel_z": -0.15982894531153696
  }
}