{
  "frame_idx": 26,
  "ros_stamp": 2239.9,
  "wall_time": 1776686244.3684216,
  "prompt": "main shelf area",
  "goal_id": "big_shelf_area",
  "goal_pose": {
    "frame_id": "map",
    "x": -3.858,
    "y": -8.011,
    "yaw_rad": 1.5399999999999998
  },
  "odom": {
    "position": {
      "x": -3.9099930960628853,
      "y": -7.915500962378372,
      "z": 0.0
    },
    "orientation_quat": {
      "x": -0.0022179796352469997,
      "y": -0.0001449580619884378,
      "z": 0.9978703523222175,
      "w": -0.0651906397409266
    },
    "yaw_rad": -3.0111185250632864,
    "linear_vel": {
      "x": 0.019945187696808565,
      "y": 6.376905279052973e-05
    },
    "angular_vel_z": -0.1729100607117086
  }
}