{
  "frame_idx": 27,
  "ros_stamp": 2241.9,
  "wall_time": 1776686246.540405,
  "prompt": "main shelf area",
  "goal_id": "big_shelf_area",
  "goal_pose": {
    "frame_id": "map",
    "x": -3.858,
    "y": -8.011,
    "yaw_rad": 1.5399999999999998
  },
  "odom": {
    "position": {
      "x": -3.927687709706492,
      "y": -7.916577595303188,
      "z": 0.0
    },
    "orientation_quat": {
      "x": -0.0022136823957457186,
      "y": 0.00019922638253488194,
      "z": 0.9959691500226334,
      "w": 0.08966890276061362
    },
    "yaw_rad": 2.962013201256422,
    "linear_vel": {
      "x": 0.00093472586692607,
      "y": 5.464415279453427e-05
    },
    "angular_vel_z": -0.15583855726785173
  }
}