{
  "frame_idx": 28,
  "ros_stamp": 2243.9,
  "wall_time": 1776686248.654881,
  "prompt": "main shelf area",
  "goal_id": "big_shelf_area",
  "goal_pose": {
    "frame_id": "map",
    "x": -3.858,
    "y": -8.011,
    "yaw_rad": 1.5399999999999998
  },
  "odom": {
    "position": {
      "x": -3.927786569447017,
      "y": -7.916667480748054,
      "z": 0.0
    },
    "orientation_quat": {
      "x": -0.002158033056996301,
      "y": 0.0005318634934925064,
      "z": 0.970938325500529,
      "w": 0.23931951046410269
    },
    "yaw_rad": 2.6582615664542986,
    "linear_vel": {
      "x": -2.917465389774987e-07,
      "y": 4.833488132379602e-05
    },
    "angular_vel_z": -0.13783198537403704
  }
}