{
  "frame_idx": 29,
  "ros_stamp": 2245.9,
  "wall_time": 1776686250.7927797,
  "prompt": "main shelf area",
  "goal_id": "big_shelf_area",
  "goal_pose": {
    "frame_id": "map",
    "x": -3.858,
    "y": -8.011,
    "yaw_rad": 1.5399999999999998
  },
  "odom": {
    "position": {
      "x": -3.927834686031023,
      "y": -7.916737640768083,
      "z": 0.0
    },
    "orientation_quat": {
      "x": -0.0020808508502050895,
      "y": 0.0007810211538938786,
      "z": 0.9362158988429826,
      "w": 0.351418341609146
    },
    "yaw_rad": 2.423419514658664,
    "linear_vel": {
      "x": 0.0,
      "y": 0.0
    },
    "angular_vel_z": 0.0
  }
}