{
  "frame_idx": 30,
  "ros_stamp": 2247.9,
  "wall_time": 1776686252.9402392,
  "prompt": "main shelf area",
  "goal_id": "big_shelf_area",
  "goal_pose": {
    "frame_id": "map",
    "x": -3.858,
    "y": -8.011,
    "yaw_rad": 1.5399999999999998
  },
  "odom": {
    "position": {
      "x": -3.927879799701445,
      "y": -7.9167815539353255,
      "z": 0.0
    },
    "orientation_quat": {
      "x": -0.002010173916320855,
      "y": 0.0009482115498312139,
      "z": 0.9044192980801699,
      "w": 0.42663894964695326
    },
    "yaw_rad": 2.2600437949062084,
    "linear_vel": {
      "x": 7.528797979452353e-08,
      "y": 3.749472713994907e-05
    },
    "angular_vel_z": -0.10783219959999284
  }
}