{
  "frame_idx": 31,
  "ros_stamp": 2249.9,
  "wall_time": 1776686255.0456614,
  "prompt": "main shelf area",
  "goal_id": "big_shelf_area",
  "goal_pose": {
    "frame_id": "map",
    "x": -3.858,
    "y": -8.011,
    "yaw_rad": 1.5399999999999998
  },
  "odom": {
    "position": {
      "x": -3.9279442002852254,
      "y": -7.916823961328599,
      "z": 0.0
    },
    "orientation_quat": {
      "x": -0.0018981312956185658,
      "y": 0.0011562747147876907,
      "z": 0.8540121411830554,
      "w": 0.5202483280495009
    },
    "yaw_rad": 2.0473062400046076,
    "linear_vel": {
      "x": 2.8151413795503924e-07,
      "y": 3.591109125516423e-05
    },
    "angular_vel_z": -0.10197909689544675
  }
}