{
  "frame_idx": 32,
  "ros_stamp": 2251.9,
  "wall_time": 1776686257.235556,
  "prompt": "main shelf area",
  "goal_id": "big_shelf_area",
  "goal_pose": {
    "frame_id": "map",
    "x": -3.858,
    "y": -8.011,
    "yaw_rad": 1.5399999999999998
  },
  "odom": {
    "position": {
      "x": -3.928004214170407,
      "y": -7.916847094154893,
      "z": 0.0
    },
    "orientation_quat": {
      "x": -0.0017891610769097603,
      "y": 0.0013186200883447499,
      "z": 0.8049867505792135,
      "w": 0.5932886241414229
    },
    "yaw_rad": 1.8713129741455725,
    "linear_vel": {
      "x": 1.9266269244449372e-07,
      "y": 2.8651338231685034e-05
    },
    "angular_vel_z": -0.08082117447615399
  }
}