{
  "frame_idx": 0,
  "ros_stamp": 1219.9,
  "wall_time": 1776685144.4209428,
  "prompt": "enter small shelf row",
  "goal_id": "enter_small_shelf_row",
  "goal_pose": {
    "frame_id": "map",
    "x": 3.774,
    "y": 1.856,
    "yaw_rad": -1.5940000000000003
  },
  "odom": {
    "position": {
      "x": -3.9259129207914447,
      "y": -7.7874440784047385,
      "z": 0.0
    },
    "orientation_quat": {
      "x": 0.00027953906945910544,
      "y": -0.00031037170604661434,
      "z": 0.6681724856544277,
      "w": 0.7440062868966205
    },
    "yaw_rad": 1.4634996649477563,
    "linear_vel": {
      "x": 0.10543126802683896,
      "y": 5.706896683922598e-06
    },
    "angular_vel_z": -0.15095634969469476
  }
}