{
  "frame_idx": 1,
  "ros_stamp": 1221.9,
  "wall_time": 1776685146.583197,
  "prompt": "enter small shelf row",
  "goal_id": "enter_small_shelf_row",
  "goal_pose": {
    "frame_id": "map",
    "x": 3.774,
    "y": 1.856,
    "yaw_rad": -1.5940000000000003
  },
  "odom": {
    "position": {
      "x": -3.8473772290595307,
      "y": -7.512259177471074,
      "z": 0.0
    },
    "orientation_quat": {
      "x": -0.001152568308427619,
      "y": 0.0017526452971573325,
      "z": 0.5496193663482486,
      "w": 0.8354125639201906
    },
    "yaw_rad": 1.1638199914704042,
    "linear_vel": {
      "x": 0.1554987034376226,
      "y": 5.6261265886854196e-05
    },
    "angular_vel_z": -0.11785105212913864
  }
}