{
  "frame_idx": 2,
  "ros_stamp": 1223.9,
  "wall_time": 1776685148.6713226,
  "prompt": "enter small shelf row",
  "goal_id": "enter_small_shelf_row",
  "goal_pose": {
    "frame_id": "map",
    "x": 3.774,
    "y": 1.856,
    "yaw_rad": -1.5940000000000003
  },
  "odom": {
    "position": {
      "x": -3.6809294189736055,
      "y": -7.203983094236782,
      "z": 0.0
    },
    "orientation_quat": {
      "x": 0.0011010831244922326,
      "y": -0.001960747999753894,
      "z": 0.4896717197862007,
      "w": 0.8719039797620257
    },
    "yaw_rad": 1.0234292499419648,
    "linear_vel": {
      "x": 0.1942367779050534,
      "y": 9.631939626808208e-05
    },
    "angular_vel_z": -0.046977199886525496
  }
}