{
  "frame_idx": 3,
  "ros_stamp": 1225.9,
  "wall_time": 1776685150.8465326,
  "prompt": "enter small shelf row",
  "goal_id": "enter_small_shelf_row",
  "goal_pose": {
    "frame_id": "map",
    "x": 3.774,
    "y": 1.856,
    "yaw_rad": -1.5940000000000003
  },
  "odom": {
    "position": {
      "x": -3.4847613668499036,
      "y": -6.8876407257727585,
      "z": 0.0
    },
    "orientation_quat": {
      "x": 0.00039687927671621574,
      "y": -0.0007379075332718515,
      "z": 0.4736455062936717,
      "w": 0.8807151823076081
    },
    "yaw_rad": 0.986851273025995,
    "linear_vel": {
      "x": 0.18709919722209556,
      "y": 2.352582924644705e-06
    },
    "angular_vel_z": -0.035420585501157925
  }
}