{
  "frame_idx": 4,
  "ros_stamp": 1227.9,
  "wall_time": 1776685152.9707048,
  "prompt": "enter small shelf row",
  "goal_id": "enter_small_shelf_row",
  "goal_pose": {
    "frame_id": "map",
    "x": 3.774,
    "y": 1.856,
    "yaw_rad": -1.5940000000000003
  },
  "odom": {
    "position": {
      "x": -3.2830661940805217,
      "y": -6.5776655802103035,
      "z": 0.0
    },
    "orientation_quat": {
      "x": -0.0009513846848583966,
      "y": 0.0017409212099438061,
      "z": 0.47956309744193903,
      "w": 0.8775051564705563
    },
    "yaw_rad": 1.0003156595123828,
    "linear_vel": {
      "x": 0.17108257341949681,
      "y": -1.1207341898298521e-05
    },
    "angular_vel_z": 0.02391263165019211
  }
}