{
  "frame_idx": 5,
  "ros_stamp": 1229.9,
  "wall_time": 1776685155.1134026,
  "prompt": "enter small shelf row",
  "goal_id": "enter_small_shelf_row",
  "goal_pose": {
    "frame_id": "map",
    "x": 3.774,
    "y": 1.856,
    "yaw_rad": -1.5940000000000003
  },
  "odom": {
    "position": {
      "x": -3.0714604967317656,
      "y": -6.2444826049559605,
      "z": 0.0
    },
    "orientation_quat": {
      "x": 0.0010746720165875096,
      "y": -0.0019453845002248926,
      "z": 0.4835326580750779,
      "w": 0.8753234997039968
    },
    "yaw_rad": 1.0093748344212363,
    "linear_vel": {
      "x": 0.16919228853680238,
      "y": -2.9512061463431117e-06
    },
    "angular_vel_z": -0.018825606210584076
  }
}