{
  "frame_idx": 6,
  "ros_stamp": 1231.9,
  "wall_time": 1776685157.2992692,
  "prompt": "enter small shelf row",
  "goal_id": "enter_small_shelf_row",
  "goal_pose": {
    "frame_id": "map",
    "x": 3.774,
    "y": 1.856,
    "yaw_rad": -1.5940000000000003
  },
  "odom": {
    "position": {
      "x": -2.877457387488615,
      "y": -5.945479592180375,
      "z": 0.0
    },
    "orientation_quat": {
      "x": -0.0006949852010699924,
      "y": 0.00128786543616751,
      "z": 0.4749259028199842,
      "w": 0.8800245708097084
    },
    "yaw_rad": 0.9897608177335419,
    "linear_vel": {
      "x": 0.18836283816524785,
      "y": 2.305234445098127e-06
    },
    "angular_vel_z": -0.004762044186675384
  }
}