{
  "frame_idx": 7,
  "ros_stamp": 1233.9,
  "wall_time": 1776685159.3887813,
  "prompt": "enter small shelf row",
  "goal_id": "enter_small_shelf_row",
  "goal_pose": {
    "frame_id": "map",
    "x": 3.774,
    "y": 1.856,
    "yaw_rad": -1.5940000000000003
  },
  "odom": {
    "position": {
      "x": -2.669140663982806,
      "y": -5.621430054460512,
      "z": 0.0
    },
    "orientation_quat": {
      "x": 0.0005014464364235247,
      "y": -0.0009363265060497456,
      "z": 0.47206635059375757,
      "w": 0.8815623815029978
    },
    "yaw_rad": 0.9832671507937145,
    "linear_vel": {
      "x": 0.19689759280710234,
      "y": 2.0273007191130084e-06
    },
    "angular_vel_z": -0.041754902492031454
  }
}