{
  "frame_idx": 8,
  "ros_stamp": 1235.9,
  "wall_time": 1776685161.5559187,
  "prompt": "enter small shelf row",
  "goal_id": "enter_small_shelf_row",
  "goal_pose": {
    "frame_id": "map",
    "x": 3.774,
    "y": 1.856,
    "yaw_rad": -1.5940000000000003
  },
  "odom": {
    "position": {
      "x": -2.4645044917009566,
      "y": -5.312306050770672,
      "z": 0.0
    },
    "orientation_quat": {
      "x": 0.0010671773773770173,
      "y": -0.001952824825990859,
      "z": 0.47953371535924344,
      "w": 0.8775206341969426
    },
    "yaw_rad": 1.0002492480105472,
    "linear_vel": {
      "x": 0.19449085148651868,
      "y": 2.882539000962953e-07
    },
    "angular_vel_z": 0.0
  }
}