{
  "frame_idx": 9,
  "ros_stamp": 1237.9,
  "wall_time": 1776685163.688696,
  "prompt": "enter small shelf row",
  "goal_id": "enter_small_shelf_row",
  "goal_pose": {
    "frame_id": "map",
    "x": 3.774,
    "y": 1.856,
    "yaw_rad": -1.5940000000000003
  },
  "odom": {
    "position": {
      "x": -2.2617411126210696,
      "y": -4.9927026878101985,
      "z": 0.0
    },
    "orientation_quat": {
      "x": 0.0010712510122338037,
      "y": -0.001952913531805811,
      "z": 0.4809228681903219,
      "w": 0.8767600774451357
    },
    "yaw_rad": 1.0034167107718002,
    "linear_vel": {
      "x": 0.19382350497131595,
      "y": -9.823594217733345e-07
    },
    "angular_vel_z": -0.008829041491277528
  }
}