{
  "frame_idx": 10,
  "ros_stamp": 1239.9,
  "wall_time": 1776685165.7989123,
  "prompt": "enter small shelf row",
  "goal_id": "enter_small_shelf_row",
  "goal_pose": {
    "frame_id": "map",
    "x": 3.774,
    "y": 1.856,
    "yaw_rad": -1.5940000000000003
  },
  "odom": {
    "position": {
      "x": -2.057411106855239,
      "y": -4.675512683809291,
      "z": 0.0
    },
    "orientation_quat": {
      "x": 0.00043981696474984386,
      "y": -0.000806950789135268,
      "z": 0.47853281883653653,
      "w": 0.8780691867317859
    },
    "yaw_rad": 0.9979665273674625,
    "linear_vel": {
      "x": 0.18071850448764099,
      "y": -6.292313254520495e-07
    },
    "angular_vel_z": 0.010274702745890457
  }
}