{
  "frame_idx": 11,
  "ros_stamp": 1241.9,
  "wall_time": 1776685167.985224,
  "prompt": "enter small shelf row",
  "goal_id": "enter_small_shelf_row",
  "goal_pose": {
    "frame_id": "map",
    "x": 3.774,
    "y": 1.856,
    "yaw_rad": -1.5940000000000003
  },
  "odom": {
    "position": {
      "x": -1.8514669565285928,
      "y": -4.36395871452373,
      "z": 0.0
    },
    "orientation_quat": {
      "x": 0.000536308707672531,
      "y": -0.0010018152765707883,
      "z": 0.4719406118497598,
      "w": 0.8816296090910264
    },
    "yaw_rad": 0.9829819856280558,
    "linear_vel": {
      "x": 0.19055269656851867,
      "y": 3.796824740866884e-07
    },
    "angular_vel_z": -0.014608720632126971
  }
}