{
  "frame_idx": 12,
  "ros_stamp": 1243.9,
  "wall_time": 1776685170.084598,
  "prompt": "enter small shelf row",
  "goal_id": "enter_small_shelf_row",
  "goal_pose": {
    "frame_id": "map",
    "x": 3.774,
    "y": 1.856,
    "yaw_rad": -1.5940000000000003
  },
  "odom": {
    "position": {
      "x": -1.6424950556871647,
      "y": -4.052807917150317,
      "z": 0.0
    },
    "orientation_quat": {
      "x": -0.0010499361067366447,
      "y": 0.001959452677714826,
      "z": 0.47231372914116476,
      "w": 0.8814277051716392
    },
    "yaw_rad": 0.9838304643337406,
    "linear_vel": {
      "x": 0.19179977708299,
      "y": 1.477106172410327e-06
    },
    "angular_vel_z": -0.0021083128421127955
  }
}