{
  "frame_idx": 13,
  "ros_stamp": 1245.9,
  "wall_time": 1776685172.2498116,
  "prompt": "enter small shelf row",
  "goal_id": "enter_small_shelf_row",
  "goal_pose": {
    "frame_id": "map",
    "x": 3.774,
    "y": 1.856,
    "yaw_rad": -1.5940000000000003
  },
  "odom": {
    "position": {
      "x": -1.4304863283911124,
      "y": -3.736587724464742,
      "z": 0.0
    },
    "orientation_quat": {
      "x": -0.0008875322838703384,
      "y": 0.0016737844584166011,
      "z": 0.46848554828825983,
      "w": 0.8834691289326868
    },
    "yaw_rad": 0.9751534858230856,
    "linear_vel": {
      "x": 0.18529471462568864,
      "y": 1.3050304121773086e-05
    },
    "angular_vel_z": -0.026333428981034544
  }
}