{
  "frame_idx": 14,
  "ros_stamp": 1247.9,
  "wall_time": 1776685174.384641,
  "prompt": "enter small shelf row",
  "goal_id": "enter_small_shelf_row",
  "goal_pose": {
    "frame_id": "map",
    "x": 3.774,
    "y": 1.856,
    "yaw_rad": -1.5940000000000003
  },
  "odom": {
    "position": {
      "x": -1.2125105054594918,
      "y": -3.4150182071773947,
      "z": 0.0
    },
    "orientation_quat": {
      "x": 0.0010372805166375496,
      "y": -0.001966101526461218,
      "z": 0.4666083121834016,
      "w": 0.884461271902436
    },
    "yaw_rad": 0.9709068946454988,
    "linear_vel": {
      "x": 0.20086839998689215,
      "y": -2.593564765162866e-06
    },
    "angular_vel_z": -0.01990287685177116
  }
}