{
  "frame_idx": 15,
  "ros_stamp": 1249.9,
  "wall_time": 1776685176.4761484,
  "prompt": "enter small shelf row",
  "goal_id": "enter_small_shelf_row",
  "goal_pose": {
    "frame_id": "map",
    "x": 3.774,
    "y": 1.856,
    "yaw_rad": -1.5940000000000003
  },
  "odom": {
    "position": {
      "x": -0.9986991035640452,
      "y": -3.1038666878935937,
      "z": 0.0
    },
    "orientation_quat": {
      "x": -0.0006141375777917277,
      "y": 0.0011767448046638082,
      "z": 0.4626964762017315,
      "w": 0.8865157691869902
    },
    "yaw_rad": 0.9620698106387631,
    "linear_vel": {
      "x": 0.1872163545911091,
      "y": 9.114698545887538e-08
    },
    "angular_vel_z": 0.0005090748782189986
  }
}