{
  "frame_idx": 16,
  "ros_stamp": 1251.9,
  "wall_time": 1776685178.6800227,
  "prompt": "enter small shelf row",
  "goal_id": "enter_small_shelf_row",
  "goal_pose": {
    "frame_id": "map",
    "x": 3.774,
    "y": 1.856,
    "yaw_rad": -1.5940000000000003
  },
  "odom": {
    "position": {
      "x": -0.7753683084695395,
      "y": -2.777544187629151,
      "z": 0.0
    },
    "orientation_quat": {
      "x": 0.001044316193091507,
      "y": -0.001970936090683912,
      "z": 0.46818241637769464,
      "w": 0.8836290227291984
    },
    "yaw_rad": 0.9744680513645823,
    "linear_vel": {
      "x": 0.19749640715579458,
      "y": 1.5360620445471328e-06
    },
    "angular_vel_z": 0.00810367588636487
  }
}