{
  "frame_idx": 17,
  "ros_stamp": 1253.9,
  "wall_time": 1776685180.779084,
  "prompt": "enter small shelf row",
  "goal_id": "enter_small_shelf_row",
  "goal_pose": {
    "frame_id": "map",
    "x": 3.774,
    "y": 1.856,
    "yaw_rad": -1.5940000000000003
  },
  "odom": {
    "position": {
      "x": -0.5690691551016788,
      "y": -2.483517568453793,
      "z": 0.0
    },
    "orientation_quat": {
      "x": 0.0008619008028041644,
      "y": -0.0017170181123403359,
      "z": 0.4486059672369397,
      "w": 0.8937275844099352
    },
    "yaw_rad": 0.9304117223010279,
    "linear_vel": {
      "x": 0.18894643033444686,
      "y": -5.422351680549743e-07
    },
    "angular_vel_z": -0.00297042982335488
  }
}