{
  "frame_idx": 18,
  "ros_stamp": 1255.9,
  "wall_time": 1776685182.9220881,
  "prompt": "enter small shelf row",
  "goal_id": "enter_small_shelf_row",
  "goal_pose": {
    "frame_id": "map",
    "x": 3.774,
    "y": 1.856,
    "yaw_rad": -1.5940000000000003
  },
  "odom": {
    "position": {
      "x": -0.3463352456624955,
      "y": -2.186073972404923,
      "z": 0.0
    },
    "orientation_quat": {
      "x": 0.0010031633485941337,
      "y": -0.001989599576173799,
      "z": 0.4501995203109172,
      "w": 0.8929252079926082
    },
    "yaw_rad": 0.9339800460202098,
    "linear_vel": {
      "x": 0.19362779956003937,
      "y": 5.126582411553058e-06
    },
    "angular_vel_z": 0.031896654962220626
  }
}