{
  "frame_idx": 19,
  "ros_stamp": 1257.9,
  "wall_time": 1776685185.0766068,
  "prompt": "enter small shelf row",
  "goal_id": "enter_small_shelf_row",
  "goal_pose": {
    "frame_id": "map",
    "x": 3.774,
    "y": 1.856,
    "yaw_rad": -1.5940000000000003
  },
  "odom": {
    "position": {
      "x": -0.12477473225200154,
      "y": -1.8797199290694933,
      "z": 0.0
    },
    "orientation_quat": {
      "x": 0.0007220248753463613,
      "y": -0.0014021847594651487,
      "z": 0.4577724060553106,
      "w": 0.8890680158527308
    },
    "yaw_rad": 0.950977367220611,
    "linear_vel": {
      "x": 0.18812869157552972,
      "y": -6.578573353112956e-07
    },
    "angular_vel_z": -0.014467268999100785
  }
}