{
  "frame_idx": 20,
  "ros_stamp": 1259.9,
  "wall_time": 1776685187.1882608,
  "prompt": "enter small shelf row",
  "goal_id": "enter_small_shelf_row",
  "goal_pose": {
    "frame_id": "map",
    "x": 3.774,
    "y": 1.856,
    "yaw_rad": -1.5940000000000003
  },
  "odom": {
    "position": {
      "x": 0.1097413082072072,
      "y": -1.5537880712212113,
      "z": 0.0
    },
    "orientation_quat": {
      "x": -0.000909769468817671,
      "y": 0.0018002728878367695,
      "z": 0.45104240692762404,
      "w": 0.8925002400503759
    },
    "yaw_rad": 0.9358679652385765,
    "linear_vel": {
      "x": 0.18617314533271034,
      "y": 4.827449665957084e-06
    },
    "angular_vel_z": -0.009409967629089543
  }
}