{
  "frame_idx": 21,
  "ros_stamp": 1261.9,
  "wall_time": 1776685189.3896382,
  "prompt": "enter small shelf row",
  "goal_id": "enter_small_shelf_row",
  "goal_pose": {
    "frame_id": "map",
    "x": 3.774,
    "y": 1.856,
    "yaw_rad": -1.5940000000000003
  },
  "odom": {
    "position": {
      "x": 0.32452367696022133,
      "y": -1.2650378024387583,
      "z": 0.0
    },
    "orientation_quat": {
      "x": -0.0006057787889434261,
      "y": 0.001233542909335517,
      "z": 0.4408271540102854,
      "w": 0.8975909601211132
    },
    "yaw_rad": 0.913040908995179,
    "linear_vel": {
      "x": 0.17728766946785315,
      "y": 1.487497833592053e-05
    },
    "angular_vel_z": -0.0378174283804283
  }
}