{
  "frame_idx": 22,
  "ros_stamp": 1263.9,
  "wall_time": 1776685191.4784832,
  "prompt": "enter small shelf row",
  "goal_id": "enter_small_shelf_row",
  "goal_pose": {
    "frame_id": "map",
    "x": 3.774,
    "y": 1.856,
    "yaw_rad": -1.5940000000000003
  },
  "odom": {
    "position": {
      "x": 0.558121465927043,
      "y": -0.9691472692351468,
      "z": 0.0
    },
    "orientation_quat": {
      "x": 0.0009859973841833737,
      "y": -0.00200810212896593,
      "z": 0.44073424965844,
      "w": 0.8976348458660737
    },
    "yaw_rad": 0.9128354357969709,
    "linear_vel": {
      "x": 0.20116793814194267,
      "y": 1.9508977934859506e-06
    },
    "angular_vel_z": 0.012059354704649491
  }
}