{
  "frame_idx": 23,
  "ros_stamp": 1265.9,
  "wall_time": 1776685193.6209908,
  "prompt": "enter small shelf row",
  "goal_id": "enter_small_shelf_row",
  "goal_pose": {
    "frame_id": "map",
    "x": 3.774,
    "y": 1.856,
    "yaw_rad": -1.5940000000000003
  },
  "odom": {
    "position": {
      "x": 0.7892437968696859,
      "y": -0.6575692630399907,
      "z": 0.0
    },
    "orientation_quat": {
      "x": -0.0006580608834381482,
      "y": 0.0012808992046125952,
      "z": 0.4569935553849548,
      "w": 0.8894688395833322
    },
    "yaw_rad": 0.9492254887339571,
    "linear_vel": {
      "x": 0.18488870547479164,
      "y": -1.970071276140219e-06
    },
    "angular_vel_z": 0.005262996199004056
  }
}