{
  "frame_idx": 24,
  "ros_stamp": 1267.9,
  "wall_time": 1776685195.769417,
  "prompt": "enter small shelf row",
  "goal_id": "enter_small_shelf_row",
  "goal_pose": {
    "frame_id": "map",
    "x": 3.774,
    "y": 1.856,
    "yaw_rad": -1.5940000000000003
  },
  "odom": {
    "position": {
      "x": 1.0099365679305519,
      "y": -0.3562450045059321,
      "z": 0.0
    },
    "orientation_quat": {
      "x": -0.0003724936156293404,
      "y": 0.0007460162439020014,
      "z": 0.4467722304460338,
      "w": 0.8946473488534721
    },
    "yaw_rad": 0.9263087647189487,
    "linear_vel": {
      "x": 0.19851610236925585,
      "y": 1.0680833882205473e-05
    },
    "angular_vel_z": -0.03079728316667619
  }
}