{
  "frame_idx": 25,
  "ros_stamp": 1269.9,
  "wall_time": 1776685197.8661084,
  "prompt": "enter small shelf row",
  "goal_id": "enter_small_shelf_row",
  "goal_pose": {
    "frame_id": "map",
    "x": 3.774,
    "y": 1.856,
    "yaw_rad": -1.5940000000000003
  },
  "odom": {
    "position": {
      "x": 1.236409960582133,
      "y": -0.05638137882674365,
      "z": 0.0
    },
    "orientation_quat": {
      "x": 0.00013263018790849598,
      "y": -0.00026689890013336054,
      "z": 0.4449140113300536,
      "w": 0.8955732430663677
    },
    "yaw_rad": 0.9221565307502171,
    "linear_vel": {
      "x": 0.1913363399422177,
      "y": 3.265256143575768e-06
    },
    "angular_vel_z": -0.021784493699821914
  }
}