{
  "frame_idx": 26,
  "ros_stamp": 1271.9,
  "wall_time": 1776685200.0516808,
  "prompt": "enter small shelf row",
  "goal_id": "enter_small_shelf_row",
  "goal_pose": {
    "frame_id": "map",
    "x": 3.774,
    "y": 1.856,
    "yaw_rad": -1.5940000000000003
  },
  "odom": {
    "position": {
      "x": 1.4622598717775432,
      "y": 0.23995513417383404,
      "z": 0.0
    },
    "orientation_quat": {
      "x": 0.0005281859758366962,
      "y": -0.001097696831682209,
      "z": 0.4335684095130691,
      "w": 0.9011198312952325
    },
    "yaw_rad": 0.8968986949779761,
    "linear_vel": {
      "x": 0.180759438375581,
      "y": -2.7670165470960323e-07
    },
    "angular_vel_z": -0.0257928105350201
  }
}