{
  "frame_idx": 27,
  "ros_stamp": 1273.9,
  "wall_time": 1776685202.1497204,
  "prompt": "enter small shelf row",
  "goal_id": "enter_small_shelf_row",
  "goal_pose": {
    "frame_id": "map",
    "x": 3.774,
    "y": 1.856,
    "yaw_rad": -1.5940000000000003
  },
  "odom": {
    "position": {
      "x": 1.6772371089428315,
      "y": 0.49914239757422424,
      "z": 0.0
    },
    "orientation_quat": {
      "x": 0.0009370001694858426,
      "y": -0.0020195809094198163,
      "z": 0.4208471913636926,
      "w": 0.9071288138103233
    },
    "yaw_rad": 0.8687603820774894,
    "linear_vel": {
      "x": 0.17551864769424236,
      "y": -3.0612459270336237e-06
    },
    "angular_vel_z": -0.018147258189311878
  }
}