{
  "frame_idx": 28,
  "ros_stamp": 1275.9,
  "wall_time": 1776685204.2968297,
  "prompt": "enter small shelf row",
  "goal_id": "enter_small_shelf_row",
  "goal_pose": {
    "frame_id": "map",
    "x": 3.774,
    "y": 1.856,
    "yaw_rad": -1.5940000000000003
  },
  "odom": {
    "position": {
      "x": 1.8956744089358382,
      "y": 0.7700134169453404,
      "z": 0.0
    },
    "orientation_quat": {
      "x": 0.000995852451660262,
      "y": -0.001990488703534354,
      "z": 0.44670003863195107,
      "w": 0.8946810167421846
    },
    "yaw_rad": 0.9261494999049689,
    "linear_vel": {
      "x": 0.1768275289727365,
      "y": 8.143224493385747e-06
    },
    "angular_vel_z": 0.04477097115120939
  }
}