{
  "frame_idx": 29,
  "ros_stamp": 1277.9,
  "wall_time": 1776685206.46471,
  "prompt": "enter small shelf row",
  "goal_id": "enter_small_shelf_row",
  "goal_pose": {
    "frame_id": "map",
    "x": 3.774,
    "y": 1.856,
    "yaw_rad": -1.5940000000000003
  },
  "odom": {
    "position": {
      "x": 2.0830859503260624,
      "y": 1.037256605013026,
      "z": 0.0
    },
    "orientation_quat": {
      "x": -0.0010409250996938858,
      "y": 0.001964134607028991,
      "z": 0.46828226089539404,
      "w": 0.8835761329850872
    },
    "yaw_rad": 0.9746940278909813,
    "linear_vel": {
      "x": 0.15998394611292438,
      "y": 1.1171463586219141e-06
    },
    "angular_vel_z": 0.0
  }
}