{
  "frame_idx": 30,
  "ros_stamp": 1279.9,
  "wall_time": 1776685208.558351,
  "prompt": "enter small shelf row",
  "goal_id": "enter_small_shelf_row",
  "goal_pose": {
    "frame_id": "map",
    "x": 3.774,
    "y": 1.856,
    "yaw_rad": -1.5940000000000003
  },
  "odom": {
    "position": {
      "x": 2.2832477468617807,
      "y": 1.311152431853556,
      "z": 0.0
    },
    "orientation_quat": {
      "x": 8.098603905669823e-06,
      "y": -1.7090386376619813e-05,
      "z": 0.42442017043475067,
      "w": 0.9054653602267004
    },
    "yaw_rad": 0.8766428462882372,
    "linear_vel": {
      "x": 0.16091649485888926,
      "y": 1.1224562174682023e-05
    },
    "angular_vel_z": -0.08072136594947985
  }
}