{
  "frame_idx": 31,
  "ros_stamp": 1281.9,
  "wall_time": 1776685210.7568083,
  "prompt": "enter small shelf row",
  "goal_id": "enter_small_shelf_row",
  "goal_pose": {
    "frame_id": "map",
    "x": 3.774,
    "y": 1.856,
    "yaw_rad": -1.5940000000000003
  },
  "odom": {
    "position": {
      "x": 2.4482478319726564,
      "y": 1.4828317085723195,
      "z": 0.0
    },
    "orientation_quat": {
      "x": -0.0007724494454505523,
      "y": 0.002085715548197981,
      "z": 0.34733151054667993,
      "w": 0.9377397692824314
    },
    "yaw_rad": 0.709449723818524,
    "linear_vel": {
      "x": 0.08397857757224346,
      "y": 4.008929699006358e-05
    },
    "angular_vel_z": -0.0930426563246586
  }
}