{
  "frame_idx": 32,
  "ros_stamp": 1283.9,
  "wall_time": 1776685212.8583705,
  "prompt": "enter small shelf row",
  "goal_id": "enter_small_shelf_row",
  "goal_pose": {
    "frame_id": "map",
    "x": 3.774,
    "y": 1.856,
    "yaw_rad": -1.5940000000000003
  },
  "odom": {
    "position": {
      "x": 2.6998051524629703,
      "y": 1.6365340642098496,
      "z": 0.0
    },
    "orientation_quat": {
      "x": 0.0002117108869078315,
      "y": -0.0010499845960252599,
      "z": 0.20081962286773827,
      "w": 0.9796276495598253
    },
    "yaw_rad": 0.4043892754146321,
    "linear_vel": {
      "x": 0.16045084554021277,
      "y": -4.7203874350840646e-07
    },
    "angular_vel_z": -0.12662950554111307
  }
}