{
  "frame_idx": 33,
  "ros_stamp": 1285.9,
  "wall_time": 1776685214.9906385,
  "prompt": "enter small shelf row",
  "goal_id": "enter_small_shelf_row",
  "goal_pose": {
    "frame_id": "map",
    "x": 3.774,
    "y": 1.856,
    "yaw_rad": -1.5940000000000003
  },
  "odom": {
    "position": {
      "x": 3.0061701041403004,
      "y": 1.7281397407570327,
      "z": 0.0
    },
    "orientation_quat": {
      "x": 6.806825268260084e-05,
      "y": -0.0006983909044707434,
      "z": 0.09676312747968745,
      "w": 0.9953071911612049
    },
    "yaw_rad": 0.19382958321466787,
    "linear_vel": {
      "x": 0.1654653251164508,
      "y": 4.324235653039232e-06
    },
    "angular_vel_z": -0.08167507620600134
  }
}