{
  "frame_idx": 34,
  "ros_stamp": 1287.9,
  "wall_time": 1776685217.155676,
  "prompt": "enter small shelf row",
  "goal_id": "enter_small_shelf_row",
  "goal_pose": {
    "frame_id": "map",
    "x": 3.774,
    "y": 1.856,
    "yaw_rad": -1.5940000000000003
  },
  "odom": {
    "position": {
      "x": 3.3236294062560536,
      "y": 1.7731218184536033,
      "z": 0.0
    },
    "orientation_quat": {
      "x": -0.00011229682964228457,
      "y": 0.002224220223185315,
      "z": 0.05044974126754236,
      "w": 0.9987241179824681
    },
    "yaw_rad": 0.10094258359069014,
    "linear_vel": {
      "x": 0.1412985542090615,
      "y": 4.655929815604945e-05
    },
    "angular_vel_z": -0.09468141164773933
  }
}