{
  "frame_idx": 35,
  "ros_stamp": 1289.9,
  "wall_time": 1776685219.2493222,
  "prompt": "enter small shelf row",
  "goal_id": "enter_small_shelf_row",
  "goal_pose": {
    "frame_id": "map",
    "x": 3.774,
    "y": 1.856,
    "yaw_rad": -1.5940000000000003
  },
  "odom": {
    "position": {
      "x": 3.57669402354736,
      "y": 1.7706715568399136,
      "z": 0.0
    },
    "orientation_quat": {
      "x": 0.00015395488407574548,
      "y": 0.002214262602523399,
      "z": -0.06817072905914492,
      "w": 0.9976712008665808
    },
    "yaw_rad": -0.13644760655557625,
    "linear_vel": {
      "x": 0.09861715588276362,
      "y": 5.486539157563996e-05
    },
    "angular_vel_z": -0.11980304227491159
  }
}