{
  "frame_idx": 36,
  "ros_stamp": 1291.9,
  "wall_time": 1776685221.4123676,
  "prompt": "enter small shelf row",
  "goal_id": "enter_small_shelf_row",
  "goal_pose": {
    "frame_id": "map",
    "x": 3.774,
    "y": 1.856,
    "yaw_rad": -1.5940000000000003
  },
  "odom": {
    "position": {
      "x": 3.7107092263845494,
      "y": 1.7372734887319294,
      "z": 0.0
    },
    "orientation_quat": {
      "x": 0.00043267919572388317,
      "y": 0.0021848321687373677,
      "z": -0.1942406405956147,
      "w": 0.9809513814853993
    },
    "yaw_rad": -0.39096755745907247,
    "linear_vel": {
      "x": 0.04274420393967222,
      "y": 5.2594303727309245e-05
    },
    "angular_vel_z": -0.13315554596057053
  }
}