{
  "frame_idx": 37,
  "ros_stamp": 1293.9,
  "wall_time": 1776685223.5312722,
  "prompt": "enter small shelf row",
  "goal_id": "enter_small_shelf_row",
  "goal_pose": {
    "frame_id": "map",
    "x": 3.774,
    "y": 1.856,
    "yaw_rad": -1.5940000000000003
  },
  "odom": {
    "position": {
      "x": 3.7501197846268144,
      "y": 1.7162685300818874,
      "z": 0.0
    },
    "orientation_quat": {
      "x": 0.0007204769642651316,
      "y": 0.002102685592117089,
      "z": -0.3241119204222557,
      "w": 0.9460161323499944
    },
    "yaw_rad": -0.6601473366694861,
    "linear_vel": {
      "x": 0.005039093589486382,
      "y": 4.14079989615273e-05
    },
    "angular_vel_z": -0.11714614492406517
  }
}