{
  "frame_idx": 38,
  "ros_stamp": 1295.9,
  "wall_time": 1776685225.6677089,
  "prompt": "enter small shelf row",
  "goal_id": "enter_small_shelf_row",
  "goal_pose": {
    "frame_id": "map",
    "x": 3.774,
    "y": 1.856,
    "yaw_rad": -1.5940000000000003
  },
  "odom": {
    "position": {
      "x": 3.752023862902512,
      "y": 1.7147097130320499,
      "z": 0.0
    },
    "orientation_quat": {
      "x": 0.0009725873064480043,
      "y": 0.001998689318165549,
      "z": -0.43754100491026193,
      "w": 0.8991957119209694
    },
    "yaw_rad": -0.905726795656182,
    "linear_vel": {
      "x": 0.00028725735711284257,
      "y": 4.350802922530844e-05
    },
    "angular_vel_z": -0.12488470830052081
  }
}