{
  "frame_idx": 39,
  "ros_stamp": 1297.9,
  "wall_time": 1776685227.86312,
  "prompt": "enter small shelf row",
  "goal_id": "enter_small_shelf_row",
  "goal_pose": {
    "frame_id": "map",
    "x": 3.774,
    "y": 1.856,
    "yaw_rad": -1.5940000000000003
  },
  "odom": {
    "position": {
      "x": 3.7520922923188422,
      "y": 1.7147458557895354,
      "z": 0.0
    },
    "orientation_quat": {
      "x": 0.0011796061493347908,
      "y": 0.0018838475998839102,
      "z": -0.5306993834003483,
      "w": 0.8475572099310129
    },
    "yaw_rad": -1.1188541432549484,
    "linear_vel": {
      "x": 2.7907495408973906e-07,
      "y": 3.6694641217793595e-05
    },
    "angular_vel_z": -0.10415177658311973
  }
}