{
  "frame_idx": 40,
  "ros_stamp": 1299.9,
  "wall_time": 1776685229.952765,
  "prompt": "enter small shelf row",
  "goal_id": "enter_small_shelf_row",
  "goal_pose": {
    "frame_id": "map",
    "x": 3.774,
    "y": 1.856,
    "yaw_rad": -1.5940000000000003
  },
  "odom": {
    "position": {
      "x": 3.7521518535325833,
      "y": 1.7147676640606737,
      "z": 0.0
    },
    "orientation_quat": {
      "x": 0.001341484215783616,
      "y": 0.0017722273728088128,
      "z": -0.6035321205274923,
      "w": 0.7973355875174684
    },
    "yaw_rad": -1.2958509560612166,
    "linear_vel": {
      "x": 1.7001581572558218e-07,
      "y": 2.918166293575021e-05
    },
    "angular_vel_z": -0.08240264173425901
  }
}