{
  "frame_idx": 0,
  "ros_stamp": 491.9,
  "wall_time": 1776684365.526633,
  "prompt": "staging area",
  "goal_id": "box_staging_area",
  "goal_pose": {
    "frame_id": "map",
    "x": 1.545,
    "y": 6.535,
    "yaw_rad": 1.485
  },
  "odom": {
    "position": {
      "x": 5.265799844627283,
      "y": -6.052258455447651,
      "z": 0.0
    },
    "orientation_quat": {
      "x": -0.0021690332056159066,
      "y": -7.960596043575046e-05,
      "z": 0.9993152393883669,
      "w": -0.03693699072765884
    },
    "yaw_rad": -3.067701687003644,
    "linear_vel": {
      "x": 0.028119628989100826,
      "y": 6.573400710493043e-05
    },
    "angular_vel_z": -0.18272785945965347
  }
}