{
  "frame_idx": 1,
  "ros_stamp": 493.9,
  "wall_time": 1776684367.6753793,
  "prompt": "staging area",
  "goal_id": "box_staging_area",
  "goal_pose": {
    "frame_id": "map",
    "x": 1.545,
    "y": 6.535,
    "yaw_rad": 1.485
  },
  "odom": {
    "position": {
      "x": 5.274080928396624,
      "y": -6.0525247254419705,
      "z": 0.0
    },
    "orientation_quat": {
      "x": 0.0022224373670170433,
      "y": 3.7119745315994165e-05,
      "z": 0.9998576208758193,
      "w": -0.01672714473006156
    },
    "yaw_rad": -3.1081367209394686,
    "linear_vel": {
      "x": -0.0023163739821151085,
      "y": 1.0710919782938474e-05
    },
    "angular_vel_z": -0.008126089703940596
  }
}