{
  "frame_idx": 2,
  "ros_stamp": 495.9,
  "wall_time": 1776684369.8519783,
  "prompt": "staging area",
  "goal_id": "box_staging_area",
  "goal_pose": {
    "frame_id": "map",
    "x": 1.545,
    "y": 6.535,
    "yaw_rad": 1.485
  },
  "odom": {
    "position": {
      "x": 5.280076987327912,
      "y": -6.053006547580699,
      "z": 0.0
    },
    "orientation_quat": {
      "x": 0.0022232066713722028,
      "y": 1.3338344884405304e-05,
      "z": 0.9999793677426708,
      "w": -0.00602671246645449
    },
    "yaw_rad": -3.129539125630841,
    "linear_vel": {
      "x": -0.004818564578589363,
      "y": 4.482795298862719e-06
    },
    "angular_vel_z": -0.017490632428475518
  }
}