{
  "frame_idx": 3,
  "ros_stamp": 497.9,
  "wall_time": 1776684371.9528153,
  "prompt": "staging area",
  "goal_id": "box_staging_area",
  "goal_pose": {
    "frame_id": "map",
    "x": 1.545,
    "y": 6.535,
    "yaw_rad": 1.485
  },
  "odom": {
    "position": {
      "x": 5.280636413354245,
      "y": -6.053600956295571,
      "z": 0.0
    },
    "orientation_quat": {
      "x": 0.002222701544036499,
      "y": 1.1071825419574477e-05,
      "z": 0.9999849874666111,
      "w": -0.005008424568907924
    },
    "yaw_rad": -3.1315757375599396,
    "linear_vel": {
      "x": 0.0011238475987105894,
      "y": 0.0006282336794535187
    },
    "angular_vel_z": 0.0040937178621390565
  }
}