{
  "frame_idx": 4,
  "ros_stamp": 499.9,
  "wall_time": 1776684374.121157,
  "prompt": "staging area",
  "goal_id": "box_staging_area",
  "goal_pose": {
    "frame_id": "map",
    "x": 1.545,
    "y": 6.535,
    "yaw_rad": 1.485
  },
  "odom": {
    "position": {
      "x": 5.29123511110015,
      "y": -6.053614554111637,
      "z": 0.0
    },
    "orientation_quat": {
      "x": 0.0022222675817185947,
      "y": -3.65239539815968e-05,
      "z": 0.9998661959094466,
      "w": 0.01620649469713189
    },
    "yaw_rad": 3.1091781673188064,
    "linear_vel": {
      "x": 0.0006988006211685362,
      "y": -0.0012838331521489864
    },
    "angular_vel_z": 0.0025208988363375276
  }
}