{
  "frame_idx": 5,
  "ros_stamp": 501.9,
  "wall_time": 1776684376.2530391,
  "prompt": "staging area",
  "goal_id": "box_staging_area",
  "goal_pose": {
    "frame_id": "map",
    "x": 1.545,
    "y": 6.535,
    "yaw_rad": 1.485
  },
  "odom": {
    "position": {
      "x": 5.293827237022729,
      "y": -6.051567385533865,
      "z": 0.0
    },
    "orientation_quat": {
      "x": 0.002219983720787253,
      "y": -6.723295364348659e-05,
      "z": 0.9995806533964695,
      "w": 0.028871863595834678
    },
    "yaw_rad": 3.0838407723409147,
    "linear_vel": {
      "x": -0.0037647107756307837,
      "y": 6.9407465932590475e-06
    },
    "angular_vel_z": -0.0422803640442105
  }
}