{
  "frame_idx": 6,
  "ros_stamp": 503.9,
  "wall_time": 1776684378.377509,
  "prompt": "staging area",
  "goal_id": "box_staging_area",
  "goal_pose": {
    "frame_id": "map",
    "x": 1.545,
    "y": 6.535,
    "yaw_rad": 1.485
  },
  "odom": {
    "position": {
      "x": 5.251719954663525,
      "y": -6.043640716691408,
      "z": 0.0
    },
    "orientation_quat": {
      "x": 0.00028470332647827283,
      "y": -3.376041276624161e-05,
      "z": 0.9911584216618895,
      "w": 0.13268346156534552
    },
    "yaw_rad": 2.875440856719527,
    "linear_vel": {
      "x": 0.030918604562304754,
      "y": -2.487577518129583e-06
    },
    "angular_vel_z": -0.15224112154543104
  }
}