{
  "frame_idx": 7,
  "ros_stamp": 505.9,
  "wall_time": 1776684380.568953,
  "prompt": "staging area",
  "goal_id": "box_staging_area",
  "goal_pose": {
    "frame_id": "map",
    "x": 1.545,
    "y": 6.535,
    "yaw_rad": 1.485
  },
  "odom": {
    "position": {
      "x": 5.231237400338835,
      "y": -6.036853063357765,
      "z": 0.0
    },
    "orientation_quat": {
      "x": -0.0001521458214939407,
      "y": 3.2457791490179696e-05,
      "z": 0.9749447449584931,
      "w": 0.22244711748179474
    },
    "yaw_rad": 2.6929451251677006,
    "linear_vel": {
      "x": 0.01044868084017313,
      "y": 6.466171289798835e-08
    },
    "angular_vel_z": -0.0389738254117394
  }
}