{
  "frame_idx": 8,
  "ros_stamp": 507.9,
  "wall_time": 1776684382.6775813,
  "prompt": "staging area",
  "goal_id": "box_staging_area",
  "goal_pose": {
    "frame_id": "map",
    "x": 1.545,
    "y": 6.535,
    "yaw_rad": 1.485
  },
  "odom": {
    "position": {
      "x": 5.029006881332423,
      "y": -5.920939101083096,
      "z": 0.0
    },
    "orientation_quat": {
      "x": 0.0021436490204228493,
      "y": -0.0006036503524598371,
      "z": 0.9625666490420637,
      "w": 0.2710359506173707
    },
    "yaw_rad": 2.5926530501341345,
    "linear_vel": {
      "x": 0.16533155575723826,
      "y": 3.810068095114053e-06
    },
    "angular_vel_z": 0.018639378875509156
  }
}