{
  "frame_idx": 9,
  "ros_stamp": 509.9,
  "wall_time": 1776684384.8588471,
  "prompt": "staging area",
  "goal_id": "box_staging_area",
  "goal_pose": {
    "frame_id": "map",
    "x": 1.545,
    "y": 6.535,
    "yaw_rad": 1.485
  },
  "odom": {
    "position": {
      "x": 4.81163712339148,
      "y": -5.808900872308258,
      "z": 0.0
    },
    "orientation_quat": {
      "x": -0.002190331852588389,
      "y": 0.00038424794362623775,
      "z": 0.984943920792874,
      "w": 0.17285984985835828
    },
    "yaw_rad": 2.7941267998656327,
    "linear_vel": {
      "x": 0.07559253168237032,
      "y": -5.958671093246096e-05
    },
    "angular_vel_z": 0.13938583506758678
  }
}