{
  "frame_idx": 10,
  "ros_stamp": 511.9,
  "wall_time": 1776684386.9798725,
  "prompt": "staging area",
  "goal_id": "box_staging_area",
  "goal_pose": {
    "frame_id": "map",
    "x": 1.545,
    "y": 6.535,
    "yaw_rad": 1.485
  },
  "odom": {
    "position": {
      "x": 4.6594132150537035,
      "y": -5.7744462645273495,
      "z": 0.0
    },
    "orientation_quat": {
      "x": -9.892643141759323e-05,
      "y": 8.139076067955045e-06,
      "z": 0.9965639350235412,
      "w": 0.08282700983201013
    },
    "yaw_rad": 2.9757486395477,
    "linear_vel": {
      "x": 0.08670857857509992,
      "y": -6.103451773397235e-06
    },
    "angular_vel_z": 0.05023032533399933
  }
}