{
  "frame_idx": 11,
  "ros_stamp": 513.9,
  "wall_time": 1776684389.1006048,
  "prompt": "staging area",
  "goal_id": "box_staging_area",
  "goal_pose": {
    "frame_id": "map",
    "x": 1.545,
    "y": 6.535,
    "yaw_rad": 1.485
  },
  "odom": {
    "position": {
      "x": 4.416846830894525,
      "y": -5.725886699954114,
      "z": 0.0
    },
    "orientation_quat": {
      "x": 0.0015451357531676658,
      "y": -0.0002018346535609228,
      "z": 0.9915205862469659,
      "w": 0.1299403665792508
    },
    "yaw_rad": 2.880974661061939,
    "linear_vel": {
      "x": 0.1491337614656507,
      "y": -5.264571840298118e-06
    },
    "angular_vel_z": -0.09115557963406548
  }
}