{
  "frame_idx": 12,
  "ros_stamp": 515.9,
  "wall_time": 1776684391.3005428,
  "prompt": "staging area",
  "goal_id": "box_staging_area",
  "goal_pose": {
    "frame_id": "map",
    "x": 1.545,
    "y": 6.535,
    "yaw_rad": 1.485
  },
  "odom": {
    "position": {
      "x": 4.212731917466604,
      "y": -5.64053291377557,
      "z": 0.0
    },
    "orientation_quat": {
      "x": -0.0005133492284901563,
      "y": 0.0001558514957846413,
      "z": 0.9575355924034168,
      "w": 0.2883145876703404
    },
    "yaw_rad": 2.556660140014049,
    "linear_vel": {
      "x": 0.10374971538371343,
      "y": 3.3970940680477525e-05
    },
    "angular_vel_z": -0.17262329169292626
  }
}