{
  "frame_idx": 13,
  "ros_stamp": 517.9,
  "wall_time": 1776684393.3853734,
  "prompt": "staging area",
  "goal_id": "box_staging_area",
  "goal_pose": {
    "frame_id": "map",
    "x": 1.545,
    "y": 6.535,
    "yaw_rad": 1.485
  },
  "odom": {
    "position": {
      "x": 4.09745069477258,
      "y": -5.534245416128772,
      "z": 0.0
    },
    "orientation_quat": {
      "x": -0.0016409116329783103,
      "y": 0.0007985086350470925,
      "z": 0.8991806778563884,
      "w": 0.43757374048575887
    },
    "yaw_rad": 2.2357938299904854,
    "linear_vel": {
      "x": 0.08240302661048762,
      "y": 6.575913111384651e-05
    },
    "angular_vel_z": -0.17740611028616465
  }
}