{
  "frame_idx": 14,
  "ros_stamp": 519.9,
  "wall_time": 1776684395.55129,
  "prompt": "staging area",
  "goal_id": "box_staging_area",
  "goal_pose": {
    "frame_id": "map",
    "x": 1.545,
    "y": 6.535,
    "yaw_rad": 1.485
  },
  "odom": {
    "position": {
      "x": 4.005361463542451,
      "y": -5.362610424575588,
      "z": 0.0
    },
    "orientation_quat": {
      "x": 0.0006382044721606872,
      "y": -0.00044189577806441204,
      "z": 0.8210335189719316,
      "w": 0.5708794602608681
    },
    "yaw_rad": 1.926438994701248,
    "linear_vel": {
      "x": 0.12621217140884042,
      "y": 1.53043725457957e-06
    },
    "angular_vel_z": -0.12822025683234944
  }
}