{
  "frame_idx": 15,
  "ros_stamp": 521.9,
  "wall_time": 1776684397.6955013,
  "prompt": "staging area",
  "goal_id": "box_staging_area",
  "goal_pose": {
    "frame_id": "map",
    "x": 1.545,
    "y": 6.535,
    "yaw_rad": 1.485
  },
  "odom": {
    "position": {
      "x": 3.9391230760539466,
      "y": -5.08322190967343,
      "z": 0.0
    },
    "orientation_quat": {
      "x": -0.0007721802300492539,
      "y": 0.0006692728830415232,
      "z": 0.7557927216415861,
      "w": 0.6548101386853323
    },
    "yaw_rad": 1.71372897896654,
    "linear_vel": {
      "x": 0.17559684853222982,
      "y": 2.7379175265383197e-05
    },
    "angular_vel_z": -0.08199540731379037
  }
}