{
  "frame_idx": 16,
  "ros_stamp": 523.9,
  "wall_time": 1776684399.8030603,
  "prompt": "staging area",
  "goal_id": "box_staging_area",
  "goal_pose": {
    "frame_id": "map",
    "x": 1.545,
    "y": 6.535,
    "yaw_rad": 1.485
  },
  "odom": {
    "position": {
      "x": 3.9106690728480973,
      "y": -4.733857493856266,
      "z": 0.0
    },
    "orientation_quat": {
      "x": -0.0014254846634564906,
      "y": 0.0013423771255456724,
      "z": 0.7280073356195803,
      "w": 0.6855665433064881
    },
    "yaw_rad": 1.6308257987872377,
    "linear_vel": {
      "x": 0.17855329087994293,
      "y": 5.120753956653795e-06
    },
    "angular_vel_z": -0.010317888919176083
  }
}