{
  "frame_idx": 17,
  "ros_stamp": 525.9,
  "wall_time": 1776684402.006435,
  "prompt": "staging area",
  "goal_id": "box_staging_area",
  "goal_pose": {
    "frame_id": "map",
    "x": 1.545,
    "y": 6.535,
    "yaw_rad": 1.485
  },
  "odom": {
    "position": {
      "x": 3.893101030163487,
      "y": -4.406464476057349,
      "z": 0.0
    },
    "orientation_quat": {
      "x": -0.001604114153590783,
      "y": 0.0015385073028352375,
      "z": 0.7217083350656343,
      "w": 0.6921937148731211
    },
    "yaw_rad": 1.6125394366783101,
    "linear_vel": {
      "x": 0.1667050702851555,
      "y": 1.1035157354681252e-05
    },
    "angular_vel_z": -0.02131076505086317
  }
}