{
  "frame_idx": 18,
  "ros_stamp": 527.9,
  "wall_time": 1776684404.1035557,
  "prompt": "staging area",
  "goal_id": "box_staging_area",
  "goal_pose": {
    "frame_id": "map",
    "x": 1.545,
    "y": 6.535,
    "yaw_rad": 1.485
  },
  "odom": {
    "position": {
      "x": 3.886477677816258,
      "y": -4.060872877337478,
      "z": 0.0
    },
    "orientation_quat": {
      "x": -0.0002460398755468114,
      "y": 0.00024522929000017846,
      "z": 0.7082837665323861,
      "w": 0.7059277479981018
    },
    "yaw_rad": 1.5741282419054168,
    "linear_vel": {
      "x": 0.17085613980196301,
      "y": -1.7466425194448495e-06
    },
    "angular_vel_z": 0.007725084406551191
  }
}