{
  "frame_idx": 19,
  "ros_stamp": 529.9,
  "wall_time": 1776684406.2561657,
  "prompt": "staging area",
  "goal_id": "box_staging_area",
  "goal_pose": {
    "frame_id": "map",
    "x": 1.545,
    "y": 6.535,
    "yaw_rad": 1.485
  },
  "odom": {
    "position": {
      "x": 3.884613892050667,
      "y": -3.714101589825493,
      "z": 0.0
    },
    "orientation_quat": {
      "x": 0.0015846316705145007,
      "y": -0.001568113303817406,
      "z": 0.7107992571964719,
      "w": 0.7033913888668805
    },
    "yaw_rad": 1.5812727085871998,
    "linear_vel": {
      "x": 0.175856824161637,
      "y": -5.311066144106869e-06
    },
    "angular_vel_z": -0.030958879111537673
  }
}