{
  "frame_idx": 20,
  "ros_stamp": 531.9,
  "wall_time": 1776684408.4147134,
  "prompt": "staging area",
  "goal_id": "box_staging_area",
  "goal_pose": {
    "frame_id": "map",
    "x": 1.545,
    "y": 6.535,
    "yaw_rad": 1.485
  },
  "odom": {
    "position": {
      "x": 3.8821870429416343,
      "y": -3.3550141476568083,
      "z": 0.0
    },
    "orientation_quat": {
      "x": 0.0010448941826382387,
      "y": -0.0010380250154443883,
      "z": 0.7094332411964792,
      "w": 0.7047711025472544
    },
    "yaw_rad": 1.5773896055908925,
    "linear_vel": {
      "x": 0.18649294978091785,
      "y": -5.50026241771672e-07
    },
    "angular_vel_z": -0.015038049641738726
  }
}