{
  "frame_idx": 21,
  "ros_stamp": 533.9,
  "wall_time": 1776684410.5240955,
  "prompt": "staging area",
  "goal_id": "box_staging_area",
  "goal_pose": {
    "frame_id": "map",
    "x": 1.545,
    "y": 6.535,
    "yaw_rad": 1.485
  },
  "odom": {
    "position": {
      "x": 3.881717777055616,
      "y": -3.004386371571475,
      "z": 0.0
    },
    "orientation_quat": {
      "x": -0.000788013079517472,
      "y": 0.0007816458252406686,
      "z": 0.7099623735658346,
      "w": 0.704238735221201
    },
    "yaw_rad": 1.5788908008293217,
    "linear_vel": {
      "x": 0.17651574078223306,
      "y": 6.8948369528200954e-06
    },
    "angular_vel_z": -0.020688484392459152
  }
}