{
  "frame_idx": 22,
  "ros_stamp": 535.9,
  "wall_time": 1776684412.7082903,
  "prompt": "staging area",
  "goal_id": "box_staging_area",
  "goal_pose": {
    "frame_id": "map",
    "x": 1.545,
    "y": 6.535,
    "yaw_rad": 1.485
  },
  "odom": {
    "position": {
      "x": 3.879151331964473,
      "y": -2.6453108740782736,
      "z": 0.0
    },
    "orientation_quat": {
      "x": -0.001578766247054144,
      "y": 0.0015777628091835248,
      "z": 0.7073280821493969,
      "w": 0.706881887138517
    },
    "yaw_rad": 1.57142734338927,
    "linear_vel": {
      "x": 0.15938241218054267,
      "y": 4.601881519314638e-06
    },
    "angular_vel_z": -0.009275615232154321
  }
}