{
  "frame_idx": 23,
  "ros_stamp": 537.9,
  "wall_time": 1776684414.8034465,
  "prompt": "staging area",
  "goal_id": "box_staging_area",
  "goal_pose": {
    "frame_id": "map",
    "x": 1.545,
    "y": 6.535,
    "yaw_rad": 1.485
  },
  "odom": {
    "position": {
      "x": 3.875964149372688,
      "y": -2.306792222180906,
      "z": 0.0
    },
    "orientation_quat": {
      "x": 0.0011587893516075325,
      "y": -0.0011441115885608751,
      "z": 0.7115979606669772,
      "w": 0.7025850059533797
    },
    "yaw_rad": 1.5835426727732271,
    "linear_vel": {
      "x": 0.17820539180807154,
      "y": 7.804642186525398e-07
    },
    "angular_vel_z": 0.010492326841904012
  }
}