{
  "frame_idx": 24,
  "ros_stamp": 539.9,
  "wall_time": 1776684416.962688,
  "prompt": "staging area",
  "goal_id": "box_staging_area",
  "goal_pose": {
    "frame_id": "map",
    "x": 1.545,
    "y": 6.535,
    "yaw_rad": 1.485
  },
  "odom": {
    "position": {
      "x": 3.8706694260532606,
      "y": -1.9685162416719453,
      "z": 0.0
    },
    "orientation_quat": {
      "x": -0.0010363839445047885,
      "y": 0.000992705730955438,
      "z": 0.7253154639493787,
      "w": 0.6884151496005508
    },
    "yaw_rad": 1.622987247604376,
    "linear_vel": {
      "x": 0.17474875916175042,
      "y": -2.8167687677339413e-05
    },
    "angular_vel_z": 0.07759364298403007
  }
}