{
  "frame_idx": 25,
  "ros_stamp": 541.9,
  "wall_time": 1776684419.1150665,
  "prompt": "staging area",
  "goal_id": "box_staging_area",
  "goal_pose": {
    "frame_id": "map",
    "x": 1.545,
    "y": 6.535,
    "yaw_rad": 1.485
  },
  "odom": {
    "position": {
      "x": 3.8407760728799163,
      "y": -1.6201103787015305,
      "z": 0.0
    },
    "orientation_quat": {
      "x": 0.0011231518565601132,
      "y": -0.0010227199462867745,
      "z": 0.7393930203835899,
      "w": 0.6732723475547252
    },
    "yaw_rad": 1.6643392885481838,
    "linear_vel": {
      "x": 0.18573278181649686,
      "y": 1.8049914425659558e-07
    },
    "angular_vel_z": -0.001337572505246277
  }
}