{
  "frame_idx": 26,
  "ros_stamp": 543.9,
  "wall_time": 1776684421.2157638,
  "prompt": "staging area",
  "goal_id": "box_staging_area",
  "goal_pose": {
    "frame_id": "map",
    "x": 1.545,
    "y": 6.535,
    "yaw_rad": 1.485
  },
  "odom": {
    "position": {
      "x": 3.8108834773625992,
      "y": -1.2863039681225126,
      "z": 0.0
    },
    "orientation_quat": {
      "x": 0.0011136908161349102,
      "y": -0.0009967067854060178,
      "z": 0.7451586240804412,
      "w": 0.666885590807669
    },
    "yaw_rad": 1.6815478297363629,
    "linear_vel": {
      "x": 0.16694442201728157,
      "y": 3.165427168150056e-06
    },
    "angular_vel_z": 0.05115466347749707
  }
}