{
  "frame_idx": 27,
  "ros_stamp": 545.9,
  "wall_time": 1776684423.4060938,
  "prompt": "staging area",
  "goal_id": "box_staging_area",
  "goal_pose": {
    "frame_id": "map",
    "x": 1.545,
    "y": 6.535,
    "yaw_rad": 1.485
  },
  "odom": {
    "position": {
      "x": 3.770123610730083,
      "y": -0.9264797663973839,
      "z": 0.0
    },
    "orientation_quat": {
      "x": -0.0003078788969665274,
      "y": 0.0002781782306638186,
      "z": 0.7419738826788462,
      "w": 0.6704286578376064
    },
    "yaw_rad": 1.672019772015703,
    "linear_vel": {
      "x": 0.1673996028624019,
      "y": 3.303647008884517e-06
    },
    "angular_vel_z": -0.013316306150883288
  }
}