{
  "frame_idx": 28,
  "ros_stamp": 547.9,
  "wall_time": 1776684425.497399,
  "prompt": "staging area",
  "goal_id": "box_staging_area",
  "goal_pose": {
    "frame_id": "map",
    "x": 1.545,
    "y": 6.535,
    "yaw_rad": 1.485
  },
  "odom": {
    "position": {
      "x": 3.730675831819991,
      "y": -0.598744440397373,
      "z": 0.0
    },
    "orientation_quat": {
      "x": -0.0015115310667576133,
      "y": 0.0013293744745626359,
      "z": 0.7509002597717938,
      "w": 0.6604125588690706
    },
    "yaw_rad": 1.6988529993936003,
    "linear_vel": {
      "x": 0.17432103751122371,
      "y": -5.8280840451021215e-06
    },
    "angular_vel_z": 0.011363285590839468
  }
}