{
  "frame_idx": 29,
  "ros_stamp": 549.9,
  "wall_time": 1776684427.6506433,
  "prompt": "staging area",
  "goal_id": "box_staging_area",
  "goal_pose": {
    "frame_id": "map",
    "x": 1.545,
    "y": 6.535,
    "yaw_rad": 1.485
  },
  "odom": {
    "position": {
      "x": 3.684263267020061,
      "y": -0.25073527071839813,
      "z": 0.0
    },
    "orientation_quat": {
      "x": -0.0010499770178082895,
      "y": 0.0009090506820011434,
      "z": 0.7560175252913539,
      "w": 0.6545499007924888
    },
    "yaw_rad": 1.7144167588108483,
    "linear_vel": {
      "x": 0.16437671953664906,
      "y": -5.9099124942951585e-06
    },
    "angular_vel_z": 0.014786399707486225
  }
}