{
  "frame_idx": 30,
  "ros_stamp": 551.9,
  "wall_time": 1776684429.8708198,
  "prompt": "staging area",
  "goal_id": "box_staging_area",
  "goal_pose": {
    "frame_id": "map",
    "x": 1.545,
    "y": 6.535,
    "yaw_rad": 1.485
  },
  "odom": {
    "position": {
      "x": 3.631795155136692,
      "y": 0.08691002888061865,
      "z": 0.0
    },
    "orientation_quat": {
      "x": 0.00018316744406682883,
      "y": -0.00015458079046699029,
      "z": 0.7642832448802682,
      "w": 0.6448806588429788
    },
    "yaw_rad": 1.739858354862067,
    "linear_vel": {
      "x": 0.17908667772672102,
      "y": 1.5312977623448061e-06
    },
    "angular_vel_z": -0.008791490578720603
  }
}