{
  "frame_idx": 31,
  "ros_stamp": 553.9,
  "wall_time": 1776684432.0076308,
  "prompt": "staging area",
  "goal_id": "box_staging_area",
  "goal_pose": {
    "frame_id": "map",
    "x": 1.545,
    "y": 6.535,
    "yaw_rad": 1.485
  },
  "odom": {
    "position": {
      "x": 3.569557289347419,
      "y": 0.4352061350593335,
      "z": 0.0
    },
    "orientation_quat": {
      "x": 0.0017163986695186994,
      "y": -0.0014190161344893291,
      "z": 0.7707154432987553,
      "w": 0.6371756004663237
    },
    "yaw_rad": 1.7599324370465554,
    "linear_vel": {
      "x": 0.18373090091465713,
      "y": -3.557751771445937e-06
    },
    "angular_vel_z": -0.01877563771941892
  }
}