{
  "frame_idx": 32,
  "ros_stamp": 555.9,
  "wall_time": 1776684434.2194128,
  "prompt": "staging area",
  "goal_id": "box_staging_area",
  "goal_pose": {
    "frame_id": "map",
    "x": 1.545,
    "y": 6.535,
    "yaw_rad": 1.485
  },
  "odom": {
    "position": {
      "x": 3.49126150612885,
      "y": 0.7900676614424974,
      "z": 0.0
    },
    "orientation_quat": {
      "x": 0.00017635138477309814,
      "y": -0.0001362140680030044,
      "z": 0.7914404128949015,
      "w": 0.611246286845707
    },
    "yaw_rad": 1.8263239308030565,
    "linear_vel": {
      "x": 0.18002009680461262,
      "y": -6.203174568946519e-06
    },
    "angular_vel_z": 0.03940705063123663
  }
}