{
  "frame_idx": 33,
  "ros_stamp": 557.9,
  "wall_time": 1776684436.3436801,
  "prompt": "staging area",
  "goal_id": "box_staging_area",
  "goal_pose": {
    "frame_id": "map",
    "x": 1.545,
    "y": 6.535,
    "yaw_rad": 1.485
  },
  "odom": {
    "position": {
      "x": 3.3819867632341745,
      "y": 1.114068052113255,
      "z": 0.0
    },
    "orientation_quat": {
      "x": 0.0005826038517042481,
      "y": -0.0003822570379157412,
      "z": 0.8356283914266593,
      "w": 0.5492947349957057
    },
    "yaw_rad": 1.9785523131409928,
    "linear_vel": {
      "x": 0.16108426835143375,
      "y": -3.459075513044909e-06
    },
    "angular_vel_z": 0.07650416908249207
  }
}