{
  "frame_idx": 34,
  "ros_stamp": 559.9,
  "wall_time": 1776684438.5172815,
  "prompt": "staging area",
  "goal_id": "box_staging_area",
  "goal_pose": {
    "frame_id": "map",
    "x": 1.545,
    "y": 6.535,
    "yaw_rad": 1.485
  },
  "odom": {
    "position": {
      "x": 3.200550744508987,
      "y": 1.423594965991396,
      "z": 0.0
    },
    "orientation_quat": {
      "x": 0.0010773804031381413,
      "y": -0.0005259579764477365,
      "z": 0.8986682464202573,
      "w": 0.4386273423939888
    },
    "yaw_rad": 2.2334506141151587,
    "linear_vel": {
      "x": 0.16263472851994068,
      "y": 3.6521434353578683e-06
    },
    "angular_vel_z": 0.11089282805447769
  }
}