{
  "frame_idx": 35,
  "ros_stamp": 561.9,
  "wall_time": 1776684440.7150238,
  "prompt": "staging area",
  "goal_id": "box_staging_area",
  "goal_pose": {
    "frame_id": "map",
    "x": 1.545,
    "y": 6.535,
    "yaw_rad": 1.485
  },
  "odom": {
    "position": {
      "x": 2.9633704733144564,
      "y": 1.671911284427828,
      "z": 0.0
    },
    "orientation_quat": {
      "x": 0.0015208568246429272,
      "y": -0.0005777518883973384,
      "z": 0.934821452447061,
      "w": 0.3551143551618853
    },
    "yaw_rad": 2.4155188630130424,
    "linear_vel": {
      "x": 0.18004754919620997,
      "y": 6.941360968047011e-06
    },
    "angular_vel_z": 0.08958072369462856
  }
}