{
  "frame_idx": 36,
  "ros_stamp": 563.9,
  "wall_time": 1776684442.8492575,
  "prompt": "staging area",
  "goal_id": "box_staging_area",
  "goal_pose": {
    "frame_id": "map",
    "x": 1.545,
    "y": 6.535,
    "yaw_rad": 1.485
  },
  "odom": {
    "position": {
      "x": 2.6873406021388617,
      "y": 1.8986474705739924,
      "z": 0.0
    },
    "orientation_quat": {
      "x": 0.001286843369507415,
      "y": -0.0004387065662183943,
      "z": 0.9463822557238653,
      "w": 0.3230460921009564
    },
    "yaw_rad": 2.483699234747129,
    "linear_vel": {
      "x": 0.18910939068949018,
      "y": 6.502311679772188e-07
    },
    "angular_vel_z": 0.021971562110081277
  }
}