{
  "frame_idx": 37,
  "ros_stamp": 565.9,
  "wall_time": 1776684445.0300424,
  "prompt": "staging area",
  "goal_id": "box_staging_area",
  "goal_pose": {
    "frame_id": "map",
    "x": 1.545,
    "y": 6.535,
    "yaw_rad": 1.485
  },
  "odom": {
    "position": {
      "x": 2.40155428810625,
      "y": 2.104966492614378,
      "z": 0.0
    },
    "orientation_quat": {
      "x": -0.0008160834524314368,
      "y": 0.0002518286947573152,
      "z": 0.9555249458088476,
      "w": 0.29490905128040135
    },
    "yaw_rad": 2.542871757659922,
    "linear_vel": {
      "x": 0.17596192805795313,
      "y": -1.1725259641799733e-05
    },
    "angular_vel_z": 0.03740781497826018
  }
}