{
  "frame_idx": 38,
  "ros_stamp": 567.9,
  "wall_time": 1776684447.1777072,
  "prompt": "staging area",
  "goal_id": "box_staging_area",
  "goal_pose": {
    "frame_id": "map",
    "x": 1.545,
    "y": 6.535,
    "yaw_rad": 1.485
  },
  "odom": {
    "position": {
      "x": 2.113862441423507,
      "y": 2.2989594644511833,
      "z": 0.0
    },
    "orientation_quat": {
      "x": -0.0018278618599634436,
      "y": 0.0005852951651284338,
      "z": 0.9524480145175116,
      "w": 0.3046950869184482
    },
    "yaw_rad": 2.5223549224991966,
    "linear_vel": {
      "x": 0.16208806285467778,
      "y": 2.784442202623808e-05
    },
    "angular_vel_z": -0.05873502757215289
  }
}