{
  "frame_idx": 39,
  "ros_stamp": 569.9,
  "wall_time": 1776684449.307112,
  "prompt": "staging area",
  "goal_id": "box_staging_area",
  "goal_pose": {
    "frame_id": "map",
    "x": 1.545,
    "y": 6.535,
    "yaw_rad": 1.485
  },
  "odom": {
    "position": {
      "x": 1.8728825610557391,
      "y": 2.4944573219746795,
      "z": 0.0
    },
    "orientation_quat": {
      "x": -0.00018991798911390464,
      "y": 8.387020800016292e-05,
      "z": 0.9269627543910193,
      "w": 0.37515331381817857
    },
    "yaw_rad": 2.372468313487383,
    "linear_vel": {
      "x": 0.13563905286814187,
      "y": 2.091656972663707e-05
    },
    "angular_vel_z": -0.11314844775389565
  }
}