{
  "frame_idx": 40,
  "ros_stamp": 571.9,
  "wall_time": 1776684451.5123975,
  "prompt": "staging area",
  "goal_id": "box_staging_area",
  "goal_pose": {
    "frame_id": "map",
    "x": 1.545,
    "y": 6.535,
    "yaw_rad": 1.485
  },
  "odom": {
    "position": {
      "x": 1.707870197718288,
      "y": 2.7022218121163193,
      "z": 0.0
    },
    "orientation_quat": {
      "x": -1.9788564121703493e-05,
      "y": 1.0758070418933925e-05,
      "z": 0.865202904566137,
      "w": 0.5014219115904259
    },
    "yaw_rad": 2.0911097785504147,
    "linear_vel": {
      "x": 0.11222403512170828,
      "y": 1.6911949053227378e-05
    },
    "angular_vel_z": -0.15726246739869554
  }
}