{
  "frame_idx": 41,
  "ros_stamp": 573.9,
  "wall_time": 1776684453.6235178,
  "prompt": "staging area",
  "goal_id": "box_staging_area",
  "goal_pose": {
    "frame_id": "map",
    "x": 1.545,
    "y": 6.535,
    "yaw_rad": 1.485
  },
  "odom": {
    "position": {
      "x": 1.6230694243762316,
      "y": 2.914276037617804,
      "z": 0.0
    },
    "orientation_quat": {
      "x": 0.00040550705611873953,
      "y": -0.00030495728188897875,
      "z": 0.7895947262758467,
      "w": 0.6136284794584217
    },
    "yaw_rad": 1.8202968473994556,
    "linear_vel": {
      "x": 0.12318005054017149,
      "y": -3.6764024819368006e-05
    },
    "angular_vel_z": -0.1659677626711058
  }
}