{
  "frame_idx": 42,
  "ros_stamp": 575.9,
  "wall_time": 1776684455.889772,
  "prompt": "staging area",
  "goal_id": "box_staging_area",
  "goal_pose": {
    "frame_id": "map",
    "x": 1.545,
    "y": 6.535,
    "yaw_rad": 1.485
  },
  "odom": {
    "position": {
      "x": 1.5771096921053755,
      "y": 3.2109077035826323,
      "z": 0.0
    },
    "orientation_quat": {
      "x": 0.0013464657243885624,
      "y": -0.0012521670975940969,
      "z": 0.7327904771823216,
      "w": 0.6804518613822129
    },
    "yaw_rad": 1.6448313444132001,
    "linear_vel": {
      "x": 0.15551358903498438,
      "y": -1.3054159139953915e-05
    },
    "angular_vel_z": -0.100184386422478
  }
}