{
  "frame_idx": 43,
  "ros_stamp": 577.9,
  "wall_time": 1776684458.0314023,
  "prompt": "staging area",
  "goal_id": "box_staging_area",
  "goal_pose": {
    "frame_id": "map",
    "x": 1.545,
    "y": 6.535,
    "yaw_rad": 1.485
  },
  "odom": {
    "position": {
      "x": 1.5594944135285858,
      "y": 3.561242877506222,
      "z": 0.0
    },
    "orientation_quat": {
      "x": 0.0016063899768508651,
      "y": -0.0015401275931359291,
      "z": 0.7218366976157111,
      "w": 0.6920598453121547
    },
    "yaw_rad": 1.6129103716021809,
    "linear_vel": {
      "x": 0.17878527952969614,
      "y": -4.090579996128866e-07
    },
    "angular_vel_z": 0.0
  }
}