{
  "frame_idx": 44,
  "ros_stamp": 579.9,
  "wall_time": 1776684460.14937,
  "prompt": "staging area",
  "goal_id": "box_staging_area",
  "goal_pose": {
    "frame_id": "map",
    "x": 1.545,
    "y": 6.535,
    "yaw_rad": 1.485
  },
  "odom": {
    "position": {
      "x": 1.5482185610475818,
      "y": 3.925967774498787,
      "z": 0.0
    },
    "orientation_quat": {
      "x": 0.001586566415831607,
      "y": -0.0015588619849444703,
      "z": 0.7133055428917908,
      "w": 0.7008496666448287
    },
    "yaw_rad": 1.5884118672485357,
    "linear_vel": {
      "x": 0.1838649472352555,
      "y": -1.1686095965027062e-06
    },
    "angular_vel_z": -0.007132902078676467
  }
}