{
  "frame_idx": 45,
  "ros_stamp": 581.9,
  "wall_time": 1776684462.3274603,
  "prompt": "staging area",
  "goal_id": "box_staging_area",
  "goal_pose": {
    "frame_id": "map",
    "x": 1.545,
    "y": 6.535,
    "yaw_rad": 1.485
  },
  "odom": {
    "position": {
      "x": 1.5473246032226242,
      "y": 4.262592899747084,
      "z": 0.0
    },
    "orientation_quat": {
      "x": 0.0005058775115986746,
      "y": -0.0005051631987061522,
      "z": 0.7076032469097177,
      "w": 0.7066096049877266
    },
    "yaw_rad": 1.5722015491478545,
    "linear_vel": {
      "x": 0.18424508082691657,
      "y": 1.102400270509094e-06
    },
    "angular_vel_z": -0.013849198081237104
  }
}