{
  "frame_idx": 46,
  "ros_stamp": 583.9,
  "wall_time": 1776684464.4258873,
  "prompt": "staging area",
  "goal_id": "box_staging_area",
  "goal_pose": {
    "frame_id": "map",
    "x": 1.545,
    "y": 6.535,
    "yaw_rad": 1.485
  },
  "odom": {
    "position": {
      "x": 1.5495953929499788,
      "y": 4.608887868869287,
      "z": 0.0
    },
    "orientation_quat": {
      "x": 0.00017848819009300533,
      "y": -0.00018152780692552278,
      "z": 0.7010980579770736,
      "w": 0.7130648275510421
    },
    "yaw_rad": 1.5538725564485683,
    "linear_vel": {
      "x": 0.16515819506792834,
      "y": 1.53919907024557e-06
    },
    "angular_vel_z": -0.012437219337629663
  }
}