{
  "frame_idx": 47,
  "ros_stamp": 585.9,
  "wall_time": 1776684466.5750287,
  "prompt": "staging area",
  "goal_id": "box_staging_area",
  "goal_pose": {
    "frame_id": "map",
    "x": 1.545,
    "y": 6.535,
    "yaw_rad": 1.485
  },
  "odom": {
    "position": {
      "x": 1.551728628358587,
      "y": 4.971215663718542,
      "z": 0.0
    },
    "orientation_quat": {
      "x": 0.001151197491250119,
      "y": -0.001150993836291312,
      "z": 0.7071690782029759,
      "w": 0.7070426046505814
    },
    "yaw_rad": 1.5709751876503435,
    "linear_vel": {
      "x": 0.17617834266039994,
      "y": 9.250381712442409e-07
    },
    "angular_vel_z": 0.01199821300532997
  }
}