{
  "frame_idx": 48,
  "ros_stamp": 587.9,
  "wall_time": 1776684468.724092,
  "prompt": "staging area",
  "goal_id": "box_staging_area",
  "goal_pose": {
    "frame_id": "map",
    "x": 1.545,
    "y": 6.535,
    "yaw_rad": 1.485
  },
  "odom": {
    "position": {
      "x": 1.551812663426748,
      "y": 5.332909967432256,
      "z": 0.0
    },
    "orientation_quat": {
      "x": 0.0007944687113632101,
      "y": -0.0007940617103329421,
      "z": 0.7072896933888407,
      "w": 0.7069229292584776
    },
    "yaw_rad": 1.571315009943174,
    "linear_vel": {
      "x": 0.22434723968730083,
      "y": 3.665468029132908e-07
    },
    "angular_vel_z": -0.009131268392424594
  }
}