{
  "frame_idx": 49,
  "ros_stamp": 589.9,
  "wall_time": 1776684470.8634412,
  "prompt": "staging area",
  "goal_id": "box_staging_area",
  "goal_pose": {
    "frame_id": "map",
    "x": 1.545,
    "y": 6.535,
    "yaw_rad": 1.485
  },
  "odom": {
    "position": {
      "x": 1.5506400265755402,
      "y": 5.740716718357349,
      "z": 0.0
    },
    "orientation_quat": {
      "x": -0.0015779631314066153,
      "y": 0.0015684181842902042,
      "z": 0.7092463846131247,
      "w": 0.7049571731743474
    },
    "yaw_rad": 1.5768622120893347,
    "linear_vel": {
      "x": 0.1825824453348955,
      "y": 4.077188260029137e-06
    },
    "angular_vel_z": -0.007699993825291939
  }
}