{
  "frame_idx": 50,
  "ros_stamp": 591.9,
  "wall_time": 1776684473.0395052,
  "prompt": "staging area",
  "goal_id": "box_staging_area",
  "goal_pose": {
    "frame_id": "map",
    "x": 1.545,
    "y": 6.535,
    "yaw_rad": 1.485
  },
  "odom": {
    "position": {
      "x": 1.5488859338816499,
      "y": 6.076091799618319,
      "z": 0.0
    },
    "orientation_quat": {
      "x": -0.0015780449363319922,
      "y": 0.0015708581646147136,
      "z": 0.7087163523490995,
      "w": 0.70549002409091
    },
    "yaw_rad": 1.5753590592334805,
    "linear_vel": {
      "x": 0.13770529402032378,
      "y": 9.779786632596086e-06
    },
    "angular_vel_z": -0.020162901830092166
  }
}