{
  "frame_idx": 0,
  "ros_stamp": 735.9,
  "wall_time": 1776684626.886126,
  "prompt": "go to the entrance of the small shelf row",
  "goal_id": "enter_small_shelf_row",
  "goal_pose": {
    "frame_id": "map",
    "x": 3.774,
    "y": 1.856,
    "yaw_rad": -1.5940000000000003
  },
  "odom": {
    "position": {
      "x": 5.28047834178427,
      "y": -6.0403870607767916,
      "z": 0.0
    },
    "orientation_quat": {
      "x": -0.0021003076943679954,
      "y": -0.0007282161784315543,
      "z": 0.9448218884814141,
      "w": -0.3275769489069718
    },
    "yaw_rad": -2.4741151810079005,
    "linear_vel": {
      "x": -0.0005081803742085476,
      "y": 1.4791875136085133e-05
    },
    "angular_vel_z": -0.04221100436532213
  }
}