{
  "frame_idx": 1,
  "ros_stamp": 737.9,
  "wall_time": 1776684629.026699,
  "prompt": "go to the entrance of the small shelf row",
  "goal_id": "enter_small_shelf_row",
  "goal_pose": {
    "frame_id": "map",
    "x": 3.774,
    "y": 1.856,
    "yaw_rad": -1.5940000000000003
  },
  "odom": {
    "position": {
      "x": 5.261292581794091,
      "y": -6.0530242429659795,
      "z": 0.0
    },
    "orientation_quat": {
      "x": -0.0007147328808598697,
      "y": -0.0001749324640582536,
      "z": 0.9722647676429129,
      "w": -0.23388176533414198
    },
    "yaw_rad": -2.6694559773844273,
    "linear_vel": {
      "x": 0.005978754317798758,
      "y": 1.4910709171516177e-05
    },
    "angular_vel_z": -0.1308641709318619
  }
}