{
  "frame_idx": 2,
  "ros_stamp": 739.9,
  "wall_time": 1776684631.1754894,
  "prompt": "go to the entrance of the small shelf row",
  "goal_id": "enter_small_shelf_row",
  "goal_pose": {
    "frame_id": "map",
    "x": 3.774,
    "y": 1.856,
    "yaw_rad": -1.5940000000000003
  },
  "odom": {
    "position": {
      "x": 5.2535538866703835,
      "y": -6.0564791168310945,
      "z": 0.0
    },
    "orientation_quat": {
      "x": 0.00034460745774600714,
      "y": 5.8677987115404845e-05,
      "z": 0.9857500836507846,
      "w": -0.1682160824209893
    },
    "yaw_rad": -2.8035532666584335,
    "linear_vel": {
      "x": 0.0007586286405007361,
      "y": -7.166559050168574e-06
    },
    "angular_vel_z": -0.13749496916405712
  }
}