{
  "frame_idx": 3,
  "ros_stamp": 741.9,
  "wall_time": 1776684633.2827592,
  "prompt": "go to the entrance of the small shelf row",
  "goal_id": "enter_small_shelf_row",
  "goal_pose": {
    "frame_id": "map",
    "x": 3.774,
    "y": 1.856,
    "yaw_rad": -1.5940000000000003
  },
  "odom": {
    "position": {
      "x": 5.251099868138687,
      "y": -6.0583077138951795,
      "z": 0.0
    },
    "orientation_quat": {
      "x": 0.00222040561285245,
      "y": 0.00012183000481542965,
      "z": 0.9984938725467518,
      "w": -0.054818258299176505
    },
    "yaw_rad": -3.0319008804161585,
    "linear_vel": {
      "x": -0.019042816534205594,
      "y": 0.0028252434977593197
    },
    "angular_vel_z": -0.06043181956287573
  }
}