{
  "frame_idx": 4,
  "ros_stamp": 743.9,
  "wall_time": 1776684635.4675293,
  "prompt": "go to the entrance of the small shelf row",
  "goal_id": "enter_small_shelf_row",
  "goal_pose": {
    "frame_id": "map",
    "x": 3.774,
    "y": 1.856,
    "yaw_rad": -1.5940000000000003
  },
  "odom": {
    "position": {
      "x": 5.280298673091086,
      "y": -6.058893958437731,
      "z": 0.0
    },
    "orientation_quat": {
      "x": 0.002223072054210607,
      "y": 1.2440393131465429e-05,
      "z": 0.9999817187271681,
      "w": -0.0056231670202244064
    },
    "yaw_rad": -3.1303462322197495,
    "linear_vel": {
      "x": -0.007828088327274357,
      "y": 6.137532140819129e-06
    },
    "angular_vel_z": -0.02843343336325842
  }
}