{
  "frame_idx": 5,
  "ros_stamp": 745.9,
  "wall_time": 1776684637.5588539,
  "prompt": "go to the entrance of the small shelf row",
  "goal_id": "enter_small_shelf_row",
  "goal_pose": {
    "frame_id": "map",
    "x": 3.774,
    "y": 1.856,
    "yaw_rad": -1.5940000000000003
  },
  "odom": {
    "position": {
      "x": 5.295872850857053,
      "y": -6.058030741420304,
      "z": 0.0
    },
    "orientation_quat": {
      "x": 0.002223398819678361,
      "y": -6.290985957696241e-05,
      "z": 0.9995982111167367,
      "w": 0.02825719151398288
    },
    "yaw_rad": 3.0850706074273937,
    "linear_vel": {
      "x": -0.003413169841342624,
      "y": -4.084734321695347e-05
    },
    "angular_vel_z": -0.026206226750045254
  }
}