{
  "frame_idx": 6,
  "ros_stamp": 747.9,
  "wall_time": 1776684639.696225,
  "prompt": "go to the entrance of the small shelf row",
  "goal_id": "enter_small_shelf_row",
  "goal_pose": {
    "frame_id": "map",
    "x": 3.774,
    "y": 1.856,
    "yaw_rad": -1.5940000000000003
  },
  "odom": {
    "position": {
      "x": 5.294685265511123,
      "y": -6.054578801826969,
      "z": 0.0
    },
    "orientation_quat": {
      "x": 0.002222958858661549,
      "y": -0.00010291848150358895,
      "z": 0.9989528386080597,
      "w": 0.04569763777919554
    },
    "yaw_rad": 3.050165317292104,
    "linear_vel": {
      "x": 0.005791938314228867,
      "y": 0.00022992032318781185
    },
    "angular_vel_z": -0.05088108803608571
  }
}