{
  "frame_idx": 7,
  "ros_stamp": 749.9,
  "wall_time": 1776684641.871348,
  "prompt": "go to the entrance of the small shelf row",
  "goal_id": "enter_small_shelf_row",
  "goal_pose": {
    "frame_id": "map",
    "x": 3.774,
    "y": 1.856,
    "yaw_rad": -1.5940000000000003
  },
  "odom": {
    "position": {
      "x": 5.247393513991588,
      "y": -6.045708098661078,
      "z": 0.0
    },
    "orientation_quat": {
      "x": 0.0015189885942254579,
      "y": -0.00022048285615456815,
      "z": 0.9896354017426531,
      "w": 0.14359462273573576
    },
    "yaw_rad": 2.853406849171953,
    "linear_vel": {
      "x": 0.012977726663133932,
      "y": -1.8238621345359547e-05
    },
    "angular_vel_z": -0.07751141922879912
  }
}