{
  "frame_idx": 8,
  "ros_stamp": 751.9,
  "wall_time": 1776684643.9681444,
  "prompt": "go to the entrance of the small shelf row",
  "goal_id": "enter_small_shelf_row",
  "goal_pose": {
    "frame_id": "map",
    "x": 3.774,
    "y": 1.856,
    "yaw_rad": -1.5940000000000003
  },
  "odom": {
    "position": {
      "x": 5.2113768690398725,
      "y": -6.029808601950286,
      "z": 0.0
    },
    "orientation_quat": {
      "x": 0.0016638830708949287,
      "y": -0.00040460783056004237,
      "z": 0.971716216466515,
      "w": 0.23614542646774003
    },
    "yaw_rad": 2.664797613461836,
    "linear_vel": {
      "x": 0.0660683323018795,
      "y": -1.8458189350981744e-05
    },
    "angular_vel_z": -0.08988696370423091
  }
}