{
  "frame_idx": 9,
  "ros_stamp": 753.9,
  "wall_time": 1776684646.1612039,
  "prompt": "go to the entrance of the small shelf row",
  "goal_id": "enter_small_shelf_row",
  "goal_pose": {
    "frame_id": "map",
    "x": 3.774,
    "y": 1.856,
    "yaw_rad": -1.5940000000000003
  },
  "odom": {
    "position": {
      "x": 4.984149460242902,
      "y": -5.8962323359906055,
      "z": 0.0
    },
    "orientation_quat": {
      "x": -0.001334112428399555,
      "y": 0.0003686000156018302,
      "z": 0.9638749847826447,
      "w": 0.26635145576533514
    },
    "yaw_rad": 2.6023806106194876,
    "linear_vel": {
      "x": 0.14425054334459547,
      "y": -9.058137784582945e-06
    },
    "angular_vel_z": 0.025782312186462986
  }
}