{
  "frame_idx": 10,
  "ros_stamp": 755.9,
  "wall_time": 1776684648.2646763,
  "prompt": "go to the entrance of the small shelf row",
  "goal_id": "enter_small_shelf_row",
  "goal_pose": {
    "frame_id": "map",
    "x": 3.774,
    "y": 1.856,
    "yaw_rad": -1.5940000000000003
  },
  "odom": {
    "position": {
      "x": 4.805013346067572,
      "y": -5.804560287086459,
      "z": 0.0
    },
    "orientation_quat": {
      "x": -0.002189609567192997,
      "y": 0.0003819797698129751,
      "z": 0.9851152045342104,
      "w": 0.1718810446120204
    },
    "yaw_rad": 2.796114163175866,
    "linear_vel": {
      "x": 0.013504580017096434,
      "y": -4.552913732078438e-05
    },
    "angular_vel_z": 0.1245953962398588
  }
}