{
  "frame_idx": 11,
  "ros_stamp": 757.9,
  "wall_time": 1776684650.3925018,
  "prompt": "go to the entrance of the small shelf row",
  "goal_id": "enter_small_shelf_row",
  "goal_pose": {
    "frame_id": "map",
    "x": 3.774,
    "y": 1.856,
    "yaw_rad": -1.5940000000000003
  },
  "odom": {
    "position": {
      "x": 4.722785486528137,
      "y": -5.789164477677009,
      "z": 0.0
    },
    "orientation_quat": {
      "x": 0.0022172530743894783,
      "y": -0.00015475056944855485,
      "z": 0.997551664907321,
      "w": 0.06989803775284133
    },
    "yaw_rad": 3.001682143767086,
    "linear_vel": {
      "x": 0.14737464861530308,
      "y": 1.1808671397969372e-05
    },
    "angular_vel_z": 0.055747200435272336
  }
}