{
  "frame_idx": 12,
  "ros_stamp": 759.9,
  "wall_time": 1776684652.5576072,
  "prompt": "go to the entrance of the small shelf row",
  "goal_id": "enter_small_shelf_row",
  "goal_pose": {
    "frame_id": "map",
    "x": 3.774,
    "y": 1.856,
    "yaw_rad": -1.5940000000000003
  },
  "odom": {
    "position": {
      "x": 4.4573704714633475,
      "y": -5.75059743120774,
      "z": 0.0
    },
    "orientation_quat": {
      "x": -0.0014810803755058162,
      "y": 0.00017656774634157327,
      "z": 0.993277506415887,
      "w": 0.1157478745938339
    },
    "yaw_rad": 2.9095766019860827,
    "linear_vel": {
      "x": 0.08165407339963154,
      "y": 2.7787151525559346e-05
    },
    "angular_vel_z": -0.08833404195138181
  }
}