{
  "frame_idx": 13,
  "ros_stamp": 761.9,
  "wall_time": 1776684654.6522582,
  "prompt": "go to the entrance of the small shelf row",
  "goal_id": "enter_small_shelf_row",
  "goal_pose": {
    "frame_id": "map",
    "x": 3.774,
    "y": 1.856,
    "yaw_rad": -1.5940000000000003
  },
  "odom": {
    "position": {
      "x": 4.259696217291687,
      "y": -5.676729762889598,
      "z": 0.0
    },
    "orientation_quat": {
      "x": 0.000980851581506156,
      "y": -0.00025330495582398413,
      "z": 0.9676127084108231,
      "w": 0.2524373591381555
    },
    "yaw_rad": 2.631195640581991,
    "linear_vel": {
      "x": 0.09496109647559077,
      "y": -8.67136375482376e-06
    },
    "angular_vel_z": -0.15020131307446186
  }
}