{
  "frame_idx": 14,
  "ros_stamp": 763.9,
  "wall_time": 1776684656.8354137,
  "prompt": "go to the entrance of the small shelf row",
  "goal_id": "enter_small_shelf_row",
  "goal_pose": {
    "frame_id": "map",
    "x": 3.774,
    "y": 1.856,
    "yaw_rad": -1.5940000000000003
  },
  "odom": {
    "position": {
      "x": 4.122295906964697,
      "y": -5.5660768304979475,
      "z": 0.0
    },
    "orientation_quat": {
      "x": -0.0002553502049541,
      "y": 0.00011321017021114903,
      "z": 0.9108150137344426,
      "w": 0.41281464694903586
    },
    "yaw_rad": 2.290508303380849,
    "linear_vel": {
      "x": 0.0823457737744797,
      "y": 2.1653527009074243e-05
    },
    "angular_vel_z": -0.1908751004489419
  }
}