{
  "frame_idx": 15,
  "ros_stamp": 765.9,
  "wall_time": 1776684658.9518554,
  "prompt": "go to the entrance of the small shelf row",
  "goal_id": "enter_small_shelf_row",
  "goal_pose": {
    "frame_id": "map",
    "x": 3.774,
    "y": 1.856,
    "yaw_rad": -1.5940000000000003
  },
  "odom": {
    "position": {
      "x": 4.022633272022925,
      "y": -5.402948477507387,
      "z": 0.0
    },
    "orientation_quat": {
      "x": -2.5962479143544512e-05,
      "y": 1.725567862420928e-05,
      "z": 0.8337789908495034,
      "w": 0.5520983548663909
    },
    "yaw_rad": 1.9718349989869561,
    "linear_vel": {
      "x": 0.11696761137829574,
      "y": 2.0754294653441835e-05
    },
    "angular_vel_z": -0.1713849689230971
  }
}