{
  "frame_idx": 16,
  "ros_stamp": 767.9,
  "wall_time": 1776684661.06774,
  "prompt": "go to the entrance of the small shelf row",
  "goal_id": "enter_small_shelf_row",
  "goal_pose": {
    "frame_id": "map",
    "x": 3.774,
    "y": 1.856,
    "yaw_rad": -1.5940000000000003
  },
  "odom": {
    "position": {
      "x": 3.9527338021551155,
      "y": -5.145578683425355,
      "z": 0.0
    },
    "orientation_quat": {
      "x": 0.0014575014263793773,
      "y": -0.001269395165674955,
      "z": 0.7541734630369492,
      "w": 0.6566724084171353
    },
    "yaw_rad": 1.708793368971098,
    "linear_vel": {
      "x": 0.14858619418337488,
      "y": -1.8342040390700396e-05
    },
    "angular_vel_z": -0.11984297383054658
  }
}