{
  "frame_idx": 17,
  "ros_stamp": 769.9,
  "wall_time": 1776684663.2527103,
  "prompt": "go to the entrance of the small shelf row",
  "goal_id": "enter_small_shelf_row",
  "goal_pose": {
    "frame_id": "map",
    "x": 3.774,
    "y": 1.856,
    "yaw_rad": -1.5940000000000003
  },
  "odom": {
    "position": {
      "x": 3.9305845430915753,
      "y": -4.810967080442718,
      "z": 0.0
    },
    "orientation_quat": {
      "x": -0.001165985527946492,
      "y": 0.0011464007878277905,
      "z": 0.7130636450892801,
      "w": 0.7010974000058561
    },
    "yaw_rad": 1.5877193774052163,
    "linear_vel": {
      "x": 0.1735520390578308,
      "y": 1.3721060679313738e-05
    },
    "angular_vel_z": -0.03252748381042433
  }
}