{
  "frame_idx": 18,
  "ros_stamp": 771.9,
  "wall_time": 1776684665.3491678,
  "prompt": "go to the entrance of the small shelf row",
  "goal_id": "enter_small_shelf_row",
  "goal_pose": {
    "frame_id": "map",
    "x": 3.774,
    "y": 1.856,
    "yaw_rad": -1.5940000000000003
  },
  "odom": {
    "position": {
      "x": 3.934532840908284,
      "y": -4.470878118496968,
      "z": 0.0
    },
    "orientation_quat": {
      "x": -0.0003871565195892562,
      "y": 0.00039715289752641106,
      "z": 0.6980325679511561,
      "w": 0.7160657975765355
    },
    "yaw_rad": 1.545292793786175,
    "linear_vel": {
      "x": 0.15981787154326108,
      "y": 4.966041585524642e-06
    },
    "angular_vel_z": -0.02065584876173434
  }
}