{
  "frame_idx": 19,
  "ros_stamp": 773.9,
  "wall_time": 1776684667.5125337,
  "prompt": "go to the entrance of the small shelf row",
  "goal_id": "enter_small_shelf_row",
  "goal_pose": {
    "frame_id": "map",
    "x": 3.774,
    "y": 1.856,
    "yaw_rad": -1.5940000000000003
  },
  "odom": {
    "position": {
      "x": 3.945428419866351,
      "y": -4.123919036109158,
      "z": 0.0
    },
    "orientation_quat": {
      "x": -0.0013558917298709477,
      "y": 0.0013919702749547436,
      "z": 0.6977616998588466,
      "w": 0.7163273233560641
    },
    "yaw_rad": 1.5445397664639529,
    "linear_vel": {
      "x": 0.17519135693483248,
      "y": -1.2129054360356359e-05
    },
    "angular_vel_z": 0.025360368842789416
  }
}