{
  "frame_idx": 20,
  "ros_stamp": 775.9,
  "wall_time": 1776684669.6344187,
  "prompt": "go to the entrance of the small shelf row",
  "goal_id": "enter_small_shelf_row",
  "goal_pose": {
    "frame_id": "map",
    "x": 3.774,
    "y": 1.856,
    "yaw_rad": -1.5940000000000003
  },
  "odom": {
    "position": {
      "x": 3.9504478293371976,
      "y": -3.783670829270761,
      "z": 0.0
    },
    "orientation_quat": {
      "x": -0.00156717271889496,
      "y": 0.0015763089040669487,
      "z": 0.7050470293401025,
      "w": 0.709157066973604
    },
    "yaw_rad": 1.5649838332916395,
    "linear_vel": {
      "x": 0.16079566794316638,
      "y": 2.5414188596798467e-06
    },
    "angular_vel_z": -0.005008077876042391
  }
}