{
  "frame_idx": 21,
  "ros_stamp": 777.9,
  "wall_time": 1776684671.7358034,
  "prompt": "go to the entrance of the small shelf row",
  "goal_id": "enter_small_shelf_row",
  "goal_pose": {
    "frame_id": "map",
    "x": 3.774,
    "y": 1.856,
    "yaw_rad": -1.5940000000000003
  },
  "odom": {
    "position": {
      "x": 3.9503939903685703,
      "y": -3.413351871844717,
      "z": 0.0
    },
    "orientation_quat": {
      "x": 2.6498949343462538e-05,
      "y": -2.6395936157010033e-05,
      "z": 0.7084880674718542,
      "w": 0.7057227903724361
    },
    "yaw_rad": 1.5747070216673846,
    "linear_vel": {
      "x": 0.17537459999081245,
      "y": 1.8590941383881245e-06
    },
    "angular_vel_z": -0.010525198904171949
  }
}