{
  "frame_idx": 22,
  "ros_stamp": 779.9,
  "wall_time": 1776684673.9080713,
  "prompt": "go to the entrance of the small shelf row",
  "goal_id": "enter_small_shelf_row",
  "goal_pose": {
    "frame_id": "map",
    "x": 3.774,
    "y": 1.856,
    "yaw_rad": -1.5940000000000003
  },
  "odom": {
    "position": {
      "x": 3.9495647580294415,
      "y": -3.085631641468448,
      "z": 0.0
    },
    "orientation_quat": {
      "x": -0.0015350137487537725,
      "y": 0.0015304184109924683,
      "z": 0.7081643733560922,
      "w": 0.706044277550248
    },
    "yaw_rad": 1.5737946032042696,
    "linear_vel": {
      "x": 0.1629934645834917,
      "y": 2.501945060111759e-06
    },
    "angular_vel_z": -0.004994307317636105
  }
}