{
  "frame_idx": 23,
  "ros_stamp": 781.9,
  "wall_time": 1776684676.0064704,
  "prompt": "go to the entrance of the small shelf row",
  "goal_id": "enter_small_shelf_row",
  "goal_pose": {
    "frame_id": "map",
    "x": 3.774,
    "y": 1.856,
    "yaw_rad": -1.5940000000000003
  },
  "odom": {
    "position": {
      "x": 3.9481018660737623,
      "y": -2.732197947133158,
      "z": 0.0
    },
    "orientation_quat": {
      "x": 0.0015717521561187222,
      "y": -0.0015717475946111907,
      "z": 0.7071062788182678,
      "w": 0.7071037898784313
    },
    "yaw_rad": 1.570799846699117,
    "linear_vel": {
      "x": 0.1862556655617355,
      "y": -6.405660984528438e-07
    },
    "angular_vel_z": -0.00398069600604267
  }
}