{
  "frame_idx": 24,
  "ros_stamp": 783.9,
  "wall_time": 1776684678.1607728,
  "prompt": "go to the entrance of the small shelf row",
  "goal_id": "enter_small_shelf_row",
  "goal_pose": {
    "frame_id": "map",
    "x": 3.774,
    "y": 1.856,
    "yaw_rad": -1.5940000000000003
  },
  "odom": {
    "position": {
      "x": 3.948003588240985,
      "y": -2.3780858291243057,
      "z": 0.0
    },
    "orientation_quat": {
      "x": -0.00032177385850975593,
      "y": 0.00032314406854286776,
      "z": 0.7056134613936127,
      "w": 0.7085968071757165
    },
    "yaw_rad": 1.566577235166878,
    "linear_vel": {
      "x": 0.18055807537186858,
      "y": 3.844071777143507e-06
    },
    "angular_vel_z": -0.014641277573636678
  }
}