{
  "frame_idx": 25,
  "ros_stamp": 785.9,
  "wall_time": 1776684680.300608,
  "prompt": "go to the entrance of the small shelf row",
  "goal_id": "enter_small_shelf_row",
  "goal_pose": {
    "frame_id": "map",
    "x": 3.774,
    "y": 1.856,
    "yaw_rad": -1.5940000000000003
  },
  "odom": {
    "position": {
      "x": 3.948753912362153,
      "y": -2.024306200281651,
      "z": 0.0
    },
    "orientation_quat": {
      "x": 0.000167957697156367,
      "y": -0.00016795916232952677,
      "z": 0.7071167977057353,
      "w": 0.7070967246298897
    },
    "yaw_rad": 1.5708247144138918,
    "linear_vel": {
      "x": 0.16768100840313654,
      "y": 6.476461942879282e-07
    },
    "angular_vel_z": -0.005617303185849965
  }
}