{
  "frame_idx": 26,
  "ros_stamp": 787.9,
  "wall_time": 1776684682.4110389,
  "prompt": "go to the entrance of the small shelf row",
  "goal_id": "enter_small_shelf_row",
  "goal_pose": {
    "frame_id": "map",
    "x": 3.774,
    "y": 1.856,
    "yaw_rad": -1.5940000000000003
  },
  "odom": {
    "position": {
      "x": 3.9484439243749216,
      "y": -1.6780875363161065,
      "z": 0.0
    },
    "orientation_quat": {
      "x": 2.4559100233348653e-05,
      "y": -2.458721776080465e-05,
      "z": 0.7065691103318732,
      "w": 0.7076440426635021
    },
    "yaw_rad": 1.569276142765123,
    "linear_vel": {
      "x": 0.1704567570749454,
      "y": 2.8226941801601284e-06
    },
    "angular_vel_z": -0.015366742677999076
  }
}