{
  "frame_idx": 27,
  "ros_stamp": 789.9,
  "wall_time": 1776684684.6113217,
  "prompt": "go to the entrance of the small shelf row",
  "goal_id": "enter_small_shelf_row",
  "goal_pose": {
    "frame_id": "map",
    "x": 3.774,
    "y": 1.856,
    "yaw_rad": -1.5940000000000003
  },
  "odom": {
    "position": {
      "x": 3.950118416719479,
      "y": -1.3140220266279423,
      "z": 0.0
    },
    "orientation_quat": {
      "x": -0.0010509216184568244,
      "y": 0.0010470751428954964,
      "z": 0.7079079103379015,
      "w": 0.7063031853803454
    },
    "yaw_rad": 1.573065750502678,
    "linear_vel": {
      "x": 0.17490011699525262,
      "y": -7.714694697741892e-06
    },
    "angular_vel_z": 0.01762786520918614
  }
}