{
  "frame_idx": 28,
  "ros_stamp": 791.9,
  "wall_time": 1776684686.6994355,
  "prompt": "go to the entrance of the small shelf row",
  "goal_id": "enter_small_shelf_row",
  "goal_pose": {
    "frame_id": "map",
    "x": 3.774,
    "y": 1.856,
    "yaw_rad": -1.5940000000000003
  },
  "odom": {
    "position": {
      "x": 3.9480271446461703,
      "y": -0.9902816038651601,
      "z": 0.0
    },
    "orientation_quat": {
      "x": -0.0011989227104062417,
      "y": 0.001189743530881565,
      "z": 0.7098159801617105,
      "w": 0.7043851371243826
    },
    "yaw_rad": 1.5784767284916783,
    "linear_vel": {
      "x": 0.15622464317319323,
      "y": 5.204313988677021e-07
    },
    "angular_vel_z": -0.0013047411788440237
  }
}