{
  "frame_idx": 29,
  "ros_stamp": 793.9,
  "wall_time": 1776684688.8444068,
  "prompt": "go to the entrance of the small shelf row",
  "goal_id": "enter_small_shelf_row",
  "goal_pose": {
    "frame_id": "map",
    "x": 3.774,
    "y": 1.856,
    "yaw_rad": -1.5940000000000003
  },
  "odom": {
    "position": {
      "x": 3.944986603512645,
      "y": -0.6504341138913151,
      "z": 0.0
    },
    "orientation_quat": {
      "x": 0.0001462597264878675,
      "y": -0.0001448402861681504,
      "z": 0.7105330753506651,
      "w": 0.7036637737315385
    },
    "yaw_rad": 1.5805110247140417,
    "linear_vel": {
      "x": 0.17389456632382067,
      "y": 1.3084587399790259e-06
    },
    "angular_vel_z": -0.008247036439698938
  }
}