{
  "frame_idx": 30,
  "ros_stamp": 795.9,
  "wall_time": 1776684690.9861336,
  "prompt": "go to the entrance of the small shelf row",
  "goal_id": "enter_small_shelf_row",
  "goal_pose": {
    "frame_id": "map",
    "x": 3.774,
    "y": 1.856,
    "yaw_rad": -1.5940000000000003
  },
  "odom": {
    "position": {
      "x": 3.9424424275875265,
      "y": -0.30121183673672364,
      "z": 0.0
    },
    "orientation_quat": {
      "x": 6.85329438692699e-05,
      "y": -6.848377856938651e-05,
      "z": 0.7072812035966975,
      "w": 0.7069323091018083
    },
    "yaw_rad": 1.5712897381266224,
    "linear_vel": {
      "x": 0.18323024214726916,
      "y": 6.5161859016187304e-06
    },
    "angular_vel_z": -0.03674021340499665
  }
}