{
  "frame_idx": 31,
  "ros_stamp": 797.9,
  "wall_time": 1776684693.0824544,
  "prompt": "go to the entrance of the small shelf row",
  "goal_id": "enter_small_shelf_row",
  "goal_pose": {
    "frame_id": "map",
    "x": 3.774,
    "y": 1.856,
    "yaw_rad": -1.5940000000000003
  },
  "odom": {
    "position": {
      "x": 3.9420166133878722,
      "y": 0.039940932110411914,
      "z": 0.0
    },
    "orientation_quat": {
      "x": -0.001576685343458907,
      "y": 0.0015700120459464979,
      "z": 0.7086030203410499,
      "w": 0.7056038610219227
    },
    "yaw_rad": 1.5750377922585994,
    "linear_vel": {
      "x": 0.16474312003933,
      "y": 2.42935626739772e-06
    },
    "angular_vel_z": -0.004744170160914535
  }
}