{
  "frame_idx": 32,
  "ros_stamp": 799.9,
  "wall_time": 1776684695.2775068,
  "prompt": "go to the entrance of the small shelf row",
  "goal_id": "enter_small_shelf_row",
  "goal_pose": {
    "frame_id": "map",
    "x": 3.774,
    "y": 1.856,
    "yaw_rad": -1.5940000000000003
  },
  "odom": {
    "position": {
      "x": 3.941564490734629,
      "y": 0.4025593859648214,
      "z": 0.0
    },
    "orientation_quat": {
      "x": 0.0015825710540383839,
      "y": -0.0015623743678205668,
      "z": 0.7116322967705246,
      "w": 0.7025485952219259
    },
    "yaw_rad": 1.5836427408360085,
    "linear_vel": {
      "x": 0.18158036792944224,
      "y": 5.349542588248829e-07
    },
    "angular_vel_z": 0.0032385109588678
  }
}