{
  "frame_idx": 33,
  "ros_stamp": 801.9,
  "wall_time": 1776684697.3677742,
  "prompt": "go to the entrance of the small shelf row",
  "goal_id": "enter_small_shelf_row",
  "goal_pose": {
    "frame_id": "map",
    "x": 3.774,
    "y": 1.856,
    "yaw_rad": -1.5940000000000003
  },
  "odom": {
    "position": {
      "x": 3.9305792068287473,
      "y": 0.7880533710477181,
      "z": 0.0
    },
    "orientation_quat": {
      "x": -0.0016126491088621201,
      "y": 0.0015353089865399543,
      "z": 0.724258213962675,
      "w": 0.6895252582007158
    },
    "yaw_rad": 1.6199212051163978,
    "linear_vel": {
      "x": 0.21122967795985326,
      "y": -1.533978788583055e-05
    },
    "angular_vel_z": 0.027253668756691628
  }
}