{
  "frame_idx": 34,
  "ros_stamp": 803.9,
  "wall_time": 1776684699.5238073,
  "prompt": "go to the entrance of the small shelf row",
  "goal_id": "enter_small_shelf_row",
  "goal_pose": {
    "frame_id": "map",
    "x": 3.774,
    "y": 1.856,
    "yaw_rad": -1.5940000000000003
  },
  "odom": {
    "position": {
      "x": 3.9074164350557536,
      "y": 1.1692593386388443,
      "z": 0.0
    },
    "orientation_quat": {
      "x": -1.972620458600201e-06,
      "y": 1.8013357024188787e-06,
      "z": 0.7367708864360368,
      "w": 0.6761424856442025
    },
    "yaw_rad": 1.6565641192794434,
    "linear_vel": {
      "x": 0.17534761969865686,
      "y": -9.203088064307115e-06
    },
    "angular_vel_z": 0.05173618516844238
  }
}