{
  "frame_idx": 35,
  "ros_stamp": 805.9,
  "wall_time": 1776684701.6824176,
  "prompt": "go to the entrance of the small shelf row",
  "goal_id": "enter_small_shelf_row",
  "goal_pose": {
    "frame_id": "map",
    "x": 3.774,
    "y": 1.856,
    "yaw_rad": -1.5940000000000003
  },
  "odom": {
    "position": {
      "x": 3.868127950089361,
      "y": 1.4869067768275561,
      "z": 0.0
    },
    "orientation_quat": {
      "x": -0.0017227589432237916,
      "y": 0.0014048336625403898,
      "z": 0.7748553192801587,
      "w": 0.6321347109020732
    },
    "yaw_rad": 1.7729784307980219,
    "linear_vel": {
      "x": 0.15144787759796619,
      "y": -7.307614914371928e-05
    },
    "angular_vel_z": 0.14524910338970376
  }
}