{
  "frame_idx": 36,
  "ros_stamp": 807.9,
  "wall_time": 1776684703.777145,
  "prompt": "go to the entrance of the small shelf row",
  "goal_id": "enter_small_shelf_row",
  "goal_pose": {
    "frame_id": "map",
    "x": 3.774,
    "y": 1.856,
    "yaw_rad": -1.5940000000000003
  },
  "odom": {
    "position": {
      "x": 3.781134971317342,
      "y": 1.7248920301551758,
      "z": 0.0
    },
    "orientation_quat": {
      "x": -0.0018401915786320513,
      "y": 0.0010591963748510615,
      "z": 0.8666370169611189,
      "w": 0.4989346376337554
    },
    "yaw_rad": 2.0968519826380962,
    "linear_vel": {
      "x": 0.09637545246111477,
      "y": -7.428366329575138e-05
    },
    "angular_vel_z": 0.17244516414197253
  }
}