{
  "frame_idx": 37,
  "ros_stamp": 809.9,
  "wall_time": 1776684705.9733775,
  "prompt": "go to the entrance of the small shelf row",
  "goal_id": "enter_small_shelf_row",
  "goal_pose": {
    "frame_id": "map",
    "x": 3.774,
    "y": 1.856,
    "yaw_rad": -1.5940000000000003
  },
  "odom": {
    "position": {
      "x": 3.7132883507797505,
      "y": 1.8109308239954072,
      "z": 0.0
    },
    "orientation_quat": {
      "x": -0.0019043093551412513,
      "y": 0.0006631151372914453,
      "z": 0.9443701194254762,
      "w": 0.3288784143426052
    },
    "yaw_rad": 2.471359883066451,
    "linear_vel": {
      "x": 0.026761020968108902,
      "y": -6.343594575954957e-05
    },
    "angular_vel_z": 0.1854814632902433
  }
}