{
  "frame_idx": 38,
  "ros_stamp": 811.9,
  "wall_time": 1776684708.0696175,
  "prompt": "go to the entrance of the small shelf row",
  "goal_id": "enter_small_shelf_row",
  "goal_pose": {
    "frame_id": "map",
    "x": 3.774,
    "y": 1.856,
    "yaw_rad": -1.5940000000000003
  },
  "odom": {
    "position": {
      "x": 3.691801668478418,
      "y": 1.8241467671531355,
      "z": 0.0
    },
    "orientation_quat": {
      "x": -0.0021966228440551297,
      "y": 0.00033904299942318105,
      "z": 0.988290724666801,
      "w": 0.15256639025517651
    },
    "yaw_rad": 2.8352627993020407,
    "linear_vel": {
      "x": 0.00021120477545014823,
      "y": -5.868650041046152e-05
    },
    "angular_vel_z": 0.16733202693768162
  }
}