{
  "frame_idx": 39,
  "ros_stamp": 813.9,
  "wall_time": 1776684710.2215414,
  "prompt": "go to the entrance of the small shelf row",
  "goal_id": "enter_small_shelf_row",
  "goal_pose": {
    "frame_id": "map",
    "x": 3.774,
    "y": 1.856,
    "yaw_rad": -1.5940000000000003
  },
  "odom": {
    "position": {
      "x": 3.6914952021591776,
      "y": 1.8243580878240675,
      "z": 0.0
    },
    "orientation_quat": {
      "x": -0.0022218923449030814,
      "y": -5.773245068563326e-05,
      "z": 0.999660837854468,
      "w": -0.025947429958949397
    },
    "yaw_rad": -3.0896918407470793,
    "linear_vel": {
      "x": 0.00010319616590189745,
      "y": -6.071638996068675e-05
    },
    "angular_vel_z": 0.17469656959807833
  }
}