{
  "frame_idx": 40,
  "ros_stamp": 815.9,
  "wall_time": 1776684712.3956125,
  "prompt": "go to the entrance of the small shelf row",
  "goal_id": "enter_small_shelf_row",
  "goal_pose": {
    "frame_id": "map",
    "x": 3.774,
    "y": 1.856,
    "yaw_rad": -1.5940000000000003
  },
  "odom": {
    "position": {
      "x": 3.6914794659463785,
      "y": 1.8244633521119666,
      "z": 0.0
    },
    "orientation_quat": {
      "x": -0.0021902458784607177,
      "y": -0.0003781910724873124,
      "z": 0.9854196344199051,
      "w": -0.17012702282190503
    },
    "yaw_rad": -2.799674661681005,
    "linear_vel": {
      "x": -2.3575491848133434e-07,
      "y": -5.3238127802312455e-05
    },
    "angular_vel_z": 0.1516941779562297
  }
}