{
  "frame_idx": 41,
  "ros_stamp": 817.9,
  "wall_time": 1776684714.4961364,
  "prompt": "go to the entrance of the small shelf row",
  "goal_id": "enter_small_shelf_row",
  "goal_pose": {
    "frame_id": "map",
    "x": 3.774,
    "y": 1.856,
    "yaw_rad": -1.5940000000000003
  },
  "odom": {
    "position": {
      "x": 3.6914344020021344,
      "y": 1.8245515952621731,
      "z": 0.0
    },
    "orientation_quat": {
      "x": -0.002116783375543633,
      "y": -0.0006778626051710059,
      "z": 0.9523642532391278,
      "w": -0.30495473251403743
    },
    "yaw_rad": -2.5218092771870975,
    "linear_vel": {
      "x": -2.00384529199419e-07,
      "y": -4.54000690138758e-05
    },
    "angular_vel_z": 0.130115699375776
  }
}