{
  "frame_idx": 42,
  "ros_stamp": 819.9,
  "wall_time": 1776684716.668488,
  "prompt": "go to the entrance of the small shelf row",
  "goal_id": "enter_small_shelf_row",
  "goal_pose": {
    "frame_id": "map",
    "x": 3.774,
    "y": 1.856,
    "yaw_rad": -1.5940000000000003
  },
  "odom": {
    "position": {
      "x": 3.6908800280211245,
      "y": 1.824925267401211,
      "z": 0.0
    },
    "orientation_quat": {
      "x": 0.0014786488736261995,
      "y": 0.0016595119076934792,
      "z": -0.6652456825186488,
      "w": 0.7466212168884794
    },
    "yaw_rad": -1.455650056773746,
    "linear_vel": {
      "x": -4.217234722218062e-07,
      "y": -0.0003670893132001129
    },
    "angular_vel_z": 1.057827013394545
  }
}