{
  "frame_idx": 43,
  "ros_stamp": 821.9,
  "wall_time": 1776684718.7652175,
  "prompt": "go to the entrance of the small shelf row",
  "goal_id": "enter_small_shelf_row",
  "goal_pose": {
    "frame_id": "map",
    "x": 3.774,
    "y": 1.856,
    "yaw_rad": -1.5940000000000003
  },
  "odom": {
    "position": {
      "x": 3.7293457271152266,
      "y": 1.7996723913515726,
      "z": 0.0
    },
    "orientation_quat": {
      "x": 0.0007065503768980167,
      "y": 0.002107410815442972,
      "z": -0.3178429050965018,
      "w": 0.9481407845283505
    },
    "yaw_rad": -0.6469087451037825,
    "linear_vel": {
      "x": 0.03171954170959053,
      "y": 4.8178550014748e-05
    },
    "angular_vel_z": -0.1266881344842858
  }
}