{
  "frame_idx": 44,
  "ros_stamp": 823.9,
  "wall_time": 1776684720.8965313,
  "prompt": "go to the entrance of the small shelf row",
  "goal_id": "enter_small_shelf_row",
  "goal_pose": {
    "frame_id": "map",
    "x": 3.774,
    "y": 1.856,
    "yaw_rad": -1.5940000000000003
  },
  "odom": {
    "position": {
      "x": 3.74898510024578,
      "y": 1.782093642797646,
      "z": 0.0
    },
    "orientation_quat": {
      "x": 0.0009548879888765085,
      "y": 0.0020074256291907635,
      "z": -0.4295415336557993,
      "w": 0.903044367290941
    },
    "yaw_rad": -0.8879724051870265,
    "linear_vel": {
      "x": 0.006807889361599992,
      "y": 0.00016949927952792043
    },
    "angular_vel_z": -0.11899680089585067
  }
}