{
  "frame_idx": 45,
  "ros_stamp": 825.9,
  "wall_time": 1776684723.0646307,
  "prompt": "go to the entrance of the small shelf row",
  "goal_id": "enter_small_shelf_row",
  "goal_pose": {
    "frame_id": "map",
    "x": 3.774,
    "y": 1.856,
    "yaw_rad": -1.5940000000000003
  },
  "odom": {
    "position": {
      "x": 3.7503012295234006,
      "y": 1.780332565485923,
      "z": 0.0
    },
    "orientation_quat": {
      "x": 0.0011613893869296477,
      "y": 0.001895876079937758,
      "z": -0.5223543195168449,
      "w": 0.8527256426956301
    },
    "yaw_rad": -1.0992221246819753,
    "linear_vel": {
      "x": 0.0011537826056709772,
      "y": 3.51734588572844e-05
    },
    "angular_vel_z": -0.09947246559286511
  }
}