{
  "frame_idx": 46,
  "ros_stamp": 827.9,
  "wall_time": 1776684725.1579523,
  "prompt": "go to the entrance of the small shelf row",
  "goal_id": "enter_small_shelf_row",
  "goal_pose": {
    "frame_id": "map",
    "x": 3.774,
    "y": 1.856,
    "yaw_rad": -1.5940000000000003
  },
  "odom": {
    "position": {
      "x": 3.7503849568566716,
      "y": 1.7802832298720408,
      "z": 0.0
    },
    "orientation_quat": {
      "x": 0.0013238840034681411,
      "y": 0.0017858984387741019,
      "z": -0.5955088848690978,
      "w": 0.8033456453730706
    },
    "yaw_rad": -1.2758015726231935,
    "linear_vel": {
      "x": 0.0007579794698045095,
      "y": 2.6954212285807293e-05
    },
    "angular_vel_z": -0.07575640080522332
  }
}