{
  "frame_idx": 0,
  "ros_stamp": 1603.9,
  "wall_time": 1776685557.3217897,
  "prompt": "in small storage shelves",
  "goal_id": "inside_small_shelf",
  "goal_pose": {
    "frame_id": "map",
    "x": 5.231,
    "y": -5.906,
    "yaw_rad": -3.134
  },
  "odom": {
    "position": {
      "x": 3.759479062228747,
      "y": 1.7442636186391987,
      "z": 0.0
    },
    "orientation_quat": {
      "x": 0.0009864085753714749,
      "y": 0.001167196331917101,
      "z": -0.6452416261649816,
      "w": 0.763977034023154
    },
    "yaw_rad": -1.402680999941299,
    "linear_vel": {
      "x": 0.13005076343311284,
      "y": 3.465092726253455e-05
    },
    "angular_vel_z": -0.09260812762444397
  }
}