{
  "frame_idx": 1,
  "ros_stamp": 1605.9,
  "wall_time": 1776685559.5676675,
  "prompt": "in small storage shelves",
  "goal_id": "inside_small_shelf",
  "goal_pose": {
    "frame_id": "map",
    "x": 5.231,
    "y": -5.906,
    "yaw_rad": -3.134
  },
  "odom": {
    "position": {
      "x": 3.788383325050364,
      "y": 1.4212887807338919,
      "z": 0.0
    },
    "orientation_quat": {
      "x": -0.00025619882942593415,
      "y": -0.0002698135871210139,
      "z": -0.6885814773705213,
      "w": 0.7251588864414599
    },
    "yaw_rad": -1.5190622861941878,
    "linear_vel": {
      "x": 0.17976860794094168,
      "y": -1.6098838593552368e-06
    },
    "angular_vel_z": 0.012831352022113371
  }
}