{
  "frame_idx": 2,
  "ros_stamp": 1607.9,
  "wall_time": 1776685561.7576401,
  "prompt": "in small storage shelves",
  "goal_id": "inside_small_shelf",
  "goal_pose": {
    "frame_id": "map",
    "x": 5.231,
    "y": -5.906,
    "yaw_rad": -3.134
  },
  "odom": {
    "position": {
      "x": 3.80228169019378,
      "y": 1.0645049875068382,
      "z": 0.0
    },
    "orientation_quat": {
      "x": 0.00042223739839895716,
      "y": 0.00042827271480777986,
      "z": -0.702065334598944,
      "w": 0.7121122834585385
    },
    "yaw_rad": -1.5565876733599266,
    "linear_vel": {
      "x": 0.1566416470774242,
      "y": 3.255422865951202e-06
    },
    "angular_vel_z": -0.013095285401024639
  }
}