{
  "frame_idx": 3,
  "ros_stamp": 1609.9,
  "wall_time": 1776685563.9159572,
  "prompt": "in small storage shelves",
  "goal_id": "inside_small_shelf",
  "goal_pose": {
    "frame_id": "map",
    "x": 5.231,
    "y": -5.906,
    "yaw_rad": -3.134
  },
  "odom": {
    "position": {
      "x": 3.804105879670799,
      "y": 0.7394019682392661,
      "z": 0.0
    },
    "orientation_quat": {
      "x": -0.00153011865490908,
      "y": -0.0015264707503736086,
      "z": -0.7079488013930176,
      "w": 0.7062604499971239
    },
    "yaw_rad": -1.5731840223847915,
    "linear_vel": {
      "x": 0.16778234425838384,
      "y": 1.3265128491547428e-06
    },
    "angular_vel_z": 0.00792746673138139
  }
}