{
  "frame_idx": 4,
  "ros_stamp": 1611.9,
  "wall_time": 1776685566.3175988,
  "prompt": "in small storage shelves",
  "goal_id": "inside_small_shelf",
  "goal_pose": {
    "frame_id": "map",
    "x": 5.231,
    "y": -5.906,
    "yaw_rad": -3.134
  },
  "odom": {
    "position": {
      "x": 3.8022745649771226,
      "y": 0.38432070891910114,
      "z": 0.0
    },
    "orientation_quat": {
      "x": 0.0012007191930086048,
      "y": 0.0011961542828053315,
      "z": -0.7084511205744981,
      "w": 0.7057578460386319
    },
    "yaw_rad": -1.5746051999431099,
    "linear_vel": {
      "x": 0.16357059197075127,
      "y": -1.5254331111915624e-06
    },
    "angular_vel_z": 0.0035671277034667326
  }
}