{
  "frame_idx": 5,
  "ros_stamp": 1613.9,
  "wall_time": 1776685568.542257,
  "prompt": "in small storage shelves",
  "goal_id": "inside_small_shelf",
  "goal_pose": {
    "frame_id": "map",
    "x": 5.231,
    "y": -5.906,
    "yaw_rad": -3.134
  },
  "odom": {
    "position": {
      "x": 3.800146306835529,
      "y": 0.05485628011534266,
      "z": 0.0
    },
    "orientation_quat": {
      "x": 0.0001211789443851575,
      "y": 0.00012027505256053063,
      "z": -0.7097808475311272,
      "w": 0.70442254317105
    },
    "yaw_rad": -1.578374131736207,
    "linear_vel": {
      "x": 0.16011214926583506,
      "y": 1.8166331799637474e-06
    },
    "angular_vel_z": -0.01098753457411015
  }
}