{
  "frame_idx": 6,
  "ros_stamp": 1615.9,
  "wall_time": 1776685570.7667527,
  "prompt": "in small storage shelves",
  "goal_id": "inside_small_shelf",
  "goal_pose": {
    "frame_id": "map",
    "x": 5.231,
    "y": -5.906,
    "yaw_rad": -3.134
  },
  "odom": {
    "position": {
      "x": 3.7999670101681793,
      "y": -0.29630856651664705,
      "z": 0.0
    },
    "orientation_quat": {
      "x": -0.0015680297113352369,
      "y": -0.0015770587883081962,
      "z": -0.7050723654785496,
      "w": 0.7091318732132165
    },
    "yaw_rad": -1.5650552938218836,
    "linear_vel": {
      "x": 0.17481960856527656,
      "y": -3.958515218446149e-06
    },
    "angular_vel_z": -0.023002049458338208
  }
}