{
  "frame_idx": 7,
  "ros_stamp": 1617.9,
  "wall_time": 1776685572.9750464,
  "prompt": "in small storage shelves",
  "goal_id": "inside_small_shelf",
  "goal_pose": {
    "frame_id": "map",
    "x": 5.231,
    "y": -5.906,
    "yaw_rad": -3.134
  },
  "odom": {
    "position": {
      "x": 3.7994625660927843,
      "y": -0.6268686568574056,
      "z": 0.0
    },
    "orientation_quat": {
      "x": -0.00032491921104756485,
      "y": -0.00032498992648551334,
      "z": -0.7070296972071634,
      "w": 0.7071837074453857
    },
    "yaw_rad": -1.5705785234037892,
    "linear_vel": {
      "x": 0.18649623822137534,
      "y": -2.1991948538544893e-06
    },
    "angular_vel_z": 0.018933727516786035
  }
}