{
  "frame_idx": 8,
  "ros_stamp": 1619.9,
  "wall_time": 1776685575.1796083,
  "prompt": "in small storage shelves",
  "goal_id": "inside_small_shelf",
  "goal_pose": {
    "frame_id": "map",
    "x": 5.231,
    "y": -5.906,
    "yaw_rad": -3.134
  },
  "odom": {
    "position": {
      "x": 3.8002402635995045,
      "y": -0.9692324347016681,
      "z": 0.0
    },
    "orientation_quat": {
      "x": -0.0011657057038328828,
      "y": -0.0011704723859657375,
      "z": -0.705662078810596,
      "w": 0.7085466121952132
    },
    "yaw_rad": -1.5667169721704817,
    "linear_vel": {
      "x": 0.1834807015731946,
      "y": -5.719049650762674e-07
    },
    "angular_vel_z": -0.008430581400140765
  }
}