{
  "frame_idx": 9,
  "ros_stamp": 1621.9,
  "wall_time": 1776685577.445389,
  "prompt": "in small storage shelves",
  "goal_id": "inside_small_shelf",
  "goal_pose": {
    "frame_id": "map",
    "x": 5.231,
    "y": -5.906,
    "yaw_rad": -3.134
  },
  "odom": {
    "position": {
      "x": 3.8000890694467646,
      "y": -1.3166647079254814,
      "z": 0.0
    },
    "orientation_quat": {
      "x": -0.0015759860764057913,
      "y": -0.0015711257417517044,
      "z": -0.7081981532457179,
      "w": 0.7060102149198304
    },
    "yaw_rad": -1.5738905477719844,
    "linear_vel": {
      "x": 0.1953211397607705,
      "y": -1.2667540608380134e-06
    },
    "angular_vel_z": -0.008355811375124412
  }
}