{
  "frame_idx": 10,
  "ros_stamp": 1623.9,
  "wall_time": 1776685579.6181648,
  "prompt": "in small storage shelves",
  "goal_id": "inside_small_shelf",
  "goal_pose": {
    "frame_id": "map",
    "x": 5.231,
    "y": -5.906,
    "yaw_rad": -3.134
  },
  "odom": {
    "position": {
      "x": 3.7994469247262095,
      "y": -1.664386672851889,
      "z": 0.0
    },
    "orientation_quat": {
      "x": -0.0003777844274647504,
      "y": -0.00037906871922355336,
      "z": -0.7058982395657147,
      "w": 0.7083130585862845
    },
    "yaw_rad": -1.5673812548306232,
    "linear_vel": {
      "x": 0.1865340128945717,
      "y": -3.1948268433587205e-06
    },
    "angular_vel_z": 0.028681289068401228
  }
}