{
  "frame_idx": 11,
  "ros_stamp": 1625.9,
  "wall_time": 1776685581.7621627,
  "prompt": "in small storage shelves",
  "goal_id": "inside_small_shelf",
  "goal_pose": {
    "frame_id": "map",
    "x": 5.231,
    "y": -5.906,
    "yaw_rad": -3.134
  },
  "odom": {
    "position": {
      "x": 3.801618593047472,
      "y": -2.030356514197884,
      "z": 0.0
    },
    "orientation_quat": {
      "x": -0.00011295348115480461,
      "y": -0.00011339552821542285,
      "z": -0.7057070730961587,
      "w": 0.708503705964209
    },
    "yaw_rad": -1.5668412880342535,
    "linear_vel": {
      "x": 0.17047143208565047,
      "y": 6.814805803353793e-07
    },
    "angular_vel_z": -0.005192429428939326
  }
}