{
  "frame_idx": 12,
  "ros_stamp": 1627.9,
  "wall_time": 1776685584.0365415,
  "prompt": "in small storage shelves",
  "goal_id": "inside_small_shelf",
  "goal_pose": {
    "frame_id": "map",
    "x": 5.231,
    "y": -5.906,
    "yaw_rad": -3.134
  },
  "odom": {
    "position": {
      "x": 3.802924451856946,
      "y": -2.3611971521960387,
      "z": 0.0
    },
    "orientation_quat": {
      "x": 0.0006826553713237725,
      "y": 0.0006826745922665777,
      "z": -0.707094498983618,
      "w": 0.7071184041192474
    },
    "yaw_rad": -1.5707625198068549,
    "linear_vel": {
      "x": 0.17444056238019942,
      "y": -2.5313416873198493e-06
    },
    "angular_vel_z": 0.007952652496328974
  }
}