{
  "frame_idx": 13,
  "ros_stamp": 1629.9,
  "wall_time": 1776685586.1842978,
  "prompt": "in small storage shelves",
  "goal_id": "inside_small_shelf",
  "goal_pose": {
    "frame_id": "map",
    "x": 5.231,
    "y": -5.906,
    "yaw_rad": -3.134
  },
  "odom": {
    "position": {
      "x": 3.8031045388051936,
      "y": -2.7028416365017116,
      "z": 0.0
    },
    "orientation_quat": {
      "x": -0.0015721669681470782,
      "y": -0.0015755180693640158,
      "z": -0.7063523496272228,
      "w": 0.7078569094173899
    },
    "yaw_rad": -1.5686685522696813,
    "linear_vel": {
      "x": 0.17580182298952765,
      "y": -2.3545366922500087e-06
    },
    "angular_vel_z": -0.01373775236805933
  }
}