{
  "frame_idx": 14,
  "ros_stamp": 1631.9,
  "wall_time": 1776685588.36313,
  "prompt": "in small storage shelves",
  "goal_id": "inside_small_shelf",
  "goal_pose": {
    "frame_id": "map",
    "x": 5.231,
    "y": -5.906,
    "yaw_rad": -3.134
  },
  "odom": {
    "position": {
      "x": 3.805180752741908,
      "y": -3.049285584147217,
      "z": 0.0
    },
    "orientation_quat": {
      "x": 0.0015691165348535453,
      "y": 0.001586931707549564,
      "z": -0.7031000889049823,
      "w": 0.7110873958261823
    },
    "yaw_rad": -1.5595004808045345,
    "linear_vel": {
      "x": 0.1731530106714651,
      "y": -1.0877776125952563e-05
    },
    "angular_vel_z": 0.020870599979125153
  }
}