{
  "frame_idx": 15,
  "ros_stamp": 1633.9,
  "wall_time": 1776685590.4952013,
  "prompt": "in small storage shelves",
  "goal_id": "inside_small_shelf",
  "goal_pose": {
    "frame_id": "map",
    "x": 5.231,
    "y": -5.906,
    "yaw_rad": -3.134
  },
  "odom": {
    "position": {
      "x": 3.808621945378514,
      "y": -3.39920602783762,
      "z": 0.0
    },
    "orientation_quat": {
      "x": -0.001567121194138612,
      "y": -0.0015796494844402056,
      "z": -0.7042843050479503,
      "w": 0.709914548732307
    },
    "yaw_rad": -1.5628339190723775,
    "linear_vel": {
      "x": 0.17644242860369647,
      "y": 1.2013896600203798e-06
    },
    "angular_vel_z": 0.0070277347878937605
  }
}