{
  "frame_idx": 16,
  "ros_stamp": 1635.9,
  "wall_time": 1776685592.594349,
  "prompt": "in small storage shelves",
  "goal_id": "inside_small_shelf",
  "goal_pose": {
    "frame_id": "map",
    "x": 5.231,
    "y": -5.906,
    "yaw_rad": -3.134
  },
  "odom": {
    "position": {
      "x": 3.8111039856551447,
      "y": -3.741072254475463,
      "z": 0.0
    },
    "orientation_quat": {
      "x": -0.0007076098982140049,
      "y": -0.0007176045657990541,
      "z": -0.7021304502379062,
      "w": 0.712047621427552
    },
    "yaw_rad": -1.5567712067262949,
    "linear_vel": {
      "x": 0.16770570418193567,
      "y": -8.436341185826538e-10
    },
    "angular_vel_z": -0.00019576977356148425
  }
}