{
  "frame_idx": 17,
  "ros_stamp": 1637.9,
  "wall_time": 1776685594.7780728,
  "prompt": "in small storage shelves",
  "goal_id": "inside_small_shelf",
  "goal_pose": {
    "frame_id": "map",
    "x": 5.231,
    "y": -5.906,
    "yaw_rad": -3.134
  },
  "odom": {
    "position": {
      "x": 3.8205374067691165,
      "y": -4.091212148366605,
      "z": 0.0
    },
    "orientation_quat": {
      "x": -0.0012189915968287613,
      "y": -0.001270259890587067,
      "z": -0.6923937704972308,
      "w": 0.721517683134603
    },
    "yaw_rad": -1.5296059188672986,
    "linear_vel": {
      "x": 0.17962976894263943,
      "y": 8.871689095239682e-07
    },
    "angular_vel_z": 0.011750109317298658
  }
}