{
  "frame_idx": 18,
  "ros_stamp": 1639.9,
  "wall_time": 1776685596.8791394,
  "prompt": "in small storage shelves",
  "goal_id": "inside_small_shelf",
  "goal_pose": {
    "frame_id": "map",
    "x": 5.231,
    "y": -5.906,
    "yaw_rad": -3.134
  },
  "odom": {
    "position": {
      "x": 3.844491022551236,
      "y": -4.429315745809811,
      "z": 0.0
    },
    "orientation_quat": {
      "x": 1.2427750401974535e-05,
      "y": 1.3908746832761549e-05,
      "z": -0.6663637206318054,
      "w": 0.745626844660139
    },
    "yaw_rad": -1.4586425709329023,
    "linear_vel": {
      "x": 0.1810090034064054,
      "y": -5.0123771883023055e-06
    },
    "angular_vel_z": 0.024738541845937843
  }
}