{
  "frame_idx": 19,
  "ros_stamp": 1641.9,
  "wall_time": 1776685599.0289187,
  "prompt": "in small storage shelves",
  "goal_id": "inside_small_shelf",
  "goal_pose": {
    "frame_id": "map",
    "x": 5.231,
    "y": -5.906,
    "yaw_rad": -3.134
  },
  "odom": {
    "position": {
      "x": 3.892491145413271,
      "y": -4.785586504382143,
      "z": 0.0
    },
    "orientation_quat": {
      "x": 0.0013487040654898467,
      "y": 0.0015285978562051836,
      "z": -0.6611586715403791,
      "w": 0.7502433308153422
    },
    "yaw_rad": -1.4447278583851542,
    "linear_vel": {
      "x": 0.16759933287843948,
      "y": 3.0172148769656155e-05
    },
    "angular_vel_z": -0.06151780994737342
  }
}