{
  "frame_idx": 20,
  "ros_stamp": 1643.9,
  "wall_time": 1776685601.159579,
  "prompt": "in small storage shelves",
  "goal_id": "inside_small_shelf",
  "goal_pose": {
    "frame_id": "map",
    "x": 5.231,
    "y": -5.906,
    "yaw_rad": -3.134
  },
  "odom": {
    "position": {
      "x": 3.935298630332645,
      "y": -5.11580091529409,
      "z": 0.0
    },
    "orientation_quat": {
      "x": -0.000302833954543616,
      "y": -0.0003689552714824016,
      "z": -0.6320220519339941,
      "w": 0.7749502551988401
    },
    "yaw_rad": -1.3683196051207696,
    "linear_vel": {
      "x": 0.16426615510051878,
      "y": -1.2131533172299411e-05
    },
    "angular_vel_z": 0.12217082744045075
  }
}