{
  "frame_idx": 21,
  "ros_stamp": 1645.9,
  "wall_time": 1776685603.2649655,
  "prompt": "in small storage shelves",
  "goal_id": "inside_small_shelf",
  "goal_pose": {
    "frame_id": "map",
    "x": 5.231,
    "y": -5.906,
    "yaw_rad": -3.134
  },
  "odom": {
    "position": {
      "x": 4.020930236274112,
      "y": -5.386005090035895,
      "z": 0.0
    },
    "orientation_quat": {
      "x": 0.0008785211662973314,
      "y": 0.0013631429281028855,
      "z": -0.541642303347378,
      "w": 0.8406075096419642
    },
    "yaw_rad": -1.1447808718712318,
    "linear_vel": {
      "x": 0.12752104932552988,
      "y": -4.750940317262782e-05
    },
    "angular_vel_z": 0.12325150996458174
  }
}