{
  "frame_idx": 22,
  "ros_stamp": 1647.9,
  "wall_time": 1776685605.4679947,
  "prompt": "in small storage shelves",
  "goal_id": "inside_small_shelf",
  "goal_pose": {
    "frame_id": "map",
    "x": 5.231,
    "y": -5.906,
    "yaw_rad": -3.134
  },
  "odom": {
    "position": {
      "x": 4.154658151328192,
      "y": -5.608183359392824,
      "z": 0.0
    },
    "orientation_quat": {
      "x": 0.0006431622634703529,
      "y": 0.0013349031647930287,
      "z": -0.4351813769216417,
      "w": 0.9003415871525804
    },
    "yaw_rad": -0.9004805070592613,
    "linear_vel": {
      "x": 0.11165710003014721,
      "y": -4.132676531306271e-05
    },
    "angular_vel_z": 0.11628784927488481
  }
}