{
  "frame_idx": 23,
  "ros_stamp": 1649.9,
  "wall_time": 1776685607.5639281,
  "prompt": "in small storage shelves",
  "goal_id": "inside_small_shelf",
  "goal_pose": {
    "frame_id": "map",
    "x": 5.231,
    "y": -5.906,
    "yaw_rad": -3.134
  },
  "odom": {
    "position": {
      "x": 4.285371033146594,
      "y": -5.739251575586682,
      "z": 0.0
    },
    "orientation_quat": {
      "x": 0.0006701858338111877,
      "y": 0.001948768054823707,
      "z": -0.325179354534194,
      "w": 0.9456501152851099
    },
    "yaw_rad": -0.6624042283712632,
    "linear_vel": {
      "x": 0.08325445297975395,
      "y": -5.68479833856085e-05
    },
    "angular_vel_z": 0.1423275418856555
  }
}