{
  "frame_idx": 24,
  "ros_stamp": 1651.9,
  "wall_time": 1776685609.7136607,
  "prompt": "in small storage shelves",
  "goal_id": "inside_small_shelf",
  "goal_pose": {
    "frame_id": "map",
    "x": 5.231,
    "y": -5.906,
    "yaw_rad": -3.134
  },
  "odom": {
    "position": {
      "x": 4.430369680677456,
      "y": -5.824090077172692,
      "z": 0.0
    },
    "orientation_quat": {
      "x": 0.0002801853627903676,
      "y": 0.0014323470735754175,
      "z": -0.19308854063330014,
      "w": 0.9811802512047039
    },
    "yaw_rad": -0.3886183339677339,
    "linear_vel": {
      "x": 0.07928630505108601,
      "y": -4.270268085590055e-05
    },
    "angular_vel_z": 0.13554119138084636
  }
}