{
  "frame_idx": 25,
  "ros_stamp": 1653.9,
  "wall_time": 1776685611.856797,
  "prompt": "in small storage shelves",
  "goal_id": "inside_small_shelf",
  "goal_pose": {
    "frame_id": "map",
    "x": 5.231,
    "y": -5.906,
    "yaw_rad": -3.134
  },
  "odom": {
    "position": {
      "x": 4.569042694088885,
      "y": -5.86221676425411,
      "z": 0.0
    },
    "orientation_quat": {
      "x": -0.00012116401707961964,
      "y": -0.0017013478986067083,
      "z": -0.07111347993713212,
      "w": 0.997466773233996
    },
    "yaw_rad": -0.14234731799903755,
    "linear_vel": {
      "x": 0.05758664198265723,
      "y": 2.6196416202354032e-05
    },
    "angular_vel_z": 0.12474298964977223
  }
}