{
  "frame_idx": 26,
  "ros_stamp": 1655.9,
  "wall_time": 1776685613.9589324,
  "prompt": "in small storage shelves",
  "goal_id": "inside_small_shelf",
  "goal_pose": {
    "frame_id": "map",
    "x": 5.231,
    "y": -5.906,
    "yaw_rad": -3.134
  },
  "odom": {
    "position": {
      "x": 4.686031950680743,
      "y": -5.868564151556173,
      "z": 0.0
    },
    "orientation_quat": {
      "x": -4.700602048752294e-06,
      "y": 0.0011194943859084991,
      "z": 0.005349009947751504,
      "w": 0.9999850672899087
    },
    "yaw_rad": 0.010698080498324422,
    "linear_vel": {
      "x": 0.03165770174527794,
      "y": -5.47257484236808e-06
    },
    "angular_vel_z": 0.030936362044134857
  }
}