{
  "frame_idx": 27,
  "ros_stamp": 1657.9,
  "wall_time": 1776685616.2309697,
  "prompt": "in small storage shelves",
  "goal_id": "inside_small_shelf",
  "goal_pose": {
    "frame_id": "map",
    "x": 5.231,
    "y": -5.906,
    "yaw_rad": -3.134
  },
  "odom": {
    "position": {
      "x": 4.9679852221594185,
      "y": -5.874148992587596,
      "z": 0.0
    },
    "orientation_quat": {
      "x": 0.00011569717626239356,
      "y": 0.0018809915008734248,
      "z": -0.06135364262004645,
      "w": 0.998114311600825
    },
    "yaw_rad": -0.12278461785263231,
    "linear_vel": {
      "x": 0.14284975991584958,
      "y": 6.197429472594608e-05
    },
    "angular_vel_z": -0.14020073949975817
  }
}