{
  "frame_idx": 28,
  "ros_stamp": 1659.9,
  "wall_time": 1776685618.3371062,
  "prompt": "in small storage shelves",
  "goal_id": "inside_small_shelf",
  "goal_pose": {
    "frame_id": "map",
    "x": 5.231,
    "y": -5.906,
    "yaw_rad": -3.134
  },
  "odom": {
    "position": {
      "x": 5.175418917840981,
      "y": -5.928515943140114,
      "z": 0.0
    },
    "orientation_quat": {
      "x": 0.0004763438427099079,
      "y": 0.002171021965633378,
      "z": -0.21428864713132736,
      "w": 0.9767678513704234
    },
    "yaw_rad": -0.43192808614428047,
    "linear_vel": {
      "x": 0.07668961261589155,
      "y": 7.756556254770366e-05
    },
    "angular_vel_z": -0.18175012819521613
  }
}