{
  "frame_idx": 29,
  "ros_stamp": 1661.9,
  "wall_time": 1776685620.482378,
  "prompt": "in small storage shelves",
  "goal_id": "inside_small_shelf",
  "goal_pose": {
    "frame_id": "map",
    "x": 5.231,
    "y": -5.906,
    "yaw_rad": -3.134
  },
  "odom": {
    "position": {
      "x": 5.231414823002042,
      "y": -5.96396165286706,
      "z": 0.0
    },
    "orientation_quat": {
      "x": 0.0008681114173133429,
      "y": 0.002046259003360907,
      "z": -0.3905416790575454,
      "w": 0.9205825634485869
    },
    "yaw_rad": -0.8024419491475182,
    "linear_vel": {
      "x": 0.005253228074620623,
      "y": 6.933118801423957e-05
    },
    "angular_vel_z": -0.19697044235884667
  }
}