{
  "frame_idx": 30,
  "ros_stamp": 1663.9,
  "wall_time": 1776685622.637382,
  "prompt": "in small storage shelves",
  "goal_id": "inside_small_shelf",
  "goal_pose": {
    "frame_id": "map",
    "x": 5.231,
    "y": -5.906,
    "yaw_rad": -3.134
  },
  "odom": {
    "position": {
      "x": 5.235112432145508,
      "y": -5.96859396741658,
      "z": 0.0
    },
    "orientation_quat": {
      "x": 0.0012276664938517731,
      "y": 0.001853096946309128,
      "z": -0.5522822906023895,
      "w": 0.8336542031044198
    },
    "yaw_rad": -1.170202169356206,
    "linear_vel": {
      "x": 0.0003999344306808004,
      "y": 6.605993905634989e-05
    },
    "angular_vel_z": -0.1884945759666565
  }
}