{
  "frame_idx": 31,
  "ros_stamp": 1665.9,
  "wall_time": 1776685624.730099,
  "prompt": "in small storage shelves",
  "goal_id": "inside_small_shelf",
  "goal_pose": {
    "frame_id": "map",
    "x": 5.231,
    "y": -5.906,
    "yaw_rad": -3.134
  },
  "odom": {
    "position": {
      "x": 5.235265623072761,
      "y": -5.968671491001425,
      "z": 0.0
    },
    "orientation_quat": {
      "x": 0.0015216655147227821,
      "y": 0.0016201586134184298,
      "z": -0.68460025036509,
      "w": 0.72891532897874
    },
    "yaw_rad": -1.5081149259187334,
    "linear_vel": {
      "x": -1.321119962471412e-10,
      "y": 6.1326903904405e-05
    },
    "angular_vel_z": -0.17638798361067826
  }
}