{
  "frame_idx": 32,
  "ros_stamp": 1667.9,
  "wall_time": 1776685626.9204702,
  "prompt": "in small storage shelves",
  "goal_id": "inside_small_shelf",
  "goal_pose": {
    "frame_id": "map",
    "x": 5.231,
    "y": -5.906,
    "yaw_rad": -3.134
  },
  "odom": {
    "position": {
      "x": 5.23538398240893,
      "y": -5.968682854946997,
      "z": 0.0
    },
    "orientation_quat": {
      "x": 0.00176449635538777,
      "y": 0.0013516376939158026,
      "z": -0.7938567801581099,
      "w": 0.6081007089497222
    },
    "yaw_rad": -1.8342570374338942,
    "linear_vel": {
      "x": -1.6787203399559733e-07,
      "y": 4.9727442426802395e-05
    },
    "angular_vel_z": -0.1416921044294921
  }
}