{
  "frame_idx": 33,
  "ros_stamp": 1669.9,
  "wall_time": 1776685629.0157056,
  "prompt": "in small storage shelves",
  "goal_id": "inside_small_shelf",
  "goal_pose": {
    "frame_id": "map",
    "x": 5.231,
    "y": -5.906,
    "yaw_rad": -3.134
  },
  "odom": {
    "position": {
      "x": 5.250290125348531,
      "y": -5.989093581587569,
      "z": 0.0
    },
    "orientation_quat": {
      "x": -0.0018406101397176362,
      "y": -0.0012458020293388196,
      "z": -0.8281326111630755,
      "w": 0.5605278213075992
    },
    "yaw_rad": -1.951543262699726,
    "linear_vel": {
      "x": 0.009212972433057328,
      "y": 0.014262544000316148
    },
    "angular_vel_z": -0.02961677941262821
  }
}