{
  "frame_idx": 34,
  "ros_stamp": 1671.9,
  "wall_time": 1776685631.1623995,
  "prompt": "in small storage shelves",
  "goal_id": "inside_small_shelf",
  "goal_pose": {
    "frame_id": "map",
    "x": 5.231,
    "y": -5.906,
    "yaw_rad": -3.134
  },
  "odom": {
    "position": {
      "x": 5.273248755191532,
      "y": -6.023531267484313,
      "z": 0.0
    },
    "orientation_quat": {
      "x": -0.001886790752546021,
      "y": -0.0011765499633103554,
      "z": -0.8485308815539901,
      "w": 0.5291411898539442
    },
    "yaw_rad": -2.0264133004773743,
    "linear_vel": {
      "x": 0.011392906373359938,
      "y": 0.018877881560601006
    },
    "angular_vel_z": -0.04038479342200185
  }
}