{
  "frame_idx": 35,
  "ros_stamp": 1673.9,
  "wall_time": 1776685633.3368812,
  "prompt": "in small storage shelves",
  "goal_id": "inside_small_shelf",
  "goal_pose": {
    "frame_id": "map",
    "x": 5.231,
    "y": -5.906,
    "yaw_rad": -3.134
  },
  "odom": {
    "position": {
      "x": 5.296048004900152,
      "y": -6.056576633083362,
      "z": 0.0
    },
    "orientation_quat": {
      "x": 0.001933861101471043,
      "y": 0.0010792550161679312,
      "z": 0.873131524143948,
      "w": -0.48747967848507967
    },
    "yaw_rad": -2.1231881192330504,
    "linear_vel": {
      "x": 0.00428695304202991,
      "y": 0.013685244347387635
    },
    "angular_vel_z": -0.06807153738757328
  }
}