{
  "frame_idx": 36,
  "ros_stamp": 1675.9,
  "wall_time": 1776685635.4244757,
  "prompt": "in small storage shelves",
  "goal_id": "inside_small_shelf",
  "goal_pose": {
    "frame_id": "map",
    "x": 5.231,
    "y": -5.906,
    "yaw_rad": -3.134
  },
  "odom": {
    "position": {
      "x": 5.29738159913977,
      "y": -6.058090321187118,
      "z": 0.0
    },
    "orientation_quat": {
      "x": 0.0020544292998530183,
      "y": 0.0008480800136187752,
      "z": 0.9243293857576329,
      "w": -0.3815891071630052
    },
    "yaw_rad": -2.358560848481048,
    "linear_vel": {
      "x": 4.162068829250698e-09,
      "y": -3.7791857000703046e-05
    },
    "angular_vel_z": -0.10898132695453537
  }
}