{
  "frame_idx": 37,
  "ros_stamp": 1677.9,
  "wall_time": 1776685637.6080644,
  "prompt": "in small storage shelves",
  "goal_id": "inside_small_shelf",
  "goal_pose": {
    "frame_id": "map",
    "x": 5.231,
    "y": -5.906,
    "yaw_rad": -3.134
  },
  "odom": {
    "position": {
      "x": 5.297332517548763,
      "y": -6.058029274514002,
      "z": 0.0
    },
    "orientation_quat": {
      "x": 0.002133846722889849,
      "y": 0.0006218239239408031,
      "z": 0.9600574847158306,
      "w": -0.27979400650171765
    },
    "yaw_rad": -2.5744321349645074,
    "linear_vel": {
      "x": -2.4115901631240174e-07,
      "y": -2.9601121117563546e-05
    },
    "angular_vel_z": -0.08424432017288577
  }
}