{
  "frame_idx": 38,
  "ros_stamp": 1679.9,
  "wall_time": 1776685639.7026112,
  "prompt": "in small storage shelves",
  "goal_id": "inside_small_shelf",
  "goal_pose": {
    "frame_id": "map",
    "x": 5.231,
    "y": -5.906,
    "yaw_rad": -3.134
  },
  "odom": {
    "position": {
      "x": 5.297300615449612,
      "y": -6.057967008330038,
      "z": 0.0
    },
    "orientation_quat": {
      "x": 0.0021838679503275987,
      "y": 0.0004131964544448229,
      "z": 0.9825604675269292,
      "w": -0.18593006115937222
    },
    "yaw_rad": -2.767555030200044,
    "linear_vel": {
      "x": -2.46213391648485e-07,
      "y": -2.9974922777383905e-05
    },
    "angular_vel_z": -0.08462475405725964
  }
}