{
  "frame_idx": 0,
  "ros_stamp": 1783.9,
  "wall_time": 1776685751.1021242,
  "prompt": "small shelves",
  "goal_id": "small_shelf_row",
  "goal_pose": {
    "frame_id": "map",
    "x": 1.937,
    "y": -7.778,
    "yaw_rad": 1.624
  },
  "odom": {
    "position": {
      "x": 1.5566083207320682,
      "y": 6.3114115385050775,
      "z": 0.0
    },
    "orientation_quat": {
      "x": -0.0013541439944551488,
      "y": 0.0017624268316827904,
      "z": 0.6092711775384361,
      "w": 0.7929588213562119
    },
    "yaw_rad": 1.3102860995566399,
    "linear_vel": {
      "x": 6.912835356587488e-06,
      "y": 3.789235650535644e-05
    },
    "angular_vel_z": -0.10756451524420536
  }
}