{
  "frame_idx": 1,
  "ros_stamp": 1785.9,
  "wall_time": 1776685753.2808816,
  "prompt": "small shelves",
  "goal_id": "small_shelf_row",
  "goal_pose": {
    "frame_id": "map",
    "x": 1.937,
    "y": -7.778,
    "yaw_rad": 1.624
  },
  "odom": {
    "position": {
      "x": 1.556658416872982,
      "y": 6.3117839108014815,
      "z": 0.0
    },
    "orientation_quat": {
      "x": -0.0011218685543725848,
      "y": 0.0019186968837953263,
      "z": 0.504763310301242,
      "w": 0.863254922133055
    },
    "yaw_rad": 1.0582184114276276,
    "linear_vel": {
      "x": 0.00032086370931890386,
      "y": 4.899151459033719e-05
    },
    "angular_vel_z": -0.13972324085895643
  }
}