{
  "frame_idx": 2,
  "ros_stamp": 1787.9,
  "wall_time": 1776685755.399765,
  "prompt": "small shelves",
  "goal_id": "small_shelf_row",
  "goal_pose": {
    "frame_id": "map",
    "x": 1.937,
    "y": -7.778,
    "yaw_rad": 1.624
  },
  "odom": {
    "position": {
      "x": 1.5585007191487303,
      "y": 6.3142878424958555,
      "z": 0.0
    },
    "orientation_quat": {
      "x": -0.0008733741592568759,
      "y": 0.00204305450669563,
      "z": 0.3934210823262473,
      "w": 0.9193557065288195
    },
    "yaw_rad": 0.8087017285040382,
    "linear_vel": {
      "x": 0.0006651601790921189,
      "y": 2.5759131095388693e-05
    },
    "angular_vel_z": -0.07292163398597899
  }
}