{
  "frame_idx": 3,
  "ros_stamp": 1789.9,
  "wall_time": 1776685757.611241,
  "prompt": "small shelves",
  "goal_id": "small_shelf_row",
  "goal_pose": {
    "frame_id": "map",
    "x": 1.937,
    "y": -7.778,
    "yaw_rad": 1.624
  },
  "odom": {
    "position": {
      "x": 1.5593093392601292,
      "y": 6.314958586491957,
      "z": 0.0
    },
    "orientation_quat": {
      "x": -0.000607282144599404,
      "y": 0.002137954951312504,
      "z": 0.27322326339019704,
      "w": 0.9619480800435302
    },
    "yaw_rad": 0.5534858074557835,
    "linear_vel": {
      "x": -1.4858933865242917e-05,
      "y": 2.901332008689699e-05
    },
    "angular_vel_z": -0.08244888871466702
  }
}