{
  "frame_idx": 4,
  "ros_stamp": 1791.9,
  "wall_time": 1776685759.7063856,
  "prompt": "small shelves",
  "goal_id": "small_shelf_row",
  "goal_pose": {
    "frame_id": "map",
    "x": 1.937,
    "y": -7.778,
    "yaw_rad": 1.624
  },
  "odom": {
    "position": {
      "x": 1.5618679548288041,
      "y": 6.316121750769078,
      "z": 0.0
    },
    "orientation_quat": {
      "x": -0.00033698325107798903,
      "y": 0.0020531473633254027,
      "z": 0.16198470650565447,
      "w": 0.9867910750946575
    },
    "yaw_rad": 0.32540389319486696,
    "linear_vel": {
      "x": 5.8375994878017496e-05,
      "y": 4.3294965444518116e-05
    },
    "angular_vel_z": -0.13682406013534362
  }
}