{
  "frame_idx": 5,
  "ros_stamp": 1793.9,
  "wall_time": 1776685761.8867505,
  "prompt": "small shelves",
  "goal_id": "small_shelf_row",
  "goal_pose": {
    "frame_id": "map",
    "x": 1.937,
    "y": -7.778,
    "yaw_rad": 1.624
  },
  "odom": {
    "position": {
      "x": 1.5703852799477347,
      "y": 6.317678134184577,
      "z": 0.0
    },
    "orientation_quat": {
      "x": -4.2360145012710425e-05,
      "y": 0.0016393070613144726,
      "z": 0.02632059409344142,
      "w": 0.9996522081226776
    },
    "yaw_rad": 0.05264734158875419,
    "linear_vel": {
      "x": 0.00242467281263541,
      "y": 2.189452054304338e-05
    },
    "angular_vel_z": -0.08628763406437619
  }
}