{
  "frame_idx": 6,
  "ros_stamp": 1795.9,
  "wall_time": 1776685764.0705905,
  "prompt": "small shelves",
  "goal_id": "small_shelf_row",
  "goal_pose": {
    "frame_id": "map",
    "x": 1.937,
    "y": -7.778,
    "yaw_rad": 1.624
  },
  "odom": {
    "position": {
      "x": 1.5834052990126184,
      "y": 6.31576198385437,
      "z": 0.0
    },
    "orientation_quat": {
      "x": -0.0003024755968277148,
      "y": -0.0022014187626613335,
      "z": -0.13492959037639704,
      "w": 0.9908526973797883
    },
    "yaw_rad": -0.2706854658697898,
    "linear_vel": {
      "x": 0.020777139324005916,
      "y": -3.6349604174549095e-05
    },
    "angular_vel_z": -0.1058656082254303
  }
}