{
  "frame_idx": 7,
  "ros_stamp": 1797.9,
  "wall_time": 1776685766.2386985,
  "prompt": "small shelves",
  "goal_id": "small_shelf_row",
  "goal_pose": {
    "frame_id": "map",
    "x": 1.937,
    "y": -7.778,
    "yaw_rad": 1.624
  },
  "odom": {
    "position": {
      "x": 1.6193636660331412,
      "y": 6.298628503807835,
      "z": 0.0
    },
    "orientation_quat": {
      "x": 0.0006731347375092176,
      "y": 0.002118378639395814,
      "z": -0.3027849114128958,
      "w": 0.9530563240345505
    },
    "yaw_rad": -0.6152283290013605,
    "linear_vel": {
      "x": 0.01183457565012224,
      "y": 8.514457454871585e-05
    },
    "angular_vel_z": -0.23653389304882283
  }
}