{
  "frame_idx": 8,
  "ros_stamp": 1799.9,
  "wall_time": 1776685768.4660537,
  "prompt": "small shelves",
  "goal_id": "small_shelf_row",
  "goal_pose": {
    "frame_id": "map",
    "x": 1.937,
    "y": -7.778,
    "yaw_rad": 1.624
  },
  "odom": {
    "position": {
      "x": 1.6743295287952429,
      "y": 6.236318927336089,
      "z": 0.0
    },
    "orientation_quat": {
      "x": -0.000782039882239123,
      "y": -0.0014487639144371359,
      "z": -0.47476831040064676,
      "w": 0.8801092778377342
    },
    "yaw_rad": -0.9894029857376896,
    "linear_vel": {
      "x": 0.04763088105256172,
      "y": -3.642504445211178e-05
    },
    "angular_vel_z": -0.17086008224099433
  }
}