{
  "frame_idx": 9,
  "ros_stamp": 1801.9,
  "wall_time": 1776685770.685489,
  "prompt": "small shelves",
  "goal_id": "small_shelf_row",
  "goal_pose": {
    "frame_id": "map",
    "x": 1.937,
    "y": -7.778,
    "yaw_rad": 1.624
  },
  "odom": {
    "position": {
      "x": 1.7240710083086137,
      "y": 6.115532125114497,
      "z": 0.0
    },
    "orientation_quat": {
      "x": 0.0009449115504680483,
      "y": 0.0011816341735124054,
      "z": -0.6256761070987035,
      "w": 0.7800814828520501
    },
    "yaw_rad": -1.3519977303254533,
    "linear_vel": {
      "x": 0.05743235943702555,
      "y": 5.7902458493818645e-05
    },
    "angular_vel_z": -0.19360004898832714
  }
}