{
  "frame_idx": 10,
  "ros_stamp": 1803.9,
  "wall_time": 1776685772.8417861,
  "prompt": "small shelves",
  "goal_id": "small_shelf_row",
  "goal_pose": {
    "frame_id": "map",
    "x": 1.937,
    "y": -7.778,
    "yaw_rad": 1.624
  },
  "odom": {
    "position": {
      "x": 1.736575256578335,
      "y": 6.012049293997244,
      "z": 0.0
    },
    "orientation_quat": {
      "x": 0.0014506394401337516,
      "y": 0.00151938214303649,
      "z": -0.6903900952436709,
      "w": 0.723434242701127
    },
    "yaw_rad": -1.5240604868840857,
    "linear_vel": {
      "x": 0.11998300466208171,
      "y": 0.00022802911513590678
    },
    "angular_vel_z": -0.16613116057715546
  }
}