{
  "frame_idx": 11,
  "ros_stamp": 1805.9,
  "wall_time": 1776685775.0324605,
  "prompt": "small shelves",
  "goal_id": "small_shelf_row",
  "goal_pose": {
    "frame_id": "map",
    "x": 1.937,
    "y": -7.778,
    "yaw_rad": 1.624
  },
  "odom": {
    "position": {
      "x": 1.7287687459175274,
      "y": 5.692541667458109,
      "z": 0.0
    },
    "orientation_quat": {
      "x": 0.0005978318492315195,
      "y": 0.0005766565118751709,
      "z": -0.7197278733573963,
      "w": 0.6942557874276505
    },
    "yaw_rad": -1.6068212565945814,
    "linear_vel": {
      "x": 0.1594523322683937,
      "y": -4.841587374341087e-06
    },
    "angular_vel_z": 0.017584110746408733
  }
}