{
  "frame_idx": 12,
  "ros_stamp": 1807.9,
  "wall_time": 1776685777.1357892,
  "prompt": "small shelves",
  "goal_id": "small_shelf_row",
  "goal_pose": {
    "frame_id": "map",
    "x": 1.937,
    "y": -7.778,
    "yaw_rad": 1.624
  },
  "odom": {
    "position": {
      "x": 1.7207051606968873,
      "y": 5.312841386601744,
      "z": 0.0
    },
    "orientation_quat": {
      "x": 0.001599905208523603,
      "y": 0.0015459338910036161,
      "z": -0.7186865279039737,
      "w": 0.6953306587524091
    },
    "yaw_rad": -1.6038280908128864,
    "linear_vel": {
      "x": 0.1633010040220822,
      "y": 3.489908796221398e-05
    },
    "angular_vel_z": -0.06696827339397622
  }
}