{
  "frame_idx": 13,
  "ros_stamp": 1809.9,
  "wall_time": 1776685779.335616,
  "prompt": "small shelves",
  "goal_id": "small_shelf_row",
  "goal_pose": {
    "frame_id": "map",
    "x": 1.937,
    "y": -7.778,
    "yaw_rad": 1.624
  },
  "odom": {
    "position": {
      "x": 1.7037076572397112,
      "y": 4.96980776168248,
      "z": 0.0
    },
    "orientation_quat": {
      "x": 0.0006208371250060086,
      "y": 0.0005886057111343062,
      "z": -0.7257036796545183,
      "w": 0.688006858570809
    },
    "yaw_rad": -1.6241140171643977,
    "linear_vel": {
      "x": 0.17398178598142955,
      "y": -8.041149561330097e-06
    },
    "angular_vel_z": 0.024549481546268865
  }
}