{
  "frame_idx": 14,
  "ros_stamp": 1811.9,
  "wall_time": 1776685781.498971,
  "prompt": "small shelves",
  "goal_id": "small_shelf_row",
  "goal_pose": {
    "frame_id": "map",
    "x": 1.937,
    "y": -7.778,
    "yaw_rad": 1.624
  },
  "odom": {
    "position": {
      "x": 1.6877482062939797,
      "y": 4.649465424202085,
      "z": 0.0
    },
    "orientation_quat": {
      "x": -0.0009945017532839492,
      "y": -0.0009490067955990846,
      "z": -0.7234594539398103,
      "w": 0.6903655038148099
    },
    "yaw_rad": -1.6176025566657768,
    "linear_vel": {
      "x": 0.16944850630489966,
      "y": 1.1621234004356896e-07
    },
    "angular_vel_z": 0.005509850781802996
  }
}