{
  "frame_idx": 15,
  "ros_stamp": 1813.9,
  "wall_time": 1776685783.6672132,
  "prompt": "small shelves",
  "goal_id": "small_shelf_row",
  "goal_pose": {
    "frame_id": "map",
    "x": 1.937,
    "y": -7.778,
    "yaw_rad": 1.624
  },
  "odom": {
    "position": {
      "x": 1.669771666785377,
      "y": 4.298186123048425,
      "z": 0.0
    },
    "orientation_quat": {
      "x": 0.0014232380856225037,
      "y": 0.0013585643161042296,
      "z": -0.7233570806629497,
      "w": 0.6904713336201046
    },
    "yaw_rad": -1.6173080788039653,
    "linear_vel": {
      "x": 0.1568977822686044,
      "y": 1.0253112595079322e-05
    },
    "angular_vel_z": -0.022863526690612302
  }
}