{
  "frame_idx": 16,
  "ros_stamp": 1815.9,
  "wall_time": 1776685785.8689015,
  "prompt": "small shelves",
  "goal_id": "small_shelf_row",
  "goal_pose": {
    "frame_id": "map",
    "x": 1.937,
    "y": -7.778,
    "yaw_rad": 1.624
  },
  "odom": {
    "position": {
      "x": 1.6528958091573354,
      "y": 3.9553404194665407,
      "z": 0.0
    },
    "orientation_quat": {
      "x": 0.000674293996693367,
      "y": 0.0006477600964287078,
      "z": -0.7211553502635338,
      "w": 0.6927727524381594
    },
    "yaw_rad": -1.610938094193392,
    "linear_vel": {
      "x": 0.17794361148635593,
      "y": -5.1194398139872075e-06
    },
    "angular_vel_z": 0.015434281236420544
  }
}