{
  "frame_idx": 17,
  "ros_stamp": 1817.9,
  "wall_time": 1776685788.0525174,
  "prompt": "small shelves",
  "goal_id": "small_shelf_row",
  "goal_pose": {
    "frame_id": "map",
    "x": 1.937,
    "y": -7.778,
    "yaw_rad": 1.624
  },
  "odom": {
    "position": {
      "x": 1.6424913180374066,
      "y": 3.610022935028087,
      "z": 0.0
    },
    "orientation_quat": {
      "x": -0.0008873809754663429,
      "y": -0.0008761172348613341,
      "z": -0.7116030595951636,
      "w": 0.7025806220985584
    },
    "yaw_rad": -1.5835560767261168,
    "linear_vel": {
      "x": 0.1941983948281728,
      "y": -2.795321302135454e-07
    },
    "angular_vel_z": 0.018444390650865908
  }
}