{
  "frame_idx": 18,
  "ros_stamp": 1819.9,
  "wall_time": 1776685790.2558885,
  "prompt": "small shelves",
  "goal_id": "small_shelf_row",
  "goal_pose": {
    "frame_id": "map",
    "x": 1.937,
    "y": -7.778,
    "yaw_rad": 1.624
  },
  "odom": {
    "position": {
      "x": 1.6433464083891824,
      "y": 3.25793850509639,
      "z": 0.0
    },
    "orientation_quat": {
      "x": -0.0009998126592114323,
      "y": -0.0010063038551300244,
      "z": -0.7048149703397667,
      "w": 0.7093897696697856
    },
    "yaw_rad": -1.5643265657473118,
    "linear_vel": {
      "x": 0.1672421785191061,
      "y": 3.109724827704857e-07
    },
    "angular_vel_z": 0.006037912473265896
  }
}