{
  "frame_idx": 19,
  "ros_stamp": 1821.9,
  "wall_time": 1776685792.4125414,
  "prompt": "small shelves",
  "goal_id": "small_shelf_row",
  "goal_pose": {
    "frame_id": "map",
    "x": 1.937,
    "y": -7.778,
    "yaw_rad": 1.624
  },
  "odom": {
    "position": {
      "x": 1.6462812752485991,
      "y": 2.925809976999704,
      "z": 0.0
    },
    "orientation_quat": {
      "x": 0.0001763522029386042,
      "y": 0.00017799090554267505,
      "z": -0.7038324507485751,
      "w": 0.7103659750384956
    },
    "yaw_rad": -1.5615564949759964,
    "linear_vel": {
      "x": 0.16122923994761673,
      "y": 1.920499147757323e-06
    },
    "angular_vel_z": -0.00977561911127437
  }
}