{
  "frame_idx": 20,
  "ros_stamp": 1823.9,
  "wall_time": 1776685794.5586047,
  "prompt": "small shelves",
  "goal_id": "small_shelf_row",
  "goal_pose": {
    "frame_id": "map",
    "x": 1.937,
    "y": -7.778,
    "yaw_rad": 1.624
  },
  "odom": {
    "position": {
      "x": 1.6490671852335241,
      "y": 2.578325024797947,
      "z": 0.0
    },
    "orientation_quat": {
      "x": -0.0010577423803892678,
      "y": -0.0010663252849711176,
      "z": -0.704241062327731,
      "w": 0.709959344091584
    },
    "yaw_rad": -1.5627094240012716,
    "linear_vel": {
      "x": 0.16562667390205982,
      "y": -1.8416645586964433e-06
    },
    "angular_vel_z": -0.024911727232432505
  }
}