{
  "frame_idx": 21,
  "ros_stamp": 1825.9,
  "wall_time": 1776685796.767302,
  "prompt": "small shelves",
  "goal_id": "small_shelf_row",
  "goal_pose": {
    "frame_id": "map",
    "x": 1.937,
    "y": -7.778,
    "yaw_rad": 1.624
  },
  "odom": {
    "position": {
      "x": 1.6509889118933376,
      "y": 2.210920598070165,
      "z": 0.0
    },
    "orientation_quat": {
      "x": -0.0015483170685562516,
      "y": -0.0015503194155710425,
      "z": -0.7066483008994137,
      "w": 0.7075615719214382
    },
    "yaw_rad": -1.5695047633434396,
    "linear_vel": {
      "x": 0.17807042067432882,
      "y": 2.7913603377963396e-07
    },
    "angular_vel_z": 0.0017221405624772454
  }
}