{
  "frame_idx": 22,
  "ros_stamp": 1827.9,
  "wall_time": 1776685798.882418,
  "prompt": "small shelves",
  "goal_id": "small_shelf_row",
  "goal_pose": {
    "frame_id": "map",
    "x": 1.937,
    "y": -7.778,
    "yaw_rad": 1.624
  },
  "odom": {
    "position": {
      "x": 1.650837615595905,
      "y": 1.8888402266202795,
      "z": 0.0
    },
    "orientation_quat": {
      "x": -0.0015737703713922528,
      "y": -0.0015712517373697287,
      "z": -0.7076719024999005,
      "w": 0.70653770800076
    },
    "yaw_rad": -1.572400324187799,
    "linear_vel": {
      "x": 0.17425294518931583,
      "y": -3.665506717332381e-06
    },
    "angular_vel_z": -0.021237313567925187
  }
}