{
  "frame_idx": 23,
  "ros_stamp": 1829.9,
  "wall_time": 1776685801.1243682,
  "prompt": "small shelves",
  "goal_id": "small_shelf_row",
  "goal_pose": {
    "frame_id": "map",
    "x": 1.937,
    "y": -7.778,
    "yaw_rad": 1.624
  },
  "odom": {
    "position": {
      "x": 1.6510400492374446,
      "y": 1.555163501373377,
      "z": 0.0
    },
    "orientation_quat": {
      "x": 7.218247112080896e-05,
      "y": 7.212713379990147e-05,
      "z": -0.7073335491000475,
      "w": 0.7068799331604328
    },
    "yaw_rad": -1.5714378366218424,
    "linear_vel": {
      "x": 0.17285386803301617,
      "y": 2.6106928783853564e-06
    },
    "angular_vel_z": -0.012923678929086727
  }
}