{
  "frame_idx": 24,
  "ros_stamp": 1831.9,
  "wall_time": 1776685803.3365152,
  "prompt": "small shelves",
  "goal_id": "small_shelf_row",
  "goal_pose": {
    "frame_id": "map",
    "x": 1.937,
    "y": -7.778,
    "yaw_rad": 1.624
  },
  "odom": {
    "position": {
      "x": 1.6495909794682138,
      "y": 1.2036953056680364,
      "z": 0.0
    },
    "orientation_quat": {
      "x": 0.0008065329755482286,
      "y": 0.0008033545845093117,
      "z": -0.708501395166744,
      "w": 0.7057084930569762
    },
    "yaw_rad": -1.5747460919650946,
    "linear_vel": {
      "x": 0.1665833416175445,
      "y": -7.514333741154588e-06
    },
    "angular_vel_z": 0.021990347681243406
  }
}