{
  "frame_idx": 25,
  "ros_stamp": 1833.9,
  "wall_time": 1776685805.469177,
  "prompt": "small shelves",
  "goal_id": "small_shelf_row",
  "goal_pose": {
    "frame_id": "map",
    "x": 1.937,
    "y": -7.778,
    "yaw_rad": 1.624
  },
  "odom": {
    "position": {
      "x": 1.6497916151854852,
      "y": 0.8525806984393074,
      "z": 0.0
    },
    "orientation_quat": {
      "x": -0.0015027546367974804,
      "y": -0.0015053639386013173,
      "z": -0.7064930631469493,
      "w": 0.7077167705609037
    },
    "yaw_rad": -1.5690657390620508,
    "linear_vel": {
      "x": 0.18120062956373334,
      "y": -3.386430538006978e-06
    },
    "angular_vel_z": -0.024842462554628863
  }
}