{
  "frame_idx": 26,
  "ros_stamp": 1835.9,
  "wall_time": 1776685807.7010627,
  "prompt": "small shelves",
  "goal_id": "small_shelf_row",
  "goal_pose": {
    "frame_id": "map",
    "x": 1.937,
    "y": -7.778,
    "yaw_rad": 1.624
  },
  "odom": {
    "position": {
      "x": 1.6500325082546892,
      "y": 0.5097933118233628,
      "z": 0.0
    },
    "orientation_quat": {
      "x": 0.0015789910141464538,
      "y": 0.001574671117090821,
      "z": -0.7080732348388261,
      "w": 0.7061354836737287
    },
    "yaw_rad": -1.5735367284482809,
    "linear_vel": {
      "x": 0.1665695051843284,
      "y": 5.861988286990481e-06
    },
    "angular_vel_z": -0.011393727431659692
  }
}