{
  "frame_idx": 27,
  "ros_stamp": 1837.9,
  "wall_time": 1776685809.8115942,
  "prompt": "small shelves",
  "goal_id": "small_shelf_row",
  "goal_pose": {
    "frame_id": "map",
    "x": 1.937,
    "y": -7.778,
    "yaw_rad": 1.624
  },
  "odom": {
    "position": {
      "x": 1.6497611699628545,
      "y": 0.18035895984682274,
      "z": 0.0
    },
    "orientation_quat": {
      "x": 0.0015111060331825291,
      "y": 0.0015212460073954588,
      "z": -0.7047367286880187,
      "w": 0.7094656761304604
    },
    "yaw_rad": -1.5641085573491338,
    "linear_vel": {
      "x": 0.16605478634055834,
      "y": -2.885747242594359e-06
    },
    "angular_vel_z": 0.00576796934405275
  }
}