{
  "frame_idx": 28,
  "ros_stamp": 1839.9,
  "wall_time": 1776685811.9719799,
  "prompt": "small shelves",
  "goal_id": "small_shelf_row",
  "goal_pose": {
    "frame_id": "map",
    "x": 1.937,
    "y": -7.778,
    "yaw_rad": 1.624
  },
  "odom": {
    "position": {
      "x": 1.651044991337022,
      "y": -0.1600004197731922,
      "z": 0.0
    },
    "orientation_quat": {
      "x": 0.001195443782756498,
      "y": 0.0011991409001916884,
      "z": -0.7060124318389827,
      "w": 0.7081974153186875
    },
    "yaw_rad": -1.567706287859219,
    "linear_vel": {
      "x": 0.17883909818965266,
      "y": 2.9136863469098662e-06
    },
    "angular_vel_z": -0.006505694307954136
  }
}