{
  "frame_idx": 29,
  "ros_stamp": 1841.9,
  "wall_time": 1776685814.1127691,
  "prompt": "small shelves",
  "goal_id": "small_shelf_row",
  "goal_pose": {
    "frame_id": "map",
    "x": 1.937,
    "y": -7.778,
    "yaw_rad": 1.624
  },
  "odom": {
    "position": {
      "x": 1.6521684466658706,
      "y": -0.5049798509339916,
      "z": 0.0
    },
    "orientation_quat": {
      "x": 0.0006767988338264671,
      "y": 0.0006761806958950487,
      "z": -0.707420706398876,
      "w": 0.7067920690564661
    },
    "yaw_rad": -1.5716853546638565,
    "linear_vel": {
      "x": 0.18077163547385344,
      "y": 9.505108702133415e-06
    },
    "angular_vel_z": -0.02789400507222254
  }
}