{
  "frame_idx": 30,
  "ros_stamp": 1843.9,
  "wall_time": 1776685816.2673743,
  "prompt": "small shelves",
  "goal_id": "small_shelf_row",
  "goal_pose": {
    "frame_id": "map",
    "x": 1.937,
    "y": -7.778,
    "yaw_rad": 1.624
  },
  "odom": {
    "position": {
      "x": 1.6520503235270512,
      "y": -0.8512043830735974,
      "z": 0.0
    },
    "orientation_quat": {
      "x": 0.0014169264955436437,
      "y": 0.0014195649392707258,
      "z": -0.7064469926232766,
      "w": 0.7077631127490452
    },
    "yaw_rad": -1.5689350478471182,
    "linear_vel": {
      "x": 0.17719996588135503,
      "y": 6.2807455327499615e-06
    },
    "angular_vel_z": -0.012947122058370609
  }
}