{
  "frame_idx": 31,
  "ros_stamp": 1845.9,
  "wall_time": 1776685818.5204852,
  "prompt": "small shelves",
  "goal_id": "small_shelf_row",
  "goal_pose": {
    "frame_id": "map",
    "x": 1.937,
    "y": -7.778,
    "yaw_rad": 1.624
  },
  "odom": {
    "position": {
      "x": 1.6499518252130159,
      "y": -1.1956093697840724,
      "z": 0.0
    },
    "orientation_quat": {
      "x": 0.0013540849085432267,
      "y": 0.0013338600040426734,
      "z": -0.712403586010028,
      "w": 0.701767424373348
    },
    "yaw_rad": -1.5858382997896112,
    "linear_vel": {
      "x": 0.169467728034831,
      "y": -3.686384612307214e-07
    },
    "angular_vel_z": 0.0008360056125412104
  }
}