{
  "frame_idx": 32,
  "ros_stamp": 1847.9,
  "wall_time": 1776685820.6890483,
  "prompt": "small shelves",
  "goal_id": "small_shelf_row",
  "goal_pose": {
    "frame_id": "map",
    "x": 1.937,
    "y": -7.778,
    "yaw_rad": 1.624
  },
  "odom": {
    "position": {
      "x": 1.6483413197675616,
      "y": -1.5358667976924685,
      "z": 0.0
    },
    "orientation_quat": {
      "x": 0.0002905154514890478,
      "y": 0.00029098876681476164,
      "z": -0.7065315894624172,
      "w": 0.7076813859485215
    },
    "yaw_rad": -1.5691702686939866,
    "linear_vel": {
      "x": 0.16448103006177456,
      "y": 6.034675233749885e-07
    },
    "angular_vel_z": -0.002707426955347485
  }
}