{
  "frame_idx": 33,
  "ros_stamp": 1849.9,
  "wall_time": 1776685822.8798175,
  "prompt": "small shelves",
  "goal_id": "small_shelf_row",
  "goal_pose": {
    "frame_id": "map",
    "x": 1.937,
    "y": -7.778,
    "yaw_rad": 1.624
  },
  "odom": {
    "position": {
      "x": 1.6491842343734016,
      "y": -1.8808668157723845,
      "z": 0.0
    },
    "orientation_quat": {
      "x": -0.001074239979826411,
      "y": -0.0010767865770442424,
      "z": -0.706269720236818,
      "w": 0.70794121847491
    },
    "yaw_rad": -1.5684324680414965,
    "linear_vel": {
      "x": 0.15605108136351392,
      "y": 1.5003635226097518e-06
    },
    "angular_vel_z": 0.018315737864112454
  }
}