{
  "frame_idx": 34,
  "ros_stamp": 1851.9,
  "wall_time": 1776685825.0358346,
  "prompt": "small shelves",
  "goal_id": "small_shelf_row",
  "goal_pose": {
    "frame_id": "map",
    "x": 1.937,
    "y": -7.778,
    "yaw_rad": 1.624
  },
  "odom": {
    "position": {
      "x": 1.6503723697502126,
      "y": -2.221029498328802,
      "z": 0.0
    },
    "orientation_quat": {
      "x": 0.0015521305198640545,
      "y": 0.0015595729839403421,
      "z": -0.7054139891381579,
      "w": 0.7087921151869199
    },
    "yaw_rad": -1.5660189190430713,
    "linear_vel": {
      "x": 0.16403153265497433,
      "y": 3.2726530052325263e-06
    },
    "angular_vel_z": -0.006419975156252247
  }
}