{
  "frame_idx": 35,
  "ros_stamp": 1853.9,
  "wall_time": 1776685827.152497,
  "prompt": "small shelves",
  "goal_id": "small_shelf_row",
  "goal_pose": {
    "frame_id": "map",
    "x": 1.937,
    "y": -7.778,
    "yaw_rad": 1.624
  },
  "odom": {
    "position": {
      "x": 1.651178474138286,
      "y": -2.5638805722395244,
      "z": 0.0
    },
    "orientation_quat": {
      "x": 0.0009449567759971009,
      "y": 0.0009510981585281022,
      "z": -0.7048098341947734,
      "w": 0.7093950240108259
    },
    "yaw_rad": -1.5643118719706541,
    "linear_vel": {
      "x": 0.17857904948656794,
      "y": 3.7024185322074733e-06
    },
    "angular_vel_z": -0.009375369188489076
  }
}