{
  "frame_idx": 36,
  "ros_stamp": 1855.9,
  "wall_time": 1776685829.4225516,
  "prompt": "small shelves",
  "goal_id": "small_shelf_row",
  "goal_pose": {
    "frame_id": "map",
    "x": 1.937,
    "y": -7.778,
    "yaw_rad": 1.624
  },
  "odom": {
    "position": {
      "x": 1.651024856187697,
      "y": -2.9267787342442477,
      "z": 0.0
    },
    "orientation_quat": {
      "x": -0.0005182259748289942,
      "y": -0.0005170015097435022,
      "z": -0.7079504463496933,
      "w": 0.7062617288686597
    },
    "yaw_rad": -1.5731845351791192,
    "linear_vel": {
      "x": 0.1702772397744789,
      "y": -6.886990138740573e-07
    },
    "angular_vel_z": 0.01712583152093148
  }
}