{
  "frame_idx": 37,
  "ros_stamp": 1857.9,
  "wall_time": 1776685831.565485,
  "prompt": "small shelves",
  "goal_id": "small_shelf_row",
  "goal_pose": {
    "frame_id": "map",
    "x": 1.937,
    "y": -7.778,
    "yaw_rad": 1.624
  },
  "odom": {
    "position": {
      "x": 1.6503981825318512,
      "y": -3.248825931008457,
      "z": 0.0
    },
    "orientation_quat": {
      "x": -0.0007604966499100724,
      "y": -0.0007616705495794065,
      "z": -0.7065579066306928,
      "w": 0.7076544114753136
    },
    "yaw_rad": -1.5692456337092182,
    "linear_vel": {
      "x": 0.1738541793679957,
      "y": 2.3690607941696927e-08
    },
    "angular_vel_z": -0.0015071883200118508
  }
}