{
  "frame_idx": 38,
  "ros_stamp": 1859.9,
  "wall_time": 1776685833.7251792,
  "prompt": "small shelves",
  "goal_id": "small_shelf_row",
  "goal_pose": {
    "frame_id": "map",
    "x": 1.937,
    "y": -7.778,
    "yaw_rad": 1.624
  },
  "odom": {
    "position": {
      "x": 1.6506283318492596,
      "y": -3.592932328915042,
      "z": 0.0
    },
    "orientation_quat": {
      "x": -0.0010861464508733947,
      "y": -0.0010822873156617241,
      "z": -0.7083644987327747,
      "w": 0.7058451571521323
    },
    "yaw_rad": -1.574359219907562,
    "linear_vel": {
      "x": 0.17291487339166828,
      "y": -4.3459436641129097e-07
    },
    "angular_vel_z": -0.007274519861652886
  }
}