{
  "frame_idx": 39,
  "ros_stamp": 1861.9,
  "wall_time": 1776685835.8884382,
  "prompt": "small shelves",
  "goal_id": "small_shelf_row",
  "goal_pose": {
    "frame_id": "map",
    "x": 1.937,
    "y": -7.778,
    "yaw_rad": 1.624
  },
  "odom": {
    "position": {
      "x": 1.6496601571382945,
      "y": -3.946175836304985,
      "z": 0.0
    },
    "orientation_quat": {
      "x": -0.00021677332542124355,
      "y": -0.00021748568118682893,
      "z": -0.7059574014142516,
      "w": 0.7082542291421501
    },
    "yaw_rad": -1.5675481202936303,
    "linear_vel": {
      "x": 0.17891683773197964,
      "y": -1.1606971506791148e-06
    },
    "angular_vel_z": 0.010223318192285535
  }
}