{
  "frame_idx": 40,
  "ros_stamp": 1863.9,
  "wall_time": 1776685838.0272167,
  "prompt": "small shelves",
  "goal_id": "small_shelf_row",
  "goal_pose": {
    "frame_id": "map",
    "x": 1.937,
    "y": -7.778,
    "yaw_rad": 1.624
  },
  "odom": {
    "position": {
      "x": 1.652097082898366,
      "y": -4.307018729350087,
      "z": 0.0
    },
    "orientation_quat": {
      "x": -0.0015662477348862354,
      "y": -0.0015777625482525977,
      "z": -0.7045099413892373,
      "w": 0.7096906368391144
    },
    "yaw_rad": -1.5634696825254837,
    "linear_vel": {
      "x": 0.1673793529569063,
      "y": 2.919350670216175e-06
    },
    "angular_vel_z": 0.0162704802693348
  }
}