{
  "frame_idx": 41,
  "ros_stamp": 1865.9,
  "wall_time": 1776685840.207184,
  "prompt": "small shelves",
  "goal_id": "small_shelf_row",
  "goal_pose": {
    "frame_id": "map",
    "x": 1.937,
    "y": -7.778,
    "yaw_rad": 1.624
  },
  "odom": {
    "position": {
      "x": 1.6521368576391748,
      "y": -4.634434760953569,
      "z": 0.0
    },
    "orientation_quat": {
      "x": -6.372817437894916e-05,
      "y": -6.325366548079262e-05,
      "z": -0.7097095861699323,
      "w": 0.7044943542968934
    },
    "yaw_rad": -1.578171795186568,
    "linear_vel": {
      "x": 0.1876823237911687,
      "y": -7.409767480165495e-07
    },
    "angular_vel_z": 0.004161057001649331
  }
}