{
  "frame_idx": 42,
  "ros_stamp": 1867.9,
  "wall_time": 1776685842.3059456,
  "prompt": "small shelves",
  "goal_id": "small_shelf_row",
  "goal_pose": {
    "frame_id": "map",
    "x": 1.937,
    "y": -7.778,
    "yaw_rad": 1.624
  },
  "odom": {
    "position": {
      "x": 1.6513771187852266,
      "y": -4.982666530578267,
      "z": 0.0
    },
    "orientation_quat": {
      "x": -0.0009326490526268098,
      "y": -0.0009388352757499531,
      "z": -0.7047700284209718,
      "w": 0.7094346029011922
    },
    "yaw_rad": -1.5641996045899023,
    "linear_vel": {
      "x": 0.17471835959542978,
      "y": 1.3156478394267608e-06
    },
    "angular_vel_z": 0.03300020838351956
  }
}