{
  "frame_idx": 43,
  "ros_stamp": 1869.9,
  "wall_time": 1776685844.4679227,
  "prompt": "small shelves",
  "goal_id": "small_shelf_row",
  "goal_pose": {
    "frame_id": "map",
    "x": 1.937,
    "y": -7.778,
    "yaw_rad": 1.624
  },
  "odom": {
    "position": {
      "x": 1.6546011407513068,
      "y": -5.330133305623426,
      "z": 0.0
    },
    "orientation_quat": {
      "x": -0.0007175196426949384,
      "y": -0.0007254250125525218,
      "z": -0.7032219043575816,
      "w": 0.7109696984793445
    },
    "yaw_rad": -1.5598392307540825,
    "linear_vel": {
      "x": 0.17322105565201856,
      "y": 1.1748868815828312e-07
    },
    "angular_vel_z": -0.01172878525827918
  }
}