{
  "frame_idx": 44,
  "ros_stamp": 1871.9,
  "wall_time": 1776685846.6454818,
  "prompt": "small shelves",
  "goal_id": "small_shelf_row",
  "goal_pose": {
    "frame_id": "map",
    "x": 1.937,
    "y": -7.778,
    "yaw_rad": 1.624
  },
  "odom": {
    "position": {
      "x": 1.6564355517353309,
      "y": -5.6787474860164044,
      "z": 0.0
    },
    "orientation_quat": {
      "x": -0.0002950625254554438,
      "y": -0.0002956182611583985,
      "z": -0.7064365331037035,
      "w": 0.707776271320514
    },
    "yaw_rad": -1.5689016503877249,
    "linear_vel": {
      "x": 0.18986576938375285,
      "y": -6.343778458377632e-07
    },
    "angular_vel_z": 0.00476659568979401
  }
}