{
  "frame_idx": 45,
  "ros_stamp": 1873.9,
  "wall_time": 1776685848.7375033,
  "prompt": "small shelves",
  "goal_id": "small_shelf_row",
  "goal_pose": {
    "frame_id": "map",
    "x": 1.937,
    "y": -7.778,
    "yaw_rad": 1.624
  },
  "odom": {
    "position": {
      "x": 1.6595993466096304,
      "y": -6.0122210823085185,
      "z": 0.0
    },
    "orientation_quat": {
      "x": -0.0009568952038461206,
      "y": -0.000971236794298786,
      "z": -0.7018279236639449,
      "w": 0.7123452159004188
    },
    "yaw_rad": -1.5559224785473003,
    "linear_vel": {
      "x": 0.16919510554228784,
      "y": 2.9283121587837425e-07
    },
    "angular_vel_z": 0.006522553098358468
  }
}