{
  "frame_idx": 46,
  "ros_stamp": 1875.9,
  "wall_time": 1776685850.915793,
  "prompt": "small shelves",
  "goal_id": "small_shelf_row",
  "goal_pose": {
    "frame_id": "map",
    "x": 1.937,
    "y": -7.778,
    "yaw_rad": 1.624
  },
  "odom": {
    "position": {
      "x": 1.6686995528285795,
      "y": -6.344343063899345,
      "z": 0.0
    },
    "orientation_quat": {
      "x": -0.0009806661227152356,
      "y": -0.0010085557527918748,
      "z": -0.6971258923606911,
      "w": 0.7169473560238293
    },
    "yaw_rad": -1.542763598463889,
    "linear_vel": {
      "x": 0.1729137633442363,
      "y": -1.8402631396771853e-07
    },
    "angular_vel_z": -0.006157555952593871
  }
}