{
  "frame_idx": 47,
  "ros_stamp": 1877.9,
  "wall_time": 1776685853.0687885,
  "prompt": "small shelves",
  "goal_id": "small_shelf_row",
  "goal_pose": {
    "frame_id": "map",
    "x": 1.937,
    "y": -7.778,
    "yaw_rad": 1.624
  },
  "odom": {
    "position": {
      "x": 1.6879479703353542,
      "y": -6.7404477574949535,
      "z": 0.0
    },
    "orientation_quat": {
      "x": 0.0014996347448971244,
      "y": 0.0016405727482670003,
      "z": -0.6746883214012733,
      "w": 0.738099402913606
    },
    "yaw_rad": -1.481089217390165,
    "linear_vel": {
      "x": 0.19730545712636255,
      "y": -3.88569534809261e-05
    },
    "angular_vel_z": 0.07096655113738724
  }
}