{
  "frame_idx": 48,
  "ros_stamp": 1879.9,
  "wall_time": 1776685855.2007565,
  "prompt": "small shelves",
  "goal_id": "small_shelf_row",
  "goal_pose": {
    "frame_id": "map",
    "x": 1.937,
    "y": -7.778,
    "yaw_rad": 1.624
  },
  "odom": {
    "position": {
      "x": 1.7348587111709453,
      "y": -7.112618413992493,
      "z": 0.0
    },
    "orientation_quat": {
      "x": 0.0014494470938645164,
      "y": 0.0016851036967063227,
      "z": -0.6521013577449555,
      "w": 0.7581285370937035
    },
    "yaw_rad": -1.4207100532149979,
    "linear_vel": {
      "x": 0.16741572414941824,
      "y": -1.4368673212365298e-05
    },
    "angular_vel_z": 0.027158745148894447
  }
}