{
  "frame_idx": 49,
  "ros_stamp": 1881.9,
  "wall_time": 1776685857.3808253,
  "prompt": "small shelves",
  "goal_id": "small_shelf_row",
  "goal_pose": {
    "frame_id": "map",
    "x": 1.937,
    "y": -7.778,
    "yaw_rad": 1.624
  },
  "odom": {
    "position": {
      "x": 1.7931342078006296,
      "y": -7.420607175298524,
      "z": 0.0
    },
    "orientation_quat": {
      "x": -0.001066076414707503,
      "y": -0.0014114732338732314,
      "z": -0.60238813001852,
      "w": 0.7982013605833923
    },
    "yaw_rad": -1.2929816087405992,
    "linear_vel": {
      "x": 0.1534888764336555,
      "y": 1.777001485360263e-05
    },
    "angular_vel_z": 0.1534322595149614
  }
}