{
  "frame_idx": 50,
  "ros_stamp": 1883.9,
  "wall_time": 1776685859.5836196,
  "prompt": "small shelves",
  "goal_id": "small_shelf_row",
  "goal_pose": {
    "frame_id": "map",
    "x": 1.937,
    "y": -7.778,
    "yaw_rad": 1.624
  },
  "odom": {
    "position": {
      "x": 1.8972620341278865,
      "y": -7.651116702883108,
      "z": 0.0
    },
    "orientation_quat": {
      "x": 0.0010309230649473648,
      "y": 0.0019692162077232923,
      "z": -0.46421690105266206,
      "w": 0.8857187635825631
    },
    "yaw_rad": -0.9655031329286388,
    "linear_vel": {
      "x": 0.08719000031309261,
      "y": -7.787054935928174e-05
    },
    "angular_vel_z": 0.17755710800209848
  }
}