{
  "frame_idx": 51,
  "ros_stamp": 1885.9,
  "wall_time": 1776685861.8566685,
  "prompt": "small shelves",
  "goal_id": "small_shelf_row",
  "goal_pose": {
    "frame_id": "map",
    "x": 1.937,
    "y": -7.778,
    "yaw_rad": 1.624
  },
  "odom": {
    "position": {
      "x": 1.978844505805058,
      "y": -7.7382030865201,
      "z": 0.0
    },
    "orientation_quat": {
      "x": 0.000617078794558341,
      "y": 0.0020119826878275517,
      "z": -0.29320064974737514,
      "w": 0.9560486128472455
    },
    "yaw_rad": -0.5951471756964426,
    "linear_vel": {
      "x": 0.03868253554805746,
      "y": -6.582300233118259e-05
    },
    "angular_vel_z": 0.1799659610605962
  }
}