{
  "frame_idx": 52,
  "ros_stamp": 1887.9,
  "wall_time": 1776685863.9783616,
  "prompt": "small shelves",
  "goal_id": "small_shelf_row",
  "goal_pose": {
    "frame_id": "map",
    "x": 1.937,
    "y": -7.778,
    "yaw_rad": 1.624
  },
  "odom": {
    "position": {
      "x": 2.0018385804182866,
      "y": -7.750190305148107,
      "z": 0.0
    },
    "orientation_quat": {
      "x": 0.0002549734300511864,
      "y": 0.00220913155022153,
      "z": -0.11465113725253004,
      "w": 0.9934033276836983
    },
    "yaw_rad": -0.2298081988148509,
    "linear_vel": {
      "x": 0.0003608700081014405,
      "y": -5.8223779954926926e-05
    },
    "angular_vel_z": 0.1659812988560797
  }
}