{
  "frame_idx": 53,
  "ros_stamp": 1889.9,
  "wall_time": 1776685866.185663,
  "prompt": "small shelves",
  "goal_id": "small_shelf_row",
  "goal_pose": {
    "frame_id": "map",
    "x": 1.937,
    "y": -7.778,
    "yaw_rad": 1.624
  },
  "odom": {
    "position": {
      "x": 2.002328892265571,
      "y": -7.750385096006762,
      "z": 0.0
    },
    "orientation_quat": {
      "x": -0.00012231010142241199,
      "y": 0.0022192750746431833,
      "z": 0.05505575090914085,
      "w": 0.9984808081030966
    },
    "yaw_rad": 0.11016747764451348,
    "linear_vel": {
      "x": 0.00012244323126599257,
      "y": -5.4060493557688535e-05
    },
    "angular_vel_z": 0.1549778251111512
  }
}