{
  "frame_idx": 54,
  "ros_stamp": 1891.9,
  "wall_time": 1776685868.4201152,
  "prompt": "small shelves",
  "goal_id": "small_shelf_row",
  "goal_pose": {
    "frame_id": "map",
    "x": 1.937,
    "y": -7.778,
    "yaw_rad": 1.624
  },
  "odom": {
    "position": {
      "x": 2.0023323420590486,
      "y": -7.7504955641239865,
      "z": 0.0
    },
    "orientation_quat": {
      "x": -0.0004564832673394995,
      "y": 0.0021752308852695883,
      "z": 0.20540512439288805,
      "w": 0.9786745091534593
    },
    "yaw_rad": 0.41375631775890825,
    "linear_vel": {
      "x": -2.7700075028373404e-07,
      "y": -4.659500580415147e-05
    },
    "angular_vel_z": 0.13260114961141398
  }
}