{
  "frame_idx": 0,
  "ros_stamp": 925.9,
  "wall_time": 1776684829.9301226,
  "prompt": "small rack shelves",
  "goal_id": "small_shelf_row",
  "goal_pose": {
    "frame_id": "map",
    "x": 1.937,
    "y": -7.778,
    "yaw_rad": 1.624
  },
  "odom": {
    "position": {
      "x": -3.9265480317063544,
      "y": -7.91783227571288,
      "z": 0.0
    },
    "orientation_quat": {
      "x": -0.0015405560027587227,
      "y": 0.0016028366356271198,
      "z": 0.6929757558467179,
      "w": 0.7209574601948382
    },
    "yaw_rad": 1.5312215409717775,
    "linear_vel": {
      "x": -9.190910309826697e-05,
      "y": 5.311474722166827e-05
    },
    "angular_vel_z": -0.15287960218600308
  }
}