{
  "frame_idx": 1,
  "ros_stamp": 927.9,
  "wall_time": 1776684832.0753298,
  "prompt": "small rack shelves",
  "goal_id": "small_shelf_row",
  "goal_pose": {
    "frame_id": "map",
    "x": 1.937,
    "y": -7.778,
    "yaw_rad": 1.624
  },
  "odom": {
    "position": {
      "x": -3.924574729860926,
      "y": -7.91000345333416,
      "z": 0.0
    },
    "orientation_quat": {
      "x": -0.00019289142450312297,
      "y": 0.0002945946048851115,
      "z": 0.5644418832862099,
      "w": 0.8254727351034883
    },
    "yaw_rad": 1.1995140488401501,
    "linear_vel": {
      "x": 0.0004885233249052185,
      "y": -0.00012922281020501082
    },
    "angular_vel_z": -0.2019934425647989
  }
}