{
  "frame_idx": 2,
  "ros_stamp": 929.9,
  "wall_time": 1776684834.1717117,
  "prompt": "small rack shelves",
  "goal_id": "small_shelf_row",
  "goal_pose": {
    "frame_id": "map",
    "x": 1.937,
    "y": -7.778,
    "yaw_rad": 1.624
  },
  "odom": {
    "position": {
      "x": -3.918314510650251,
      "y": -7.898899909363527,
      "z": 0.0
    },
    "orientation_quat": {
      "x": 0.0008127069565490576,
      "y": -0.0017824712107567277,
      "z": 0.4151668881019081,
      "w": 0.9097431600883643
    },
    "yaw_rad": 0.8562542343079792,
    "linear_vel": {
      "x": 0.004934673924067987,
      "y": -6.912299881411301e-05
    },
    "angular_vel_z": -0.2265441954154553
  }
}