{
  "frame_idx": 3,
  "ros_stamp": 931.9,
  "wall_time": 1776684836.364415,
  "prompt": "small rack shelves",
  "goal_id": "small_shelf_row",
  "goal_pose": {
    "frame_id": "map",
    "x": 1.937,
    "y": -7.778,
    "yaw_rad": 1.624
  },
  "odom": {
    "position": {
      "x": -3.8886921524654308,
      "y": -7.875658180267609,
      "z": 0.0
    },
    "orientation_quat": {
      "x": 0.00031069930070988245,
      "y": -0.0013170859027035553,
      "z": 0.22634653916955608,
      "w": 0.974045898793601
    },
    "yaw_rad": 0.45665087713883146,
    "linear_vel": {
      "x": 0.016956989768612287,
      "y": -3.483348978585911e-05
    },
    "angular_vel_z": -0.179275887773938
  }
}