{
  "frame_idx": 4,
  "ros_stamp": 933.9,
  "wall_time": 1776684838.4586997,
  "prompt": "small rack shelves",
  "goal_id": "small_shelf_row",
  "goal_pose": {
    "frame_id": "map",
    "x": 1.937,
    "y": -7.778,
    "yaw_rad": 1.624
  },
  "odom": {
    "position": {
      "x": -3.7454905318320137,
      "y": -7.826595033631902,
      "z": 0.0
    },
    "orientation_quat": {
      "x": 0.00044184728378824045,
      "y": -0.0021841671612776586,
      "z": 0.1982712183632929,
      "w": 0.9801446618502417
    },
    "yaw_rad": 0.3991886187155774,
    "linear_vel": {
      "x": 0.13733263037843668,
      "y": 3.0147232302297415e-05
    },
    "angular_vel_z": 0.14636304083500565
  }
}