{
  "frame_idx": 5,
  "ros_stamp": 935.9,
  "wall_time": 1776684840.6039877,
  "prompt": "small rack shelves",
  "goal_id": "small_shelf_row",
  "goal_pose": {
    "frame_id": "map",
    "x": 1.937,
    "y": -7.778,
    "yaw_rad": 1.624
  },
  "odom": {
    "position": {
      "x": -3.5990406689566123,
      "y": -7.7681908937430135,
      "z": 0.0
    },
    "orientation_quat": {
      "x": -0.00015613975427326463,
      "y": 0.000657349110449513,
      "z": 0.23397709941541114,
      "w": 0.9722418734356564
    },
    "yaw_rad": 0.4723327723105282,
    "linear_vel": {
      "x": 0.1271922752509885,
      "y": -3.077786925947959e-05
    },
    "angular_vel_z": 0.13770308870839262
  }
}