{
  "frame_idx": 6,
  "ros_stamp": 937.9,
  "wall_time": 1776684842.7607949,
  "prompt": "small rack shelves",
  "goal_id": "small_shelf_row",
  "goal_pose": {
    "frame_id": "map",
    "x": 1.937,
    "y": -7.778,
    "yaw_rad": 1.624
  },
  "odom": {
    "position": {
      "x": -3.3588256568315065,
      "y": -7.601451664020284,
      "z": 0.0
    },
    "orientation_quat": {
      "x": -0.0005291050504905791,
      "y": 0.0014352419705473906,
      "z": 0.345917876525961,
      "w": 0.9382635465731904
    },
    "yaw_rad": 0.7064346210572633,
    "linear_vel": {
      "x": 0.16101330451681467,
      "y": -2.759811738596823e-05
    },
    "angular_vel_z": 0.0679675139609236
  }
}