{
  "frame_idx": 7,
  "ros_stamp": 939.9,
  "wall_time": 1776684844.8526254,
  "prompt": "small rack shelves",
  "goal_id": "small_shelf_row",
  "goal_pose": {
    "frame_id": "map",
    "x": 1.937,
    "y": -7.778,
    "yaw_rad": 1.624
  },
  "odom": {
    "position": {
      "x": -3.1324952583466685,
      "y": -7.380332652633907,
      "z": 0.0
    },
    "orientation_quat": {
      "x": -0.0005091176004818779,
      "y": 0.001147028514738451,
      "z": 0.40559901989863134,
      "w": 0.9140502503594236
    },
    "yaw_rad": 0.8352688616775658,
    "linear_vel": {
      "x": 0.1678711765651772,
      "y": -3.1574344416347635e-05
    },
    "angular_vel_z": 0.08687979003602828
  }
}