{
  "frame_idx": 8,
  "ros_stamp": 941.9,
  "wall_time": 1776684847.0460744,
  "prompt": "small rack shelves",
  "goal_id": "small_shelf_row",
  "goal_pose": {
    "frame_id": "map",
    "x": 1.937,
    "y": -7.778,
    "yaw_rad": 1.624
  },
  "odom": {
    "position": {
      "x": -2.9304612027355788,
      "y": -7.1267420439222935,
      "z": 0.0
    },
    "orientation_quat": {
      "x": 0.0010074738577659573,
      "y": -0.0019812184887273757,
      "z": 0.4532607728090832,
      "w": 0.8913751912647325
    },
    "yaw_rad": 0.940842666116461,
    "linear_vel": {
      "x": 0.1577149070137474,
      "y": 2.954598483226518e-06
    },
    "angular_vel_z": 0.014396593746229716
  }
}