{
  "frame_idx": 9,
  "ros_stamp": 943.9,
  "wall_time": 1776684849.1347897,
  "prompt": "small rack shelves",
  "goal_id": "small_shelf_row",
  "goal_pose": {
    "frame_id": "map",
    "x": 1.937,
    "y": -7.778,
    "yaw_rad": 1.624
  },
  "odom": {
    "position": {
      "x": -2.757641592665647,
      "y": -6.884747241494496,
      "z": 0.0
    },
    "orientation_quat": {
      "x": -0.0008504627393288497,
      "y": 0.0016696669581375745,
      "z": 0.45388765703584727,
      "w": 0.8910569475156382
    },
    "yaw_rad": 0.9422487453255834,
    "linear_vel": {
      "x": 0.12746309390928118,
      "y": 1.6070319985480984e-05
    },
    "angular_vel_z": -0.03730867906166087
  }
}