{
  "frame_idx": 10,
  "ros_stamp": 945.9,
  "wall_time": 1776684851.2918813,
  "prompt": "small rack shelves",
  "goal_id": "small_shelf_row",
  "goal_pose": {
    "frame_id": "map",
    "x": 1.937,
    "y": -7.778,
    "yaw_rad": 1.624
  },
  "odom": {
    "position": {
      "x": -2.5670228343736765,
      "y": -6.655719562279483,
      "z": 0.0
    },
    "orientation_quat": {
      "x": -0.0007140693565835706,
      "y": 0.0017500215766003274,
      "z": 0.38028159941467676,
      "w": 0.9248688191716978
    },
    "yaw_rad": 0.7802029916442677,
    "linear_vel": {
      "x": 0.12717238045910456,
      "y": 4.449490334880511e-05
    },
    "angular_vel_z": -0.10405526816784678
  }
}