{
  "frame_idx": 11,
  "ros_stamp": 947.9,
  "wall_time": 1776684853.4573855,
  "prompt": "small rack shelves",
  "goal_id": "small_shelf_row",
  "goal_pose": {
    "frame_id": "map",
    "x": 1.937,
    "y": -7.778,
    "yaw_rad": 1.624
  },
  "odom": {
    "position": {
      "x": -2.3723760868140324,
      "y": -6.510551860590866,
      "z": 0.0
    },
    "orientation_quat": {
      "x": -0.0005406139469490479,
      "y": 0.002155344536420769,
      "z": 0.24296576704243922,
      "w": 0.970032318158508
    },
    "yaw_rad": 0.49084536939177587,
    "linear_vel": {
      "x": 0.09531940869634929,
      "y": 6.111957376644104e-05
    },
    "angular_vel_z": -0.1379186206161755
  }
}