{
  "frame_idx": 12,
  "ros_stamp": 949.9,
  "wall_time": 1776684855.543486,
  "prompt": "small rack shelves",
  "goal_id": "small_shelf_row",
  "goal_pose": {
    "frame_id": "map",
    "x": 1.937,
    "y": -7.778,
    "yaw_rad": 1.624
  },
  "odom": {
    "position": {
      "x": -2.1422374814580647,
      "y": -6.428063675302348,
      "z": 0.0
    },
    "orientation_quat": {
      "x": -6.712111423390884e-05,
      "y": 0.0006094635706435236,
      "z": 0.10953939761918015,
      "w": 0.99398226564569
    },
    "yaw_rad": 0.21951933604827922,
    "linear_vel": {
      "x": 0.13626375318786782,
      "y": 2.8927538734703755e-05
    },
    "angular_vel_z": -0.1230187022569175
  }
}