{
  "frame_idx": 13,
  "ros_stamp": 951.9,
  "wall_time": 1776684857.722725,
  "prompt": "small rack shelves",
  "goal_id": "small_shelf_row",
  "goal_pose": {
    "frame_id": "map",
    "x": 1.937,
    "y": -7.778,
    "yaw_rad": 1.624
  },
  "odom": {
    "position": {
      "x": -1.842388167106279,
      "y": -6.391933202960047,
      "z": 0.0
    },
    "orientation_quat": {
      "x": -2.4928943345729744e-05,
      "y": 0.0014647982065556955,
      "z": 0.01820095661537337,
      "w": 0.9998332755630047
    },
    "yaw_rad": 0.03640396752677424,
    "linear_vel": {
      "x": 0.17647612458310452,
      "y": 3.8296570289242026e-05
    },
    "angular_vel_z": -0.09389370985331127
  }
}