{
  "frame_idx": 14,
  "ros_stamp": 953.9,
  "wall_time": 1776684859.8314025,
  "prompt": "small rack shelves",
  "goal_id": "small_shelf_row",
  "goal_pose": {
    "frame_id": "map",
    "x": 1.937,
    "y": -7.778,
    "yaw_rad": 1.624
  },
  "odom": {
    "position": {
      "x": -1.4960690950796274,
      "y": -6.404463912720397,
      "z": 0.0
    },
    "orientation_quat": {
      "x": 7.447015327443496e-05,
      "y": 0.001590244231912231,
      "z": -0.04884824619815009,
      "w": 0.9988049431299607
    },
    "yaw_rad": -0.09773552173040732,
    "linear_vel": {
      "x": 0.15314259553056253,
      "y": 1.4093877350620777e-05
    },
    "angular_vel_z": -0.03745042056978154
  }
}