{
  "frame_idx": 15,
  "ros_stamp": 955.9,
  "wall_time": 1776684861.949454,
  "prompt": "small rack shelves",
  "goal_id": "small_shelf_row",
  "goal_pose": {
    "frame_id": "map",
    "x": 1.937,
    "y": -7.778,
    "yaw_rad": 1.624
  },
  "odom": {
    "position": {
      "x": -1.171550448240585,
      "y": -6.443080398114978,
      "z": 0.0
    },
    "orientation_quat": {
      "x": -9.064346178881641e-05,
      "y": -0.0009702785550008717,
      "z": -0.09894788369074799,
      "w": 0.9950921397822469
    },
    "yaw_rad": -0.19822022669021522,
    "linear_vel": {
      "x": 0.15383908612259117,
      "y": 2.1410110594127497e-06
    },
    "angular_vel_z": -0.09138651855883739
  }
}