{
  "frame_idx": 16,
  "ros_stamp": 957.9,
  "wall_time": 1776684864.1190133,
  "prompt": "small rack shelves",
  "goal_id": "small_shelf_row",
  "goal_pose": {
    "frame_id": "map",
    "x": 1.937,
    "y": -7.778,
    "yaw_rad": 1.624
  },
  "odom": {
    "position": {
      "x": -0.8390479098480492,
      "y": -6.544077507113271,
      "z": 0.0
    },
    "orientation_quat": {
      "x": -0.00015884670220503376,
      "y": -0.0008526481958409114,
      "z": -0.183296921569694,
      "w": 0.9830572141548287
    },
    "yaw_rad": -0.36867844370894726,
    "linear_vel": {
      "x": 0.1768607720574446,
      "y": -1.0458185681752662e-06
    },
    "angular_vel_z": 0.015343858013570539
  }
}