{
  "frame_idx": 17,
  "ros_stamp": 959.9,
  "wall_time": 1776684866.2154698,
  "prompt": "small rack shelves",
  "goal_id": "small_shelf_row",
  "goal_pose": {
    "frame_id": "map",
    "x": 1.937,
    "y": -7.778,
    "yaw_rad": 1.624
  },
  "odom": {
    "position": {
      "x": -0.487479742376002,
      "y": -6.688862343282701,
      "z": 0.0
    },
    "orientation_quat": {
      "x": 0.00044814983538127214,
      "y": 0.0021433690094257354,
      "z": -0.2046367665215231,
      "w": 0.9788355321087553
    },
    "yaw_rad": -0.4121862150734872,
    "linear_vel": {
      "x": 0.17561161903881478,
      "y": -1.3268517193250123e-06
    },
    "angular_vel_z": 0.0039070146257763946
  }
}