{
  "frame_idx": 18,
  "ros_stamp": 961.9,
  "wall_time": 1776684868.3855865,
  "prompt": "small rack shelves",
  "goal_id": "small_shelf_row",
  "goal_pose": {
    "frame_id": "map",
    "x": 1.937,
    "y": -7.778,
    "yaw_rad": 1.624
  },
  "odom": {
    "position": {
      "x": -0.15510033150497693,
      "y": -6.8375254938427075,
      "z": 0.0
    },
    "orientation_quat": {
      "x": 0.00015299487360596434,
      "y": 0.0006834052612141055,
      "z": -0.21838607951015362,
      "w": 0.975862198174518
    },
    "yaw_rad": -0.4403207565555436,
    "linear_vel": {
      "x": 0.18671100377730238,
      "y": -1.188125555329645e-06
    },
    "angular_vel_z": 0.006001336534425372
  }
}