{
  "frame_idx": 19,
  "ros_stamp": 963.9,
  "wall_time": 1776684870.5009203,
  "prompt": "small rack shelves",
  "goal_id": "small_shelf_row",
  "goal_pose": {
    "frame_id": "map",
    "x": 1.937,
    "y": -7.778,
    "yaw_rad": 1.624
  },
  "odom": {
    "position": {
      "x": 0.1747436075106611,
      "y": -6.987195516639896,
      "z": 0.0
    },
    "orientation_quat": {
      "x": 0.00041929028914942755,
      "y": 0.0019882549839433895,
      "z": -0.20631355475930485,
      "w": 0.9784838211030121
    },
    "yaw_rad": -0.41561277782691186,
    "linear_vel": {
      "x": 0.17467720197807274,
      "y": -1.1595555876074757e-05
    },
    "angular_vel_z": 0.024602413823544663
  }
}