{
  "frame_idx": 20,
  "ros_stamp": 965.9,
  "wall_time": 1776684872.6344666,
  "prompt": "small rack shelves",
  "goal_id": "small_shelf_row",
  "goal_pose": {
    "frame_id": "map",
    "x": 1.937,
    "y": -7.778,
    "yaw_rad": 1.624
  },
  "odom": {
    "position": {
      "x": 0.5118430913863109,
      "y": -7.1299986785174765,
      "z": 0.0
    },
    "orientation_quat": {
      "x": 0.0004235492860935016,
      "y": 0.0021017145747124805,
      "z": -0.19753839758649,
      "w": 0.9802928056865512
    },
    "yaw_rad": -0.3976933252974746,
    "linear_vel": {
      "x": 0.17250846702415085,
      "y": 1.142141218049824e-05
    },
    "angular_vel_z": -0.022190759865309728
  }
}