{
  "frame_idx": 21,
  "ros_stamp": 967.9,
  "wall_time": 1776684874.8435075,
  "prompt": "small rack shelves",
  "goal_id": "small_shelf_row",
  "goal_pose": {
    "frame_id": "map",
    "x": 1.937,
    "y": -7.778,
    "yaw_rad": 1.624
  },
  "odom": {
    "position": {
      "x": 0.870833707728213,
      "y": -7.2805217508837785,
      "z": 0.0
    },
    "orientation_quat": {
      "x": -3.6139087955790432e-06,
      "y": -1.877528253060612e-05,
      "z": -0.1918140247706022,
      "w": 0.9814312912964062
    },
    "yaw_rad": -0.3860203201149752,
    "linear_vel": {
      "x": 0.20688315551061595,
      "y": 1.0148078618955176e-06
    },
    "angular_vel_z": -0.0020619636880105457
  }
}