{
  "frame_idx": 22,
  "ros_stamp": 969.9,
  "wall_time": 1776684876.9173295,
  "prompt": "small rack shelves",
  "goal_id": "small_shelf_row",
  "goal_pose": {
    "frame_id": "map",
    "x": 1.937,
    "y": -7.778,
    "yaw_rad": 1.624
  },
  "odom": {
    "position": {
      "x": 1.2418548612001605,
      "y": -7.436459547965371,
      "z": 0.0
    },
    "orientation_quat": {
      "x": 0.00042056590129602617,
      "y": 0.0019536774486418698,
      "z": -0.2104208298508009,
      "w": 0.977608858712752
    },
    "yaw_rad": -0.42401167432309306,
    "linear_vel": {
      "x": 0.1817082219044446,
      "y": 7.330127946622968e-06
    },
    "angular_vel_z": -0.013683467889278152
  }
}