{
  "frame_idx": 23,
  "ros_stamp": 971.9,
  "wall_time": 1776684879.0808465,
  "prompt": "small rack shelves",
  "goal_id": "small_shelf_row",
  "goal_pose": {
    "frame_id": "map",
    "x": 1.937,
    "y": -7.778,
    "yaw_rad": 1.624
  },
  "odom": {
    "position": {
      "x": 1.5492332686907264,
      "y": -7.575978478571733,
      "z": 0.0
    },
    "orientation_quat": {
      "x": 0.00044207844370068485,
      "y": 0.0021785060800187323,
      "z": -0.1996152504980487,
      "w": 0.9798718336836253
    },
    "yaw_rad": -0.4019315205093542,
    "linear_vel": {
      "x": 0.15267714377101121,
      "y": -6.797393334317004e-05
    },
    "angular_vel_z": 0.13571370351780343
  }
}