{
  "frame_idx": 24,
  "ros_stamp": 973.9,
  "wall_time": 1776684881.2040517,
  "prompt": "small rack shelves",
  "goal_id": "small_shelf_row",
  "goal_pose": {
    "frame_id": "map",
    "x": 1.937,
    "y": -7.778,
    "yaw_rad": 1.624
  },
  "odom": {
    "position": {
      "x": 1.7941155136170885,
      "y": -7.647552122503335,
      "z": 0.0
    },
    "orientation_quat": {
      "x": 0.00014136248445168804,
      "y": 0.0019767943209824026,
      "z": -0.07096869219547383,
      "w": 0.9974765746767814
    },
    "yaw_rad": -0.1420570777691645,
    "linear_vel": {
      "x": 0.10101757035482446,
      "y": -5.883334664052713e-05
    },
    "angular_vel_z": 0.14305228719024904
  }
}