{
  "frame_idx": 25,
  "ros_stamp": 975.9,
  "wall_time": 1776684883.3185833,
  "prompt": "small rack shelves",
  "goal_id": "small_shelf_row",
  "goal_pose": {
    "frame_id": "map",
    "x": 1.937,
    "y": -7.778,
    "yaw_rad": 1.624
  },
  "odom": {
    "position": {
      "x": 1.9237428790390732,
      "y": -7.650094219250229,
      "z": 0.0
    },
    "orientation_quat": {
      "x": -0.00012281602455295576,
      "y": 0.0017020377761220785,
      "z": 0.07497223675234671,
      "w": 0.9971841613764144
    },
    "yaw_rad": 0.15008553534998095,
    "linear_vel": {
      "x": 0.0471464399934904,
      "y": -4.769672152870722e-05
    },
    "angular_vel_z": 0.15873092301781247
  }
}