{
  "frame_idx": 26,
  "ros_stamp": 977.9,
  "wall_time": 1776684885.4946468,
  "prompt": "small rack shelves",
  "goal_id": "small_shelf_row",
  "goal_pose": {
    "frame_id": "map",
    "x": 1.937,
    "y": -7.778,
    "yaw_rad": 1.624
  },
  "odom": {
    "position": {
      "x": 1.9558739658951008,
      "y": -7.641849426037609,
      "z": 0.0
    },
    "orientation_quat": {
      "x": -0.00019638560238523505,
      "y": 0.0008739976349095059,
      "z": 0.22103227111083795,
      "w": 0.9752660830196108
    },
    "yaw_rad": 0.4457457729631635,
    "linear_vel": {
      "x": 0.011618387405467842,
      "y": -1.9987835785729447e-05
    },
    "angular_vel_z": 0.13611189544951863
  }
}