{
  "frame_idx": 27,
  "ros_stamp": 979.9,
  "wall_time": 1776684887.6001966,
  "prompt": "small rack shelves",
  "goal_id": "small_shelf_row",
  "goal_pose": {
    "frame_id": "map",
    "x": 1.937,
    "y": -7.778,
    "yaw_rad": 1.624
  },
  "odom": {
    "position": {
      "x": 1.958095738506306,
      "y": -7.640772217978771,
      "z": 0.0
    },
    "orientation_quat": {
      "x": -0.0007764246673429652,
      "y": 0.0020827524240140285,
      "z": 0.3493238467084547,
      "w": 0.9369994180509849
    },
    "yaw_rad": 0.7137006282182786,
    "linear_vel": {
      "x": 0.00044781729855577275,
      "y": -4.3420109117270674e-05
    },
    "angular_vel_z": 0.1249291667069472
  }
}