{
  "frame_idx": 28,
  "ros_stamp": 981.9,
  "wall_time": 1776684889.7563753,
  "prompt": "small rack shelves",
  "goal_id": "small_shelf_row",
  "goal_pose": {
    "frame_id": "map",
    "x": 1.937,
    "y": -7.778,
    "yaw_rad": 1.624
  },
  "odom": {
    "position": {
      "x": 1.9581664280055286,
      "y": -7.640825198711557,
      "z": 0.0
    },
    "orientation_quat": {
      "x": -0.0010261761057724667,
      "y": 0.0019715113924043816,
      "z": 0.4617161247442513,
      "w": 0.8870249603345898
    },
    "yaw_rad": 0.9598604069006135,
    "linear_vel": {
      "x": 1.997002217068467e-07,
      "y": -3.7302182320987155e-05
    },
    "angular_vel_z": 0.10670955506196653
  }
}