{
  "frame_idx": 29,
  "ros_stamp": 983.9,
  "wall_time": 1776684891.897835,
  "prompt": "small rack shelves",
  "goal_id": "small_shelf_row",
  "goal_pose": {
    "frame_id": "map",
    "x": 1.937,
    "y": -7.778,
    "yaw_rad": 1.624
  },
  "odom": {
    "position": {
      "x": 1.9582260329631709,
      "y": -7.640860270557545,
      "z": 0.0
    },
    "orientation_quat": {
      "x": -0.001191480206634199,
      "y": 0.0018762319299061281,
      "z": 0.5360877980901282,
      "w": 0.844159305384677
    },
    "yaw_rad": 1.1315948037374028,
    "linear_vel": {
      "x": 2.765602220366347e-07,
      "y": -3.5236371604738516e-05
    },
    "angular_vel_z": 0.09990746610301218
  }
}