{
  "frame_idx": 30,
  "ros_stamp": 985.9,
  "wall_time": 1776684893.9997823,
  "prompt": "small rack shelves",
  "goal_id": "small_shelf_row",
  "goal_pose": {
    "frame_id": "map",
    "x": 1.937,
    "y": -7.778,
    "yaw_rad": 1.624
  },
  "odom": {
    "position": {
      "x": 1.9582911111566819,
      "y": -7.640882199469692,
      "z": 0.0
    },
    "orientation_quat": {
      "x": -0.0013607526677869952,
      "y": 0.001757329312390543,
      "z": 0.612244610948488,
      "w": 0.7906652872805278
    },
    "yaw_rad": 1.3177965432274146,
    "linear_vel": {
      "x": 1.500741063031482e-07,
      "y": -2.8860245266186495e-05
    },
    "angular_vel_z": 0.08153817959864043
  }
}