{
  "frame_idx": 0,
  "ros_stamp": 2655.9,
  "wall_time": 1776686690.0943687,
  "prompt": "staging area",
  "goal_id": "box_staging_area",
  "goal_pose": {
    "frame_id": "map",
    "x": 1.545,
    "y": 6.535,
    "yaw_rad": 1.485
  },
  "odom": {
    "position": {
      "x": 2.0370815900062147,
      "y": -7.710522189228094,
      "z": 0.0
    },
    "orientation_quat": {
      "x": 0.0007567249327279993,
      "y": -0.001527273541126429,
      "z": 0.44371649102142574,
      "w": 0.8961655931793743
    },
    "yaw_rad": 0.9194845003350923,
    "linear_vel": {
      "x": 0.05931068696194347,
      "y": 3.465938031060814e-05
    },
    "angular_vel_z": 0.1736658671165946
  }
}