{
  "frame_idx": 1,
  "ros_stamp": 2657.9,
  "wall_time": 1776686692.311225,
  "prompt": "staging area",
  "goal_id": "box_staging_area",
  "goal_pose": {
    "frame_id": "map",
    "x": 1.545,
    "y": 6.535,
    "yaw_rad": 1.485
  },
  "odom": {
    "position": {
      "x": 2.116682378138307,
      "y": -7.549169350154622,
      "z": 0.0
    },
    "orientation_quat": {
      "x": 0.0013061129554790341,
      "y": -0.0018034076655065736,
      "z": 0.5865482274411883,
      "w": 0.8099112412328524
    },
    "yaw_rad": 1.2535842539752902,
    "linear_vel": {
      "x": 0.12631279188402408,
      "y": 3.086489875390677e-05
    },
    "angular_vel_z": 0.14239432744693034
  }
}