{
  "frame_idx": 2,
  "ros_stamp": 2659.9,
  "wall_time": 1776686694.4217174,
  "prompt": "staging area",
  "goal_id": "box_staging_area",
  "goal_pose": {
    "frame_id": "map",
    "x": 1.545,
    "y": 6.535,
    "yaw_rad": 1.485
  },
  "odom": {
    "position": {
      "x": 2.163502768834841,
      "y": -7.286003380414512,
      "z": 0.0
    },
    "orientation_quat": {
      "x": -0.0009923357151728422,
      "y": 0.001058039046452009,
      "z": 0.6828413699149755,
      "w": 0.7305652327861244
    },
    "yaw_rad": 1.5032916980779516,
    "linear_vel": {
      "x": 0.15670669234100393,
      "y": -4.3114695039896894e-05
    },
    "angular_vel_z": 0.11112104493656778
  }
}