{
  "frame_idx": 3,
  "ros_stamp": 2661.9,
  "wall_time": 1776686696.575772,
  "prompt": "staging area",
  "goal_id": "box_staging_area",
  "goal_pose": {
    "frame_id": "map",
    "x": 1.545,
    "y": 6.535,
    "yaw_rad": 1.485
  },
  "odom": {
    "position": {
      "x": 2.158186690853151,
      "y": -6.945045997541393,
      "z": 0.0
    },
    "orientation_quat": {
      "x": -0.0004452030093733991,
      "y": 0.00041276148028664643,
      "z": 0.7333255801554857,
      "w": 0.6798773601995152
    },
    "yaw_rad": 1.646401544102417,
    "linear_vel": {
      "x": 0.17534634408965225,
      "y": -2.75070371135551e-06
    },
    "angular_vel_z": 0.009668974667931741
  }
}