{
  "frame_idx": 4,
  "ros_stamp": 2663.9,
  "wall_time": 1776686698.7741897,
  "prompt": "staging area",
  "goal_id": "box_staging_area",
  "goal_pose": {
    "frame_id": "map",
    "x": 1.545,
    "y": 6.535,
    "yaw_rad": 1.485
  },
  "odom": {
    "position": {
      "x": 2.1414024372268967,
      "y": -6.601452433421668,
      "z": 0.0
    },
    "orientation_quat": {
      "x": -0.0003986246058821957,
      "y": 0.00038912446353109195,
      "z": 0.715556682953919,
      "w": 0.6985544525379249
    },
    "yaw_rad": 1.5948416946163382,
    "linear_vel": {
      "x": 0.17328223429344053,
      "y": 7.513506911356804e-06
    },
    "angular_vel_z": -0.027492844348631074
  }
}