{
  "frame_idx": 5,
  "ros_stamp": 2665.9,
  "wall_time": 1776686700.8869383,
  "prompt": "staging area",
  "goal_id": "box_staging_area",
  "goal_pose": {
    "frame_id": "map",
    "x": 1.545,
    "y": 6.535,
    "yaw_rad": 1.485
  },
  "odom": {
    "position": {
      "x": 2.141471676621201,
      "y": -6.257641066116395,
      "z": 0.0
    },
    "orientation_quat": {
      "x": -0.0004536084199904665,
      "y": 0.000460016860780837,
      "z": 0.7021397777097764,
      "w": 0.712038843871284
    },
    "yaw_rad": 1.5567968159439312,
    "linear_vel": {
      "x": 0.17999966615075608,
      "y": 6.168938308836449e-06
    },
    "angular_vel_z": -0.022090343077808668
  }
}