{
  "frame_idx": 6,
  "ros_stamp": 2667.9,
  "wall_time": 1776686703.073866,
  "prompt": "staging area",
  "goal_id": "box_staging_area",
  "goal_pose": {
    "frame_id": "map",
    "x": 1.545,
    "y": 6.535,
    "yaw_rad": 1.485
  },
  "odom": {
    "position": {
      "x": 2.1468313911457906,
      "y": -5.880945761311883,
      "z": 0.0
    },
    "orientation_quat": {
      "x": -0.00026115268510989775,
      "y": 0.0002616282298361724,
      "z": 0.7064672527889968,
      "w": 0.7077456351590677
    },
    "yaw_rad": 1.5689884207410578,
    "linear_vel": {
      "x": 0.167903272572741,
      "y": 2.4648621403939294e-06
    },
    "angular_vel_z": -0.011196484170320278
  }
}