{
  "frame_idx": 7,
  "ros_stamp": 2669.9,
  "wall_time": 1776686705.1833067,
  "prompt": "staging area",
  "goal_id": "box_staging_area",
  "goal_pose": {
    "frame_id": "map",
    "x": 1.545,
    "y": 6.535,
    "yaw_rad": 1.485
  },
  "odom": {
    "position": {
      "x": 2.1440082210465627,
      "y": -5.54954474859689,
      "z": 0.0
    },
    "orientation_quat": {
      "x": -0.0015906237431971293,
      "y": 0.0015624641680598227,
      "z": 0.7133931814028199,
      "w": 0.700760442198184
    },
    "yaw_rad": 1.5886619999379796,
    "linear_vel": {
      "x": 0.17518028700032476,
      "y": -1.1183103572355075e-05
    },
    "angular_vel_z": 0.021372501670768783
  }
}