{
  "frame_idx": 8,
  "ros_stamp": 2671.9,
  "wall_time": 1776686707.313882,
  "prompt": "staging area",
  "goal_id": "box_staging_area",
  "goal_pose": {
    "frame_id": "map",
    "x": 1.545,
    "y": 6.535,
    "yaw_rad": 1.485
  },
  "odom": {
    "position": {
      "x": 2.139108640441953,
      "y": -5.1997447855168675,
      "z": 0.0
    },
    "orientation_quat": {
      "x": -0.0013126517191387542,
      "y": 0.0012952309666396178,
      "z": 0.7118131379566308,
      "w": 0.7023664684155573
    },
    "yaw_rad": 1.584156057047538,
    "linear_vel": {
      "x": 0.17032065600016835,
      "y": -8.859435882973352e-07
    },
    "angular_vel_z": 0.0020316024581192127
  }
}