{
  "frame_idx": 9,
  "ros_stamp": 2673.9,
  "wall_time": 1776686709.493023,
  "prompt": "staging area",
  "goal_id": "box_staging_area",
  "goal_pose": {
    "frame_id": "map",
    "x": 1.545,
    "y": 6.535,
    "yaw_rad": 1.485
  },
  "odom": {
    "position": {
      "x": 2.133716828171221,
      "y": -4.85295804156266,
      "z": 0.0
    },
    "orientation_quat": {
      "x": -0.0015844712399349405,
      "y": 0.0015647550369007899,
      "z": 0.7115171111869568,
      "w": 0.7026652414064126
    },
    "yaw_rad": 1.583314873860517,
    "linear_vel": {
      "x": 0.1683263917608378,
      "y": 1.1009611276679255e-05
    },
    "angular_vel_z": -0.021344933545607413
  }
}