{
  "frame_idx": 10,
  "ros_stamp": 2675.9,
  "wall_time": 1776686711.5953646,
  "prompt": "staging area",
  "goal_id": "box_staging_area",
  "goal_pose": {
    "frame_id": "map",
    "x": 1.545,
    "y": 6.535,
    "yaw_rad": 1.485
  },
  "odom": {
    "position": {
      "x": 2.1293056743389775,
      "y": -4.495053279998992,
      "z": 0.0
    },
    "orientation_quat": {
      "x": -0.0009797451183716653,
      "y": 0.0009793279313894613,
      "z": 0.7072566053639393,
      "w": 0.7069555680418556
    },
    "yaw_rad": 1.571222058269941,
    "linear_vel": {
      "x": 0.15783693324763448,
      "y": 5.123477788415426e-06
    },
    "angular_vel_z": -0.013936701045310446
  }
}