{
  "frame_idx": 11,
  "ros_stamp": 2677.9,
  "wall_time": 1776686713.9871907,
  "prompt": "staging area",
  "goal_id": "box_staging_area",
  "goal_pose": {
    "frame_id": "map",
    "x": 1.545,
    "y": 6.535,
    "yaw_rad": 1.485
  },
  "odom": {
    "position": {
      "x": 2.1335096038657895,
      "y": -4.13287678128129,
      "z": 0.0
    },
    "orientation_quat": {
      "x": -0.0006862585860530272,
      "y": 0.00069522383921838,
      "z": 0.702503899629402,
      "w": 0.7116792231886846
    },
    "yaw_rad": 1.5578203625550775,
    "linear_vel": {
      "x": 0.18033810047509394,
      "y": -1.0791882511929723e-06
    },
    "angular_vel_z": 0.003272524510533447
  }
}