{
  "frame_idx": 12,
  "ros_stamp": 2679.9,
  "wall_time": 1776686716.1855257,
  "prompt": "staging area",
  "goal_id": "box_staging_area",
  "goal_pose": {
    "frame_id": "map",
    "x": 1.545,
    "y": 6.535,
    "yaw_rad": 1.485
  },
  "odom": {
    "position": {
      "x": 2.139008751948904,
      "y": -3.796060880066141,
      "z": 0.0
    },
    "orientation_quat": {
      "x": -0.0002858563839916869,
      "y": 0.0002895229133329177,
      "z": 0.7025937929764355,
      "w": 0.711591031796773
    },
    "yaw_rad": 1.5580722227454937,
    "linear_vel": {
      "x": 0.18298743830980238,
      "y": -3.8211436171704475e-06
    },
    "angular_vel_z": 0.01588798004525504
  }
}