{
  "frame_idx": 13,
  "ros_stamp": 2681.9,
  "wall_time": 1776686718.4025748,
  "prompt": "staging area",
  "goal_id": "box_staging_area",
  "goal_pose": {
    "frame_id": "map",
    "x": 1.545,
    "y": 6.535,
    "yaw_rad": 1.485
  },
  "odom": {
    "position": {
      "x": 2.1390450916200767,
      "y": -3.44682061669345,
      "z": 0.0
    },
    "orientation_quat": {
      "x": -0.0014199254646043902,
      "y": 0.0014068228528449046,
      "z": 0.7103745731262402,
      "w": 0.7038209790258086
    },
    "yaw_rad": 1.5800645601328243,
    "linear_vel": {
      "x": 0.1564035490113878,
      "y": 1.3143132229554931e-06
    },
    "angular_vel_z": -0.0027839590679987957
  }
}