{
  "frame_idx": 14,
  "ros_stamp": 2683.9,
  "wall_time": 1776686720.7577627,
  "prompt": "staging area",
  "goal_id": "box_staging_area",
  "goal_pose": {
    "frame_id": "map",
    "x": 1.545,
    "y": 6.535,
    "yaw_rad": 1.485
  },
  "odom": {
    "position": {
      "x": 2.1337460121671588,
      "y": -3.0966156143021446,
      "z": 0.0
    },
    "orientation_quat": {
      "x": 0.0011208824638863218,
      "y": -0.0011004549833348114,
      "z": 0.7135787187747576,
      "w": 0.7005732971881722
    },
    "yaw_rad": 1.5891890523343988,
    "linear_vel": {
      "x": 0.17772582362090988,
      "y": 7.393175608669874e-07
    },
    "angular_vel_z": 0.010793678246266671
  }
}