{
  "frame_idx": 15,
  "ros_stamp": 2685.9,
  "wall_time": 1776686723.0062814,
  "prompt": "staging area",
  "goal_id": "box_staging_area",
  "goal_pose": {
    "frame_id": "map",
    "x": 1.545,
    "y": 6.535,
    "yaw_rad": 1.485
  },
  "odom": {
    "position": {
      "x": 2.1269041404073374,
      "y": -2.754579138713234,
      "z": 0.0
    },
    "orientation_quat": {
      "x": -0.0015853191613102895,
      "y": 0.0015590563163615366,
      "z": 0.7116389618996489,
      "w": 0.7025418450262939
    },
    "yaw_rad": 1.5836616944060509,
    "linear_vel": {
      "x": 0.17071756373271757,
      "y": 2.9080352994619703e-06
    },
    "angular_vel_z": -0.0095659009859277
  }
}