{
  "frame_idx": 16,
  "ros_stamp": 2687.9,
  "wall_time": 1776686725.3023942,
  "prompt": "staging area",
  "goal_id": "box_staging_area",
  "goal_pose": {
    "frame_id": "map",
    "x": 1.545,
    "y": 6.535,
    "yaw_rad": 1.485
  },
  "odom": {
    "position": {
      "x": 2.128636185057744,
      "y": -2.392423825914364,
      "z": 0.0
    },
    "orientation_quat": {
      "x": -0.0010823052823988784,
      "y": 0.0011042621228996648,
      "z": 0.6999655831540872,
      "w": 0.7141749026815477
    },
    "yaw_rad": 1.5507009522322517,
    "linear_vel": {
      "x": 0.16242276694296942,
      "y": 6.9309631110065365e-06
    },
    "angular_vel_z": -0.017962125407460602
  }
}