{
  "frame_idx": 17,
  "ros_stamp": 2689.9,
  "wall_time": 1776686727.534795,
  "prompt": "staging area",
  "goal_id": "box_staging_area",
  "goal_pose": {
    "frame_id": "map",
    "x": 1.545,
    "y": 6.535,
    "yaw_rad": 1.485
  },
  "odom": {
    "position": {
      "x": 2.1344817274361985,
      "y": -2.046504976758944,
      "z": 0.0
    },
    "orientation_quat": {
      "x": 0.0006136868897954005,
      "y": -0.0006223240928090915,
      "z": 0.7021442442267712,
      "w": 0.7120341960891633
    },
    "yaw_rad": 1.5568097033837627,
    "linear_vel": {
      "x": 0.18243530660860793,
      "y": -1.3263677641907189e-06
    },
    "angular_vel_z": 0.03049536717587662
  }
}