{
  "frame_idx": 18,
  "ros_stamp": 2691.9,
  "wall_time": 1776686729.7653534,
  "prompt": "staging area",
  "goal_id": "box_staging_area",
  "goal_pose": {
    "frame_id": "map",
    "x": 1.545,
    "y": 6.535,
    "yaw_rad": 1.485
  },
  "odom": {
    "position": {
      "x": 2.1354973429911572,
      "y": -1.6716338268828652,
      "z": 0.0
    },
    "orientation_quat": {
      "x": -0.00028538461914378547,
      "y": 0.0002848545166274076,
      "z": 0.7077613206425533,
      "w": 0.7064515202162371
    },
    "yaw_rad": 1.5726486647360762,
    "linear_vel": {
      "x": 0.18739078041439067,
      "y": -3.8249788366037435e-07
    },
    "angular_vel_z": 0.0014956376742748256
  }
}