{
  "frame_idx": 19,
  "ros_stamp": 2693.9,
  "wall_time": 1776686732.0443287,
  "prompt": "staging area",
  "goal_id": "box_staging_area",
  "goal_pose": {
    "frame_id": "map",
    "x": 1.545,
    "y": 6.535,
    "yaw_rad": 1.485
  },
  "odom": {
    "position": {
      "x": 2.13461911697158,
      "y": -1.3388065259757882,
      "z": 0.0
    },
    "orientation_quat": {
      "x": -3.234627143040873e-05,
      "y": 3.2462618137585004e-05,
      "z": 0.7058751969497691,
      "w": 0.7083362225885543
    },
    "yaw_rad": 1.5673159091991153,
    "linear_vel": {
      "x": 0.17747426275286743,
      "y": 1.963958392962216e-06
    },
    "angular_vel_z": -0.010197401117294978
  }
}