{
  "frame_idx": 20,
  "ros_stamp": 2695.9,
  "wall_time": 1776686734.2244964,
  "prompt": "staging area",
  "goal_id": "box_staging_area",
  "goal_pose": {
    "frame_id": "map",
    "x": 1.545,
    "y": 6.535,
    "yaw_rad": 1.485
  },
  "odom": {
    "position": {
      "x": 2.134480128923746,
      "y": -0.9933133376244736,
      "z": 0.0
    },
    "orientation_quat": {
      "x": 0.0008046761590343321,
      "y": -0.0008064619218955758,
      "z": 0.7063182408171474,
      "w": 0.7078935264603129
    },
    "yaw_rad": 1.5685685345530131,
    "linear_vel": {
      "x": 0.16970357026741723,
      "y": 1.368222883808498e-07
    },
    "angular_vel_z": -0.023473503187601337
  }
}