{
  "frame_idx": 21,
  "ros_stamp": 2697.9,
  "wall_time": 1776686736.4514475,
  "prompt": "staging area",
  "goal_id": "box_staging_area",
  "goal_pose": {
    "frame_id": "map",
    "x": 1.545,
    "y": 6.535,
    "yaw_rad": 1.485
  },
  "odom": {
    "position": {
      "x": 2.1343676648844374,
      "y": -0.6318032246855362,
      "z": 0.0
    },
    "orientation_quat": {
      "x": -0.0015752829927415408,
      "y": 0.0015712626858013598,
      "z": 0.7080072712466888,
      "w": 0.7062016379752193
    },
    "yaw_rad": 1.573349884861416,
    "linear_vel": {
      "x": 0.15135344912074056,
      "y": 8.122622642759076e-06
    },
    "angular_vel_z": -0.016294454707450605
  }
}