{
  "frame_idx": 22,
  "ros_stamp": 2699.9,
  "wall_time": 1776686738.6010768,
  "prompt": "staging area",
  "goal_id": "box_staging_area",
  "goal_pose": {
    "frame_id": "map",
    "x": 1.545,
    "y": 6.535,
    "yaw_rad": 1.485
  },
  "odom": {
    "position": {
      "x": 2.129288048821219,
      "y": -0.2960409873100332,
      "z": 0.0
    },
    "orientation_quat": {
      "x": -0.0014392119374643459,
      "y": 0.0013977285570679699,
      "z": 0.7173732031839147,
      "w": 0.6966862007945397
    },
    "yaw_rad": 1.6000532685200235,
    "linear_vel": {
      "x": 0.16658996995065203,
      "y": -9.18670280878341e-06
    },
    "angular_vel_z": 0.019716045681516085
  }
}