{
  "frame_idx": 23,
  "ros_stamp": 2701.9,
  "wall_time": 1776686740.7683322,
  "prompt": "staging area",
  "goal_id": "box_staging_area",
  "goal_pose": {
    "frame_id": "map",
    "x": 1.545,
    "y": 6.535,
    "yaw_rad": 1.485
  },
  "odom": {
    "position": {
      "x": 2.116364351160074,
      "y": 0.03967864337328297,
      "z": 0.0
    },
    "orientation_quat": {
      "x": 0.0014494476792418045,
      "y": -0.001349884759709698,
      "z": 0.731411056836142,
      "w": 0.6819339725005629
    },
    "yaw_rad": 1.6407819053192638,
    "linear_vel": {
      "x": 0.16118094543835917,
      "y": 1.0129303250815827e-05
    },
    "angular_vel_z": 0.06309950169176962
  }
}