{
  "frame_idx": 24,
  "ros_stamp": 2703.9,
  "wall_time": 1776686743.072036,
  "prompt": "staging area",
  "goal_id": "box_staging_area",
  "goal_pose": {
    "frame_id": "map",
    "x": 1.545,
    "y": 6.535,
    "yaw_rad": 1.485
  },
  "odom": {
    "position": {
      "x": 2.0852244736636143,
      "y": 0.413559904800122,
      "z": 0.0
    },
    "orientation_quat": {
      "x": -0.0014368901558558052,
      "y": 0.0013369161095112792,
      "z": 0.7321129819584256,
      "w": 0.6811803943522876
    },
    "yaw_rad": 1.642841601998926,
    "linear_vel": {
      "x": 0.16241063556868662,
      "y": 1.6661705998750782e-05
    },
    "angular_vel_z": -0.034921997775959966
  }
}