{
  "frame_idx": 25,
  "ros_stamp": 2705.9,
  "wall_time": 1776686745.1861799,
  "prompt": "staging area",
  "goal_id": "box_staging_area",
  "goal_pose": {
    "frame_id": "map",
    "x": 1.545,
    "y": 6.535,
    "yaw_rad": 1.485
  },
  "odom": {
    "position": {
      "x": 2.0663172021315077,
      "y": 0.7373318381216255,
      "z": 0.0
    },
    "orientation_quat": {
      "x": -0.0001709047452977921,
      "y": 0.0001631685412700529,
      "z": 0.7232881300273044,
      "w": 0.6905463236664143
    },
    "yaw_rad": 1.6171043722804304,
    "linear_vel": {
      "x": 0.16633003713955502,
      "y": -4.062908540441125e-07
    },
    "angular_vel_z": 0.001470154397537312
  }
}