{
  "frame_idx": 26,
  "ros_stamp": 2707.9,
  "wall_time": 1776686747.3935826,
  "prompt": "staging area",
  "goal_id": "box_staging_area",
  "goal_pose": {
    "frame_id": "map",
    "x": 1.545,
    "y": 6.535,
    "yaw_rad": 1.485
  },
  "odom": {
    "position": {
      "x": 2.038467091797146,
      "y": 1.0798884169069347,
      "z": 0.0
    },
    "orientation_quat": {
      "x": 0.001021668683801546,
      "y": -0.0009249849116422876,
      "z": 0.7413155932747316,
      "w": 0.6711551920113159
    },
    "yaw_rad": 1.6700589587725652,
    "linear_vel": {
      "x": 0.16933851647496392,
      "y": 8.503129185704163e-08
    },
    "angular_vel_z": -0.003952169998451828
  }
}