{
  "frame_idx": 27,
  "ros_stamp": 2709.9,
  "wall_time": 1776686749.5505798,
  "prompt": "staging area",
  "goal_id": "box_staging_area",
  "goal_pose": {
    "frame_id": "map",
    "x": 1.545,
    "y": 6.535,
    "yaw_rad": 1.485
  },
  "odom": {
    "position": {
      "x": 2.007678028203317,
      "y": 1.4219317206778166,
      "z": 0.0
    },
    "orientation_quat": {
      "x": -0.0016450980962690895,
      "y": 0.0014973246304355707,
      "z": 0.7395383428990892,
      "w": 0.6731107568990959
    },
    "yaw_rad": 1.6647739313628265,
    "linear_vel": {
      "x": 0.17097556882343162,
      "y": -2.0027895820652836e-05
    },
    "angular_vel_z": 0.038163360263024464
  }
}