{
  "frame_idx": 28,
  "ros_stamp": 2711.9,
  "wall_time": 1776686751.6722763,
  "prompt": "staging area",
  "goal_id": "box_staging_area",
  "goal_pose": {
    "frame_id": "map",
    "x": 1.545,
    "y": 6.535,
    "yaw_rad": 1.485
  },
  "odom": {
    "position": {
      "x": 1.9627521867571476,
      "y": 1.7628722353848187,
      "z": 0.0
    },
    "orientation_quat": {
      "x": 0.0005612473070006364,
      "y": -0.0004804669313000029,
      "z": 0.7596674090510342,
      "w": 0.6503113729427442
    },
    "yaw_rad": 1.725603695789588,
    "linear_vel": {
      "x": 0.16790896435513286,
      "y": -6.079026341426037e-07
    },
    "angular_vel_z": 0.004786163796389546
  }
}