{
  "frame_idx": 29,
  "ros_stamp": 2713.9,
  "wall_time": 1776686753.9192986,
  "prompt": "staging area",
  "goal_id": "box_staging_area",
  "goal_pose": {
    "frame_id": "map",
    "x": 1.545,
    "y": 6.535,
    "yaw_rad": 1.485
  },
  "odom": {
    "position": {
      "x": 1.9004020797738315,
      "y": 2.093044499447545,
      "z": 0.0
    },
    "orientation_quat": {
      "x": -0.0005946411869536522,
      "y": 0.0004685014701149302,
      "z": 0.7854203954566236,
      "w": 0.6189622196135985
    },
    "yaw_rad": 1.8067507834829977,
    "linear_vel": {
      "x": 0.16549360913372635,
      "y": -1.3459049257287059e-05
    },
    "angular_vel_z": 0.0436904090560253
  }
}