{
  "frame_idx": 30,
  "ros_stamp": 2715.9,
  "wall_time": 1776686756.0484402,
  "prompt": "staging area",
  "goal_id": "box_staging_area",
  "goal_pose": {
    "frame_id": "map",
    "x": 1.545,
    "y": 6.535,
    "yaw_rad": 1.485
  },
  "odom": {
    "position": {
      "x": 1.809161561626371,
      "y": 2.4138034182876313,
      "z": 0.0
    },
    "orientation_quat": {
      "x": -0.0008685311413740796,
      "y": 0.0006311018319135868,
      "z": 0.8088752587683016,
      "w": 0.5879793050071127
    },
    "yaw_rad": 1.884474987365584,
    "linear_vel": {
      "x": 0.17313910075014988,
      "y": -1.446274964394433e-05
    },
    "angular_vel_z": 0.03932478165208706
  }
}