{
  "frame_idx": 31,
  "ros_stamp": 2717.9,
  "wall_time": 1776686758.3250225,
  "prompt": "staging area",
  "goal_id": "box_staging_area",
  "goal_pose": {
    "frame_id": "map",
    "x": 1.545,
    "y": 6.535,
    "yaw_rad": 1.485
  },
  "odom": {
    "position": {
      "x": 1.7134495957061808,
      "y": 2.7201283109119396,
      "z": 0.0
    },
    "orientation_quat": {
      "x": -0.000994798629119288,
      "y": 0.0007542022111454906,
      "z": 0.7968565266717207,
      "w": 0.6041672926064382
    },
    "yaw_rad": 1.8441505442088553,
    "linear_vel": {
      "x": 0.15019385866414028,
      "y": 1.5238885143982516e-05
    },
    "angular_vel_z": -0.04409911242587454
  }
}