{
  "frame_idx": 32,
  "ros_stamp": 2719.9,
  "wall_time": 1776686760.5128236,
  "prompt": "staging area",
  "goal_id": "box_staging_area",
  "goal_pose": {
    "frame_id": "map",
    "x": 1.545,
    "y": 6.535,
    "yaw_rad": 1.485
  },
  "odom": {
    "position": {
      "x": 1.6490229839386943,
      "y": 3.042044785306795,
      "z": 0.0
    },
    "orientation_quat": {
      "x": -0.0004926977870663996,
      "y": 0.0004384454040360321,
      "z": 0.746391504579824,
      "w": 0.6655067895262866
    },
    "yaw_rad": 1.6852470677461253,
    "linear_vel": {
      "x": 0.15686103227277162,
      "y": 1.167540435010807e-05
    },
    "angular_vel_z": -0.0455096088727438
  }
}