{
  "frame_idx": 33,
  "ros_stamp": 2721.9,
  "wall_time": 1776686762.6755092,
  "prompt": "staging area",
  "goal_id": "box_staging_area",
  "goal_pose": {
    "frame_id": "map",
    "x": 1.545,
    "y": 6.535,
    "yaw_rad": 1.485
  },
  "odom": {
    "position": {
      "x": 1.6269348177382954,
      "y": 3.3793011634663546,
      "z": 0.0
    },
    "orientation_quat": {
      "x": 0.0008789729604866964,
      "y": -0.0008569683282933964,
      "z": 0.7160117941221791,
      "w": 0.698087103225491
    },
    "yaw_rad": 1.5961463656299892,
    "linear_vel": {
      "x": 0.17230385881383564,
      "y": -7.787637459682342e-07
    },
    "angular_vel_z": -0.04661106383327477
  }
}