{
  "frame_idx": 34,
  "ros_stamp": 2723.9,
  "wall_time": 1776686764.9058,
  "prompt": "staging area",
  "goal_id": "box_staging_area",
  "goal_pose": {
    "frame_id": "map",
    "x": 1.545,
    "y": 6.535,
    "yaw_rad": 1.485
  },
  "odom": {
    "position": {
      "x": 1.6284895180981744,
      "y": 3.7304850427093195,
      "z": 0.0
    },
    "orientation_quat": {
      "x": -0.001186969639989366,
      "y": 0.0012178530850044367,
      "z": 0.6979707962885848,
      "w": 0.7161242039375684
    },
    "yaw_rad": 1.5451227893121797,
    "linear_vel": {
      "x": 0.17956070589676174,
      "y": 2.0410198962317463e-05
    },
    "angular_vel_z": -0.04528065705876695
  }
}