{
  "frame_idx": 35,
  "ros_stamp": 2725.9,
  "wall_time": 1776686767.0826883,
  "prompt": "staging area",
  "goal_id": "box_staging_area",
  "goal_pose": {
    "frame_id": "map",
    "x": 1.545,
    "y": 6.535,
    "yaw_rad": 1.485
  },
  "odom": {
    "position": {
      "x": 1.640454710162687,
      "y": 4.084262239149903,
      "z": 0.0
    },
    "orientation_quat": {
      "x": 0.0005315838072152764,
      "y": -0.0005517764181744569,
      "z": 0.6938066485276968,
      "w": 0.7201609177261741
    },
    "yaw_rad": 1.533523593408181,
    "linear_vel": {
      "x": 0.1685395939130535,
      "y": 2.7546280963274995e-07
    },
    "angular_vel_z": -0.005275910989559387
  }
}