{
  "frame_idx": 36,
  "ros_stamp": 2727.9,
  "wall_time": 1776686769.2943673,
  "prompt": "staging area",
  "goal_id": "box_staging_area",
  "goal_pose": {
    "frame_id": "map",
    "x": 1.545,
    "y": 6.535,
    "yaw_rad": 1.485
  },
  "odom": {
    "position": {
      "x": 1.6507982603366278,
      "y": 4.432240754251525,
      "z": 0.0
    },
    "orientation_quat": {
      "x": -0.0013931140972052159,
      "y": 0.001420766050199083,
      "z": 0.7001224459170053,
      "w": 0.7140200286967675
    },
    "yaw_rad": 1.5511418214762693,
    "linear_vel": {
      "x": 0.16222763449406616,
      "y": -1.1802933646495426e-05
    },
    "angular_vel_z": 0.02486133970714375
  }
}