{
  "frame_idx": 37,
  "ros_stamp": 2729.9,
  "wall_time": 1776686771.5867314,
  "prompt": "staging area",
  "goal_id": "box_staging_area",
  "goal_pose": {
    "frame_id": "map",
    "x": 1.545,
    "y": 6.535,
    "yaw_rad": 1.485
  },
  "odom": {
    "position": {
      "x": 1.6521065762041465,
      "y": 4.780634313379619,
      "z": 0.0
    },
    "orientation_quat": {
      "x": 0.0015629808835533976,
      "y": -0.0015538877414133757,
      "z": 0.7091675157419354,
      "w": 0.705036578583024
    },
    "yaw_rad": 1.5766383766822436,
    "linear_vel": {
      "x": 0.174833763261349,
      "y": 1.0319158358831286e-06
    },
    "angular_vel_z": 0.0065163574693941516
  }
}