{
  "frame_idx": 38,
  "ros_stamp": 2731.9,
  "wall_time": 1776686773.8845434,
  "prompt": "staging area",
  "goal_id": "box_staging_area",
  "goal_pose": {
    "frame_id": "map",
    "x": 1.545,
    "y": 6.535,
    "yaw_rad": 1.485
  },
  "odom": {
    "position": {
      "x": 1.648052062599243,
      "y": 5.148390831396624,
      "z": 0.0
    },
    "orientation_quat": {
      "x": -0.0010057169117307907,
      "y": 0.0010005036681565624,
      "z": 0.708936800746055,
      "w": 0.7052705864232902
    },
    "yaw_rad": 1.5759811478127368,
    "linear_vel": {
      "x": 0.17526533700740757,
      "y": -5.134475852296278e-07
    },
    "angular_vel_z": 0.0012652319225677936
  }
}