{
  "frame_idx": 39,
  "ros_stamp": 2733.9,
  "wall_time": 1776686776.1001506,
  "prompt": "staging area",
  "goal_id": "box_staging_area",
  "goal_pose": {
    "frame_id": "map",
    "x": 1.545,
    "y": 6.535,
    "yaw_rad": 1.485
  },
  "odom": {
    "position": {
      "x": 1.64525575818922,
      "y": 5.540600474413699,
      "z": 0.0
    },
    "orientation_quat": {
      "x": -0.0015814188013609743,
      "y": 0.0015632784930165494,
      "z": 0.7111719467935735,
      "w": 0.7030145925717094
    },
    "yaw_rad": 1.58233266025959,
    "linear_vel": {
      "x": 0.19948891227231855,
      "y": -1.1339904344666255e-05
    },
    "angular_vel_z": 0.020753458655680047
  }
}