{
  "frame_idx": 40,
  "ros_stamp": 2735.9,
  "wall_time": 1776686778.211326,
  "prompt": "staging area",
  "goal_id": "box_staging_area",
  "goal_pose": {
    "frame_id": "map",
    "x": 1.545,
    "y": 6.535,
    "yaw_rad": 1.485
  },
  "odom": {
    "position": {
      "x": 1.6396720823724382,
      "y": 5.91513471906525,
      "z": 0.0
    },
    "orientation_quat": {
      "x": -0.0015884044360016945,
      "y": 0.0015604060070456293,
      "z": 0.7133636841983348,
      "w": 0.7007904795096885
    },
    "yaw_rad": 1.588577801715017,
    "linear_vel": {
      "x": 0.168760498838838,
      "y": -5.093120925336263e-07
    },
    "angular_vel_z": 0.0
  }
}