{
  "frame_idx": 41,
  "ros_stamp": 2737.9,
  "wall_time": 1776686780.3618796,
  "prompt": "staging area",
  "goal_id": "box_staging_area",
  "goal_pose": {
    "frame_id": "map",
    "x": 1.545,
    "y": 6.535,
    "yaw_rad": 1.485
  },
  "odom": {
    "position": {
      "x": 1.6335300571729732,
      "y": 6.194615807525695,
      "z": 0.0
    },
    "orientation_quat": {
      "x": -0.0015824582307746565,
      "y": 0.0015606977149694907,
      "z": 0.7119829265529725,
      "w": 0.702193258544722
    },
    "yaw_rad": 1.5846411528266238,
    "linear_vel": {
      "x": 0.11263054751858004,
      "y": 4.662386619250145e-06
    },
    "angular_vel_z": -0.010149404274843336
  }
}