{
  "frame_idx": 0,
  "ros_stamp": 4609.9,
  "wall_time": 1776688810.1805644,
  "prompt": "main shelf area",
  "goal_id": "big_shelf_area",
  "goal_pose": {
    "frame_id": "map",
    "x": -3.858,
    "y": -8.011,
    "yaw_rad": 1.5399999999999998
  },
  "odom": {
    "position": {
      "x": 1.5548394793783793,
      "y": 6.310387877224818,
      "z": 0.0
    },
    "orientation_quat": {
      "x": -0.0014960989062978236,
      "y": 0.001470998973857842,
      "z": 0.713058557568342,
      "w": 0.7011013416965032
    },
    "yaw_rad": 1.587706622317756,
    "linear_vel": {
      "x": 0.0032775190037536662,
      "y": -5.9156756477360354e-05
    },
    "angular_vel_z": 0.17862687957979223
  }
}