{
  "frame_idx": 1,
  "ros_stamp": 4611.9,
  "wall_time": 1776688812.3554795,
  "prompt": "main shelf area",
  "goal_id": "big_shelf_area",
  "goal_pose": {
    "frame_id": "map",
    "x": -3.858,
    "y": -8.011,
    "yaw_rad": 1.5399999999999998
  },
  "odom": {
    "position": {
      "x": 1.5547407455581472,
      "y": 6.312109369628513,
      "z": 0.0
    },
    "orientation_quat": {
      "x": -0.0017586928682096624,
      "y": 0.0013591134645038778,
      "z": 0.791251516968745,
      "w": 0.6114867919298386
    },
    "yaw_rad": 1.8257123144345058,
    "linear_vel": {
      "x": 0.0004245477394133784,
      "y": -3.226335578245363e-05
    },
    "angular_vel_z": 0.09123338432383873
  }
}