{
  "frame_idx": 2,
  "ros_stamp": 4613.9,
  "wall_time": 1776688814.5058832,
  "prompt": "main shelf area",
  "goal_id": "big_shelf_area",
  "goal_pose": {
    "frame_id": "map",
    "x": -3.858,
    "y": -8.011,
    "yaw_rad": 1.5399999999999998
  },
  "odom": {
    "position": {
      "x": 1.5546114114233514,
      "y": 6.312640545984499,
      "z": 0.0
    },
    "orientation_quat": {
      "x": -0.0018938716486584914,
      "y": 0.0011632592475306013,
      "z": 0.8520919621525412,
      "w": 0.5233873786337746
    },
    "yaw_rad": 2.0399466725685675,
    "linear_vel": {
      "x": -7.78677595921742e-05,
      "y": -4.9113438282305e-05
    },
    "angular_vel_z": 0.14005783448669873
  }
}