{
  "frame_idx": 3,
  "ros_stamp": 4615.9,
  "wall_time": 1776688816.612613,
  "prompt": "main shelf area",
  "goal_id": "big_shelf_area",
  "goal_pose": {
    "frame_id": "map",
    "x": -3.858,
    "y": -8.011,
    "yaw_rad": 1.5399999999999998
  },
  "odom": {
    "position": {
      "x": 1.55441067926163,
      "y": 6.313141800364892,
      "z": 0.0
    },
    "orientation_quat": {
      "x": -0.0020291403925908813,
      "y": 0.0009091499766759073,
      "z": 0.9125776944012531,
      "w": 0.40889730705505983
    },
    "yaw_rad": 2.299099617254617,
    "linear_vel": {
      "x": -0.0006512407396568946,
      "y": -6.371223539916235e-05
    },
    "angular_vel_z": 0.1839961218181706
  }
}