{
  "frame_idx": 4,
  "ros_stamp": 4617.9,
  "wall_time": 1776688818.812018,
  "prompt": "main shelf area",
  "goal_id": "big_shelf_area",
  "goal_pose": {
    "frame_id": "map",
    "x": -3.858,
    "y": -8.011,
    "yaw_rad": 1.5399999999999998
  },
  "odom": {
    "position": {
      "x": 1.551629474942276,
      "y": 6.315596239284001,
      "z": 0.0
    },
    "orientation_quat": {
      "x": -0.0019325309265301757,
      "y": 0.000553393870654742,
      "z": 0.9613462854597419,
      "w": 0.2753348479800519
    },
    "yaw_rad": 2.5837155043262956,
    "linear_vel": {
      "x": 0.004050139069277496,
      "y": -3.945774500961062e-05
    },
    "angular_vel_z": 0.12492693202590073
  }
}