{
  "frame_idx": 5,
  "ros_stamp": 4619.9,
  "wall_time": 1776688820.9159777,
  "prompt": "main shelf area",
  "goal_id": "big_shelf_area",
  "goal_pose": {
    "frame_id": "map",
    "x": -3.858,
    "y": -8.011,
    "yaw_rad": 1.5399999999999998
  },
  "odom": {
    "position": {
      "x": 1.5465970646803051,
      "y": 6.317832495633888,
      "z": 0.0
    },
    "orientation_quat": {
      "x": 0.0012332356555669543,
      "y": -0.00020576361816110613,
      "z": 0.9863506153343559,
      "w": 0.16465388067303124
    },
    "yaw_rad": 2.810778207811093,
    "linear_vel": {
      "x": 0.0029397216288717743,
      "y": 3.787692175651947e-05
    },
    "angular_vel_z": 0.20097115132914434
  }
}