{
  "frame_idx": 6,
  "ros_stamp": 4621.9,
  "wall_time": 1776688823.06563,
  "prompt": "main shelf area",
  "goal_id": "big_shelf_area",
  "goal_pose": {
    "frame_id": "map",
    "x": -3.858,
    "y": -8.011,
    "yaw_rad": 1.5399999999999998
  },
  "odom": {
    "position": {
      "x": 1.5365076646667022,
      "y": 6.318631484562685,
      "z": 0.0
    },
    "orientation_quat": {
      "x": 0.001860766731910025,
      "y": 4.966060455912191e-05,
      "z": 0.9996414960880196,
      "w": -0.026709818043179838
    },
    "yaw_rad": -3.0881665709443435,
    "linear_vel": {
      "x": 0.009692325001295696,
      "y": 5.3229070786523576e-05
    },
    "angular_vel_z": 0.19167556449315493
  }
}