{
  "frame_idx": 7,
  "ros_stamp": 4623.9,
  "wall_time": 1776688825.2175288,
  "prompt": "main shelf area",
  "goal_id": "big_shelf_area",
  "goal_pose": {
    "frame_id": "map",
    "x": -3.858,
    "y": -8.011,
    "yaw_rad": 1.5399999999999998
  },
  "odom": {
    "position": {
      "x": 1.4752236513034258,
      "y": 6.300841227420469,
      "z": 0.0
    },
    "orientation_quat": {
      "x": 0.002190900708731525,
      "y": 0.00038022172065656923,
      "z": 0.9851543401058238,
      "w": -0.17165658028804623
    },
    "yaw_rad": -2.7965698587587284,
    "linear_vel": {
      "x": 0.07997971029335728,
      "y": 0.0009552482213775589
    },
    "angular_vel_z": 0.10595814123544527
  }
}