{
  "frame_idx": 8,
  "ros_stamp": 4625.9,
  "wall_time": 1776688827.3174415,
  "prompt": "main shelf area",
  "goal_id": "big_shelf_area",
  "goal_pose": {
    "frame_id": "map",
    "x": -3.858,
    "y": -8.011,
    "yaw_rad": 1.5399999999999998
  },
  "odom": {
    "position": {
      "x": 1.3687932297172525,
      "y": 6.250329317431889,
      "z": 0.0
    },
    "orientation_quat": {
      "x": -0.0013879044964729384,
      "y": -0.0004001128750526747,
      "z": 0.9613570249113815,
      "w": -0.27530089771799365
    },
    "yaw_rad": -2.583786702108733,
    "linear_vel": {
      "x": 0.0778249117093604,
      "y": -2.2935042684055424e-05
    },
    "angular_vel_z": 0.0676699627881727
  }
}