{
  "frame_idx": 9,
  "ros_stamp": 4627.9,
  "wall_time": 1776688829.5123281,
  "prompt": "main shelf area",
  "goal_id": "big_shelf_area",
  "goal_pose": {
    "frame_id": "map",
    "x": -3.858,
    "y": -8.011,
    "yaw_rad": 1.5399999999999998
  },
  "odom": {
    "position": {
      "x": 1.2698055520878286,
      "y": 6.174650187474753,
      "z": 0.0
    },
    "orientation_quat": {
      "x": -0.0016449148372963737,
      "y": -0.0005915043184839643,
      "z": 0.9410155185171714,
      "w": -0.33835888977190837
    },
    "yaw_rad": -2.451246805741815,
    "linear_vel": {
      "x": 0.18136464536069657,
      "y": -1.2500231928063484e-06
    },
    "angular_vel_z": 0.0027020216058933127
  }
}