{
  "frame_idx": 10,
  "ros_stamp": 4629.9,
  "wall_time": 1776688831.614695,
  "prompt": "main shelf area",
  "goal_id": "big_shelf_area",
  "goal_pose": {
    "frame_id": "map",
    "x": -3.858,
    "y": -8.011,
    "yaw_rad": 1.5399999999999998
  },
  "odom": {
    "position": {
      "x": 0.9966962155470852,
      "y": 5.951069271129738,
      "z": 0.0
    },
    "orientation_quat": {
      "x": -0.0016793275913438595,
      "y": -0.0006274201337493452,
      "z": 0.9368040767060771,
      "w": -0.3498498364580025
    },
    "yaw_rad": -2.4267698429039277,
    "linear_vel": {
      "x": 0.1514232848082558,
      "y": -2.984533209019239e-05
    },
    "angular_vel_z": 0.06911554459651849
  }
}