{
  "frame_idx": 11,
  "ros_stamp": 4631.9,
  "wall_time": 1776688833.7621026,
  "prompt": "main shelf area",
  "goal_id": "big_shelf_area",
  "goal_pose": {
    "frame_id": "map",
    "x": -3.858,
    "y": -8.011,
    "yaw_rad": 1.5399999999999998
  },
  "odom": {
    "position": {
      "x": 0.8119704133490958,
      "y": 5.751624080202886,
      "z": 0.0
    },
    "orientation_quat": {
      "x": -0.001978438761392977,
      "y": -0.00101598355329597,
      "z": 0.8895657045034612,
      "w": -0.45680182894636895
    },
    "yaw_rad": -2.192796769282827,
    "linear_vel": {
      "x": 0.12762604060362875,
      "y": -4.632314576801761e-05
    },
    "angular_vel_z": 0.09813149001896783
  }
}