{
  "frame_idx": 12,
  "ros_stamp": 4633.9,
  "wall_time": 1776688835.936686,
  "prompt": "main shelf area",
  "goal_id": "big_shelf_area",
  "goal_pose": {
    "frame_id": "map",
    "x": -3.858,
    "y": -8.011,
    "yaw_rad": 1.5399999999999998
  },
  "odom": {
    "position": {
      "x": 0.6781757339196683,
      "y": 5.520233332639422,
      "z": 0.0
    },
    "orientation_quat": {
      "x": -0.0015843444776428978,
      "y": -0.0010061972108932466,
      "z": -0.8442761218400369,
      "w": 0.535905129207117
    },
    "yaw_rad": -2.010431504522433,
    "linear_vel": {
      "x": 0.1458626064498831,
      "y": 1.2254677554255006e-05
    },
    "angular_vel_z": 0.09721093519301381
  }
}