{
  "frame_idx": 13,
  "ros_stamp": 4635.9,
  "wall_time": 1776688838.0457592,
  "prompt": "main shelf area",
  "goal_id": "big_shelf_area",
  "goal_pose": {
    "frame_id": "map",
    "x": -3.858,
    "y": -8.011,
    "yaw_rad": 1.5399999999999998
  },
  "odom": {
    "position": {
      "x": 0.5853127075127599,
      "y": 5.2352176616066135,
      "z": 0.0
    },
    "orientation_quat": {
      "x": -0.0002901309262691768,
      "y": -0.00023083153293884187,
      "z": -0.7790444311588406,
      "w": 0.6269686091195056
    },
    "yaw_rad": -1.7862806921635817,
    "linear_vel": {
      "x": 0.1629024662249996,
      "y": -8.198641901055508e-06
    },
    "angular_vel_z": 0.07920478878223768
  }
}