{
  "frame_idx": 14,
  "ros_stamp": 4637.9,
  "wall_time": 1776688840.2518272,
  "prompt": "main shelf area",
  "goal_id": "big_shelf_area",
  "goal_pose": {
    "frame_id": "map",
    "x": -3.858,
    "y": -8.011,
    "yaw_rad": 1.5399999999999998
  },
  "odom": {
    "position": {
      "x": 0.5371173488022881,
      "y": 4.90625408778336,
      "z": 0.0
    },
    "orientation_quat": {
      "x": -0.0008615083529341363,
      "y": -0.0007713712712160291,
      "z": -0.7450032758329858,
      "w": 0.6670598037566345
    },
    "yaw_rad": -1.6810809973114247,
    "linear_vel": {
      "x": 0.17369150369181258,
      "y": -1.6181495205862305e-07
    },
    "angular_vel_z": 0.007912976302152827
  }
}