{
  "frame_idx": 15,
  "ros_stamp": 4639.9,
  "wall_time": 1776688842.355053,
  "prompt": "main shelf area",
  "goal_id": "big_shelf_area",
  "goal_pose": {
    "frame_id": "map",
    "x": -3.858,
    "y": -8.011,
    "yaw_rad": 1.5399999999999998
  },
  "odom": {
    "position": {
      "x": 0.5072747521531604,
      "y": 4.579329859160064,
      "z": 0.0
    },
    "orientation_quat": {
      "x": -0.0012266760775430327,
      "y": -0.0011127463675286054,
      "z": -0.7406623252289204,
      "w": 0.6718754178028923
    },
    "yaw_rad": -1.668114236216145,
    "linear_vel": {
      "x": 0.17747907798228768,
      "y": -1.651990989608111e-07
    },
    "angular_vel_z": -0.005725303400380943
  }
}