{
  "frame_idx": 16,
  "ros_stamp": 4641.9,
  "wall_time": 1776688844.5005915,
  "prompt": "main shelf area",
  "goal_id": "big_shelf_area",
  "goal_pose": {
    "frame_id": "map",
    "x": -3.858,
    "y": -8.011,
    "yaw_rad": 1.5399999999999998
  },
  "odom": {
    "position": {
      "x": 0.47601869413317927,
      "y": 4.234106353690224,
      "z": 0.0
    },
    "orientation_quat": {
      "x": -0.0016239142729246694,
      "y": -0.0015119980111373945,
      "z": -0.7318732645927009,
      "w": 0.6814371587599776
    },
    "yaw_rad": -1.6421390562602183,
    "linear_vel": {
      "x": 0.1753799634351407,
      "y": 7.553425372334158e-07
    },
    "angular_vel_z": 0.005558176877365104
  }
}