{
  "frame_idx": 17,
  "ros_stamp": 4643.9,
  "wall_time": 1776688846.6728039,
  "prompt": "main shelf area",
  "goal_id": "big_shelf_area",
  "goal_pose": {
    "frame_id": "map",
    "x": -3.858,
    "y": -8.011,
    "yaw_rad": 1.5399999999999998
  },
  "odom": {
    "position": {
      "x": 0.45360505014923524,
      "y": 3.8943256989363912,
      "z": 0.0
    },
    "orientation_quat": {
      "x": -0.0016428402582113967,
      "y": -0.0015086099835275445,
      "z": -0.7364801835463443,
      "w": 0.6764554415594177
    },
    "yaw_rad": -1.6557098492643096,
    "linear_vel": {
      "x": 0.18973909620725107,
      "y": -1.2640413391397463e-06
    },
    "angular_vel_z": -0.0058341869467349716
  }
}