{
  "frame_idx": 18,
  "ros_stamp": 4645.9,
  "wall_time": 1776688848.7741616,
  "prompt": "main shelf area",
  "goal_id": "big_shelf_area",
  "goal_pose": {
    "frame_id": "map",
    "x": -3.858,
    "y": -8.011,
    "yaw_rad": 1.5399999999999998
  },
  "odom": {
    "position": {
      "x": 0.42180642642606914,
      "y": 3.552148702113752,
      "z": 0.0
    },
    "orientation_quat": {
      "x": -0.00024469921780719385,
      "y": -0.00022224885606512211,
      "z": -0.7401462414748635,
      "w": 0.672445858012652
    },
    "yaw_rad": -1.6665757387308775,
    "linear_vel": {
      "x": 0.17360184699388798,
      "y": -5.0588189716118314e-06
    },
    "angular_vel_z": 0.03913216967775731
  }
}