{
  "frame_idx": 19,
  "ros_stamp": 4647.9,
  "wall_time": 1776688850.954644,
  "prompt": "main shelf area",
  "goal_id": "big_shelf_area",
  "goal_pose": {
    "frame_id": "map",
    "x": -3.858,
    "y": -8.011,
    "yaw_rad": 1.5399999999999998
  },
  "odom": {
    "position": {
      "x": 0.38970574819278403,
      "y": 3.2123069591009763,
      "z": 0.0
    },
    "orientation_quat": {
      "x": -0.0016559350219917013,
      "y": -0.0014844414455118383,
      "z": -0.7445085893242431,
      "w": 0.6676091781388445
    },
    "yaw_rad": -1.679602448636868,
    "linear_vel": {
      "x": 0.16493925875633403,
      "y": 1.199407564157309e-06
    },
    "angular_vel_z": 0.005870299747251219
  }
}