{
  "frame_idx": 20,
  "ros_stamp": 4649.9,
  "wall_time": 1776688853.065218,
  "prompt": "main shelf area",
  "goal_id": "big_shelf_area",
  "goal_pose": {
    "frame_id": "map",
    "x": -3.858,
    "y": -8.011,
    "yaw_rad": 1.5399999999999998
  },
  "odom": {
    "position": {
      "x": 0.35443458531656685,
      "y": 2.8725427933036554,
      "z": 0.0
    },
    "orientation_quat": {
      "x": -0.0003858968718461111,
      "y": -0.00034725340099177966,
      "z": -0.7433417720540022,
      "w": 0.6689116088230909
    },
    "yaw_rad": -1.6761051417348454,
    "linear_vel": {
      "x": 0.16038466984309052,
      "y": -3.317830365575313e-07
    },
    "angular_vel_z": 0.0006653961652867871
  }
}