{
  "frame_idx": 21,
  "ros_stamp": 4651.9,
  "wall_time": 1776688855.2026987,
  "prompt": "main shelf area",
  "goal_id": "big_shelf_area",
  "goal_pose": {
    "frame_id": "map",
    "x": -3.858,
    "y": -8.011,
    "yaw_rad": 1.5399999999999998
  },
  "odom": {
    "position": {
      "x": 0.3153207638649603,
      "y": 2.533966055180719,
      "z": 0.0
    },
    "orientation_quat": {
      "x": 0.0008624012986742438,
      "y": 0.0007623309675679709,
      "z": -0.7492425628494702,
      "w": 0.6622946905496476
    },
    "yaw_rad": -1.6938368666230104,
    "linear_vel": {
      "x": 0.175327402784914,
      "y": 2.6707379864207256e-07
    },
    "angular_vel_z": 0.00019248769876654455
  }
}