{
  "frame_idx": 22,
  "ros_stamp": 4653.9,
  "wall_time": 1776688857.3805985,
  "prompt": "main shelf area",
  "goal_id": "big_shelf_area",
  "goal_pose": {
    "frame_id": "map",
    "x": -3.858,
    "y": -8.011,
    "yaw_rad": 1.5399999999999998
  },
  "odom": {
    "position": {
      "x": 0.26987598016556386,
      "y": 2.1914551967631573,
      "z": 0.0
    },
    "orientation_quat": {
      "x": -0.0010725901784969145,
      "y": -0.0009297328699144567,
      "z": -0.7556294059076781,
      "w": 0.6549978519619044
    },
    "yaw_rad": -1.713231351507582,
    "linear_vel": {
      "x": 0.16990796804254732,
      "y": -8.203881627876067e-07
    },
    "angular_vel_z": -0.020747340667480164
  }
}