{
  "frame_idx": 23,
  "ros_stamp": 4655.9,
  "wall_time": 1776688859.4819903,
  "prompt": "main shelf area",
  "goal_id": "big_shelf_area",
  "goal_pose": {
    "frame_id": "map",
    "x": -3.858,
    "y": -8.011,
    "yaw_rad": 1.5399999999999998
  },
  "odom": {
    "position": {
      "x": 0.21543223898924244,
      "y": 1.857447401948289,
      "z": 0.0
    },
    "orientation_quat": {
      "x": 0.0017099721503188606,
      "y": 0.001423273493817494,
      "z": -0.7685987959143461,
      "w": 0.6397272396942497
    },
    "yaw_rad": -1.7533018643954135,
    "linear_vel": {
      "x": 0.16203969304907317,
      "y": 3.888441509373062e-06
    },
    "angular_vel_z": -0.006703904933149557
  }
}