{
  "frame_idx": 24,
  "ros_stamp": 4657.9,
  "wall_time": 1776688861.6590087,
  "prompt": "main shelf area",
  "goal_id": "big_shelf_area",
  "goal_pose": {
    "frame_id": "map",
    "x": -3.858,
    "y": -8.011,
    "yaw_rad": 1.5399999999999998
  },
  "odom": {
    "position": {
      "x": 0.1518974653228046,
      "y": 1.517027131790381,
      "z": 0.0
    },
    "orientation_quat": {
      "x": -0.0008674853022165186,
      "y": -0.0007198340272471094,
      "z": -0.7695517911943879,
      "w": 0.6385834087867716
    },
    "yaw_rad": -1.756279482878478,
    "linear_vel": {
      "x": 0.17893098270834498,
      "y": -6.873860032308729e-07
    },
    "angular_vel_z": 0.013752541755378798
  }
}