{
  "frame_idx": 25,
  "ros_stamp": 4659.9,
  "wall_time": 1776688863.7817712,
  "prompt": "main shelf area",
  "goal_id": "big_shelf_area",
  "goal_pose": {
    "frame_id": "map",
    "x": -3.858,
    "y": -8.011,
    "yaw_rad": 1.5399999999999998
  },
  "odom": {
    "position": {
      "x": 0.08374532369781262,
      "y": 1.1765800518826353,
      "z": 0.0
    },
    "orientation_quat": {
      "x": -0.0009497143125649633,
      "y": -0.0007580331298422372,
      "z": -0.7815256609477138,
      "w": 0.6238719137040374
    },
    "yaw_rad": -1.7942169537614479,
    "linear_vel": {
      "x": 0.1994221141586514,
      "y": 2.760976205857911e-06
    },
    "angular_vel_z": -0.05923007042417464
  }
}