{
  "frame_idx": 26,
  "ros_stamp": 4661.9,
  "wall_time": 1776688865.9025497,
  "prompt": "main shelf area",
  "goal_id": "big_shelf_area",
  "goal_pose": {
    "frame_id": "map",
    "x": -3.858,
    "y": -8.011,
    "yaw_rad": 1.5399999999999998
  },
  "odom": {
    "position": {
      "x": 0.00862063556189529,
      "y": 0.8373930839640147,
      "z": 0.0
    },
    "orientation_quat": {
      "x": 0.001136617547540336,
      "y": 0.0009143448030701499,
      "z": -0.7791807471985762,
      "w": 0.6267976031137965
    },
    "yaw_rad": -1.7867180685408663,
    "linear_vel": {
      "x": 0.16851502881999705,
      "y": 4.411876708691249e-06
    },
    "angular_vel_z": -0.009718469238833512
  }
}