{
  "frame_idx": 27,
  "ros_stamp": 4663.9,
  "wall_time": 1776688868.0816839,
  "prompt": "main shelf area",
  "goal_id": "big_shelf_area",
  "goal_pose": {
    "frame_id": "map",
    "x": -3.858,
    "y": -8.011,
    "yaw_rad": 1.5399999999999998
  },
  "odom": {
    "position": {
      "x": -0.0748089919051569,
      "y": 0.4935609862104367,
      "z": 0.0
    },
    "orientation_quat": {
      "x": 0.001765300822602888,
      "y": 0.001346600416377292,
      "z": -0.7950809518634193,
      "w": 0.6064992583377851
    },
    "yaw_rad": -1.8382885442201702,
    "linear_vel": {
      "x": 0.17405616956615785,
      "y": 2.1383231590411787e-05
    },
    "angular_vel_z": -0.029407602255252924
  }
}