{
  "frame_idx": 28,
  "ros_stamp": 4665.9,
  "wall_time": 1776688870.1965077,
  "prompt": "main shelf area",
  "goal_id": "big_shelf_area",
  "goal_pose": {
    "frame_id": "map",
    "x": -3.858,
    "y": -8.011,
    "yaw_rad": 1.5399999999999998
  },
  "odom": {
    "position": {
      "x": -0.164833954554983,
      "y": 0.14747960869513574,
      "z": 0.0
    },
    "orientation_quat": {
      "x": -0.0008398194930966568,
      "y": -0.000652927013683416,
      "z": -0.789463417892594,
      "w": 0.613796692886885
    },
    "yaw_rad": -1.8198700652213615,
    "linear_vel": {
      "x": 0.17511875811703506,
      "y": 6.043263490025869e-07
    },
    "angular_vel_z": -0.00670186781701914
  }
}