{
  "frame_idx": 29,
  "ros_stamp": 4667.9,
  "wall_time": 1776688872.3631206,
  "prompt": "main shelf area",
  "goal_id": "big_shelf_area",
  "goal_pose": {
    "frame_id": "map",
    "x": -3.858,
    "y": -8.011,
    "yaw_rad": 1.5399999999999998
  },
  "odom": {
    "position": {
      "x": -0.25279381933959205,
      "y": -0.18895253912942858,
      "z": 0.0
    },
    "orientation_quat": {
      "x": -0.001124395485401525,
      "y": -0.0008572987274731201,
      "z": -0.7952142193736677,
      "w": 0.6063269300300066
    },
    "yaw_rad": -1.8387242288804626,
    "linear_vel": {
      "x": 0.17291544172728587,
      "y": 5.91981741235217e-08
    },
    "angular_vel_z": 0.0143597605335646
  }
}