{
  "frame_idx": 30,
  "ros_stamp": 4669.9,
  "wall_time": 1776688874.4973166,
  "prompt": "main shelf area",
  "goal_id": "big_shelf_area",
  "goal_pose": {
    "frame_id": "map",
    "x": -3.858,
    "y": -8.011,
    "yaw_rad": 1.5399999999999998
  },
  "odom": {
    "position": {
      "x": -0.34908830038788086,
      "y": -0.5209550975139674,
      "z": 0.0
    },
    "orientation_quat": {
      "x": -0.0015683819726520973,
      "y": -0.001164159851623695,
      "z": -0.8029678486920923,
      "w": 0.5960191430454403
    },
    "yaw_rad": -1.8645212853019761,
    "linear_vel": {
      "x": 0.18925447502650605,
      "y": -7.271085123527847e-07
    },
    "angular_vel_z": -0.01440273582039792
  }
}