{
  "frame_idx": 31,
  "ros_stamp": 4671.9,
  "wall_time": 1776688876.6193178,
  "prompt": "main shelf area",
  "goal_id": "big_shelf_area",
  "goal_pose": {
    "frame_id": "map",
    "x": -3.858,
    "y": -8.011,
    "yaw_rad": 1.5399999999999998
  },
  "odom": {
    "position": {
      "x": -0.45904237165463274,
      "y": -0.8701925039427381,
      "z": 0.0
    },
    "orientation_quat": {
      "x": 0.0009973683571477133,
      "y": 0.0007264269410886021,
      "z": -0.8083305582699676,
      "w": 0.5887275992572643
    },
    "yaw_rad": -1.8826238864307598,
    "linear_vel": {
      "x": 0.18356510643370025,
      "y": 2.3649153078597856e-06
    },
    "angular_vel_z": -0.004515807901638806
  }
}