{
  "frame_idx": 32,
  "ros_stamp": 4673.9,
  "wall_time": 1776688878.8077748,
  "prompt": "main shelf area",
  "goal_id": "big_shelf_area",
  "goal_pose": {
    "frame_id": "map",
    "x": -3.858,
    "y": -8.011,
    "yaw_rad": 1.5399999999999998
  },
  "odom": {
    "position": {
      "x": -0.565837811507723,
      "y": -1.2020432353019705,
      "z": 0.0
    },
    "orientation_quat": {
      "x": -0.001515735922751453,
      "y": -0.0011058896199127462,
      "z": -0.8078316135949344,
      "w": 0.589410352495921
    },
    "yaw_rad": -1.880932616246689,
    "linear_vel": {
      "x": 0.17014600360338736,
      "y": 1.0295873163773282e-06
    },
    "angular_vel_z": 0.013192058428696784
  }
}