{
  "frame_idx": 33,
  "ros_stamp": 4675.9,
  "wall_time": 1776688880.9195354,
  "prompt": "main shelf area",
  "goal_id": "big_shelf_area",
  "goal_pose": {
    "frame_id": "map",
    "x": -3.858,
    "y": -8.011,
    "yaw_rad": 1.5399999999999998
  },
  "odom": {
    "position": {
      "x": -0.6747302294672934,
      "y": -1.534937650423418,
      "z": 0.0
    },
    "orientation_quat": {
      "x": 0.00014221767561476613,
      "y": 0.00010266962963615521,
      "z": -0.8108609847945044,
      "w": 0.5852387825248481
    },
    "yaw_rad": -1.8912436180000831,
    "linear_vel": {
      "x": 0.167501743906823,
      "y": 1.3811825200259545e-06
    },
    "angular_vel_z": -0.003977580583125702
  }
}