{
  "frame_idx": 34,
  "ros_stamp": 4677.9,
  "wall_time": 1776688883.0814853,
  "prompt": "main shelf area",
  "goal_id": "big_shelf_area",
  "goal_pose": {
    "frame_id": "map",
    "x": -3.858,
    "y": -8.011,
    "yaw_rad": 1.5399999999999998
  },
  "odom": {
    "position": {
      "x": -0.7819366785871668,
      "y": -1.865459135258894,
      "z": 0.0
    },
    "orientation_quat": {
      "x": 0.00032077593471496925,
      "y": 0.00023376870910217143,
      "z": -0.80819843388505,
      "w": 0.5889101238056134
    },
    "yaw_rad": -1.8821732351463418,
    "linear_vel": {
      "x": 0.16209348447108307,
      "y": 4.666479082454113e-06
    },
    "angular_vel_z": -0.018662565565823176
  }
}