{
  "frame_idx": 35,
  "ros_stamp": 4679.9,
  "wall_time": 1776688885.2311397,
  "prompt": "main shelf area",
  "goal_id": "big_shelf_area",
  "goal_pose": {
    "frame_id": "map",
    "x": -3.858,
    "y": -8.011,
    "yaw_rad": 1.5399999999999998
  },
  "odom": {
    "position": {
      "x": -0.8913230772367998,
      "y": -2.2006745958035454,
      "z": 0.0
    },
    "orientation_quat": {
      "x": 0.0011108674305103192,
      "y": 0.0007964208531406612,
      "z": -0.8127246041328808,
      "w": 0.5826464189578691
    },
    "yaw_rad": -1.8976290525560593,
    "linear_vel": {
      "x": 0.17833811525663218,
      "y": 1.678450665862477e-06
    },
    "angular_vel_z": -0.0027258993669005776
  }
}