{
  "frame_idx": 36,
  "ros_stamp": 4681.9,
  "wall_time": 1776688887.3407376,
  "prompt": "main shelf area",
  "goal_id": "big_shelf_area",
  "goal_pose": {
    "frame_id": "map",
    "x": -3.858,
    "y": -8.011,
    "yaw_rad": 1.5399999999999998
  },
  "odom": {
    "position": {
      "x": -1.0086989964362534,
      "y": -2.5375612898750846,
      "z": 0.0
    },
    "orientation_quat": {
      "x": -0.0008327506781219418,
      "y": -0.0005872890186025246,
      "z": -0.8172011019068658,
      "w": 0.576351733458069
    },
    "yaw_rad": -1.913077350852701,
    "linear_vel": {
      "x": 0.18110506396040432,
      "y": -9.783704784485138e-07
    },
    "angular_vel_z": 0.01127225636657338
  }
}