{
  "frame_idx": 37,
  "ros_stamp": 4683.9,
  "wall_time": 1776688889.5313928,
  "prompt": "main shelf area",
  "goal_id": "big_shelf_area",
  "goal_pose": {
    "frame_id": "map",
    "x": -3.858,
    "y": -8.011,
    "yaw_rad": 1.5399999999999998
  },
  "odom": {
    "position": {
      "x": -1.1275764283928762,
      "y": -2.8794503401699396,
      "z": 0.0
    },
    "orientation_quat": {
      "x": -0.0011184591977668596,
      "y": -0.0008017166223749858,
      "z": -0.8127546715773551,
      "w": 0.5826044542643543
    },
    "yaw_rad": -1.8977323014735243,
    "linear_vel": {
      "x": 0.16671862368856397,
      "y": -3.4838559595371703e-07
    },
    "angular_vel_z": 0.006455915876758135
  }
}