{
  "frame_idx": 38,
  "ros_stamp": 4685.9,
  "wall_time": 1776688891.6306415,
  "prompt": "main shelf area",
  "goal_id": "big_shelf_area",
  "goal_pose": {
    "frame_id": "map",
    "x": -3.858,
    "y": -8.011,
    "yaw_rad": 1.5399999999999998
  },
  "odom": {
    "position": {
      "x": -1.2358676800582167,
      "y": -3.1988442814501967,
      "z": 0.0
    },
    "orientation_quat": {
      "x": -0.0016907747515640637,
      "y": -0.0012036511275994928,
      "z": -0.8146487149074911,
      "w": 0.5799510012098231
    },
    "yaw_rad": -1.904252502132276,
    "linear_vel": {
      "x": 0.1903799595861366,
      "y": -1.207062627388495e-06
    },
    "angular_vel_z": -0.014962961188070325
  }
}