{
  "frame_idx": 39,
  "ros_stamp": 4687.9,
  "wall_time": 1776688893.7675111,
  "prompt": "main shelf area",
  "goal_id": "big_shelf_area",
  "goal_pose": {
    "frame_id": "map",
    "x": -3.858,
    "y": -8.011,
    "yaw_rad": 1.5399999999999998
  },
  "odom": {
    "position": {
      "x": -1.3637461430089879,
      "y": -3.5415518398998502,
      "z": 0.0
    },
    "orientation_quat": {
      "x": -0.00019237116223600473,
      "y": -0.00012975840428463734,
      "z": -0.8276530403929875,
      "w": 0.5612400474701856
    },
    "yaw_rad": -1.9498259971006358,
    "linear_vel": {
      "x": 0.18115505299304124,
      "y": 3.9838177222660314e-06
    },
    "angular_vel_z": -0.03632550517141382
  }
}