{
  "frame_idx": 40,
  "ros_stamp": 4689.9,
  "wall_time": 1776688895.9160783,
  "prompt": "main shelf area",
  "goal_id": "big_shelf_area",
  "goal_pose": {
    "frame_id": "map",
    "x": -3.858,
    "y": -8.011,
    "yaw_rad": 1.5399999999999998
  },
  "odom": {
    "position": {
      "x": -1.5015733395815938,
      "y": -3.8814576995002197,
      "z": 0.0
    },
    "orientation_quat": {
      "x": 0.0012853502475116563,
      "y": 0.0008648316314707617,
      "z": -0.8296916175537018,
      "w": 0.5582198668106609
    },
    "yaw_rad": -1.9571136082397305,
    "linear_vel": {
      "x": 0.1730296865229835,
      "y": 5.646364290525147e-06
    },
    "angular_vel_z": -0.012788674938857214
  }
}