{
  "frame_idx": 41,
  "ros_stamp": 4691.9,
  "wall_time": 1776688898.0163882,
  "prompt": "main shelf area",
  "goal_id": "big_shelf_area",
  "goal_pose": {
    "frame_id": "map",
    "x": -3.858,
    "y": -8.011,
    "yaw_rad": 1.5399999999999998
  },
  "odom": {
    "position": {
      "x": -1.6446603641881696,
      "y": -4.221445555550978,
      "z": 0.0
    },
    "orientation_quat": {
      "x": -0.001088894020726201,
      "y": -0.0007124373262366998,
      "z": -0.8367936102443341,
      "w": 0.5475169043939386
    },
    "yaw_rad": -1.9828036303156227,
    "linear_vel": {
      "x": 0.1843323714515253,
      "y": 3.5103682087474263e-07
    },
    "angular_vel_z": -0.00890658016154062
  }
}