{
  "frame_idx": 42,
  "ros_stamp": 4693.9,
  "wall_time": 1776688900.264106,
  "prompt": "main shelf area",
  "goal_id": "big_shelf_area",
  "goal_pose": {
    "frame_id": "map",
    "x": -3.858,
    "y": -8.011,
    "yaw_rad": 1.5399999999999998
  },
  "odom": {
    "position": {
      "x": -1.7937211498861452,
      "y": -4.557247215802667,
      "z": 0.0
    },
    "orientation_quat": {
      "x": 0.0008923184122192328,
      "y": 0.0005762318118759082,
      "z": -0.8400759786805453,
      "w": 0.5424677149551617
    },
    "yaw_rad": -1.9948482835603993,
    "linear_vel": {
      "x": 0.17518907790809743,
      "y": -1.2878528646964984e-06
    },
    "angular_vel_z": 0.005601675252812065
  }
}