{
  "frame_idx": 43,
  "ros_stamp": 4695.9,
  "wall_time": 1776688902.3917308,
  "prompt": "main shelf area",
  "goal_id": "big_shelf_area",
  "goal_pose": {
    "frame_id": "map",
    "x": -3.858,
    "y": -8.011,
    "yaw_rad": 1.5399999999999998
  },
  "odom": {
    "position": {
      "x": -1.9426996152079987,
      "y": -4.888529370849843,
      "z": 0.0
    },
    "orientation_quat": {
      "x": 0.0005890431547854086,
      "y": 0.0003749353514603062,
      "z": -0.8439487404949295,
      "w": 0.5364233737158239
    },
    "yaw_rad": -2.009205527314462,
    "linear_vel": {
      "x": 0.1912029505133882,
      "y": 3.2202614458172658e-06
    },
    "angular_vel_z": -0.013277983818500119
  }
}