{
  "frame_idx": 44,
  "ros_stamp": 4697.9,
  "wall_time": 1776688904.609087,
  "prompt": "main shelf area",
  "goal_id": "big_shelf_area",
  "goal_pose": {
    "frame_id": "map",
    "x": -3.858,
    "y": -8.011,
    "yaw_rad": 1.5399999999999998
  },
  "odom": {
    "position": {
      "x": -2.099970801269044,
      "y": -5.219381482596203,
      "z": 0.0
    },
    "orientation_quat": {
      "x": 0.0018904184978220519,
      "y": 0.0011762308803597037,
      "z": -0.849028617829109,
      "w": 0.5283421702893037
    },
    "yaw_rad": -2.028296040736578,
    "linear_vel": {
      "x": 0.1659448392942844,
      "y": 1.3853299442348986e-05
    },
    "angular_vel_z": -0.025750043523848472
  }
}