{
  "frame_idx": 45,
  "ros_stamp": 4699.9,
  "wall_time": 1776688906.804179,
  "prompt": "main shelf area",
  "goal_id": "big_shelf_area",
  "goal_pose": {
    "frame_id": "map",
    "x": -3.858,
    "y": -8.011,
    "yaw_rad": 1.5399999999999998
  },
  "odom": {
    "position": {
      "x": -2.2720226224218867,
      "y": -5.556293210122092,
      "z": 0.0
    },
    "orientation_quat": {
      "x": 0.0016066216322896396,
      "y": 0.0009663895209409991,
      "z": -0.8569322769661389,
      "w": 0.5154256081646045
    },
    "yaw_rad": -2.05858206185322,
    "linear_vel": {
      "x": 0.18269105479864356,
      "y": 1.326013823466901e-05
    },
    "angular_vel_z": -0.027221402519586546
  }
}