{
  "frame_idx": 46,
  "ros_stamp": 4701.9,
  "wall_time": 1776688908.939095,
  "prompt": "main shelf area",
  "goal_id": "big_shelf_area",
  "goal_pose": {
    "frame_id": "map",
    "x": -3.858,
    "y": -8.011,
    "yaw_rad": 1.5399999999999998
  },
  "odom": {
    "position": {
      "x": -2.4546096318005093,
      "y": -5.878008654855206,
      "z": 0.0
    },
    "orientation_quat": {
      "x": -0.0016922518941316534,
      "y": -0.0009806431426332635,
      "z": -0.8652107129513903,
      "w": 0.5014046238485452
    },
    "yaw_rad": -2.0911475238938313,
    "linear_vel": {
      "x": 0.19643427028994614,
      "y": 8.029559906040586e-07
    },
    "angular_vel_z": 0.013749364413063129
  }
}