{
  "frame_idx": 47,
  "ros_stamp": 4703.9,
  "wall_time": 1776688911.1460428,
  "prompt": "main shelf area",
  "goal_id": "big_shelf_area",
  "goal_pose": {
    "frame_id": "map",
    "x": -3.858,
    "y": -8.011,
    "yaw_rad": 1.5399999999999998
  },
  "odom": {
    "position": {
      "x": -2.6407149384877338,
      "y": -6.203077855825684,
      "z": 0.0
    },
    "orientation_quat": {
      "x": -0.0019424854716451772,
      "y": -0.0010962214506593149,
      "z": 0.8705961349699369,
      "w": -0.4919932873771052
    },
    "yaw_rad": -2.112834167823077,
    "linear_vel": {
      "x": 0.18411408220699713,
      "y": 3.0133854984974425e-05
    },
    "angular_vel_z": -0.0545019656452599
  }
}