{
  "frame_idx": 48,
  "ros_stamp": 4705.9,
  "wall_time": 1776688913.4733074,
  "prompt": "main shelf area",
  "goal_id": "big_shelf_area",
  "goal_pose": {
    "frame_id": "map",
    "x": -3.858,
    "y": -8.011,
    "yaw_rad": 1.5399999999999998
  },
  "odom": {
    "position": {
      "x": -2.831805657818299,
      "y": -6.521266456424447,
      "z": 0.0
    },
    "orientation_quat": {
      "x": 0.0017749125679035814,
      "y": 0.0010094297109309043,
      "z": 0.869248394357448,
      "w": -0.4943713782613566
    },
    "yaw_rad": -2.1073672697059056,
    "linear_vel": {
      "x": 0.202602302823985,
      "y": -1.7516577283604139e-06
    },
    "angular_vel_z": -0.016572247318431606
  }
}