{
  "frame_idx": 49,
  "ros_stamp": 4707.9,
  "wall_time": 1776688915.727103,
  "prompt": "main shelf area",
  "goal_id": "big_shelf_area",
  "goal_pose": {
    "frame_id": "map",
    "x": -3.858,
    "y": -8.011,
    "yaw_rad": 1.5399999999999998
  },
  "odom": {
    "position": {
      "x": -3.025827774141708,
      "y": -6.834887156036063,
      "z": 0.0
    },
    "orientation_quat": {
      "x": -0.0008557828759161028,
      "y": -0.0004677523046689669,
      "z": 0.8763409910964408,
      "w": -0.48169026995317105
    },
    "yaw_rad": -2.1364271819096583,
    "linear_vel": {
      "x": 0.1567309173735193,
      "y": -3.049734470176983e-06
    },
    "angular_vel_z": 0.01218351573226634
  }
}