{
  "frame_idx": 50,
  "ros_stamp": 4709.9,
  "wall_time": 1776688917.9490135,
  "prompt": "main shelf area",
  "goal_id": "big_shelf_area",
  "goal_pose": {
    "frame_id": "map",
    "x": -3.858,
    "y": -8.011,
    "yaw_rad": 1.5399999999999998
  },
  "odom": {
    "position": {
      "x": -3.2470142398416755,
      "y": -7.1858439336936035,
      "z": 0.0
    },
    "orientation_quat": {
      "x": -0.001922448111499219,
      "y": -0.0010523246694326015,
      "z": 0.8771868066714031,
      "w": -0.4801442522905748
    },
    "yaw_rad": -2.139951718094729,
    "linear_vel": {
      "x": 0.20508492565384637,
      "y": 4.427858946631693e-06
    },
    "angular_vel_z": -0.007415690936177356
  }
}