{
  "frame_idx": 51,
  "ros_stamp": 4711.9,
  "wall_time": 1776688920.1357465,
  "prompt": "main shelf area",
  "goal_id": "big_shelf_area",
  "goal_pose": {
    "frame_id": "map",
    "x": -3.858,
    "y": -8.011,
    "yaw_rad": 1.5399999999999998
  },
  "odom": {
    "position": {
      "x": -3.458167407845515,
      "y": -7.503328317995532,
      "z": 0.0
    },
    "orientation_quat": {
      "x": -0.0015554679121179858,
      "y": -0.0008128875419530974,
      "z": 0.8862786796301191,
      "w": -0.4631490275996608
    },
    "yaw_rad": -2.1785010517245214,
    "linear_vel": {
      "x": 0.18163303603890815,
      "y": 1.0449923907633282e-05
    },
    "angular_vel_z": -0.022133645013338244
  }
}