{
  "frame_idx": 52,
  "ros_stamp": 4713.9,
  "wall_time": 1776688922.4219005,
  "prompt": "main shelf area",
  "goal_id": "big_shelf_area",
  "goal_pose": {
    "frame_id": "map",
    "x": -3.858,
    "y": -8.011,
    "yaw_rad": 1.5399999999999998
  },
  "odom": {
    "position": {
      "x": -3.6559365226248137,
      "y": -7.762428607119761,
      "z": 0.0
    },
    "orientation_quat": {
      "x": -0.002044548797089961,
      "y": -0.0008721658888212065,
      "z": 0.9198116909680848,
      "w": -0.39235381010678533
    },
    "yaw_rad": -2.3352121343803813,
    "linear_vel": {
      "x": 0.13407056386176125,
      "y": 7.39214879435745e-05
    },
    "angular_vel_z": -0.15371910460809576
  }
}