{
  "frame_idx": 53,
  "ros_stamp": 4715.9,
  "wall_time": 1776688924.551219,
  "prompt": "main shelf area",
  "goal_id": "big_shelf_area",
  "goal_pose": {
    "frame_id": "map",
    "x": -3.858,
    "y": -8.011,
    "yaw_rad": 1.5399999999999998
  },
  "odom": {
    "position": {
      "x": -3.83068380736707,
      "y": -7.901432895378881,
      "z": 0.0
    },
    "orientation_quat": {
      "x": -0.0015794507279944445,
      "y": -0.00040987463646609127,
      "z": 0.9685506702252524,
      "w": -0.24881104586491845
    },
    "yaw_rad": -2.638686976861946,
    "linear_vel": {
      "x": 0.08865414693646527,
      "y": 5.714137882281946e-05
    },
    "angular_vel_z": -0.16912080509735627
  }
}