{
  "frame_idx": 54,
  "ros_stamp": 4717.9,
  "wall_time": 1776688926.6991386,
  "prompt": "main shelf area",
  "goal_id": "big_shelf_area",
  "goal_pose": {
    "frame_id": "map",
    "x": -3.858,
    "y": -8.011,
    "yaw_rad": 1.5399999999999998
  },
  "odom": {
    "position": {
      "x": -3.909540221183407,
      "y": -7.932282594046494,
      "z": 0.0
    },
    "orientation_quat": {
      "x": -0.002216726968171567,
      "y": -0.0001898553712081246,
      "z": 0.9963432566764864,
      "w": -0.08541173778690929
    },
    "yaw_rad": -2.970560370528531,
    "linear_vel": {
      "x": 0.016345491868718722,
      "y": 6.25502133203089e-05
    },
    "angular_vel_z": -0.17054706332329933
  }
}