{
  "frame_idx": 55,
  "ros_stamp": 4719.9,
  "wall_time": 1776688928.9417493,
  "prompt": "main shelf area",
  "goal_id": "big_shelf_area",
  "goal_pose": {
    "frame_id": "map",
    "x": -3.858,
    "y": -8.011,
    "yaw_rad": 1.5399999999999998
  },
  "odom": {
    "position": {
      "x": -3.923138893535029,
      "y": -7.933610887248404,
      "z": 0.0
    },
    "orientation_quat": {
      "x": -0.002215913231344735,
      "y": 0.00017664112818846503,
      "z": 0.9968339089793973,
      "w": 0.07948091868692672
    },
    "yaw_rad": 2.982462578401616,
    "linear_vel": {
      "x": 9.734704912852974e-05,
      "y": 5.4496564943634694e-05
    },
    "angular_vel_z": -0.1558450697180515
  }
}