{
  "frame_idx": 0,
  "ros_stamp": 2079.9,
  "wall_time": 1776686072.9594219,
  "prompt": "small shelf area",
  "goal_id": "small_shelf_row",
  "goal_pose": {
    "frame_id": "map",
    "x": 1.937,
    "y": -7.778,
    "yaw_rad": 1.624
  },
  "odom": {
    "position": {
      "x": -0.2676143716842773,
      "y": 7.440891998527856,
      "z": 0.0
    },
    "orientation_quat": {
      "x": 0.0015741860678887372,
      "y": 0.001363694808829494,
      "z": -0.7558356284764903,
      "w": 0.6547580965518799
    },
    "yaw_rad": -1.7138638367881078,
    "linear_vel": {
      "x": 0.14682076219216525,
      "y": -5.2802318649437654e-05
    },
    "angular_vel_z": 0.11095529898229031
  }
}