{
  "frame_idx": 1,
  "ros_stamp": 2081.9,
  "wall_time": 1776686075.1725821,
  "prompt": "small shelf area",
  "goal_id": "small_shelf_row",
  "goal_pose": {
    "frame_id": "map",
    "x": 1.937,
    "y": -7.778,
    "yaw_rad": 1.624
  },
  "odom": {
    "position": {
      "x": -0.28232580818830844,
      "y": 7.114913339865637,
      "z": 0.0
    },
    "orientation_quat": {
      "x": 0.0015702776223984808,
      "y": 0.0015741287594534066,
      "z": -0.7062384704813314,
      "w": 0.707970535516152
    },
    "yaw_rad": -1.5683468102645546,
    "linear_vel": {
      "x": 0.16051141989812648,
      "y": -3.7126519950532213e-06
    },
    "angular_vel_z": 0.007318247488345015
  }
}