{
  "frame_idx": 2,
  "ros_stamp": 2083.9,
  "wall_time": 1776686077.4534888,
  "prompt": "small shelf area",
  "goal_id": "small_shelf_row",
  "goal_pose": {
    "frame_id": "map",
    "x": 1.937,
    "y": -7.778,
    "yaw_rad": 1.624
  },
  "odom": {
    "position": {
      "x": -0.27668700002553714,
      "y": 6.805929725630354,
      "z": 0.0
    },
    "orientation_quat": {
      "x": 0.0006149411955841221,
      "y": 0.0006409507931149417,
      "z": -0.6923205513316278,
      "w": 0.7215895406900502
    },
    "yaw_rad": -1.529400753203714,
    "linear_vel": {
      "x": 0.16899043398734395,
      "y": -8.902197709827436e-06
    },
    "angular_vel_z": 0.02738568464557193
  }
}