{
  "frame_idx": 3,
  "ros_stamp": 2085.9,
  "wall_time": 1776686079.6260283,
  "prompt": "small shelf area",
  "goal_id": "small_shelf_row",
  "goal_pose": {
    "frame_id": "map",
    "x": 1.937,
    "y": -7.778,
    "yaw_rad": 1.624
  },
  "odom": {
    "position": {
      "x": -0.2457496060808686,
      "y": 6.485293561012456,
      "z": 0.0
    },
    "orientation_quat": {
      "x": -0.0014530541436814234,
      "y": -0.0016879887726182262,
      "z": -0.6526836238950372,
      "w": 0.7576273004761646
    },
    "yaw_rad": -1.4222466441216286,
    "linear_vel": {
      "x": 0.17587952296119658,
      "y": 4.021137718512681e-06
    },
    "angular_vel_z": 0.018909592562646255
  }
}