{
  "frame_idx": 4,
  "ros_stamp": 2087.9,
  "wall_time": 1776686081.7656279,
  "prompt": "small shelf area",
  "goal_id": "small_shelf_row",
  "goal_pose": {
    "frame_id": "map",
    "x": 1.937,
    "y": -7.778,
    "yaw_rad": 1.624
  },
  "odom": {
    "position": {
      "x": -0.1978316596502113,
      "y": 6.197857409138213,
      "z": 0.0
    },
    "orientation_quat": {
      "x": 0.0013882608929252367,
      "y": 0.00168065753463989,
      "z": -0.6398366043525199,
      "w": 0.768507884053626
    },
    "yaw_rad": -1.3885752601683234,
    "linear_vel": {
      "x": 0.13707067632450695,
      "y": -0.0009909219093440266
    },
    "angular_vel_z": 0.03432168124487803
  }
}