{
  "frame_idx": 5,
  "ros_stamp": 2089.9,
  "wall_time": 1776686084.001774,
  "prompt": "small shelf area",
  "goal_id": "small_shelf_row",
  "goal_pose": {
    "frame_id": "map",
    "x": 1.937,
    "y": -7.778,
    "yaw_rad": 1.624
  },
  "odom": {
    "position": {
      "x": -0.14677515884069164,
      "y": 5.88276300212437,
      "z": 0.0
    },
    "orientation_quat": {
      "x": 0.00019341132755869297,
      "y": 0.00022060732003383537,
      "z": -0.6592593502979902,
      "w": 0.7519155690429216
    },
    "yaw_rad": -1.4396667113893173,
    "linear_vel": {
      "x": 0.13933838185631092,
      "y": 5.168065282092695e-06
    },
    "angular_vel_z": -0.028379802754490847
  }
}