{
  "frame_idx": 6,
  "ros_stamp": 2091.9,
  "wall_time": 1776686086.1103852,
  "prompt": "small shelf area",
  "goal_id": "small_shelf_row",
  "goal_pose": {
    "frame_id": "map",
    "x": 1.937,
    "y": -7.778,
    "yaw_rad": 1.624
  },
  "odom": {
    "position": {
      "x": -0.10583383993815593,
      "y": 5.582681843847687,
      "z": 0.0
    },
    "orientation_quat": {
      "x": -0.0014451483350826303,
      "y": -0.001689770468911585,
      "z": -0.6499555884425533,
      "w": 0.7599689396773701
    },
    "yaw_rad": -1.4150562218854434,
    "linear_vel": {
      "x": 0.14982543511861374,
      "y": 9.38424613607645e-06
    },
    "angular_vel_z": 0.04974632612279613
  }
}