{
  "frame_idx": 7,
  "ros_stamp": 2093.9,
  "wall_time": 1776686088.2901022,
  "prompt": "small shelf area",
  "goal_id": "small_shelf_row",
  "goal_pose": {
    "frame_id": "map",
    "x": 1.937,
    "y": -7.778,
    "yaw_rad": 1.624
  },
  "odom": {
    "position": {
      "x": -0.05074284454948624,
      "y": 5.300569250867679,
      "z": 0.0
    },
    "orientation_quat": {
      "x": -0.00044026073219820906,
      "y": -0.0005544417216904637,
      "z": -0.621879856632367,
      "w": 0.7831123435879245
    },
    "yaw_rad": -1.3422822282188873,
    "linear_vel": {
      "x": 0.14504142782522988,
      "y": -1.2816604012768804e-06
    },
    "angular_vel_z": 0.02375581500704419
  }
}