{
  "frame_idx": 8,
  "ros_stamp": 2095.9,
  "wall_time": 1776686090.4257512,
  "prompt": "small shelf area",
  "goal_id": "small_shelf_row",
  "goal_pose": {
    "frame_id": "map",
    "x": 1.937,
    "y": -7.778,
    "yaw_rad": 1.624
  },
  "odom": {
    "position": {
      "x": 0.026029739856453873,
      "y": 4.998739690687225,
      "z": 0.0
    },
    "orientation_quat": {
      "x": -0.0009890522023794836,
      "y": -0.0012617040945402734,
      "z": -0.6169580228494392,
      "w": 0.7869944268673251
    },
    "yaw_rad": -1.3297450505901587,
    "linear_vel": {
      "x": 0.15213423471197168,
      "y": -1.801768347852741e-06
    },
    "angular_vel_z": -0.031071182183333813
  }
}