{
  "frame_idx": 9,
  "ros_stamp": 2097.9,
  "wall_time": 1776686092.5916297,
  "prompt": "small shelf area",
  "goal_id": "small_shelf_row",
  "goal_pose": {
    "frame_id": "map",
    "x": 1.937,
    "y": -7.778,
    "yaw_rad": 1.624
  },
  "odom": {
    "position": {
      "x": 0.09040857265791925,
      "y": 4.652140128754558,
      "z": 0.0
    },
    "orientation_quat": {
      "x": -0.0004948170430470064,
      "y": -0.0005526784898229521,
      "z": -0.6670431166264407,
      "w": 0.7450187449077141
    },
    "yaw_rad": -1.460466154716589,
    "linear_vel": {
      "x": 0.15651109570989688,
      "y": 3.401818848043574e-06
    },
    "angular_vel_z": -0.07126353064660888
  }
}