{
  "frame_idx": 10,
  "ros_stamp": 2099.9,
  "wall_time": 1776686094.773181,
  "prompt": "small shelf area",
  "goal_id": "small_shelf_row",
  "goal_pose": {
    "frame_id": "map",
    "x": 1.937,
    "y": -7.778,
    "yaw_rad": 1.624
  },
  "odom": {
    "position": {
      "x": 0.1149414452410098,
      "y": 4.311420670496981,
      "z": 0.0
    },
    "orientation_quat": {
      "x": 0.0011297546580895114,
      "y": 0.0011878401283338415,
      "z": -0.6891639722762603,
      "w": 0.7246035688613796
    },
    "yaw_rad": -1.520671854128013,
    "linear_vel": {
      "x": 0.16669358861650918,
      "y": 1.030529322369768e-05
    },
    "angular_vel_z": -0.023858450487858743
  }
}