{
  "frame_idx": 11,
  "ros_stamp": 2101.9,
  "wall_time": 1776686096.8892581,
  "prompt": "small shelf area",
  "goal_id": "small_shelf_row",
  "goal_pose": {
    "frame_id": "map",
    "x": 1.937,
    "y": -7.778,
    "yaw_rad": 1.624
  },
  "odom": {
    "position": {
      "x": 0.12398753138908637,
      "y": 3.9889174588051493,
      "z": 0.0
    },
    "orientation_quat": {
      "x": -0.001562350084741903,
      "y": -0.001581623954623643,
      "z": -0.7027587867746162,
      "w": 0.7114247290746564
    },
    "yaw_rad": -1.5585407267028604,
    "linear_vel": {
      "x": 0.16384914473677062,
      "y": 1.5932502773711406e-05
    },
    "angular_vel_z": 0.028070558511980443
  }
}