{
  "frame_idx": 12,
  "ros_stamp": 2103.9,
  "wall_time": 1776686099.0542006,
  "prompt": "small shelf area",
  "goal_id": "small_shelf_row",
  "goal_pose": {
    "frame_id": "map",
    "x": 1.937,
    "y": -7.778,
    "yaw_rad": 1.624
  },
  "odom": {
    "position": {
      "x": 0.13074519472365265,
      "y": 3.6233898789786405,
      "z": 0.0
    },
    "orientation_quat": {
      "x": -0.000980159390865365,
      "y": -0.00104508526617903,
      "z": -0.6868934017379402,
      "w": 0.7267567693067851
    },
    "yaw_rad": -1.5144135015631817,
    "linear_vel": {
      "x": 0.2038328730254581,
      "y": 2.881356190923905e-06
    },
    "angular_vel_z": 0.05021804283553962
  }
}