{
  "frame_idx": 13,
  "ros_stamp": 2105.9,
  "wall_time": 1776686101.197722,
  "prompt": "small shelf area",
  "goal_id": "small_shelf_row",
  "goal_pose": {
    "frame_id": "map",
    "x": 1.937,
    "y": -7.778,
    "yaw_rad": 1.624
  },
  "odom": {
    "position": {
      "x": 0.1530101532953774,
      "y": 3.2978643874508125,
      "z": 0.0
    },
    "orientation_quat": {
      "x": -0.0002641484956039155,
      "y": -0.0002812935445015812,
      "z": -0.6845517657716648,
      "w": 0.7289641493780128
    },
    "yaw_rad": -1.5079773983500573,
    "linear_vel": {
      "x": 0.15429289112722658,
      "y": -2.472155970506082e-07
    },
    "angular_vel_z": 0.0010844854701448584
  }
}