{
  "frame_idx": 14,
  "ros_stamp": 2107.9,
  "wall_time": 1776686103.3205533,
  "prompt": "small shelf area",
  "goal_id": "small_shelf_row",
  "goal_pose": {
    "frame_id": "map",
    "x": 1.937,
    "y": -7.778,
    "yaw_rad": 1.624
  },
  "odom": {
    "position": {
      "x": 0.16718701137168965,
      "y": 2.942358175033054,
      "z": 0.0
    },
    "orientation_quat": {
      "x": 0.0014096762398893498,
      "y": 0.0014452744154166536,
      "z": -0.6982339324790898,
      "w": 0.7158668168937212
    },
    "yaw_rad": -1.545858965532335,
    "linear_vel": {
      "x": 0.1662350887387603,
      "y": 1.4488926959806201e-05
    },
    "angular_vel_z": -0.030297709046841474
  }
}