{
  "frame_idx": 15,
  "ros_stamp": 2109.9,
  "wall_time": 1776686105.5161428,
  "prompt": "small shelf area",
  "goal_id": "small_shelf_row",
  "goal_pose": {
    "frame_id": "map",
    "x": 1.937,
    "y": -7.778,
    "yaw_rad": 1.624
  },
  "odom": {
    "position": {
      "x": 0.17281147099428046,
      "y": 2.615564745942087,
      "z": 0.0
    },
    "orientation_quat": {
      "x": 0.0014584097871331867,
      "y": 0.0014775423054977656,
      "z": -0.7024846378167215,
      "w": 0.7116958785472471
    },
    "yaw_rad": -1.5577695450731082,
    "linear_vel": {
      "x": 0.14199925787346976,
      "y": 1.5221637238243378e-06
    },
    "angular_vel_z": -0.0032740135226579986
  }
}