{
  "frame_idx": 16,
  "ros_stamp": 2111.9,
  "wall_time": 1776686107.6326864,
  "prompt": "small shelf area",
  "goal_id": "small_shelf_row",
  "goal_pose": {
    "frame_id": "map",
    "x": 1.937,
    "y": -7.778,
    "yaw_rad": 1.624
  },
  "odom": {
    "position": {
      "x": 0.17670756132431892,
      "y": 2.276274626737661,
      "z": 0.0
    },
    "orientation_quat": {
      "x": -0.0008538551179024773,
      "y": -0.0008739441339583691,
      "z": -0.6988463905891276,
      "w": 0.7152707386113575
    },
    "yaw_rad": -1.5475682515817466,
    "linear_vel": {
      "x": 0.1671572599912364,
      "y": 1.7076778747870856e-06
    },
    "angular_vel_z": 0.05395821490095497
  }
}