{
  "frame_idx": 17,
  "ros_stamp": 2113.9,
  "wall_time": 1776686109.790158,
  "prompt": "small shelf area",
  "goal_id": "small_shelf_row",
  "goal_pose": {
    "frame_id": "map",
    "x": 1.937,
    "y": -7.778,
    "yaw_rad": 1.624
  },
  "odom": {
    "position": {
      "x": 0.19677742329060827,
      "y": 1.933084714515171,
      "z": 0.0
    },
    "orientation_quat": {
      "x": -5.636236927402506e-05,
      "y": -6.0482942914585734e-05,
      "z": -0.6817722959666783,
      "w": 0.7315644398256527
    },
    "yaw_rad": -1.5003650448546397,
    "linear_vel": {
      "x": 0.17752239255508023,
      "y": 2.7062051119518686e-06
    },
    "angular_vel_z": -0.0155328479997588
  }
}