{
  "frame_idx": 18,
  "ros_stamp": 2115.9,
  "wall_time": 1776686111.9519327,
  "prompt": "small shelf area",
  "goal_id": "small_shelf_row",
  "goal_pose": {
    "frame_id": "map",
    "x": 1.937,
    "y": -7.778,
    "yaw_rad": 1.624
  },
  "odom": {
    "position": {
      "x": 0.21922394979772616,
      "y": 1.5993523659928561,
      "z": 0.0
    },
    "orientation_quat": {
      "x": 0.0005201055323694873,
      "y": 0.0005437241223819425,
      "z": -0.6887086028381669,
      "w": 0.7250378571019681
    },
    "yaw_rad": -1.5194133318089273,
    "linear_vel": {
      "x": 0.1652530366940314,
      "y": 6.1876050687476015e-06
    },
    "angular_vel_z": -0.018293565807320757
  }
}