{
  "frame_idx": 19,
  "ros_stamp": 2117.9,
  "wall_time": 1776686114.0466092,
  "prompt": "small shelf area",
  "goal_id": "small_shelf_row",
  "goal_pose": {
    "frame_id": "map",
    "x": 1.937,
    "y": -7.778,
    "yaw_rad": 1.624
  },
  "odom": {
    "position": {
      "x": 0.2320401334200756,
      "y": 1.241949383347318,
      "z": 0.0
    },
    "orientation_quat": {
      "x": -3.4137704582880296e-09,
      "y": -8.463141317038112e-06,
      "z": -0.6874594481977342,
      "w": 0.7262227667954524
    },
    "yaw_rad": -1.5159698493537137,
    "linear_vel": {
      "x": 0.17996654554078695,
      "y": -4.702849947164052e-06
    },
    "angular_vel_z": 0.03896172732075402
  }
}