{
  "frame_idx": 20,
  "ros_stamp": 2119.9,
  "wall_time": 1776686116.2582703,
  "prompt": "small shelf area",
  "goal_id": "small_shelf_row",
  "goal_pose": {
    "frame_id": "map",
    "x": 1.937,
    "y": -7.778,
    "yaw_rad": 1.624
  },
  "odom": {
    "position": {
      "x": 0.25360560853399183,
      "y": 0.9183185941135846,
      "z": 0.0
    },
    "orientation_quat": {
      "x": 0.00015980697257666305,
      "y": 0.0001715165225381863,
      "z": -0.6816765533894091,
      "w": 0.731653621328392
    },
    "yaw_rad": -1.5001033581576175,
    "linear_vel": {
      "x": 0.16892879210151396,
      "y": 2.8297027511770237e-06
    },
    "angular_vel_z": -0.012757046055441135
  }
}