{
  "frame_idx": 21,
  "ros_stamp": 2121.9,
  "wall_time": 1776686118.3468437,
  "prompt": "small shelf area",
  "goal_id": "small_shelf_row",
  "goal_pose": {
    "frame_id": "map",
    "x": 1.937,
    "y": -7.778,
    "yaw_rad": 1.624
  },
  "odom": {
    "position": {
      "x": 0.27262947962232453,
      "y": 0.5871369442270316,
      "z": 0.0
    },
    "orientation_quat": {
      "x": -0.0006051058027730042,
      "y": -0.0006286016505805032,
      "z": -0.6935192416020446,
      "w": 0.7204375755293843
    },
    "yaw_rad": -1.53272574034272,
    "linear_vel": {
      "x": 0.16722838007476956,
      "y": 8.5042404119436e-07
    },
    "angular_vel_z": -0.022716611533011737
  }
}