{
  "frame_idx": 22,
  "ros_stamp": 2123.9,
  "wall_time": 1776686120.4926794,
  "prompt": "small shelf area",
  "goal_id": "small_shelf_row",
  "goal_pose": {
    "frame_id": "map",
    "x": 1.937,
    "y": -7.778,
    "yaw_rad": 1.624
  },
  "odom": {
    "position": {
      "x": 0.28629684425518526,
      "y": 0.2441934243874906,
      "z": 0.0
    },
    "orientation_quat": {
      "x": 0.0013296839843993803,
      "y": 0.001421017326874828,
      "z": -0.6832465556062846,
      "w": 0.7301851524801135
    },
    "yaw_rad": -1.5044028068724962,
    "linear_vel": {
      "x": 0.17847663604251285,
      "y": -2.0055723837852074e-05
    },
    "angular_vel_z": 0.041268171823991895
  }
}