{
  "frame_idx": 23,
  "ros_stamp": 2125.9,
  "wall_time": 1776686122.6521223,
  "prompt": "small shelf area",
  "goal_id": "small_shelf_row",
  "goal_pose": {
    "frame_id": "map",
    "x": 1.937,
    "y": -7.778,
    "yaw_rad": 1.624
  },
  "odom": {
    "position": {
      "x": 0.3135981160924329,
      "y": -0.10540574704707927,
      "z": 0.0
    },
    "orientation_quat": {
      "x": 0.0001460059003841996,
      "y": 0.00015773639233614982,
      "z": -0.6792708634035737,
      "w": 0.733887626229296
    },
    "yaw_rad": -1.4935373449280498,
    "linear_vel": {
      "x": 0.1740695082776309,
      "y": -1.4258168759745244e-06
    },
    "angular_vel_z": 0.006021621339602536
  }
}