{
  "frame_idx": 24,
  "ros_stamp": 2127.9,
  "wall_time": 1776686124.7567353,
  "prompt": "small shelf area",
  "goal_id": "small_shelf_row",
  "goal_pose": {
    "frame_id": "map",
    "x": 1.937,
    "y": -7.778,
    "yaw_rad": 1.624
  },
  "odom": {
    "position": {
      "x": 0.33380928304002877,
      "y": -0.4416912210836017,
      "z": 0.0
    },
    "orientation_quat": {
      "x": 0.0013436847926562294,
      "y": 0.0013962377709882015,
      "z": -0.6934147447836897,
      "w": 0.7205360759516731
    },
    "yaw_rad": -1.5324385489309673,
    "linear_vel": {
      "x": 0.1815461780842645,
      "y": 6.341349792535749e-06
    },
    "angular_vel_z": -0.012932476309674456
  }
}