{
  "frame_idx": 25,
  "ros_stamp": 2129.9,
  "wall_time": 1776686126.9457557,
  "prompt": "small shelf area",
  "goal_id": "small_shelf_row",
  "goal_pose": {
    "frame_id": "map",
    "x": 1.937,
    "y": -7.778,
    "yaw_rad": 1.624
  },
  "odom": {
    "position": {
      "x": 0.356499306174447,
      "y": -0.788149803006061,
      "z": 0.0
    },
    "orientation_quat": {
      "x": -0.0009141084325396619,
      "y": -0.0009883992227442931,
      "z": -0.678978053829313,
      "w": 0.7341573331997091
    },
    "yaw_rad": -1.4927411573549423,
    "linear_vel": {
      "x": 0.16544413458030743,
      "y": -9.492475968425043e-07
    },
    "angular_vel_z": -0.016328159840924256
  }
}