{
  "frame_idx": 26,
  "ros_stamp": 2131.9,
  "wall_time": 1776686129.0403247,
  "prompt": "small shelf area",
  "goal_id": "small_shelf_row",
  "goal_pose": {
    "frame_id": "map",
    "x": 1.937,
    "y": -7.778,
    "yaw_rad": 1.624
  },
  "odom": {
    "position": {
      "x": 0.3778841159112143,
      "y": -1.121087627423727,
      "z": 0.0
    },
    "orientation_quat": {
      "x": -0.0015393216125233226,
      "y": -0.001615616695698544,
      "z": -0.6898073959024874,
      "w": 0.7239894866846444
    },
    "yaw_rad": -1.5224507219952035,
    "linear_vel": {
      "x": 0.17390097648800523,
      "y": -3.970686772964376e-06
    },
    "angular_vel_z": -0.022138298832905197
  }
}