{
  "frame_idx": 27,
  "ros_stamp": 2133.9,
  "wall_time": 1776686131.180765,
  "prompt": "small shelf area",
  "goal_id": "small_shelf_row",
  "goal_pose": {
    "frame_id": "map",
    "x": 1.937,
    "y": -7.778,
    "yaw_rad": 1.624
  },
  "odom": {
    "position": {
      "x": 0.4000475778984927,
      "y": -1.4657294601768867,
      "z": 0.0
    },
    "orientation_quat": {
      "x": -0.000450603949758856,
      "y": -0.0004931889478587931,
      "z": -0.6745733318595677,
      "w": 0.7382075410510406
    },
    "yaw_rad": -1.480773550127139,
    "linear_vel": {
      "x": 0.17982696729532502,
      "y": -1.1604595756435008e-06
    },
    "angular_vel_z": 0.01352038278120265
  }
}