{
  "frame_idx": 28,
  "ros_stamp": 2135.9,
  "wall_time": 1776686133.3537104,
  "prompt": "small shelf area",
  "goal_id": "small_shelf_row",
  "goal_pose": {
    "frame_id": "map",
    "x": 1.937,
    "y": -7.778,
    "yaw_rad": 1.624
  },
  "odom": {
    "position": {
      "x": 0.4262537479903156,
      "y": -1.7878253692470343,
      "z": 0.0
    },
    "orientation_quat": {
      "x": 0.0004971618839268709,
      "y": 0.0005353376837669987,
      "z": -0.6804930232595157,
      "w": 0.7327541958520264
    },
    "yaw_rad": -1.4968710158884346,
    "linear_vel": {
      "x": 0.15540654316943253,
      "y": -1.3868180512445794e-06
    },
    "angular_vel_z": 0.004445950113073191
  }
}