{
  "frame_idx": 29,
  "ros_stamp": 2137.9,
  "wall_time": 1776686135.4477522,
  "prompt": "small shelf area",
  "goal_id": "small_shelf_row",
  "goal_pose": {
    "frame_id": "map",
    "x": 1.937,
    "y": -7.778,
    "yaw_rad": 1.624
  },
  "odom": {
    "position": {
      "x": 0.4562104603068191,
      "y": -2.1325279580460244,
      "z": 0.0
    },
    "orientation_quat": {
      "x": -0.001028853104211661,
      "y": -0.0011462228884807051,
      "z": -0.6679780951610823,
      "w": 0.7441793413011085
    },
    "yaw_rad": -1.4629791488979584,
    "linear_vel": {
      "x": 0.17782444408438222,
      "y": -3.322696669424318e-07
    },
    "angular_vel_z": -0.009298087123767021
  }
}