{
  "frame_idx": 30,
  "ros_stamp": 2139.9,
  "wall_time": 1776686137.6397407,
  "prompt": "small shelf area",
  "goal_id": "small_shelf_row",
  "goal_pose": {
    "frame_id": "map",
    "x": 1.937,
    "y": -7.778,
    "yaw_rad": 1.624
  },
  "odom": {
    "position": {
      "x": 0.49237526773267687,
      "y": -2.4822860794357733,
      "z": 0.0
    },
    "orientation_quat": {
      "x": 0.0010583091543517396,
      "y": 0.001180722841234595,
      "z": -0.6674378372606005,
      "w": 0.7446638297031744
    },
    "yaw_rad": -1.4615277923252346,
    "linear_vel": {
      "x": 0.16911343189720768,
      "y": -1.2582885737606452e-05
    },
    "angular_vel_z": 0.032124543685673176
  }
}