{
  "frame_idx": 31,
  "ros_stamp": 2141.9,
  "wall_time": 1776686139.7569115,
  "prompt": "small shelf area",
  "goal_id": "small_shelf_row",
  "goal_pose": {
    "frame_id": "map",
    "x": 1.937,
    "y": -7.778,
    "yaw_rad": 1.624
  },
  "odom": {
    "position": {
      "x": 0.5321938055655216,
      "y": -2.8190412005421974,
      "z": 0.0
    },
    "orientation_quat": {
      "x": 0.0008843389200316953,
      "y": 0.000984326670375897,
      "z": -0.6683582328805393,
      "w": 0.7438383706064667
    },
    "yaw_rad": -1.4640004544371805,
    "linear_vel": {
      "x": 0.16835725130059748,
      "y": 7.120278939513929e-06
    },
    "angular_vel_z": -0.017955762119150474
  }
}