{
  "frame_idx": 32,
  "ros_stamp": 2143.9,
  "wall_time": 1776686141.8797405,
  "prompt": "small shelf area",
  "goal_id": "small_shelf_row",
  "goal_pose": {
    "frame_id": "map",
    "x": 1.937,
    "y": -7.778,
    "yaw_rad": 1.624
  },
  "odom": {
    "position": {
      "x": 0.570348192973958,
      "y": -3.1524240751707246,
      "z": 0.0
    },
    "orientation_quat": {
      "x": 0.001292298177435459,
      "y": 0.0014547234950945983,
      "z": -0.66413540760573,
      "w": 0.7476097739525243
    },
    "yaw_rad": -1.4526768664829546,
    "linear_vel": {
      "x": 0.16144618815178985,
      "y": 1.2467371865074027e-05
    },
    "angular_vel_z": -0.026416678093353657
  }
}