{
  "frame_idx": 33,
  "ros_stamp": 2145.9,
  "wall_time": 1776686144.064433,
  "prompt": "small shelf area",
  "goal_id": "small_shelf_row",
  "goal_pose": {
    "frame_id": "map",
    "x": 1.937,
    "y": -7.778,
    "yaw_rad": 1.624
  },
  "odom": {
    "position": {
      "x": 0.6099311153786129,
      "y": -3.498938274238383,
      "z": 0.0
    },
    "orientation_quat": {
      "x": 0.0002565680601583717,
      "y": 0.0002881616759148432,
      "z": -0.6649557303012054,
      "w": 0.7468826734335652
    },
    "yaw_rad": -1.4548692201609843,
    "linear_vel": {
      "x": 0.18031753713011595,
      "y": -6.024572447144004e-06
    },
    "angular_vel_z": 0.024013240665078706
  }
}