{
  "frame_idx": 34,
  "ros_stamp": 2147.9,
  "wall_time": 1776686146.1558158,
  "prompt": "small shelf area",
  "goal_id": "small_shelf_row",
  "goal_pose": {
    "frame_id": "map",
    "x": 1.937,
    "y": -7.778,
    "yaw_rad": 1.624
  },
  "odom": {
    "position": {
      "x": 0.6535422986062102,
      "y": -3.8410735210750016,
      "z": 0.0
    },
    "orientation_quat": {
      "x": 0.0006265383408799141,
      "y": 0.0007283548283287228,
      "z": -0.65200134643818,
      "w": 0.758217199219163
    },
    "yaw_rad": -1.4204427759187535,
    "linear_vel": {
      "x": 0.1717519935346946,
      "y": -1.3448629442894573e-05
    },
    "angular_vel_z": 0.03974720810350459
  }
}