{
  "frame_idx": 35,
  "ros_stamp": 2149.9,
  "wall_time": 1776686148.3192,
  "prompt": "small shelf area",
  "goal_id": "small_shelf_row",
  "goal_pose": {
    "frame_id": "map",
    "x": 1.937,
    "y": -7.778,
    "yaw_rad": 1.624
  },
  "odom": {
    "position": {
      "x": 0.7094513177473923,
      "y": -4.173465472558986,
      "z": 0.0
    },
    "orientation_quat": {
      "x": 0.0010052737631244687,
      "y": 0.0012039118355613846,
      "z": -0.6409356583313034,
      "w": 0.7675930053748354
    },
    "yaw_rad": -1.3914352435815451,
    "linear_vel": {
      "x": 0.16022234731557555,
      "y": -7.257983952074334e-06
    },
    "angular_vel_z": 0.016518953395585265
  }
}