{
  "frame_idx": 36,
  "ros_stamp": 2151.9,
  "wall_time": 1776686150.435544,
  "prompt": "small shelf area",
  "goal_id": "small_shelf_row",
  "goal_pose": {
    "frame_id": "map",
    "x": 1.937,
    "y": -7.778,
    "yaw_rad": 1.624
  },
  "odom": {
    "position": {
      "x": 0.7673226153476621,
      "y": -4.5080760801945425,
      "z": 0.0
    },
    "orientation_quat": {
      "x": -0.0007123424882507167,
      "y": -0.0008565865007654234,
      "z": -0.6394117608797564,
      "w": 0.7688636802947552
    },
    "yaw_rad": -1.3874669259251242,
    "linear_vel": {
      "x": 0.18720145223547435,
      "y": 6.693538228643347e-07
    },
    "angular_vel_z": -0.009346724175880174
  }
}