{
  "frame_idx": 37,
  "ros_stamp": 2153.9,
  "wall_time": 1776686152.5462704,
  "prompt": "small shelf area",
  "goal_id": "small_shelf_row",
  "goal_pose": {
    "frame_id": "map",
    "x": 1.937,
    "y": -7.778,
    "yaw_rad": 1.624
  },
  "odom": {
    "position": {
      "x": 0.8350870387897513,
      "y": -4.861706301805409,
      "z": 0.0
    },
    "orientation_quat": {
      "x": -0.00014416803951451516,
      "y": -0.00017659280354822876,
      "z": -0.6324204208095493,
      "w": 0.7746253025648148
    },
    "yaw_rad": -1.3693477933223104,
    "linear_vel": {
      "x": 0.16967597099163154,
      "y": 5.6639940679353515e-06
    },
    "angular_vel_z": -0.04149064260047318
  }
}