{
  "frame_idx": 38,
  "ros_stamp": 2155.9,
  "wall_time": 1776686154.72343,
  "prompt": "small shelf area",
  "goal_id": "small_shelf_row",
  "goal_pose": {
    "frame_id": "map",
    "x": 1.937,
    "y": -7.778,
    "yaw_rad": 1.624
  },
  "odom": {
    "position": {
      "x": 0.9042969285118335,
      "y": -5.196414744728952,
      "z": 0.0
    },
    "orientation_quat": {
      "x": 0.0013467897139408961,
      "y": 0.001679223442558268,
      "z": -0.6253913757699336,
      "w": 0.7803082682367822
    },
    "yaw_rad": -1.3512697022446922,
    "linear_vel": {
      "x": 0.15853304349506825,
      "y": -5.602443947881812e-05
    },
    "angular_vel_z": 0.0248961800098289
  }
}