{
  "frame_idx": 39,
  "ros_stamp": 2157.9,
  "wall_time": 1776686156.817768,
  "prompt": "small shelf area",
  "goal_id": "small_shelf_row",
  "goal_pose": {
    "frame_id": "map",
    "x": 1.937,
    "y": -7.778,
    "yaw_rad": 1.624
  },
  "odom": {
    "position": {
      "x": 0.9786894308026076,
      "y": -5.507279397896856,
      "z": 0.0
    },
    "orientation_quat": {
      "x": 0.00137308034349389,
      "y": 0.001749070119093352,
      "z": -0.6174839795386349,
      "w": 0.7865803140285292
    },
    "yaw_rad": -1.3310838859680347,
    "linear_vel": {
      "x": 0.16420500365092833,
      "y": -8.312278463589872e-06
    },
    "angular_vel_z": 0.01514665708650792
  }
}