{
  "frame_idx": 40,
  "ros_stamp": 2159.9,
  "wall_time": 1776686158.9877524,
  "prompt": "small shelf area",
  "goal_id": "small_shelf_row",
  "goal_pose": {
    "frame_id": "map",
    "x": 1.937,
    "y": -7.778,
    "yaw_rad": 1.624
  },
  "odom": {
    "position": {
      "x": 1.0707427515806354,
      "y": -5.85878553372217,
      "z": 0.0
    },
    "orientation_quat": {
      "x": 0.000527891250601017,
      "y": 0.0006939822822383408,
      "z": -0.6054061611447549,
      "w": 0.7959162140372507
    },
    "yaw_rad": -1.3005527273669062,
    "linear_vel": {
      "x": 0.15183794417822677,
      "y": -4.150686692724323e-06
    },
    "angular_vel_z": 0.01255446649894824
  }
}