{
  "frame_idx": 41,
  "ros_stamp": 2161.9,
  "wall_time": 1776686161.116375,
  "prompt": "small shelf area",
  "goal_id": "small_shelf_row",
  "goal_pose": {
    "frame_id": "map",
    "x": 1.937,
    "y": -7.778,
    "yaw_rad": 1.624
  },
  "odom": {
    "position": {
      "x": 1.1668789190427864,
      "y": -6.179903477502409,
      "z": 0.0
    },
    "orientation_quat": {
      "x": 0.00044698428730506054,
      "y": 0.0006185590052367318,
      "z": -0.5859874634483379,
      "w": 0.8103197580407298
    },
    "yaw_rad": -1.252196682909041,
    "linear_vel": {
      "x": 0.17665677008757513,
      "y": -7.270072112047321e-06
    },
    "angular_vel_z": 0.02138789287924519
  }
}