{
  "frame_idx": 42,
  "ros_stamp": 2163.9,
  "wall_time": 1776686163.2199497,
  "prompt": "small shelf area",
  "goal_id": "small_shelf_row",
  "goal_pose": {
    "frame_id": "map",
    "x": 1.937,
    "y": -7.778,
    "yaw_rad": 1.624
  },
  "odom": {
    "position": {
      "x": 1.2807139347954597,
      "y": -6.505247207072683,
      "z": 0.0
    },
    "orientation_quat": {
      "x": 0.00051923313200919,
      "y": 0.0007422480910923305,
      "z": -0.5731865309269815,
      "w": 0.8194244200831572
    },
    "yaw_rad": -1.2207792355982088,
    "linear_vel": {
      "x": 0.172371838009704,
      "y": -3.8092645563816475e-06
    },
    "angular_vel_z": 0.010424219934596463
  }
}