{
  "frame_idx": 43,
  "ros_stamp": 2165.9,
  "wall_time": 1776686165.4131057,
  "prompt": "small shelf area",
  "goal_id": "small_shelf_row",
  "goal_pose": {
    "frame_id": "map",
    "x": 1.937,
    "y": -7.778,
    "yaw_rad": 1.624
  },
  "odom": {
    "position": {
      "x": 1.430359376232763,
      "y": -6.882270464039692,
      "z": 0.0
    },
    "orientation_quat": {
      "x": -0.00122809200063929,
      "y": -0.0018534412590798354,
      "z": -0.5523564329902322,
      "w": 0.8336050788471987
    },
    "yaw_rad": -1.1703800495242151,
    "linear_vel": {
      "x": 0.21613193099585476,
      "y": 1.9348455893508035e-06
    },
    "angular_vel_z": 0.019518176943421953
  }
}