{
  "frame_idx": 44,
  "ros_stamp": 2167.9,
  "wall_time": 1776686167.498231,
  "prompt": "small shelf area",
  "goal_id": "small_shelf_row",
  "goal_pose": {
    "frame_id": "map",
    "x": 1.937,
    "y": -7.778,
    "yaw_rad": 1.624
  },
  "odom": {
    "position": {
      "x": 1.5875664571104424,
      "y": -7.224791915291336,
      "z": 0.0
    },
    "orientation_quat": {
      "x": -0.0007648771784891522,
      "y": -0.0012274094371334183,
      "z": -0.528895597563604,
      "w": 0.8486856634271688
    },
    "yaw_rad": -1.114598762760902,
    "linear_vel": {
      "x": 0.17478037167608423,
      "y": 7.598700584227937e-07
    },
    "angular_vel_z": 0.02305061666785143
  }
}