{
  "frame_idx": 45,
  "ros_stamp": 2169.9,
  "wall_time": 1776686169.6491911,
  "prompt": "small shelf area",
  "goal_id": "small_shelf_row",
  "goal_pose": {
    "frame_id": "map",
    "x": 1.937,
    "y": -7.778,
    "yaw_rad": 1.624
  },
  "odom": {
    "position": {
      "x": 1.7487109091827864,
      "y": -7.510184723641456,
      "z": 0.0
    },
    "orientation_quat": {
      "x": 0.0010031776985106992,
      "y": 0.001986418663184918,
      "z": -0.45094976987438334,
      "w": 0.8925465549906293
    },
    "yaw_rad": -0.9356608287401132,
    "linear_vel": {
      "x": 0.14500800526341082,
      "y": -0.00020835333929233226
    },
    "angular_vel_z": 0.1447262768482273
  }
}