{
  "frame_idx": 46,
  "ros_stamp": 2171.9,
  "wall_time": 1776686171.7840042,
  "prompt": "small shelf area",
  "goal_id": "small_shelf_row",
  "goal_pose": {
    "frame_id": "map",
    "x": 1.937,
    "y": -7.778,
    "yaw_rad": 1.624
  },
  "odom": {
    "position": {
      "x": 1.8978166812843467,
      "y": -7.664780164811681,
      "z": 0.0
    },
    "orientation_quat": {
      "x": 0.0006899794028206181,
      "y": 0.002113208897738662,
      "z": -0.3103683585386776,
      "w": 0.9506137703055774
    },
    "yaw_rad": -0.6311626180247227,
    "linear_vel": {
      "x": 0.07837737031990374,
      "y": -7.609390948743052e-05
    },
    "angular_vel_z": 0.17836817537885313
  }
}