{
  "frame_idx": 47,
  "ros_stamp": 2173.9,
  "wall_time": 1776686173.8909009,
  "prompt": "small shelf area",
  "goal_id": "small_shelf_row",
  "goal_pose": {
    "frame_id": "map",
    "x": 1.937,
    "y": -7.778,
    "yaw_rad": 1.624
  },
  "odom": {
    "position": {
      "x": 1.9842147503572372,
      "y": -7.710872036996011,
      "z": 0.0
    },
    "orientation_quat": {
      "x": 0.000309860022423285,
      "y": 0.002201144497718513,
      "z": -0.13937191434948382,
      "w": 0.9902376121114703
    },
    "yaw_rad": -0.2796549156503506,
    "linear_vel": {
      "x": 0.01775842709485537,
      "y": -6.087862931087346e-05
    },
    "angular_vel_z": 0.16532198033219456
  }
}