{
  "frame_idx": 48,
  "ros_stamp": 2175.9,
  "wall_time": 1776686176.0751028,
  "prompt": "small shelf area",
  "goal_id": "small_shelf_row",
  "goal_pose": {
    "frame_id": "map",
    "x": 1.937,
    "y": -7.778,
    "yaw_rad": 1.624
  },
  "odom": {
    "position": {
      "x": 1.9979879484763001,
      "y": -7.71347037521379,
      "z": 0.0
    },
    "orientation_quat": {
      "x": -8.226426418923825e-05,
      "y": 0.0022210199590971093,
      "z": 0.037007009586791116,
      "w": 0.9993125344677587
    },
    "yaw_rad": 0.0740311063901779,
    "linear_vel": {
      "x": -0.0006946560170897354,
      "y": -5.6031435151472574e-05
    },
    "angular_vel_z": 0.16125665375607073
  }
}