{
  "frame_idx": 49,
  "ros_stamp": 2177.9,
  "wall_time": 1776686178.1576948,
  "prompt": "small shelf area",
  "goal_id": "small_shelf_row",
  "goal_pose": {
    "frame_id": "map",
    "x": 1.937,
    "y": -7.778,
    "yaw_rad": 1.624
  },
  "odom": {
    "position": {
      "x": 1.998416687044534,
      "y": -7.713503333917697,
      "z": 0.0
    },
    "orientation_quat": {
      "x": -0.0004112208054611499,
      "y": 0.002184255179992206,
      "z": 0.18503990345782542,
      "w": 0.9827284945777631
    },
    "yaw_rad": 0.3722258640962595,
    "linear_vel": {
      "x": 0.00010054512196837745,
      "y": -5.149378599205315e-05
    },
    "angular_vel_z": 0.14662756324943937
  }
}