{
  "frame_idx": 50,
  "ros_stamp": 2179.9,
  "wall_time": 1776686180.305464,
  "prompt": "small shelf area",
  "goal_id": "small_shelf_row",
  "goal_pose": {
    "frame_id": "map",
    "x": 1.937,
    "y": -7.778,
    "yaw_rad": 1.624
  },
  "odom": {
    "position": {
      "x": 1.9984675881128333,
      "y": -7.713591743103372,
      "z": 0.0
    },
    "orientation_quat": {
      "x": -0.0007193080586222962,
      "y": 0.002102985021139524,
      "z": 0.32365311820796916,
      "w": 0.94617319721295
    },
    "yaw_rad": 0.6591774506145619,
    "linear_vel": {
      "x": -1.4304022957880435e-07,
      "y": -4.6013165862277724e-05
    },
    "angular_vel_z": 0.13216406304183045
  }
}