{
  "frame_idx": 51,
  "ros_stamp": 2181.9,
  "wall_time": 1776686182.4524512,
  "prompt": "small shelf area",
  "goal_id": "small_shelf_row",
  "goal_pose": {
    "frame_id": "map",
    "x": 1.937,
    "y": -7.778,
    "yaw_rad": 1.624
  },
  "odom": {
    "position": {
      "x": 1.9985411280656133,
      "y": -7.713653666324808,
      "z": 0.0
    },
    "orientation_quat": {
      "x": -0.0009639002966547829,
      "y": 0.002002698403979708,
      "z": 0.433697669377089,
      "w": 0.901055709527553
    },
    "yaw_rad": 0.8971872557514753,
    "linear_vel": {
      "x": 1.0408745942785231e-07,
      "y": -4.2323625676590224e-05
    },
    "angular_vel_z": 0.12164089051587032
  }
}