{
  "frame_idx": 52,
  "ros_stamp": 2183.9,
  "wall_time": 1776686184.5412898,
  "prompt": "small shelf area",
  "goal_id": "small_shelf_row",
  "goal_pose": {
    "frame_id": "map",
    "x": 1.937,
    "y": -7.778,
    "yaw_rad": 1.624
  },
  "odom": {
    "position": {
      "x": 1.9986068663487095,
      "y": -7.713695637624372,
      "z": 0.0
    },
    "orientation_quat": {
      "x": -0.0011691951000146923,
      "y": 0.0018902002407640858,
      "z": 0.5260615591742797,
      "w": 0.8504435878322523
    },
    "yaw_rad": 1.1079287945193654,
    "linear_vel": {
      "x": 2.809045066102272e-07,
      "y": -3.531876460952832e-05
    },
    "angular_vel_z": 0.10022033134646802
  }
}