{
  "frame_idx": 53,
  "ros_stamp": 2185.9,
  "wall_time": 1776686186.742592,
  "prompt": "small shelf area",
  "goal_id": "small_shelf_row",
  "goal_pose": {
    "frame_id": "map",
    "x": 1.937,
    "y": -7.778,
    "yaw_rad": 1.624
  },
  "odom": {
    "position": {
      "x": 1.99866560594302,
      "y": -7.713717619731289,
      "z": 0.0
    },
    "orientation_quat": {
      "x": -0.0013274283469296533,
      "y": 0.0017826359401295015,
      "z": 0.59725179905366,
      "w": 0.8020507145251198
    },
    "yaw_rad": 1.2801442083425518,
    "linear_vel": {
      "x": 1.8455955912298598e-07,
      "y": -2.521326583533946e-05
    },
    "angular_vel_z": 0.07092309437367095
  }
}