{
  "frame_idx": 0,
  "ros_stamp": 2739.9,
  "wall_time": 1776686782.6207752,
  "prompt": "in small shelf row",
  "goal_id": "inside_small_shelf",
  "goal_pose": {
    "frame_id": "map",
    "x": 5.231,
    "y": -5.906,
    "yaw_rad": -3.134
  },
  "odom": {
    "position": {
      "x": 1.6327540243578273,
      "y": 6.325102753683817,
      "z": 0.0
    },
    "orientation_quat": {
      "x": -0.0015312894860929763,
      "y": 0.001610906158205247,
      "z": 0.6889681537371969,
      "w": 0.7247882058020934
    },
    "yaw_rad": 1.5201335802253384,
    "linear_vel": {
      "x": -5.925076487175429e-07,
      "y": 4.02165117291988e-05
    },
    "angular_vel_z": -0.11563483127228932
  }
}