{
  "frame_idx": 1,
  "ros_stamp": 2741.9,
  "wall_time": 1776686784.7175665,
  "prompt": "in small shelf row",
  "goal_id": "inside_small_shelf",
  "goal_pose": {
    "frame_id": "map",
    "x": 5.231,
    "y": -5.906,
    "yaw_rad": -3.134
  },
  "odom": {
    "position": {
      "x": 1.6327595817567182,
      "y": 6.326872611895688,
      "z": 0.0
    },
    "orientation_quat": {
      "x": -0.001300422934074534,
      "y": 0.0018024303254183971,
      "z": 0.5851018732219339,
      "w": 0.810956754763963
    },
    "yaw_rad": 1.2500149094222224,
    "linear_vel": {
      "x": -2.2315691260339905e-07,
      "y": 6.596159514598863e-05
    },
    "angular_vel_z": -0.18840228244514384
  }
}