{
  "frame_idx": 2,
  "ros_stamp": 2743.9,
  "wall_time": 1776686786.8934326,
  "prompt": "in small shelf row",
  "goal_id": "inside_small_shelf",
  "goal_pose": {
    "frame_id": "map",
    "x": 5.231,
    "y": -5.906,
    "yaw_rad": -3.134
  },
  "odom": {
    "position": {
      "x": 1.6329975183124414,
      "y": 6.327689048974095,
      "z": 0.0
    },
    "orientation_quat": {
      "x": -0.0010355419648632996,
      "y": 0.0019666309264930225,
      "z": 0.46592541330357584,
      "w": 0.8848212075066522
    },
    "yaw_rad": 0.9693629940575178,
    "linear_vel": {
      "x": -2.262832470836655e-07,
      "y": 6.225133967148431e-05
    },
    "angular_vel_z": -0.17858921675243206
  }
}