{
  "frame_idx": 3,
  "ros_stamp": 2745.9,
  "wall_time": 1776686789.016744,
  "prompt": "in small shelf row",
  "goal_id": "inside_small_shelf",
  "goal_pose": {
    "frame_id": "map",
    "x": 5.231,
    "y": -5.906,
    "yaw_rad": -3.134
  },
  "odom": {
    "position": {
      "x": 1.635257291072003,
      "y": 6.330267146475194,
      "z": 0.0
    },
    "orientation_quat": {
      "x": -0.00038938585186777983,
      "y": 0.000994301346722841,
      "z": 0.36119747497922355,
      "w": 0.9324887365604603
    },
    "yaw_rad": 0.7391039226309961,
    "linear_vel": {
      "x": 0.01576815606056372,
      "y": 2.2082663363198058e-05
    },
    "angular_vel_z": -0.12438278513168625
  }
}