{
  "frame_idx": 4,
  "ros_stamp": 2747.9,
  "wall_time": 1776686791.142897,
  "prompt": "in small shelf row",
  "goal_id": "inside_small_shelf",
  "goal_pose": {
    "frame_id": "map",
    "x": 5.231,
    "y": -5.906,
    "yaw_rad": -3.134
  },
  "odom": {
    "position": {
      "x": 1.6392067668163797,
      "y": 6.33311523601338,
      "z": 0.0
    },
    "orientation_quat": {
      "x": -0.0005470275292907783,
      "y": 0.00215546790250186,
      "z": 0.24596082515303722,
      "w": 0.9692772189673295
    },
    "yaw_rad": 0.4970229455841333,
    "linear_vel": {
      "x": 0.0011234798253685545,
      "y": 5.990051439447716e-05
    },
    "angular_vel_z": -0.17058283351734835
  }
}