{
  "frame_idx": 5,
  "ros_stamp": 2749.9,
  "wall_time": 1776686793.3289695,
  "prompt": "in small shelf row",
  "goal_id": "inside_small_shelf",
  "goal_pose": {
    "frame_id": "map",
    "x": 5.231,
    "y": -5.906,
    "yaw_rad": -3.134
  },
  "odom": {
    "position": {
      "x": 1.6466188290434443,
      "y": 6.336109740641365,
      "z": 0.0
    },
    "orientation_quat": {
      "x": -0.00019675371086687947,
      "y": 0.0016963154103811094,
      "z": 0.11489530609594864,
      "w": 0.9933761384486361
    },
    "yaw_rad": 0.23029954975667186,
    "linear_vel": {
      "x": 0.004630855600782304,
      "y": 4.61064487465147e-05
    },
    "angular_vel_z": -0.17030977456072605
  }
}