{
  "frame_idx": 6,
  "ros_stamp": 2751.9,
  "wall_time": 1776686795.4444633,
  "prompt": "in small shelf row",
  "goal_id": "inside_small_shelf",
  "goal_pose": {
    "frame_id": "map",
    "x": 5.231,
    "y": -5.906,
    "yaw_rad": -3.134
  },
  "odom": {
    "position": {
      "x": 1.657630758153831,
      "y": 6.337022514163961,
      "z": 0.0
    },
    "orientation_quat": {
      "x": 2.1736913844334945e-05,
      "y": 0.0017264586185977183,
      "z": -0.014292215225659315,
      "w": 0.9998963703564927
    },
    "yaw_rad": -0.028585456450160886,
    "linear_vel": {
      "x": 0.011956299929278897,
      "y": 5.0289820515405897e-05
    },
    "angular_vel_z": -0.18486371841446797
  }
}