{
  "frame_idx": 7,
  "ros_stamp": 2753.9,
  "wall_time": 1776686797.727501,
  "prompt": "in small shelf row",
  "goal_id": "inside_small_shelf",
  "goal_pose": {
    "frame_id": "map",
    "x": 5.231,
    "y": -5.906,
    "yaw_rad": -3.134
  },
  "odom": {
    "position": {
      "x": 1.6654695979106862,
      "y": 6.3355407269745045,
      "z": 0.0
    },
    "orientation_quat": {
      "x": 9.898321629187922e-06,
      "y": 6.574011239693283e-05,
      "z": -0.1477768625986429,
      "w": 0.9890207249905144
    },
    "yaw_rad": -0.2966401536131034,
    "linear_vel": {
      "x": 0.006360304083528612,
      "y": 2.9232383325301854e-06
    },
    "angular_vel_z": -0.12112430098609209
  }
}