{
  "frame_idx": 8,
  "ros_stamp": 2755.9,
  "wall_time": 1776686799.8834615,
  "prompt": "in small shelf row",
  "goal_id": "inside_small_shelf",
  "goal_pose": {
    "frame_id": "map",
    "x": 5.231,
    "y": -5.906,
    "yaw_rad": -3.134
  },
  "odom": {
    "position": {
      "x": 1.6853244072111704,
      "y": 6.325423163903512,
      "z": 0.0
    },
    "orientation_quat": {
      "x": -0.00019406006598668296,
      "y": -0.0006212725240986878,
      "z": -0.29821241052748093,
      "w": 0.954499310931407
    },
    "yaw_rad": -0.6056387360428673,
    "linear_vel": {
      "x": 0.013671829536570868,
      "y": -1.656630484686199e-05
    },
    "angular_vel_z": -0.1897674846117924
  }
}