{
  "frame_idx": 9,
  "ros_stamp": 2757.9,
  "wall_time": 1776686802.0186572,
  "prompt": "in small shelf row",
  "goal_id": "inside_small_shelf",
  "goal_pose": {
    "frame_id": "map",
    "x": 5.231,
    "y": -5.906,
    "yaw_rad": -3.134
  },
  "odom": {
    "position": {
      "x": 1.710600183289938,
      "y": 6.299197365066402,
      "z": 0.0
    },
    "orientation_quat": {
      "x": -0.00034554939550618705,
      "y": -0.000625508028891551,
      "z": -0.4835327480141402,
      "w": 0.8753259798116443
    },
    "yaw_rad": -1.0093725935472315,
    "linear_vel": {
      "x": 0.0074004373676259646,
      "y": -2.5821952812828232e-05
    },
    "angular_vel_z": -0.2368404580523374
  }
}