{
  "frame_idx": 10,
  "ros_stamp": 2759.9,
  "wall_time": 1776686804.254287,
  "prompt": "in small shelf row",
  "goal_id": "inside_small_shelf",
  "goal_pose": {
    "frame_id": "map",
    "x": 5.231,
    "y": -5.906,
    "yaw_rad": -3.134
  },
  "odom": {
    "position": {
      "x": 1.728734038095246,
      "y": 6.254078162576671,
      "z": 0.0
    },
    "orientation_quat": {
      "x": -0.0011750235635537632,
      "y": -0.0015116302567767762,
      "z": -0.6137249599696214,
      "w": 0.7895175791607673
    },
    "yaw_rad": -1.3215428389492447,
    "linear_vel": {
      "x": -0.00043338208414984015,
      "y": 3.28824140321992e-09
    },
    "angular_vel_z": 6.290508653137076e-10
  }
}