{
  "frame_idx": 11,
  "ros_stamp": 2761.9,
  "wall_time": 1776686806.3942394,
  "prompt": "in small shelf row",
  "goal_id": "inside_small_shelf",
  "goal_pose": {
    "frame_id": "map",
    "x": 5.231,
    "y": -5.906,
    "yaw_rad": -3.134
  },
  "odom": {
    "position": {
      "x": 1.737935010860833,
      "y": 6.026853124370983,
      "z": 0.0
    },
    "orientation_quat": {
      "x": -0.001408895239603166,
      "y": -0.0013288866490861612,
      "z": -0.727512788514454,
      "w": 0.686091387223598
    },
    "yaw_rad": -1.629383523452208,
    "linear_vel": {
      "x": 0.2273582816472854,
      "y": -3.072591846058748e-06
    },
    "angular_vel_z": -0.04294769027608296
  }
}