{
  "frame_idx": 12,
  "ros_stamp": 2763.9,
  "wall_time": 1776686808.556389,
  "prompt": "in small shelf row",
  "goal_id": "inside_small_shelf",
  "goal_pose": {
    "frame_id": "map",
    "x": 5.231,
    "y": -5.906,
    "yaw_rad": -3.134
  },
  "odom": {
    "position": {
      "x": 1.719883077175169,
      "y": 5.679291960458054,
      "z": 0.0
    },
    "orientation_quat": {
      "x": 0.0010787960742142538,
      "y": 0.0010451423494874687,
      "z": -0.7182194683524863,
      "w": 0.6958150179149424
    },
    "yaw_rad": -1.602482365723413,
    "linear_vel": {
      "x": 0.17753590297195765,
      "y": 8.708618423429381e-07
    },
    "angular_vel_z": -0.001948849718972494
  }
}