{
  "frame_idx": 13,
  "ros_stamp": 2765.9,
  "wall_time": 1776686810.717136,
  "prompt": "in small shelf row",
  "goal_id": "inside_small_shelf",
  "goal_pose": {
    "frame_id": "map",
    "x": 5.231,
    "y": -5.906,
    "yaw_rad": -3.134
  },
  "odom": {
    "position": {
      "x": 1.7060331674735008,
      "y": 5.337992272818413,
      "z": 0.0
    },
    "orientation_quat": {
      "x": 0.001553870868321022,
      "y": 0.0014898041783595931,
      "z": -0.7218303230736369,
      "w": 0.6920667241388244
    },
    "yaw_rad": -1.6128916176074948,
    "linear_vel": {
      "x": 0.1640953319182569,
      "y": -2.3166056488347265e-06
    },
    "angular_vel_z": 0.004451505473282196
  }
}