{
  "frame_idx": 14,
  "ros_stamp": 2767.9,
  "wall_time": 1776686812.8674088,
  "prompt": "in small shelf row",
  "goal_id": "inside_small_shelf",
  "goal_pose": {
    "frame_id": "map",
    "x": 5.231,
    "y": -5.906,
    "yaw_rad": -3.134
  },
  "odom": {
    "position": {
      "x": 1.6934236438510402,
      "y": 4.998398946751087,
      "z": 0.0
    },
    "orientation_quat": {
      "x": -0.0003386834403531008,
      "y": -0.0003272479447353495,
      "z": -0.719143595300262,
      "w": 0.6948613297204868
    },
    "yaw_rad": -1.605138327471137,
    "linear_vel": {
      "x": 0.16930593210698122,
      "y": -6.646496894926908e-07
    },
    "angular_vel_z": 0.005703499525284863
  }
}