{
  "frame_idx": 15,
  "ros_stamp": 2769.9,
  "wall_time": 1776686815.1565933,
  "prompt": "in small shelf row",
  "goal_id": "inside_small_shelf",
  "goal_pose": {
    "frame_id": "map",
    "x": 5.231,
    "y": -5.906,
    "yaw_rad": -3.134
  },
  "odom": {
    "position": {
      "x": 1.6804273214091354,
      "y": 4.645705368874851,
      "z": 0.0
    },
    "orientation_quat": {
      "x": -0.0005157907275039117,
      "y": -0.0004944779873149612,
      "z": -0.7218649421310867,
      "w": 0.6920335936741281
    },
    "yaw_rad": -1.6129873643847341,
    "linear_vel": {
      "x": 0.1754684214862224,
      "y": 1.2497090215447613e-06
    },
    "angular_vel_z": -0.015165695654072503
  }
}