{
  "frame_idx": 16,
  "ros_stamp": 2771.9,
  "wall_time": 1776686817.3267412,
  "prompt": "in small shelf row",
  "goal_id": "inside_small_shelf",
  "goal_pose": {
    "frame_id": "map",
    "x": 5.231,
    "y": -5.906,
    "yaw_rad": -3.134
  },
  "odom": {
    "position": {
      "x": 1.6659559224142788,
      "y": 4.319982376815123,
      "z": 0.0
    },
    "orientation_quat": {
      "x": 0.0009959575967366738,
      "y": 0.0009477986708583377,
      "z": -0.7244043033282908,
      "w": 0.6893740023134023
    },
    "yaw_rad": -1.620341767827717,
    "linear_vel": {
      "x": 0.17191549763936803,
      "y": 4.919329491514447e-06
    },
    "angular_vel_z": -0.012414404782633682
  }
}