{
  "frame_idx": 17,
  "ros_stamp": 2773.9,
  "wall_time": 1776686819.4827056,
  "prompt": "in small shelf row",
  "goal_id": "inside_small_shelf",
  "goal_pose": {
    "frame_id": "map",
    "x": 5.231,
    "y": -5.906,
    "yaw_rad": -3.134
  },
  "odom": {
    "position": {
      "x": 1.6504500786843541,
      "y": 3.97064556468906,
      "z": 0.0
    },
    "orientation_quat": {
      "x": 0.0004524902548591393,
      "y": 0.00043711834070077625,
      "z": -0.7192260495075182,
      "w": 0.6947758587414608
    },
    "yaw_rad": -1.6053758478488638,
    "linear_vel": {
      "x": 0.1701700536104142,
      "y": 1.5149681921025703e-06
    },
    "angular_vel_z": -0.005382988888252812
  }
}