{
  "frame_idx": 18,
  "ros_stamp": 2775.9,
  "wall_time": 1776686821.6964686,
  "prompt": "in small shelf row",
  "goal_id": "inside_small_shelf",
  "goal_pose": {
    "frame_id": "map",
    "x": 5.231,
    "y": -5.906,
    "yaw_rad": -3.134
  },
  "odom": {
    "position": {
      "x": 1.6413660146059799,
      "y": 3.6213301508077964,
      "z": 0.0
    },
    "orientation_quat": {
      "x": -0.0007465729970450103,
      "y": -0.0007304801567817366,
      "z": -0.7147626730541393,
      "w": 0.6993663061915424
    },
    "yaw_rad": -1.5925705196262527,
    "linear_vel": {
      "x": 0.17058780865556808,
      "y": -4.297946389511561e-09
    },
    "angular_vel_z": -0.010287668204394949
  }
}