{
  "frame_idx": 19,
  "ros_stamp": 2777.9,
  "wall_time": 1776686823.8919218,
  "prompt": "in small shelf row",
  "goal_id": "inside_small_shelf",
  "goal_pose": {
    "frame_id": "map",
    "x": 5.231,
    "y": -5.906,
    "yaw_rad": -3.134
  },
  "odom": {
    "position": {
      "x": 1.6369589439199284,
      "y": 3.24776644946124,
      "z": 0.0
    },
    "orientation_quat": {
      "x": 0.0002682514221200912,
      "y": 0.00027208862911693094,
      "z": -0.7021042705770942,
      "w": 0.7120740461822485
    },
    "yaw_rad": -1.5566968171177422,
    "linear_vel": {
      "x": 0.18791516355632054,
      "y": -1.54100927692355e-05
    },
    "angular_vel_z": 0.05996637032679294
  }
}