{
  "frame_idx": 20,
  "ros_stamp": 2779.9,
  "wall_time": 1776686826.1496778,
  "prompt": "in small shelf row",
  "goal_id": "inside_small_shelf",
  "goal_pose": {
    "frame_id": "map",
    "x": 5.231,
    "y": -5.906,
    "yaw_rad": -3.134
  },
  "odom": {
    "position": {
      "x": 1.658887756928229,
      "y": 2.8666166748210617,
      "z": 0.0
    },
    "orientation_quat": {
      "x": -6.631200513037381e-05,
      "y": -7.317994869173514e-05,
      "z": -0.6699843635494392,
      "w": 0.7423752035505132
    },
    "yaw_rad": -1.4683754578033619,
    "linear_vel": {
      "x": 0.17685966381452248,
      "y": -1.1914055102107808e-05
    },
    "angular_vel_z": 0.06336229288424247
  }
}