{
  "frame_idx": 21,
  "ros_stamp": 2781.9,
  "wall_time": 1776686828.2649908,
  "prompt": "in small shelf row",
  "goal_id": "inside_small_shelf",
  "goal_pose": {
    "frame_id": "map",
    "x": 5.231,
    "y": -5.906,
    "yaw_rad": -3.134
  },
  "odom": {
    "position": {
      "x": 1.7099076559868343,
      "y": 2.520784252009948,
      "z": 0.0
    },
    "orientation_quat": {
      "x": 0.001343034834632198,
      "y": 0.001620641516543572,
      "z": -0.6380265512881833,
      "w": 0.7700114866869292
    },
    "yaw_rad": -1.3838689966525666,
    "linear_vel": {
      "x": 0.17269589994261092,
      "y": -2.0067571126482583e-05
    },
    "angular_vel_z": 0.038885188398824676
  }
}