{
  "frame_idx": 22,
  "ros_stamp": 2783.9,
  "wall_time": 1776686830.4162414,
  "prompt": "in small shelf row",
  "goal_id": "inside_small_shelf",
  "goal_pose": {
    "frame_id": "map",
    "x": 5.231,
    "y": -5.906,
    "yaw_rad": -3.134
  },
  "odom": {
    "position": {
      "x": 1.7471489149098984,
      "y": 2.3665066783095576,
      "z": 0.0
    },
    "orientation_quat": {
      "x": -0.0008769901264871333,
      "y": -0.0012705462627104725,
      "z": -0.5681443017823126,
      "w": 0.8229274992080414
    },
    "yaw_rad": -1.2084998523755717,
    "linear_vel": {
      "x": 0.12489282663431833,
      "y": 5.944419750227438e-06
    },
    "angular_vel_z": 0.053349530156687995
  }
}