{
  "frame_idx": 23,
  "ros_stamp": 2785.9,
  "wall_time": 1776686832.5902853,
  "prompt": "in small shelf row",
  "goal_id": "inside_small_shelf",
  "goal_pose": {
    "frame_id": "map",
    "x": 5.231,
    "y": -5.906,
    "yaw_rad": -3.134
  },
  "odom": {
    "position": {
      "x": 1.8248529654856818,
      "y": 2.1547902054581733,
      "z": 0.0
    },
    "orientation_quat": {
      "x": -0.0013568057428626702,
      "y": -0.0017631204182492874,
      "z": -0.6092574050372157,
      "w": 0.7929693971975748
    },
    "yaw_rad": -1.3102513625385932,
    "linear_vel": {
      "x": 0.14547205133856833,
      "y": -2.478721640015484e-05
    },
    "angular_vel_z": -0.12180793920617106
  }
}