{
  "frame_idx": 24,
  "ros_stamp": 2787.9,
  "wall_time": 1776686834.6958096,
  "prompt": "in small shelf row",
  "goal_id": "inside_small_shelf",
  "goal_pose": {
    "frame_id": "map",
    "x": 5.231,
    "y": -5.906,
    "yaw_rad": -3.134
  },
  "odom": {
    "position": {
      "x": 1.87877811116635,
      "y": 1.8570851199037537,
      "z": 0.0
    },
    "orientation_quat": {
      "x": 0.0014866352318656578,
      "y": 0.0016523706975047046,
      "z": -0.6688369727936132,
      "w": 0.7434057865062935
    },
    "yaw_rad": -1.465290911132658,
    "linear_vel": {
      "x": 0.15344611887385812,
      "y": 3.2859724956279515e-05
    },
    "angular_vel_z": -0.06510290345556327
  }
}