{
  "frame_idx": 25,
  "ros_stamp": 2789.9,
  "wall_time": 1776686836.8922496,
  "prompt": "in small shelf row",
  "goal_id": "inside_small_shelf",
  "goal_pose": {
    "frame_id": "map",
    "x": 5.231,
    "y": -5.906,
    "yaw_rad": -3.134
  },
  "odom": {
    "position": {
      "x": 1.889260757764115,
      "y": 1.7455402953467785,
      "z": 0.0
    },
    "orientation_quat": {
      "x": -0.001382286556788155,
      "y": -0.0017402870006067294,
      "z": -0.6235934089637433,
      "w": 0.7817456881761538
    },
    "yaw_rad": -1.3466658631308563,
    "linear_vel": {
      "x": 0.03305316288565991,
      "y": 2.205678723393921e-05
    },
    "angular_vel_z": 0.06171391902765512
  }
}