{
  "frame_idx": 26,
  "ros_stamp": 2791.9,
  "wall_time": 1776686838.9998307,
  "prompt": "in small shelf row",
  "goal_id": "inside_small_shelf",
  "goal_pose": {
    "frame_id": "map",
    "x": 5.231,
    "y": -5.906,
    "yaw_rad": -3.134
  },
  "odom": {
    "position": {
      "x": 1.9318777806655605,
      "y": 1.6200625740944092,
      "z": 0.0
    },
    "orientation_quat": {
      "x": -0.0013209302325263277,
      "y": -0.001814005079959304,
      "z": -0.5886974482174497,
      "w": 0.8083503442141617
    },
    "yaw_rad": -1.258896726447205,
    "linear_vel": {
      "x": 0.13788821553519476,
      "y": 0.0003999086913373309
    },
    "angular_vel_z": -0.12176259024798333
  }
}