{
  "frame_idx": 27,
  "ros_stamp": 2793.9,
  "wall_time": 1776686841.1609895,
  "prompt": "in small shelf row",
  "goal_id": "inside_small_shelf",
  "goal_pose": {
    "frame_id": "map",
    "x": 5.231,
    "y": -5.906,
    "yaw_rad": -3.134
  },
  "odom": {
    "position": {
      "x": 1.9913191299330961,
      "y": 1.3381885616499178,
      "z": 0.0
    },
    "orientation_quat": {
      "x": -0.0004722719755673232,
      "y": -0.0005334872829007357,
      "z": -0.6628260404755323,
      "w": 0.7487730847313011
    },
    "yaw_rad": -1.449173874069771,
    "linear_vel": {
      "x": 0.1371820015350447,
      "y": 1.0212155550148394e-06
    },
    "angular_vel_z": -0.06870467236299513
  }
}