{
  "frame_idx": 28,
  "ros_stamp": 2795.9,
  "wall_time": 1776686843.3275023,
  "prompt": "in small shelf row",
  "goal_id": "inside_small_shelf",
  "goal_pose": {
    "frame_id": "map",
    "x": 5.231,
    "y": -5.906,
    "yaw_rad": -3.134
  },
  "odom": {
    "position": {
      "x": 2.0151274550383382,
      "y": 1.0039769536800043,
      "z": 0.0
    },
    "orientation_quat": {
      "x": -0.0010700555485453145,
      "y": -0.001110073502455338,
      "z": -0.6939215431628427,
      "w": 0.7200489668435344
    },
    "yaw_rad": -1.5338444230886186,
    "linear_vel": {
      "x": 0.17210349983325496,
      "y": -1.941463482836065e-06
    },
    "angular_vel_z": -0.026104438382769095
  }
}