{
  "frame_idx": 29,
  "ros_stamp": 2797.9,
  "wall_time": 1776686845.5482473,
  "prompt": "in small shelf row",
  "goal_id": "inside_small_shelf",
  "goal_pose": {
    "frame_id": "map",
    "x": 5.231,
    "y": -5.906,
    "yaw_rad": -3.134
  },
  "odom": {
    "position": {
      "x": 2.023050272393297,
      "y": 0.6528491392288645,
      "z": 0.0
    },
    "orientation_quat": {
      "x": 0.0015624658983743836,
      "y": 0.0015809605247148176,
      "z": -0.7029339180537469,
      "w": 0.711251689708885
    },
    "yaw_rad": -1.5590331244500533,
    "linear_vel": {
      "x": 0.16524614894870227,
      "y": 1.6556041651142295e-05
    },
    "angular_vel_z": -0.03234239261015388
  }
}