{
  "frame_idx": 30,
  "ros_stamp": 2799.9,
  "wall_time": 1776686847.904614,
  "prompt": "in small shelf row",
  "goal_id": "inside_small_shelf",
  "goal_pose": {
    "frame_id": "map",
    "x": 5.231,
    "y": -5.906,
    "yaw_rad": -3.134
  },
  "odom": {
    "position": {
      "x": 2.0224456772107695,
      "y": 0.31117898715020037,
      "z": 0.0
    },
    "orientation_quat": {
      "x": 0.0009364195941280458,
      "y": 0.0009273280011761757,
      "z": -0.7105471740291958,
      "w": 0.7036483330899361
    },
    "yaw_rad": -1.5805528083851463,
    "linear_vel": {
      "x": 0.1642144270088187,
      "y": 4.615442316912752e-07
    },
    "angular_vel_z": -0.0012901711164618023
  }
}