{
  "frame_idx": 31,
  "ros_stamp": 2801.9,
  "wall_time": 1776686850.2648244,
  "prompt": "in small shelf row",
  "goal_id": "inside_small_shelf",
  "goal_pose": {
    "frame_id": "map",
    "x": 5.231,
    "y": -5.906,
    "yaw_rad": -3.134
  },
  "odom": {
    "position": {
      "x": 2.0228063309380198,
      "y": -0.007150018027751345,
      "z": 0.0
    },
    "orientation_quat": {
      "x": -0.00011672582787460737,
      "y": -0.00011912125829559482,
      "z": -0.6998823308827821,
      "w": 0.7142581431830448
    },
    "yaw_rad": -1.550465507638894,
    "linear_vel": {
      "x": 0.1509482274062483,
      "y": 3.4849546154049054e-07
    },
    "angular_vel_z": -0.0028723336228339983
  }
}