{
  "frame_idx": 32,
  "ros_stamp": 2803.9,
  "wall_time": 1776686852.541938,
  "prompt": "in small shelf row",
  "goal_id": "inside_small_shelf",
  "goal_pose": {
    "frame_id": "map",
    "x": 5.231,
    "y": -5.906,
    "yaw_rad": -3.134
  },
  "odom": {
    "position": {
      "x": 2.033577946959236,
      "y": -0.34104994311502956,
      "z": 0.0
    },
    "orientation_quat": {
      "x": -0.001415723960913579,
      "y": -0.0015102388622796638,
      "z": -0.6840422479536642,
      "w": 0.7294394545942406
    },
    "yaw_rad": -1.5065838142306676,
    "linear_vel": {
      "x": 0.1758866004692364,
      "y": 4.865826637614793e-06
    },
    "angular_vel_z": 0.0326299056941039
  }
}