{
  "frame_idx": 33,
  "ros_stamp": 2805.9,
  "wall_time": 1776686854.8477707,
  "prompt": "in small shelf row",
  "goal_id": "inside_small_shelf",
  "goal_pose": {
    "frame_id": "map",
    "x": 5.231,
    "y": -5.906,
    "yaw_rad": -3.134
  },
  "odom": {
    "position": {
      "x": 2.0561616615015135,
      "y": -0.683945375938699,
      "z": 0.0
    },
    "orientation_quat": {
      "x": 0.0006705087242997908,
      "y": 0.0007099092979999076,
      "z": -0.6866566757609266,
      "w": 0.726981193759366
    },
    "yaw_rad": -1.5137610890081614,
    "linear_vel": {
      "x": 0.15840307341529314,
      "y": 6.205210760842358e-06
    },
    "angular_vel_z": -0.02147718814639213
  }
}