{
  "frame_idx": 34,
  "ros_stamp": 2807.9,
  "wall_time": 1776686857.1516762,
  "prompt": "in small shelf row",
  "goal_id": "inside_small_shelf",
  "goal_pose": {
    "frame_id": "map",
    "x": 5.231,
    "y": -5.906,
    "yaw_rad": -3.134
  },
  "odom": {
    "position": {
      "x": 2.0720310137873983,
      "y": -1.0191713904213022,
      "z": 0.0
    },
    "orientation_quat": {
      "x": 0.0015470607803226854,
      "y": 0.0016050692016223696,
      "z": -0.6939748674341177,
      "w": 0.719995773408149
    },
    "yaw_rad": -1.533995040539728,
    "linear_vel": {
      "x": 0.17478722511563355,
      "y": 4.6031400113468155e-06
    },
    "angular_vel_z": -0.00894690495141901
  }
}