{
  "frame_idx": 35,
  "ros_stamp": 2809.9,
  "wall_time": 1776686859.4164739,
  "prompt": "in small shelf row",
  "goal_id": "inside_small_shelf",
  "goal_pose": {
    "frame_id": "map",
    "x": 5.231,
    "y": -5.906,
    "yaw_rad": -3.134
  },
  "odom": {
    "position": {
      "x": 2.0882212692124646,
      "y": -1.340329921652478,
      "z": 0.0
    },
    "orientation_quat": {
      "x": 0.0001454021216748967,
      "y": 0.00015670601855149479,
      "z": -0.6801597692978703,
      "w": 0.7330638734313093
    },
    "yaw_rad": -1.4959611622557794,
    "linear_vel": {
      "x": 0.14899120335347796,
      "y": -6.296169522770335e-06
    },
    "angular_vel_z": 0.03356335123206962
  }
}