{
  "frame_idx": 36,
  "ros_stamp": 2811.9,
  "wall_time": 1776686861.604344,
  "prompt": "in small shelf row",
  "goal_id": "inside_small_shelf",
  "goal_pose": {
    "frame_id": "map",
    "x": 5.231,
    "y": -5.906,
    "yaw_rad": -3.134
  },
  "odom": {
    "position": {
      "x": 2.120163866548587,
      "y": -1.620189057993763,
      "z": 0.0
    },
    "orientation_quat": {
      "x": -0.000665462015242226,
      "y": -0.0007786649153511146,
      "z": -0.6496926946688129,
      "w": 0.7601962597482526
    },
    "yaw_rad": -1.4143611416705435,
    "linear_vel": {
      "x": 0.13513201723205714,
      "y": 6.354530001909711e-07
    },
    "angular_vel_z": 0.048251651520598154
  }
}