{
  "frame_idx": 37,
  "ros_stamp": 2813.9,
  "wall_time": 1776686863.7986627,
  "prompt": "in small shelf row",
  "goal_id": "inside_small_shelf",
  "goal_pose": {
    "frame_id": "map",
    "x": 5.231,
    "y": -5.906,
    "yaw_rad": -3.134
  },
  "odom": {
    "position": {
      "x": 2.165790193900635,
      "y": -1.828257787936111,
      "z": 0.0
    },
    "orientation_quat": {
      "x": 0.0010637395411135714,
      "y": 0.0014209574751715348,
      "z": -0.599276349932161,
      "w": 0.8005402586691244
    },
    "yaw_rad": -1.285196063912864,
    "linear_vel": {
      "x": 0.0786485778025905,
      "y": -1.642033552983568e-05
    },
    "angular_vel_z": 0.0441354972201802
  }
}