{
  "frame_idx": 38,
  "ros_stamp": 2815.9,
  "wall_time": 1776686866.0662148,
  "prompt": "in small shelf row",
  "goal_id": "inside_small_shelf",
  "goal_pose": {
    "frame_id": "map",
    "x": 5.231,
    "y": -5.906,
    "yaw_rad": -3.134
  },
  "odom": {
    "position": {
      "x": 2.2178243712027763,
      "y": -1.962125457697956,
      "z": 0.0
    },
    "orientation_quat": {
      "x": -0.0006051747262644777,
      "y": -0.0009848951115070043,
      "z": -0.5236355214749363,
      "w": 0.8519416085594373
    },
    "yaw_rad": -1.1022262504800888,
    "linear_vel": {
      "x": 0.047901991321996316,
      "y": 8.237676761329712e-06
    },
    "angular_vel_z": 0.05536032309642826
  }
}