{
  "frame_idx": 39,
  "ros_stamp": 2817.9,
  "wall_time": 1776686868.3360233,
  "prompt": "in small shelf row",
  "goal_id": "inside_small_shelf",
  "goal_pose": {
    "frame_id": "map",
    "x": 5.231,
    "y": -5.906,
    "yaw_rad": -3.134
  },
  "odom": {
    "position": {
      "x": 2.2581423937855685,
      "y": -2.036097311963687,
      "z": 0.0
    },
    "orientation_quat": {
      "x": 0.00081496324781715,
      "y": 0.0014375429905273817,
      "z": -0.4931640042711083,
      "w": 0.8699347873239358
    },
    "yaw_rad": -1.0314476913768555,
    "linear_vel": {
      "x": 0.030359569959213566,
      "y": -1.062394333709218e-05
    },
    "angular_vel_z": 0.03482340981675073
  }
}