{
  "frame_idx": 40,
  "ros_stamp": 2819.9,
  "wall_time": 1776686870.5866961,
  "prompt": "in small shelf row",
  "goal_id": "inside_small_shelf",
  "goal_pose": {
    "frame_id": "map",
    "x": 5.231,
    "y": -5.906,
    "yaw_rad": -3.134
  },
  "odom": {
    "position": {
      "x": 2.2795295808754528,
      "y": -2.0688002880038434,
      "z": 0.0
    },
    "orientation_quat": {
      "x": -0.0006158122028104887,
      "y": -0.0011980249726160107,
      "z": -0.45718988926019866,
      "w": 0.8893680850298953
    },
    "yaw_rad": -0.9496668436885668,
    "linear_vel": {
      "x": 0.007222995397484935,
      "y": 1.0160704671959594e-05
    },
    "angular_vel_z": 0.04675370213135078
  }
}