{
  "frame_idx": 41,
  "ros_stamp": 2821.9,
  "wall_time": 1776686872.8053427,
  "prompt": "in small shelf row",
  "goal_id": "inside_small_shelf",
  "goal_pose": {
    "frame_id": "map",
    "x": 5.231,
    "y": -5.906,
    "yaw_rad": -3.134
  },
  "odom": {
    "position": {
      "x": 2.2994547930837035,
      "y": -2.0946954278028858,
      "z": 0.0
    },
    "orientation_quat": {
      "x": 0.00010001230421204232,
      "y": 0.00020812882910799466,
      "z": -0.43296354516328206,
      "w": 0.9014114017692322
    },
    "yaw_rad": -0.8955557518897596,
    "linear_vel": {
      "x": 0.019322824380891494,
      "y": -1.3711228574215536e-06
    },
    "angular_vel_z": 0.02328453714083545
  }
}