{
  "frame_idx": 42,
  "ros_stamp": 2823.9,
  "wall_time": 1776686875.0052168,
  "prompt": "in small shelf row",
  "goal_id": "inside_small_shelf",
  "goal_pose": {
    "frame_id": "map",
    "x": 5.231,
    "y": -5.906,
    "yaw_rad": -3.134
  },
  "odom": {
    "position": {
      "x": 2.3176796693341357,
      "y": -2.1147896269819633,
      "z": 0.0
    },
    "orientation_quat": {
      "x": 0.00028101173296277105,
      "y": 0.0006859130583322835,
      "z": -0.3790989815302965,
      "w": 0.9253558303476421
    },
    "yaw_rad": -0.7776450308690295,
    "linear_vel": {
      "x": 0.024590629649180077,
      "y": -1.1348222041696906e-05
    },
    "angular_vel_z": 0.0735254342465971
  }
}