{
  "frame_idx": 43,
  "ros_stamp": 2825.9,
  "wall_time": 1776686877.2366004,
  "prompt": "in small shelf row",
  "goal_id": "inside_small_shelf",
  "goal_pose": {
    "frame_id": "map",
    "x": 5.231,
    "y": -5.906,
    "yaw_rad": -3.134
  },
  "odom": {
    "position": {
      "x": 2.325553903864829,
      "y": -2.121938264950306,
      "z": 0.0
    },
    "orientation_quat": {
      "x": 0.0007471851546432634,
      "y": 0.002094455287276649,
      "z": -0.33598883520411144,
      "w": 0.9418633433729007
    },
    "yaw_rad": -0.6853115679886522,
    "linear_vel": {
      "x": 0.00026034844935703637,
      "y": -1.7281666488464047e-05
    },
    "angular_vel_z": 0.04942251739404475
  }
}