{
  "frame_idx": 44,
  "ros_stamp": 2827.9,
  "wall_time": 1776686879.3503282,
  "prompt": "in small shelf row",
  "goal_id": "inside_small_shelf",
  "goal_pose": {
    "frame_id": "map",
    "x": 5.231,
    "y": -5.906,
    "yaw_rad": -3.134
  },
  "odom": {
    "position": {
      "x": 2.335632890673325,
      "y": -2.129077246951396,
      "z": 0.0
    },
    "orientation_quat": {
      "x": 0.0002594868020983285,
      "y": 0.000855972621539322,
      "z": -0.29005934402405115,
      "w": 0.9570082428703568
    },
    "yaw_rad": -0.5885779365516406,
    "linear_vel": {
      "x": 0.001796746228132226,
      "y": -9.393167074794764e-07
    },
    "angular_vel_z": 0.010059180597296297
  }
}