{
  "frame_idx": 45,
  "ros_stamp": 2829.9,
  "wall_time": 1776686881.5373323,
  "prompt": "in small shelf row",
  "goal_id": "inside_small_shelf",
  "goal_pose": {
    "frame_id": "map",
    "x": 5.231,
    "y": -5.906,
    "yaw_rad": -3.134
  },
  "odom": {
    "position": {
      "x": 2.342891068016048,
      "y": -2.1332036810821133,
      "z": 0.0
    },
    "orientation_quat": {
      "x": 0.0005297460352147202,
      "y": 0.002051665504925624,
      "z": -0.2499586410825656,
      "w": 0.9682541958524896
    },
    "yaw_rad": -0.5052762388330554,
    "linear_vel": {
      "x": -0.000386473638268185,
      "y": -1.3819745132408704e-05
    },
    "angular_vel_z": 0.04333375256955842
  }
}