{
  "frame_idx": 46,
  "ros_stamp": 2831.9,
  "wall_time": 1776686883.6831417,
  "prompt": "in small shelf row",
  "goal_id": "inside_small_shelf",
  "goal_pose": {
    "frame_id": "map",
    "x": 5.231,
    "y": -5.906,
    "yaw_rad": -3.134
  },
  "odom": {
    "position": {
      "x": 2.3562710294311047,
      "y": -2.139612495389523,
      "z": 0.0
    },
    "orientation_quat": {
      "x": -0.0004305196995008177,
      "y": -0.002185065657114901,
      "z": -0.19336417156657906,
      "w": 0.9811245269053429
    },
    "yaw_rad": -0.3891807383691288,
    "linear_vel": {
      "x": 0.003799686942267992,
      "y": 8.289737297732026e-06
    },
    "angular_vel_z": 0.022211184229865916
  }
}