{
  "frame_idx": 47,
  "ros_stamp": 2833.9,
  "wall_time": 1776686885.7909591,
  "prompt": "in small shelf row",
  "goal_id": "inside_small_shelf",
  "goal_pose": {
    "frame_id": "map",
    "x": 5.231,
    "y": -5.906,
    "yaw_rad": -3.134
  },
  "odom": {
    "position": {
      "x": 2.3578467559462744,
      "y": -2.140152768364783,
      "z": 0.0
    },
    "orientation_quat": {
      "x": -0.0003116504355015714,
      "y": -0.002064426396931642,
      "z": -0.14929876442409304,
      "w": 0.9887899271124767
    },
    "yaw_rad": -0.29971875987002977,
    "linear_vel": {
      "x": -0.0006805706234007239,
      "y": 1.6780294151432424e-05
    },
    "angular_vel_z": 0.0531851226857424
  }
}