{
  "frame_idx": 48,
  "ros_stamp": 2835.9,
  "wall_time": 1776686888.0675547,
  "prompt": "in small shelf row",
  "goal_id": "inside_small_shelf",
  "goal_pose": {
    "frame_id": "map",
    "x": 5.231,
    "y": -5.906,
    "yaw_rad": -3.134
  },
  "odom": {
    "position": {
      "x": 2.3593387177534293,
      "y": -2.139746370854129,
      "z": 0.0
    },
    "orientation_quat": {
      "x": 0.0013706297253258117,
      "y": -0.001749782749400343,
      "z": 0.616644996184914,
      "w": 0.7872382157356141
    },
    "yaw_rad": 1.3289515319073397,
    "linear_vel": {
      "x": 2.3850303963195104e-07,
      "y": 0.00036736277392245296
    },
    "angular_vel_z": 1.057827503016258
  }
}