{
  "frame_idx": 49,
  "ros_stamp": 2837.9,
  "wall_time": 1776686890.238635,
  "prompt": "in small shelf row",
  "goal_id": "inside_small_shelf",
  "goal_pose": {
    "frame_id": "map",
    "x": 5.231,
    "y": -5.906,
    "yaw_rad": -3.134
  },
  "odom": {
    "position": {
      "x": 2.3604197662399993,
      "y": -2.128891001584641,
      "z": 0.0
    },
    "orientation_quat": {
      "x": -0.0014125893881569767,
      "y": 0.0017130711587067787,
      "z": 0.6372973222441728,
      "w": 0.770614814961945
    },
    "yaw_rad": 1.3819760937942709,
    "linear_vel": {
      "x": 0.010069000013214239,
      "y": 4.024553309658995e-05
    },
    "angular_vel_z": -0.1074929871550595
  }
}