{
  "frame_idx": 50,
  "ros_stamp": 2839.9,
  "wall_time": 1776686892.4827018,
  "prompt": "in small shelf row",
  "goal_id": "inside_small_shelf",
  "goal_pose": {
    "frame_id": "map",
    "x": 5.231,
    "y": -5.906,
    "yaw_rad": -3.134
  },
  "odom": {
    "position": {
      "x": 2.3614576995601153,
      "y": -2.124755571737696,
      "z": 0.0
    },
    "orientation_quat": {
      "x": -0.0012917634930148915,
      "y": 0.0018103525003595432,
      "z": 0.5805200459640054,
      "w": 0.8142429184247485
    },
    "yaw_rad": 1.2387379814501729,
    "linear_vel": {
      "x": -0.001169151547262022,
      "y": 1.5554633281490863e-05
    },
    "angular_vel_z": -0.033782459937961196
  }
}