{
  "frame_idx": 51,
  "ros_stamp": 2841.9,
  "wall_time": 1776686894.7030582,
  "prompt": "in small shelf row",
  "goal_id": "inside_small_shelf",
  "goal_pose": {
    "frame_id": "map",
    "x": 5.231,
    "y": -5.906,
    "yaw_rad": -3.134
  },
  "odom": {
    "position": {
      "x": 2.363667715165661,
      "y": -2.119358475485096,
      "z": 0.0
    },
    "orientation_quat": {
      "x": 0.0011473881259431726,
      "y": -0.0019064900731978987,
      "z": 0.5156351103562047,
      "w": 0.8568053931693205
    },
    "yaw_rad": 1.083500450491936,
    "linear_vel": {
      "x": 0.0008507923973580621,
      "y": -0.00010340226540133579
    },
    "angular_vel_z": -0.056842305730986774
  }
}