{
  "frame_idx": 52,
  "ros_stamp": 2843.9,
  "wall_time": 1776686896.89186,
  "prompt": "in small shelf row",
  "goal_id": "inside_small_shelf",
  "goal_pose": {
    "frame_id": "map",
    "x": 5.231,
    "y": -5.906,
    "yaw_rad": -3.134
  },
  "odom": {
    "position": {
      "x": 2.3677294988797373,
      "y": -2.1125210952723,
      "z": 0.0
    },
    "orientation_quat": {
      "x": -0.0004487295503839401,
      "y": 0.0008800150517287417,
      "z": 0.4535425199346671,
      "w": 0.8912340920468715
    },
    "yaw_rad": 0.9414728608168342,
    "linear_vel": {
      "x": 0.0047271222955283096,
      "y": 4.849239451835724e-06
    },
    "angular_vel_z": -0.03537456600068648
  }
}