{
  "frame_idx": 53,
  "ros_stamp": 2845.9,
  "wall_time": 1776686899.1612082,
  "prompt": "in small shelf row",
  "goal_id": "inside_small_shelf",
  "goal_pose": {
    "frame_id": "map",
    "x": 5.231,
    "y": -5.906,
    "yaw_rad": -3.134
  },
  "odom": {
    "position": {
      "x": 2.369561676756403,
      "y": -2.1101052402205545,
      "z": 0.0
    },
    "orientation_quat": {
      "x": -0.0008850058869844594,
      "y": 0.002038837396078422,
      "z": 0.3981941996696739,
      "w": 0.917298446121043
    },
    "yaw_rad": 0.8190969476555383,
    "linear_vel": {
      "x": 1.0447638507065422e-06,
      "y": 1.7317863086534134e-05
    },
    "angular_vel_z": -0.049927009037919266
  }
}