{
  "frame_idx": 54,
  "ros_stamp": 2847.9,
  "wall_time": 1776686901.3337848,
  "prompt": "in small shelf row",
  "goal_id": "inside_small_shelf",
  "goal_pose": {
    "frame_id": "map",
    "x": 5.231,
    "y": -5.906,
    "yaw_rad": -3.134
  },
  "odom": {
    "position": {
      "x": 2.3752966740683363,
      "y": -2.104275539896668,
      "z": 0.0
    },
    "orientation_quat": {
      "x": -0.00031662713809868254,
      "y": 0.0008129770518322847,
      "z": 0.36287175898993906,
      "w": 0.9318386798921346
    },
    "yaw_rad": 0.7426960359818103,
    "linear_vel": {
      "x": 0.00028760683957607705,
      "y": 6.070033900431491e-06
    },
    "angular_vel_z": -0.045780609545036446
  }
}