{
  "frame_idx": 0,
  "ros_stamp": 2337.9,
  "wall_time": 1776686349.2523425,
  "prompt": "go to the small package area",
  "goal_id": "mini_packaging_section",
  "goal_pose": {
    "frame_id": "map",
    "x": 0.342,
    "y": 3.57,
    "yaw_rad": 3.101
  },
  "odom": {
    "position": {
      "x": 3.7560742515381382,
      "y": 1.7134343948335709,
      "z": 0.0
    },
    "orientation_quat": {
      "x": 0.0012561192544969116,
      "y": 0.0012828593142575923,
      "z": -0.7018571318418848,
      "w": 0.7123154799097668
    },
    "yaw_rad": -1.5560058506835213,
    "linear_vel": {
      "x": 0.010615376963162459,
      "y": 5.043555302976596e-05
    },
    "angular_vel_z": -0.18014266867880271
  }
}