{
  "frame_idx": 1,
  "ros_stamp": 2339.9,
  "wall_time": 1776686351.3608408,
  "prompt": "go to the small package area",
  "goal_id": "mini_packaging_section",
  "goal_pose": {
    "frame_id": "map",
    "x": 0.342,
    "y": 3.57,
    "yaw_rad": 3.101
  },
  "odom": {
    "position": {
      "x": 3.7544821172300673,
      "y": 1.699724274029726,
      "z": 0.0
    },
    "orientation_quat": {
      "x": 0.0017863210052244765,
      "y": 0.0013276842394543454,
      "z": -0.8022407017424589,
      "w": 0.5969965684822598
    },
    "yaw_rad": -1.8620847988135747,
    "linear_vel": {
      "x": -0.0015543277205478973,
      "y": 6.0386839338878254e-05
    },
    "angular_vel_z": -0.17114824199938555
  }
}