{
  "frame_idx": 2,
  "ros_stamp": 2341.9,
  "wall_time": 1776686353.4921303,
  "prompt": "go to the small package area",
  "goal_id": "mini_packaging_section",
  "goal_pose": {
    "frame_id": "map",
    "x": 0.342,
    "y": 3.57,
    "yaw_rad": 3.101
  },
  "odom": {
    "position": {
      "x": 3.7422447835519073,
      "y": 1.6762840826753562,
      "z": 0.0
    },
    "orientation_quat": {
      "x": -0.001978930622328437,
      "y": -0.0010067452748516454,
      "z": 0.8903213872901433,
      "w": -0.4553272423557569
    },
    "yaw_rad": -2.1961106438854823,
    "linear_vel": {
      "x": 0.007668030876231585,
      "y": 7.035971689705678e-05
    },
    "angular_vel_z": -0.19145723101568385
  }
}