{
  "frame_idx": 3,
  "ros_stamp": 2343.9,
  "wall_time": 1776686355.6713471,
  "prompt": "go to the small package area",
  "goal_id": "mini_packaging_section",
  "goal_pose": {
    "frame_id": "map",
    "x": 0.342,
    "y": 3.57,
    "yaw_rad": 3.101
  },
  "odom": {
    "position": {
      "x": 3.696704084467736,
      "y": 1.6363854953285173,
      "z": 0.0
    },
    "orientation_quat": {
      "x": -7.638263373710504e-05,
      "y": -2.1902831424961903e-05,
      "z": 0.9612976759152319,
      "w": -0.2755118363445266
    },
    "yaw_rad": -2.583348441928256,
    "linear_vel": {
      "x": 0.03770343618107611,
      "y": 9.336931518450029e-06
    },
    "angular_vel_z": -0.1580757296503203
  }
}