{
  "frame_idx": 4,
  "ros_stamp": 2345.9,
  "wall_time": 1776686357.7650447,
  "prompt": "go to the small package area",
  "goal_id": "mini_packaging_section",
  "goal_pose": {
    "frame_id": "map",
    "x": 0.342,
    "y": 3.57,
    "yaw_rad": 3.101
  },
  "odom": {
    "position": {
      "x": 3.5928650692475803,
      "y": 1.5968678527411015,
      "z": 0.0
    },
    "orientation_quat": {
      "x": -0.002217929991018626,
      "y": -0.00022616534604053714,
      "z": 0.9948205605715237,
      "w": -0.10162225100808646
    },
    "yaw_rad": -2.937996185891775,
    "linear_vel": {
      "x": 0.06950713405503525,
      "y": 8.243872673769082e-05
    },
    "angular_vel_z": -0.19576456422013624
  }
}