{
  "frame_idx": 5,
  "ros_stamp": 2347.9,
  "wall_time": 1776686359.9330683,
  "prompt": "go to the small package area",
  "goal_id": "mini_packaging_section",
  "goal_pose": {
    "frame_id": "map",
    "x": 0.342,
    "y": 3.57,
    "yaw_rad": 3.101
  },
  "odom": {
    "position": {
      "x": 3.4060342009084836,
      "y": 1.5926098143256608,
      "z": 0.0
    },
    "orientation_quat": {
      "x": -0.0007488736772819094,
      "y": 4.436575083937278e-05,
      "z": 0.9983489517269798,
      "w": 0.05743524880712365
    },
    "yaw_rad": 3.0266588756340482,
    "linear_vel": {
      "x": 0.12109476358258028,
      "y": 3.8916136407655616e-05
    },
    "angular_vel_z": -0.15033380570489052
  }
}