{
  "frame_idx": 6,
  "ros_stamp": 2349.9,
  "wall_time": 1776686362.0562143,
  "prompt": "go to the small package area",
  "goal_id": "mini_packaging_section",
  "goal_pose": {
    "frame_id": "map",
    "x": 0.342,
    "y": 3.57,
    "yaw_rad": 3.101
  },
  "odom": {
    "position": {
      "x": 3.1365506768384845,
      "y": 1.665934759140052,
      "z": 0.0
    },
    "orientation_quat": {
      "x": -0.0016521124459412066,
      "y": 0.0003126135006595792,
      "z": 0.9825569646982852,
      "w": 0.1859542522239216
    },
    "yaw_rad": 2.7675061891396253,
    "linear_vel": {
      "x": 0.1628332335984492,
      "y": 4.803361027621672e-05
    },
    "angular_vel_z": -0.11405149643768611
  }
}