{
  "frame_idx": 7,
  "ros_stamp": 2351.9,
  "wall_time": 1776686364.1627226,
  "prompt": "go to the small package area",
  "goal_id": "mini_packaging_section",
  "goal_pose": {
    "frame_id": "map",
    "x": 0.342,
    "y": 3.57,
    "yaw_rad": 3.101
  },
  "odom": {
    "position": {
      "x": 2.804356682068723,
      "y": 1.8161918246543023,
      "z": 0.0
    },
    "orientation_quat": {
      "x": -0.0015603574324340984,
      "y": 0.00036872491183694977,
      "z": 0.9731869890345601,
      "w": 0.23000981218302266
    },
    "yaw_rad": 2.677416515102742,
    "linear_vel": {
      "x": 0.18742813672806274,
      "y": 4.1347311873225876e-06
    },
    "angular_vel_z": -0.00836132982003857
  }
}