{
  "frame_idx": 8,
  "ros_stamp": 2353.9,
  "wall_time": 1776686366.3346853,
  "prompt": "go to the small package area",
  "goal_id": "mini_packaging_section",
  "goal_pose": {
    "frame_id": "map",
    "x": 0.342,
    "y": 3.57,
    "yaw_rad": 3.101
  },
  "odom": {
    "position": {
      "x": 2.487567646908538,
      "y": 1.9906782087771424,
      "z": 0.0
    },
    "orientation_quat": {
      "x": -0.0005585908550038407,
      "y": 0.00015257679029491948,
      "z": 0.9646241361393094,
      "w": 0.2636284140112194
    },
    "yaw_rad": 2.6080290433210007,
    "linear_vel": {
      "x": 0.18522009354907742,
      "y": -1.1173022193439208e-06
    },
    "angular_vel_z": 0.005422833032132417
  }
}