{
  "frame_idx": 9,
  "ros_stamp": 2355.9,
  "wall_time": 1776686368.4545662,
  "prompt": "go to the small package area",
  "goal_id": "mini_packaging_section",
  "goal_pose": {
    "frame_id": "map",
    "x": 0.342,
    "y": 3.57,
    "yaw_rad": 3.101
  },
  "odom": {
    "position": {
      "x": 2.1609254321186633,
      "y": 2.1884542858925093,
      "z": 0.0
    },
    "orientation_quat": {
      "x": 0.0019349805709080743,
      "y": -0.0005428977349182181,
      "z": 0.9628262527652908,
      "w": 0.2701139909338059
    },
    "yaw_rad": 2.594568678207865,
    "linear_vel": {
      "x": 0.188383944292799,
      "y": -1.4578516348938008e-06
    },
    "angular_vel_z": -0.0094314822901663
  }
}