{
  "frame_idx": 10,
  "ros_stamp": 2357.9,
  "wall_time": 1776686370.62299,
  "prompt": "go to the small package area",
  "goal_id": "mini_packaging_section",
  "goal_pose": {
    "frame_id": "map",
    "x": 0.342,
    "y": 3.57,
    "yaw_rad": 3.101
  },
  "odom": {
    "position": {
      "x": 1.8398059207510877,
      "y": 2.394203838208961,
      "z": 0.0
    },
    "orientation_quat": {
      "x": -0.001768922938378609,
      "y": 0.0005448033628375677,
      "z": 0.9556944701556184,
      "w": 0.29435463953351515
    },
    "yaw_rad": 2.544031257149693,
    "linear_vel": {
      "x": 0.1621621644558941,
      "y": 4.031518749285162e-06
    },
    "angular_vel_z": -0.007989908803876683
  }
}