{
  "frame_idx": 11,
  "ros_stamp": 2359.9,
  "wall_time": 1776686372.7526784,
  "prompt": "go to the small package area",
  "goal_id": "mini_packaging_section",
  "goal_pose": {
    "frame_id": "map",
    "x": 0.342,
    "y": 3.57,
    "yaw_rad": 3.101
  },
  "odom": {
    "position": {
      "x": 1.5313187834381092,
      "y": 2.6128109375397868,
      "z": 0.0
    },
    "orientation_quat": {
      "x": -0.001877347804113137,
      "y": 0.0006131446734616798,
      "z": 0.9505758346030806,
      "w": 0.3104862030549644
    },
    "yaw_rad": 2.510182436811979,
    "linear_vel": {
      "x": 0.1761464356717907,
      "y": 2.675642676618409e-06
    },
    "angular_vel_z": -0.005102151511148573
  }
}