{
  "frame_idx": 12,
  "ros_stamp": 2361.9,
  "wall_time": 1776686374.868775,
  "prompt": "go to the small package area",
  "goal_id": "mini_packaging_section",
  "goal_pose": {
    "frame_id": "map",
    "x": 0.342,
    "y": 3.57,
    "yaw_rad": 3.101
  },
  "odom": {
    "position": {
      "x": 1.2123917467052188,
      "y": 2.8489075136053614,
      "z": 0.0
    },
    "orientation_quat": {
      "x": -0.002051855725221642,
      "y": 0.0006811694634424809,
      "z": 0.9490593630054098,
      "w": 0.31508991000666914
    },
    "yaw_rad": 2.500488325106676,
    "linear_vel": {
      "x": 0.21165209156552436,
      "y": -1.5416673162951897e-06
    },
    "angular_vel_z": 0.003192590517362516
  }
}