{
  "frame_idx": 13,
  "ros_stamp": 2363.9,
  "wall_time": 1776686377.0676596,
  "prompt": "go to the small package area",
  "goal_id": "mini_packaging_section",
  "goal_pose": {
    "frame_id": "map",
    "x": 0.342,
    "y": 3.57,
    "yaw_rad": 3.101
  },
  "odom": {
    "position": {
      "x": 0.8846117257591692,
      "y": 3.100118010560998,
      "z": 0.0
    },
    "orientation_quat": {
      "x": -0.0016741775343816394,
      "y": 0.000576726248441838,
      "z": 0.9454631508495462,
      "w": 0.3257242620715656
    },
    "yaw_rad": 2.478036242779794,
    "linear_vel": {
      "x": 0.18394324094396722,
      "y": -2.7325019550462947e-06
    },
    "angular_vel_z": 0.006341968150154055
  }
}