{
  "frame_idx": 14,
  "ros_stamp": 2365.9,
  "wall_time": 1776686379.1597548,
  "prompt": "go to the small package area",
  "goal_id": "mini_packaging_section",
  "goal_pose": {
    "frame_id": "map",
    "x": 0.342,
    "y": 3.57,
    "yaw_rad": 3.101
  },
  "odom": {
    "position": {
      "x": 0.6392990483306876,
      "y": 3.2905380514051075,
      "z": 0.0
    },
    "orientation_quat": {
      "x": -0.0021119792457318623,
      "y": 0.0006939745605945393,
      "z": 0.9500177632321744,
      "w": 0.31218793616395724
    },
    "yaw_rad": 2.506600619390656,
    "linear_vel": {
      "x": 0.1322166731251732,
      "y": -2.546382348191762e-05
    },
    "angular_vel_z": 0.053627657675247506
  }
}