{
  "frame_idx": 15,
  "ros_stamp": 2367.9,
  "wall_time": 1776686381.3220987,
  "prompt": "go to the small package area",
  "goal_id": "mini_packaging_section",
  "goal_pose": {
    "frame_id": "map",
    "x": 0.342,
    "y": 3.57,
    "yaw_rad": 3.101
  },
  "odom": {
    "position": {
      "x": 0.45961041017751375,
      "y": 3.4076310226573834,
      "z": 0.0
    },
    "orientation_quat": {
      "x": -0.002152463148546177,
      "y": 0.0005546318556255161,
      "z": 0.968360859841605,
      "w": 0.24954419330596814
    },
    "yaw_rad": 2.637172322948981,
    "linear_vel": {
      "x": 0.08160761667536384,
      "y": -2.656148745728323e-05
    },
    "angular_vel_z": 0.06315539725511285
  }
}