{
  "frame_idx": 16,
  "ros_stamp": 2369.9,
  "wall_time": 1776686383.4666617,
  "prompt": "go to the small package area",
  "goal_id": "mini_packaging_section",
  "goal_pose": {
    "frame_id": "map",
    "x": 0.342,
    "y": 3.57,
    "yaw_rad": 3.101
  },
  "odom": {
    "position": {
      "x": 0.34801354108553056,
      "y": 3.46121944238777,
      "z": 0.0
    },
    "orientation_quat": {
      "x": -0.0013717687171748425,
      "y": 0.0002569663299420921,
      "z": 0.9828936857506803,
      "w": 0.1841685497861534
    },
    "yaw_rad": 2.7711405379804637,
    "linear_vel": {
      "x": 0.04214038527617715,
      "y": -1.511431520553739e-05
    },
    "angular_vel_z": 0.060144544963860326
  }
}