{
  "frame_idx": 0,
  "ros_stamp": 4447.9,
  "wall_time": 1776688636.7108881,
  "prompt": "small shelf entrance",
  "goal_id": "enter_small_shelf_row",
  "goal_pose": {
    "frame_id": "map",
    "x": 3.774,
    "y": 1.856,
    "yaw_rad": -1.5940000000000003
  },
  "odom": {
    "position": {
      "x": 2.05025395339702,
      "y": -7.691749819922504,
      "z": 0.0
    },
    "orientation_quat": {
      "x": -0.00023042354042444337,
      "y": 0.0005339177683173776,
      "z": 0.3955430020092665,
      "w": 0.9184472741525809
    },
    "yaw_rad": 0.8133181313690154,
    "linear_vel": {
      "x": 0.04613240506430883,
      "y": -2.3369813929730105e-05
    },
    "angular_vel_z": 0.17634042294446353
  }
}