{
  "frame_idx": 1,
  "ros_stamp": 4449.9,
  "wall_time": 1776688638.9072728,
  "prompt": "small shelf entrance",
  "goal_id": "enter_small_shelf_row",
  "goal_pose": {
    "frame_id": "map",
    "x": 3.774,
    "y": 1.856,
    "yaw_rad": -1.5940000000000003
  },
  "odom": {
    "position": {
      "x": 2.126496708722855,
      "y": -7.575586980023339,
      "z": 0.0
    },
    "orientation_quat": {
      "x": 0.001194228967802049,
      "y": -0.0018726047588532196,
      "z": 0.5371237834195384,
      "w": 0.8435005088639073
    },
    "yaw_rad": 1.134050228507128,
    "linear_vel": {
      "x": 0.08651136295787865,
      "y": 4.1959062219368705e-05
    },
    "angular_vel_z": 0.16112269550499708
  }
}