{
  "frame_idx": 2,
  "ros_stamp": 4451.9,
  "wall_time": 1776688641.0036833,
  "prompt": "small shelf entrance",
  "goal_id": "enter_small_shelf_row",
  "goal_pose": {
    "frame_id": "map",
    "x": 3.774,
    "y": 1.856,
    "yaw_rad": -1.5940000000000003
  },
  "odom": {
    "position": {
      "x": 2.179852092123217,
      "y": -7.378870306745657,
      "z": 0.0
    },
    "orientation_quat": {
      "x": -0.00072361874856948,
      "y": 0.0008321496691987777,
      "z": 0.6573780113712406,
      "w": 0.7535601728252547
    },
    "yaw_rad": 1.4346690498802463,
    "linear_vel": {
      "x": 0.12478444445099912,
      "y": -3.5073443160379136e-05
    },
    "angular_vel_z": 0.11933646941857316
  }
}