{
  "frame_idx": 3,
  "ros_stamp": 4453.9,
  "wall_time": 1776688643.1424742,
  "prompt": "small shelf entrance",
  "goal_id": "enter_small_shelf_row",
  "goal_pose": {
    "frame_id": "map",
    "x": 3.774,
    "y": 1.856,
    "yaw_rad": -1.5940000000000003
  },
  "odom": {
    "position": {
      "x": 2.191918875977591,
      "y": -7.074084569661325,
      "z": 0.0
    },
    "orientation_quat": {
      "x": -0.0013742635128242738,
      "y": 0.0013310244975985412,
      "z": 0.7175729819739702,
      "w": 0.696480692707679
    },
    "yaw_rad": 1.6006264811074689,
    "linear_vel": {
      "x": 0.16342914878934595,
      "y": -2.0812295867925883e-05
    },
    "angular_vel_z": 0.04223699024609056
  }
}