{
  "frame_idx": 4,
  "ros_stamp": 4455.9,
  "wall_time": 1776688645.313779,
  "prompt": "small shelf entrance",
  "goal_id": "enter_small_shelf_row",
  "goal_pose": {
    "frame_id": "map",
    "x": 3.774,
    "y": 1.856,
    "yaw_rad": -1.5940000000000003
  },
  "odom": {
    "position": {
      "x": 2.1715621382453074,
      "y": -6.755463418331565,
      "z": 0.0
    },
    "orientation_quat": {
      "x": 0.0016346287935540664,
      "y": -0.0015061569185756101,
      "z": 0.735415451970048,
      "w": 0.6776128485232065
    },
    "yaw_rad": 1.652564531977067,
    "linear_vel": {
      "x": 0.14109364069953917,
      "y": 1.3660839811835662e-06
    },
    "angular_vel_z": 0.007717085224471787
  }
}