{
  "frame_idx": 5,
  "ros_stamp": 4457.9,
  "wall_time": 1776688647.4189222,
  "prompt": "small shelf entrance",
  "goal_id": "enter_small_shelf_row",
  "goal_pose": {
    "frame_id": "map",
    "x": 3.774,
    "y": 1.856,
    "yaw_rad": -1.5940000000000003
  },
  "odom": {
    "position": {
      "x": 2.149733584491996,
      "y": -6.453546064506286,
      "z": 0.0
    },
    "orientation_quat": {
      "x": -0.00106638630507374,
      "y": 0.0010213406209526397,
      "z": 0.7221933585593201,
      "w": 0.691689650447651
    },
    "yaw_rad": 1.6139384772055767,
    "linear_vel": {
      "x": 0.13983130279975914,
      "y": 1.3478040100995382e-05
    },
    "angular_vel_z": -0.036481208836305616
  }
}