{
  "frame_idx": 6,
  "ros_stamp": 4459.9,
  "wall_time": 1776688649.5968246,
  "prompt": "small shelf entrance",
  "goal_id": "enter_small_shelf_row",
  "goal_pose": {
    "frame_id": "map",
    "x": 3.774,
    "y": 1.856,
    "yaw_rad": -1.5940000000000003
  },
  "odom": {
    "position": {
      "x": 2.1582518730801588,
      "y": -6.230255490470844,
      "z": 0.0
    },
    "orientation_quat": {
      "x": 0.0007937313607439747,
      "y": -0.0009244714368396167,
      "z": 0.6517298365111727,
      "w": 0.7584502195557792
    },
    "yaw_rad": 1.419727190435737,
    "linear_vel": {
      "x": 0.08715376691282291,
      "y": -1.129328382916378e-05
    },
    "angular_vel_z": -0.09421433403599386
  }
}