{
  "frame_idx": 7,
  "ros_stamp": 4461.9,
  "wall_time": 1776688651.7095213,
  "prompt": "small shelf entrance",
  "goal_id": "enter_small_shelf_row",
  "goal_pose": {
    "frame_id": "map",
    "x": 3.774,
    "y": 1.856,
    "yaw_rad": -1.5940000000000003
  },
  "odom": {
    "position": {
      "x": 2.198622808627659,
      "y": -6.083994293612755,
      "z": 0.0
    },
    "orientation_quat": {
      "x": 0.00038007105492766013,
      "y": -0.0005850374497257236,
      "z": 0.5463520747261182,
      "w": 0.8375553257663888
    },
    "yaw_rad": 1.1560054728034108,
    "linear_vel": {
      "x": 0.06053397570708807,
      "y": -8.414461384441616e-06
    },
    "angular_vel_z": -0.1303762584343647
  }
}