{
  "frame_idx": 8,
  "ros_stamp": 4463.9,
  "wall_time": 1776688653.826338,
  "prompt": "small shelf entrance",
  "goal_id": "enter_small_shelf_row",
  "goal_pose": {
    "frame_id": "map",
    "x": 3.774,
    "y": 1.856,
    "yaw_rad": -1.5940000000000003
  },
  "odom": {
    "position": {
      "x": 2.243470885646393,
      "y": -6.004983689724298,
      "z": 0.0
    },
    "orientation_quat": {
      "x": 0.0006131270629071998,
      "y": -0.001176851844954461,
      "z": 0.4621185874587943,
      "w": 0.8868171458762107
    },
    "yaw_rad": 0.9607663016329588,
    "linear_vel": {
      "x": 0.07216088906008039,
      "y": -1.4267103967879273e-05
    },
    "angular_vel_z": -0.10114612039025994
  }
}