{
  "frame_idx": 9,
  "ros_stamp": 4465.9,
  "wall_time": 1776688656.0054657,
  "prompt": "small shelf entrance",
  "goal_id": "enter_small_shelf_row",
  "goal_pose": {
    "frame_id": "map",
    "x": 3.774,
    "y": 1.856,
    "yaw_rad": -1.5940000000000003
  },
  "odom": {
    "position": {
      "x": 2.3192402067976183,
      "y": -5.9168337331504315,
      "z": 0.0
    },
    "orientation_quat": {
      "x": -0.0005310516341946355,
      "y": 0.001316791664564809,
      "z": 0.37406411310848775,
      "w": 0.9274017593946188
    },
    "yaw_rad": 0.7667756546851793,
    "linear_vel": {
      "x": 0.044680589813726884,
      "y": 1.9540705168546662e-05
    },
    "angular_vel_z": -0.07309827873982419
  }
}