{
  "frame_idx": 10,
  "ros_stamp": 4467.9,
  "wall_time": 1776688658.1005514,
  "prompt": "small shelf entrance",
  "goal_id": "enter_small_shelf_row",
  "goal_pose": {
    "frame_id": "map",
    "x": 3.774,
    "y": 1.856,
    "yaw_rad": -1.5940000000000003
  },
  "odom": {
    "position": {
      "x": 2.399408178883495,
      "y": -5.851960997080357,
      "z": 0.0
    },
    "orientation_quat": {
      "x": 0.00028631047105928133,
      "y": -0.0009426435563092045,
      "z": 0.29060587035133917,
      "w": 0.9568423368386145
    },
    "yaw_rad": 0.5897202432689704,
    "linear_vel": {
      "x": 0.04086678758427132,
      "y": -1.1130743678818827e-05
    },
    "angular_vel_z": -0.09250433090612262
  }
}