{
  "frame_idx": 11,
  "ros_stamp": 4469.9,
  "wall_time": 1776688660.2629583,
  "prompt": "small shelf entrance",
  "goal_id": "enter_small_shelf_row",
  "goal_pose": {
    "frame_id": "map",
    "x": 3.774,
    "y": 1.856,
    "yaw_rad": -1.5940000000000003
  },
  "odom": {
    "position": {
      "x": 2.4908863494775066,
      "y": -5.8042092899368125,
      "z": 0.0
    },
    "orientation_quat": {
      "x": -0.0002138516857885621,
      "y": 0.0011233115608808796,
      "z": 0.18687624833407981,
      "w": 0.982382797206452
    },
    "yaw_rad": 0.3759630698096528,
    "linear_vel": {
      "x": 0.050875766365132594,
      "y": 2.3249290526114946e-05
    },
    "angular_vel_z": -0.09527323503547844
  }
}