{
  "frame_idx": 12,
  "ros_stamp": 4471.9,
  "wall_time": 1776688662.3880546,
  "prompt": "small shelf entrance",
  "goal_id": "enter_small_shelf_row",
  "goal_pose": {
    "frame_id": "map",
    "x": 3.774,
    "y": 1.856,
    "yaw_rad": -1.5940000000000003
  },
  "odom": {
    "position": {
      "x": 2.5629405819844258,
      "y": -5.782024593111423,
      "z": 0.0
    },
    "orientation_quat": {
      "x": -0.0001579663681280006,
      "y": 0.001457546670791452,
      "z": 0.10289415401395181,
      "w": 0.9946912303192796
    },
    "yaw_rad": 0.20615337093284702,
    "linear_vel": {
      "x": 0.032797629362672796,
      "y": 2.1819921580426805e-05
    },
    "angular_vel_z": -0.09221386887824953
  }
}