{
  "frame_idx": 13,
  "ros_stamp": 4473.9,
  "wall_time": 1776688664.4959807,
  "prompt": "small shelf entrance",
  "goal_id": "enter_small_shelf_row",
  "goal_pose": {
    "frame_id": "map",
    "x": 3.774,
    "y": 1.856,
    "yaw_rad": -1.5940000000000003
  },
  "odom": {
    "position": {
      "x": 2.623322055608237,
      "y": -5.772968319572943,
      "z": 0.0
    },
    "orientation_quat": {
      "x": -0.00010648110801431452,
      "y": 0.00222009284512664,
      "z": 0.04790709779212682,
      "w": 0.9988493228864243
    },
    "yaw_rad": 0.0958511207950494,
    "linear_vel": {
      "x": 0.023604117586877187,
      "y": 1.2935069173955076e-05
    },
    "angular_vel_z": -0.03428203276660084
  }
}