{
  "frame_idx": 14,
  "ros_stamp": 4475.9,
  "wall_time": 1776688666.6596344,
  "prompt": "small shelf entrance",
  "goal_id": "enter_small_shelf_row",
  "goal_pose": {
    "frame_id": "map",
    "x": 3.774,
    "y": 1.856,
    "yaw_rad": -1.5940000000000003
  },
  "odom": {
    "position": {
      "x": 2.645391815133333,
      "y": -5.7713955982414795,
      "z": 0.0
    },
    "orientation_quat": {
      "x": -8.165884515669766e-06,
      "y": 0.00042977399692184634,
      "z": 0.019144973093744678,
      "w": 0.9998166258033868
    },
    "yaw_rad": 0.038292289235147874,
    "linear_vel": {
      "x": 0.002340350580715833,
      "y": 2.7546274136278908e-06
    },
    "angular_vel_z": -0.03938997113399023
  }
}