{
  "frame_idx": 15,
  "ros_stamp": 4477.9,
  "wall_time": 1776688668.7641864,
  "prompt": "small shelf entrance",
  "goal_id": "enter_small_shelf_row",
  "goal_pose": {
    "frame_id": "map",
    "x": 3.774,
    "y": 1.856,
    "yaw_rad": -1.5940000000000003
  },
  "odom": {
    "position": {
      "x": 2.6458486718263843,
      "y": -5.77139217366993,
      "z": 0.0
    },
    "orientation_quat": {
      "x": 4.344818575288831e-06,
      "y": 0.0018269172679320675,
      "z": -0.0023438407113566366,
      "w": 0.9999955843728203
    },
    "yaw_rad": -0.004687693308257353,
    "linear_vel": {
      "x": 0.004029806904092643,
      "y": 7.068312619190461e-06
    },
    "angular_vel_z": -0.02422950580663611
  }
}