{
  "frame_idx": 16,
  "ros_stamp": 4479.9,
  "wall_time": 1776688670.935417,
  "prompt": "small shelf entrance",
  "goal_id": "enter_small_shelf_row",
  "goal_pose": {
    "frame_id": "map",
    "x": 3.774,
    "y": 1.856,
    "yaw_rad": -1.5940000000000003
  },
  "odom": {
    "position": {
      "x": 2.7040173526470888,
      "y": -5.790047051455866,
      "z": 0.0
    },
    "orientation_quat": {
      "x": -0.0007461713389029016,
      "y": 0.0020919314313151433,
      "z": 0.3365689442771766,
      "w": 0.941656207328007
    },
    "yaw_rad": 0.6865435384425377,
    "linear_vel": {
      "x": 0.0967742562160532,
      "y": -0.133796038680906
    },
    "angular_vel_z": 0.30884532191003855
  }
}