{
  "frame_idx": 17,
  "ros_stamp": 4481.9,
  "wall_time": 1776688673.070251,
  "prompt": "small shelf entrance",
  "goal_id": "enter_small_shelf_row",
  "goal_pose": {
    "frame_id": "map",
    "x": 3.774,
    "y": 1.856,
    "yaw_rad": -1.5940000000000003
  },
  "odom": {
    "position": {
      "x": 2.79369607391566,
      "y": -5.804808104543631,
      "z": 0.0
    },
    "orientation_quat": {
      "x": -0.0009227391123572751,
      "y": 0.002022084320203011,
      "z": 0.4151607306739528,
      "w": 0.9097453640628251
    },
    "yaw_rad": 0.8562411983853807,
    "linear_vel": {
      "x": 0.0,
      "y": 0.0
    },
    "angular_vel_z": 0.0
  }
}