{
  "frame_idx": 18,
  "ros_stamp": 4483.9,
  "wall_time": 1776688675.1764066,
  "prompt": "small shelf entrance",
  "goal_id": "enter_small_shelf_row",
  "goal_pose": {
    "frame_id": "map",
    "x": 3.774,
    "y": 1.856,
    "yaw_rad": -1.5940000000000003
  },
  "odom": {
    "position": {
      "x": 2.793697090452731,
      "y": -5.804808195091458,
      "z": 0.0
    },
    "orientation_quat": {
      "x": -0.000922770570253264,
      "y": 0.0020221481020423486,
      "z": 0.41516159972251915,
      "w": 0.9097449672998289
    },
    "yaw_rad": 0.8562431090613954,
    "linear_vel": {
      "x": 0.0,
      "y": 0.0
    },
    "angular_vel_z": 0.0
  }
}