{
  "frame_idx": 21,
  "ros_stamp": 4489.9,
  "wall_time": 1776688681.6590948,
  "prompt": "small shelf entrance",
  "goal_id": "enter_small_shelf_row",
  "goal_pose": {
    "frame_id": "map",
    "x": 3.774,
    "y": 1.856,
    "yaw_rad": -1.5940000000000003
  },
  "odom": {
    "position": {
      "x": 2.7936950871674453,
      "y": -5.80480810932381,
      "z": 0.0
    },
    "orientation_quat": {
      "x": -0.0009227102394481112,
      "y": 0.002022025690581095,
      "z": 0.415159915439871,
      "w": 0.909745736252652
    },
    "yaw_rad": 0.8562394060281765,
    "linear_vel": {
      "x": 0.0,
      "y": 0.0
    },
    "angular_vel_z": 0.0
  }
}