{
  "frame_idx": 24,
  "ros_stamp": 4495.9,
  "wall_time": 1776688688.0889997,
  "prompt": "small shelf entrance",
  "goal_id": "enter_small_shelf_row",
  "goal_pose": {
    "frame_id": "map",
    "x": 3.774,
    "y": 1.856,
    "yaw_rad": -1.5940000000000003
  },
  "odom": {
    "position": {
      "x": 2.8162225666755374,
      "y": -5.7846923931513965,
      "z": 0.0
    },
    "orientation_quat": {
      "x": 0.0006597360962123542,
      "y": -0.002126867979019729,
      "z": 0.29631689647778053,
      "w": 0.9550870840099658
    },
    "yaw_rad": 0.6016696270816819,
    "linear_vel": {
      "x": 0.030689522292574038,
      "y": -3.873346561374438e-05
    },
    "angular_vel_z": -0.12106235351317265
  }
}