{
  "frame_idx": 25,
  "ros_stamp": 4497.9,
  "wall_time": 1776688690.1873052,
  "prompt": "small shelf entrance",
  "goal_id": "enter_small_shelf_row",
  "goal_pose": {
    "frame_id": "map",
    "x": 3.774,
    "y": 1.856,
    "yaw_rad": -1.5940000000000003
  },
  "odom": {
    "position": {
      "x": 3.0188160240005546,
      "y": -5.666795301054484,
      "z": 0.0
    },
    "orientation_quat": {
      "x": 0.00017683873750215067,
      "y": -0.0006351020247860347,
      "z": 0.27480907820240563,
      "w": 0.9614985886162408
    },
    "yaw_rad": 0.5567823899542488,
    "linear_vel": {
      "x": 0.20228941709638013,
      "y": -1.1569249752324084e-05
    },
    "angular_vel_z": 0.10469976123986804
  }
}