{
  "frame_idx": 26,
  "ros_stamp": 4499.9,
  "wall_time": 1776688692.3610268,
  "prompt": "small shelf entrance",
  "goal_id": "enter_small_shelf_row",
  "goal_pose": {
    "frame_id": "map",
    "x": 3.774,
    "y": 1.856,
    "yaw_rad": -1.5940000000000003
  },
  "odom": {
    "position": {
      "x": 3.258457049583442,
      "y": -5.471545211181968,
      "z": 0.0
    },
    "orientation_quat": {
      "x": -0.0007599175980438584,
      "y": 0.0016831314424764281,
      "z": 0.408250420273121,
      "w": 0.9128681087323687
    },
    "yaw_rad": 0.841074837693235,
    "linear_vel": {
      "x": 0.13358704880570374,
      "y": 0.0003368384212735343
    },
    "angular_vel_z": 0.15844742670222817
  }
}