{
  "frame_idx": 27,
  "ros_stamp": 4501.9,
  "wall_time": 1776688694.5235896,
  "prompt": "small shelf entrance",
  "goal_id": "enter_small_shelf_row",
  "goal_pose": {
    "frame_id": "map",
    "x": 3.774,
    "y": 1.856,
    "yaw_rad": -1.5940000000000003
  },
  "odom": {
    "position": {
      "x": 3.3923924808459707,
      "y": -5.267312783393791,
      "z": 0.0
    },
    "orientation_quat": {
      "x": 0.0006087926890483318,
      "y": -0.0009477580830298735,
      "z": 0.5445053255697936,
      "w": 0.8387566283208799
    },
    "yaw_rad": 1.1515992983147385,
    "linear_vel": {
      "x": 0.09914253270269245,
      "y": 9.08337146902761e-06
    },
    "angular_vel_z": 0.12806079994260597
  }
}