{
  "frame_idx": 28,
  "ros_stamp": 4503.9,
  "wall_time": 1776688696.6175287,
  "prompt": "small shelf entrance",
  "goal_id": "enter_small_shelf_row",
  "goal_pose": {
    "frame_id": "map",
    "x": 3.774,
    "y": 1.856,
    "yaw_rad": -1.5940000000000003
  },
  "odom": {
    "position": {
      "x": 3.4682753013982754,
      "y": -5.007146781816311,
      "z": 0.0
    },
    "orientation_quat": {
      "x": 0.00022743985938581738,
      "y": -0.00026612025710803674,
      "z": 0.64828901526056,
      "w": 0.7613942672122063
    },
    "yaw_rad": 1.4106703198693586,
    "linear_vel": {
      "x": 0.14798424537268595,
      "y": -8.057012224691387e-06
    },
    "angular_vel_z": 0.09284422736514618
  }
}