{
  "frame_idx": 29,
  "ros_stamp": 4505.9,
  "wall_time": 1776688698.810323,
  "prompt": "small shelf entrance",
  "goal_id": "enter_small_shelf_row",
  "goal_pose": {
    "frame_id": "map",
    "x": 3.774,
    "y": 1.856,
    "yaw_rad": -1.5940000000000003
  },
  "odom": {
    "position": {
      "x": 3.4990041353626498,
      "y": -4.681330223136065,
      "z": 0.0
    },
    "orientation_quat": {
      "x": 0.000421939978857203,
      "y": -0.00044654399174715785,
      "z": 0.6868609744606851,
      "w": 0.7267885692056776
    },
    "yaw_rad": 1.5143226659177729,
    "linear_vel": {
      "x": 0.18950311855180696,
      "y": -3.8149881735351335e-06
    },
    "angular_vel_z": 0.033251908004910034
  }
}