{
  "frame_idx": 30,
  "ros_stamp": 4507.9,
  "wall_time": 1776688700.9452362,
  "prompt": "small shelf entrance",
  "goal_id": "enter_small_shelf_row",
  "goal_pose": {
    "frame_id": "map",
    "x": 3.774,
    "y": 1.856,
    "yaw_rad": -1.5940000000000003
  },
  "odom": {
    "position": {
      "x": 3.50561821815272,
      "y": -4.338674379447799,
      "z": 0.0
    },
    "orientation_quat": {
      "x": 0.0015777813276847588,
      "y": -0.0015664365441470677,
      "z": 0.7096527759888135,
      "w": 0.7045480781422985
    },
    "yaw_rad": 1.5780154932547577,
    "linear_vel": {
      "x": 0.17858754090089546,
      "y": 5.954199784981568e-06
    },
    "angular_vel_z": 0.035393489575986724
  }
}