{
  "frame_idx": 31,
  "ros_stamp": 4509.9,
  "wall_time": 1776688703.1480584,
  "prompt": "small shelf entrance",
  "goal_id": "enter_small_shelf_row",
  "goal_pose": {
    "frame_id": "map",
    "x": 3.774,
    "y": 1.856,
    "yaw_rad": -1.5940000000000003
  },
  "odom": {
    "position": {
      "x": 3.5015116046276344,
      "y": -3.996135745280449,
      "z": 0.0
    },
    "orientation_quat": {
      "x": 0.0007392266102870063,
      "y": -0.0007303799481028522,
      "z": 0.7113475355672495,
      "w": 0.7028396714269556
    },
    "yaw_rad": 1.582828342715415,
    "linear_vel": {
      "x": 0.18113122281500607,
      "y": -4.0387759123493834e-08
    },
    "angular_vel_z": 0.0011805792419889748
  }
}