{
  "frame_idx": 32,
  "ros_stamp": 4511.9,
  "wall_time": 1776688705.3226223,
  "prompt": "small shelf entrance",
  "goal_id": "enter_small_shelf_row",
  "goal_pose": {
    "frame_id": "map",
    "x": 3.774,
    "y": 1.856,
    "yaw_rad": -1.5940000000000003
  },
  "odom": {
    "position": {
      "x": 3.4980103480551907,
      "y": -3.641468507202451,
      "z": 0.0
    },
    "orientation_quat": {
      "x": -0.00011536270258035698,
      "y": 0.00011491852501151752,
      "z": 0.7084537095508491,
      "w": 0.7057572634474412
    },
    "yaw_rad": 1.574609679804444,
    "linear_vel": {
      "x": 0.17251360256502987,
      "y": 2.238384685630366e-06
    },
    "angular_vel_z": -0.011801376766919053
  }
}