{
  "frame_idx": 33,
  "ros_stamp": 4513.9,
  "wall_time": 1776688707.4213505,
  "prompt": "small shelf entrance",
  "goal_id": "enter_small_shelf_row",
  "goal_pose": {
    "frame_id": "map",
    "x": 3.774,
    "y": 1.856,
    "yaw_rad": -1.5940000000000003
  },
  "odom": {
    "position": {
      "x": 3.498295869719377,
      "y": -3.2889751067585666,
      "z": 0.0
    },
    "orientation_quat": {
      "x": -0.0015725184495479132,
      "y": 0.0015773641972621408,
      "z": 0.7060171343275171,
      "w": 0.7081912489884887
    },
    "yaw_rad": 1.5677216555279687,
    "linear_vel": {
      "x": 0.17782233412037465,
      "y": -1.6153550977125187e-05
    },
    "angular_vel_z": 0.029667803775109525
  }
}