{
  "frame_idx": 34,
  "ros_stamp": 4515.9,
  "wall_time": 1776688709.6087854,
  "prompt": "small shelf entrance",
  "goal_id": "enter_small_shelf_row",
  "goal_pose": {
    "frame_id": "map",
    "x": 3.774,
    "y": 1.856,
    "yaw_rad": -1.5940000000000003
  },
  "odom": {
    "position": {
      "x": 3.4990217930038843,
      "y": -2.9409886915072665,
      "z": 0.0
    },
    "orientation_quat": {
      "x": -0.0005696648523983855,
      "y": 0.0005712485210663127,
      "z": 0.7061259171301396,
      "w": 0.7080858269406345
    },
    "yaw_rad": 1.5680245939735105,
    "linear_vel": {
      "x": 0.1654243672085766,
      "y": -2.4146827630967115e-06
    },
    "angular_vel_z": 0.00850990041600534
  }
}