{
  "frame_idx": 35,
  "ros_stamp": 4517.9,
  "wall_time": 1776688711.7118745,
  "prompt": "small shelf entrance",
  "goal_id": "enter_small_shelf_row",
  "goal_pose": {
    "frame_id": "map",
    "x": 3.774,
    "y": 1.856,
    "yaw_rad": -1.5940000000000003
  },
  "odom": {
    "position": {
      "x": 3.499836963702452,
      "y": -2.5919851081703147,
      "z": 0.0
    },
    "orientation_quat": {
      "x": 0.0009035779620829277,
      "y": -0.0009062717451000134,
      "z": 0.7060527753296281,
      "w": 0.7081580619238337
    },
    "yaw_rad": 1.5678189984020312,
    "linear_vel": {
      "x": 0.1655363852444472,
      "y": 1.997313130714692e-07
    },
    "angular_vel_z": 0.004592487468081546
  }
}