{
  "frame_idx": 36,
  "ros_stamp": 4519.9,
  "wall_time": 1776688713.87354,
  "prompt": "small shelf entrance",
  "goal_id": "enter_small_shelf_row",
  "goal_pose": {
    "frame_id": "map",
    "x": 3.774,
    "y": 1.856,
    "yaw_rad": -1.5940000000000003
  },
  "odom": {
    "position": {
      "x": 3.5007228673889896,
      "y": -2.246822640363394,
      "z": 0.0
    },
    "orientation_quat": {
      "x": -0.0004714207258650752,
      "y": 0.0004720037040020063,
      "z": 0.7066686326162567,
      "w": 0.7075443439469167
    },
    "yaw_rad": 1.5695578835984985,
    "linear_vel": {
      "x": 0.17848060774686839,
      "y": -9.557646247343041e-07
    },
    "angular_vel_z": 0.003353819562877867
  }
}