{
  "frame_idx": 37,
  "ros_stamp": 4521.9,
  "wall_time": 1776688716.0519912,
  "prompt": "small shelf entrance",
  "goal_id": "enter_small_shelf_row",
  "goal_pose": {
    "frame_id": "map",
    "x": 3.774,
    "y": 1.856,
    "yaw_rad": -1.5940000000000003
  },
  "odom": {
    "position": {
      "x": 3.4999215160975696,
      "y": -1.8967352361256447,
      "z": 0.0
    },
    "orientation_quat": {
      "x": -0.0008040693460594231,
      "y": 0.0007979685689044478,
      "z": 0.7097937904342689,
      "w": 0.7044086113752464
    },
    "yaw_rad": 1.5784121433471325,
    "linear_vel": {
      "x": 0.1808762578250251,
      "y": -9.074758288566068e-06
    },
    "angular_vel_z": 0.025453225612288882
  }
}