{
  "frame_idx": 38,
  "ros_stamp": 4523.9,
  "wall_time": 1776688718.1561615,
  "prompt": "small shelf entrance",
  "goal_id": "enter_small_shelf_row",
  "goal_pose": {
    "frame_id": "map",
    "x": 3.774,
    "y": 1.856,
    "yaw_rad": -1.5940000000000003
  },
  "odom": {
    "position": {
      "x": 3.4994327456060788,
      "y": -1.5491499151096002,
      "z": 0.0
    },
    "orientation_quat": {
      "x": -0.001320273786109468,
      "y": 0.0013213757329635552,
      "z": 0.706810550527425,
      "w": 0.7074004216187748
    },
    "yaw_rad": 1.5699621216182171,
    "linear_vel": {
      "x": 0.1817501404775504,
      "y": -6.576905535024478e-06
    },
    "angular_vel_z": 0.014031489713160155
  }
}