{
  "frame_idx": 39,
  "ros_stamp": 4525.9,
  "wall_time": 1776688720.333816,
  "prompt": "small shelf entrance",
  "goal_id": "enter_small_shelf_row",
  "goal_pose": {
    "frame_id": "map",
    "x": 3.774,
    "y": 1.856,
    "yaw_rad": -1.5940000000000003
  },
  "odom": {
    "position": {
      "x": 3.4981280373572257,
      "y": -1.2092155863368625,
      "z": 0.0
    },
    "orientation_quat": {
      "x": 0.0008187548504158281,
      "y": -0.0008162366309079754,
      "z": 0.7081949953011135,
      "w": 0.7060159431830936
    },
    "yaw_rad": 1.5738779751338259,
    "linear_vel": {
      "x": 0.17811492822671532,
      "y": -1.9701222560921295e-08
    },
    "angular_vel_z": -0.008074462533134142
  }
}