{
  "frame_idx": 40,
  "ros_stamp": 4527.9,
  "wall_time": 1776688722.4505155,
  "prompt": "small shelf entrance",
  "goal_id": "enter_small_shelf_row",
  "goal_pose": {
    "frame_id": "map",
    "x": 3.774,
    "y": 1.856,
    "yaw_rad": -1.5940000000000003
  },
  "odom": {
    "position": {
      "x": 3.4982090585482783,
      "y": -0.8527246836943594,
      "z": 0.0
    },
    "orientation_quat": {
      "x": -0.0015648092163282141,
      "y": 0.001580940097304612,
      "z": 0.7034698507176237,
      "w": 0.7107216199974848
    },
    "yaw_rad": 1.560540706011343,
    "linear_vel": {
      "x": 0.173141620963304,
      "y": 1.8048539592405815e-06
    },
    "angular_vel_z": -0.003469256099405754
  }
}