{
  "frame_idx": 41,
  "ros_stamp": 4529.9,
  "wall_time": 1776688724.5958858,
  "prompt": "small shelf entrance",
  "goal_id": "enter_small_shelf_row",
  "goal_pose": {
    "frame_id": "map",
    "x": 3.774,
    "y": 1.856,
    "yaw_rad": -1.5940000000000003
  },
  "odom": {
    "position": {
      "x": 3.503132949965453,
      "y": -0.48699934279835283,
      "z": 0.0
    },
    "orientation_quat": {
      "x": -0.0014004464570119505,
      "y": 0.001420540237724329,
      "z": 0.7020516762215019,
      "w": 0.7121232089531513
    },
    "yaw_rad": 1.556552879880573,
    "linear_vel": {
      "x": 0.17298646479358454,
      "y": -7.235939850127053e-06
    },
    "angular_vel_z": 0.015071118665038014
  }
}