{
  "frame_idx": 42,
  "ros_stamp": 4531.9,
  "wall_time": 1776688726.7688036,
  "prompt": "small shelf entrance",
  "goal_id": "enter_small_shelf_row",
  "goal_pose": {
    "frame_id": "map",
    "x": 3.774,
    "y": 1.856,
    "yaw_rad": -1.5940000000000003
  },
  "odom": {
    "position": {
      "x": 3.505770074416101,
      "y": -0.16700316944481589,
      "z": 0.0
    },
    "orientation_quat": {
      "x": -0.00014956357621011293,
      "y": 0.00014973937797849746,
      "z": 0.7066732191297126,
      "w": 0.707540045915215
    },
    "yaw_rad": 1.5695704484921067,
    "linear_vel": {
      "x": 0.1671312075962423,
      "y": -2.3164650336287867e-06
    },
    "angular_vel_z": 0.011340909830438705
  }
}