{
  "frame_idx": 43,
  "ros_stamp": 4533.9,
  "wall_time": 1776688728.8671012,
  "prompt": "small shelf entrance",
  "goal_id": "enter_small_shelf_row",
  "goal_pose": {
    "frame_id": "map",
    "x": 3.774,
    "y": 1.856,
    "yaw_rad": -1.5940000000000003
  },
  "odom": {
    "position": {
      "x": 3.5076403031643,
      "y": 0.18607525515702794,
      "z": 0.0
    },
    "orientation_quat": {
      "x": -0.0009910254261311239,
      "y": 0.0010048308894564772,
      "z": 0.7021947060824872,
      "w": 0.7119835692859897
    },
    "yaw_rad": 1.5569526593403924,
    "linear_vel": {
      "x": 0.16713498300073454,
      "y": 2.0195916240999764e-06
    },
    "angular_vel_z": -0.00548721604020751
  }
}