{
  "frame_idx": 44,
  "ros_stamp": 4535.9,
  "wall_time": 1776688731.041337,
  "prompt": "small shelf entrance",
  "goal_id": "enter_small_shelf_row",
  "goal_pose": {
    "frame_id": "map",
    "x": 3.774,
    "y": 1.856,
    "yaw_rad": -1.5940000000000003
  },
  "odom": {
    "position": {
      "x": 3.514720196755168,
      "y": 0.5255517214947029,
      "z": 0.0
    },
    "orientation_quat": {
      "x": -0.0011076580648115332,
      "y": 0.0011438533727197969,
      "z": 0.6956481827302889,
      "w": 0.7183808673378766
    },
    "yaw_rad": 1.5386460305134482,
    "linear_vel": {
      "x": 0.1730678201168284,
      "y": 4.890232116459197e-06
    },
    "angular_vel_z": -0.011470043504237356
  }
}