{
  "frame_idx": 45,
  "ros_stamp": 4537.9,
  "wall_time": 1776688733.180589,
  "prompt": "small shelf entrance",
  "goal_id": "enter_small_shelf_row",
  "goal_pose": {
    "frame_id": "map",
    "x": 3.774,
    "y": 1.856,
    "yaw_rad": -1.5940000000000003
  },
  "odom": {
    "position": {
      "x": 3.5383328399785263,
      "y": 0.9472886319270977,
      "z": 0.0
    },
    "orientation_quat": {
      "x": -0.0015127337879505963,
      "y": 0.001638786004248094,
      "z": 0.6782794043850723,
      "w": 0.7348007046838964
    },
    "yaw_rad": 1.4908416431427847,
    "linear_vel": {
      "x": 0.1941667298457004,
      "y": 2.043613402535526e-05
    },
    "angular_vel_z": -0.0373050031411728
  }
}