{
  "frame_idx": 46,
  "ros_stamp": 4539.9,
  "wall_time": 1776688735.330132,
  "prompt": "small shelf entrance",
  "goal_id": "enter_small_shelf_row",
  "goal_pose": {
    "frame_id": "map",
    "x": 3.774,
    "y": 1.856,
    "yaw_rad": -1.5940000000000003
  },
  "odom": {
    "position": {
      "x": 3.5798243902704208,
      "y": 1.30067434346859,
      "z": 0.0
    },
    "orientation_quat": {
      "x": -0.0014518095803582598,
      "y": 0.0016836499015994218,
      "z": 0.6526881253587122,
      "w": 0.757623434555506
    },
    "yaw_rad": 1.4222585031426687,
    "linear_vel": {
      "x": 0.15231280134093567,
      "y": 7.92982693743316e-06
    },
    "angular_vel_z": -0.01760407882409647
  }
}