{
  "frame_idx": 47,
  "ros_stamp": 4541.9,
  "wall_time": 1776688737.549937,
  "prompt": "small shelf entrance",
  "goal_id": "enter_small_shelf_row",
  "goal_pose": {
    "frame_id": "map",
    "x": 3.774,
    "y": 1.856,
    "yaw_rad": -1.5940000000000003
  },
  "odom": {
    "position": {
      "x": 3.6463226626946015,
      "y": 1.5884361530860833,
      "z": 0.0
    },
    "orientation_quat": {
      "x": -0.0009695722928777992,
      "y": 0.0014272724738584222,
      "z": 0.5619160926764197,
      "w": 0.8271924368695107
    },
    "yaw_rad": 1.1934027388599804,
    "linear_vel": {
      "x": 0.13989975484117206,
      "y": 6.711136268284468e-05
    },
    "angular_vel_z": -0.16526513557334419
  }
}