{
  "frame_idx": 48,
  "ros_stamp": 4543.9,
  "wall_time": 1776688739.658402,
  "prompt": "small shelf entrance",
  "goal_id": "enter_small_shelf_row",
  "goal_pose": {
    "frame_id": "map",
    "x": 3.774,
    "y": 1.856,
    "yaw_rad": -1.5940000000000003
  },
  "odom": {
    "position": {
      "x": 3.7565919812507307,
      "y": 1.7776872833264743,
      "z": 0.0
    },
    "orientation_quat": {
      "x": -0.000914814518686357,
      "y": 0.002033533909142712,
      "z": 0.41032353503748514,
      "w": 0.9119372919497143
    },
    "yaw_rad": 0.8456198589812028,
    "linear_vel": {
      "x": 0.0684755898718362,
      "y": 7.943605640030721e-05
    },
    "angular_vel_z": -0.19059824608014347
  }
}