{
  "frame_idx": 49,
  "ros_stamp": 4545.9,
  "wall_time": 1776688741.8096538,
  "prompt": "small shelf entrance",
  "goal_id": "enter_small_shelf_row",
  "goal_pose": {
    "frame_id": "map",
    "x": 3.774,
    "y": 1.856,
    "yaw_rad": -1.5940000000000003
  },
  "odom": {
    "position": {
      "x": 3.819212012235149,
      "y": 1.830729357742867,
      "z": 0.0
    },
    "orientation_quat": {
      "x": -0.00043019116633429087,
      "y": 0.0017342874034481247,
      "z": 0.23779569461213348,
      "w": 0.9713135512318849
    },
    "yaw_rad": 0.48019239329267405,
    "linear_vel": {
      "x": 0.020935962343366105,
      "y": 5.132190137540844e-05
    },
    "angular_vel_z": -0.17561698802373144
  }
}