{
  "frame_idx": 50,
  "ros_stamp": 4547.9,
  "wall_time": 1776688743.948326,
  "prompt": "small shelf entrance",
  "goal_id": "enter_small_shelf_row",
  "goal_pose": {
    "frame_id": "map",
    "x": 3.774,
    "y": 1.856,
    "yaw_rad": -1.5940000000000003
  },
  "odom": {
    "position": {
      "x": 3.8289395701459648,
      "y": 1.8347669944032317,
      "z": 0.0
    },
    "orientation_quat": {
      "x": -0.00014177288338739036,
      "y": 0.002218191009480291,
      "z": 0.06381175204354421,
      "w": 0.9979594780502004
    },
    "yaw_rad": 0.1277105919001974,
    "linear_vel": {
      "x": 0.0002455066646961543,
      "y": 6.136639713181158e-05
    },
    "angular_vel_z": -0.17581871572762914
  }
}