{
  "frame_idx": 51,
  "ros_stamp": 4549.9,
  "wall_time": 1776688746.0483704,
  "prompt": "small shelf entrance",
  "goal_id": "enter_small_shelf_row",
  "goal_pose": {
    "frame_id": "map",
    "x": 3.774,
    "y": 1.856,
    "yaw_rad": -1.5940000000000003
  },
  "odom": {
    "position": {
      "x": 3.8296879097412053,
      "y": 1.8349224198707252,
      "z": 0.0
    },
    "orientation_quat": {
      "x": 0.0002225900409763839,
      "y": 0.0022115155961611563,
      "z": -0.10011760110642802,
      "w": 0.9949731280799174
    },
    "yaw_rad": -0.20057172769675133,
    "linear_vel": {
      "x": 0.00018207110858769343,
      "y": 5.5605327810149726e-05
    },
    "angular_vel_z": -0.15880899011445282
  }
}