{
  "frame_idx": 52,
  "ros_stamp": 4551.9,
  "wall_time": 1776688748.2387862,
  "prompt": "small shelf entrance",
  "goal_id": "enter_small_shelf_row",
  "goal_pose": {
    "frame_id": "map",
    "x": 3.774,
    "y": 1.856,
    "yaw_rad": -1.5940000000000003
  },
  "odom": {
    "position": {
      "x": 3.8297365456146393,
      "y": 1.8350226208465863,
      "z": 0.0
    },
    "orientation_quat": {
      "x": 0.000536359914707924,
      "y": 0.0021569932919825534,
      "z": -0.24128828109994055,
      "w": 0.9704509390493763
    },
    "yaw_rad": -0.48738750138492537,
    "linear_vel": {
      "x": -3.0271080943062124e-07,
      "y": 6.164211978348676e-05
    },
    "angular_vel_z": -0.1762252859922108
  }
}