{
  "frame_idx": 53,
  "ros_stamp": 4553.9,
  "wall_time": 1776688750.333217,
  "prompt": "small shelf entrance",
  "goal_id": "enter_small_shelf_row",
  "goal_pose": {
    "frame_id": "map",
    "x": 3.774,
    "y": 1.856,
    "yaw_rad": -1.5940000000000003
  },
  "odom": {
    "position": {
      "x": 3.829793642091938,
      "y": 1.8351016713731327,
      "z": 0.0
    },
    "orientation_quat": {
      "x": 0.0008197479093199431,
      "y": 0.00206598825958793,
      "z": -0.3687915340644835,
      "w": 0.9295094749964851
    },
    "yaw_rad": -0.7554191140739014,
    "linear_vel": {
      "x": -4.557783463515104e-09,
      "y": 4.258706110151948e-05
    },
    "angular_vel_z": -0.12280285773504862
  }
}