{
  "frame_idx": 54,
  "ros_stamp": 4555.9,
  "wall_time": 1776688752.466592,
  "prompt": "small shelf entrance",
  "goal_id": "enter_small_shelf_row",
  "goal_pose": {
    "frame_id": "map",
    "x": 3.774,
    "y": 1.856,
    "yaw_rad": -1.5940000000000003
  },
  "odom": {
    "position": {
      "x": 3.8298991567794896,
      "y": 1.8351014035465527,
      "z": 0.0
    },
    "orientation_quat": {
      "x": 0.001052845675201966,
      "y": 0.001957525023217489,
      "z": -0.4736644715950422,
      "w": 0.8807025763334391
    },
    "yaw_rad": -0.9868966206392074,
    "linear_vel": {
      "x": -7.293961639607109e-06,
      "y": 3.448953210864264e-05
    },
    "angular_vel_z": -0.09842306138274845
  }
}