{
  "frame_idx": 55,
  "ros_stamp": 4557.9,
  "wall_time": 1776688754.617008,
  "prompt": "small shelf entrance",
  "goal_id": "enter_small_shelf_row",
  "goal_pose": {
    "frame_id": "map",
    "x": 3.774,
    "y": 1.856,
    "yaw_rad": -1.5940000000000003
  },
  "odom": {
    "position": {
      "x": 3.8299607053810316,
      "y": 1.8351329676530599,
      "z": 0.0
    },
    "orientation_quat": {
      "x": 0.0012324973104748688,
      "y": 0.0018496781400948517,
      "z": -0.5544963285069138,
      "w": 0.8321832017732096
    },
    "yaw_rad": -1.1755185018311736,
    "linear_vel": {
      "x": 2.9238414797228263e-07,
      "y": 2.986159767652259e-05
    },
    "angular_vel_z": -0.084310006032651
  }
}