{
  "frame_idx": 0,
  "ros_stamp": 3597.9,
  "wall_time": 1776687716.07825,
  "prompt": "go to the small shelf entrance",
  "goal_id": "enter_small_shelf_row",
  "goal_pose": {
    "frame_id": "map",
    "x": 3.774,
    "y": 1.856,
    "yaw_rad": -1.5940000000000003
  },
  "odom": {
    "position": {
      "x": 2.0296811480403147,
      "y": -7.697526027303178,
      "z": 0.0
    },
    "orientation_quat": {
      "x": -0.00117171826782011,
      "y": 0.0018281238051572595,
      "z": 0.5396233584156167,
      "w": 0.8419037451466199
    },
    "yaw_rad": 1.1399823777443756,
    "linear_vel": {
      "x": 0.11601523357833479,
      "y": -6.943122787365038e-05
    },
    "angular_vel_z": 0.15146684644421501
  }
}