{
  "frame_idx": 1,
  "ros_stamp": 3599.9,
  "wall_time": 1776687718.1747074,
  "prompt": "go to the small shelf entrance",
  "goal_id": "enter_small_shelf_row",
  "goal_pose": {
    "frame_id": "map",
    "x": 3.774,
    "y": 1.856,
    "yaw_rad": -1.5940000000000003
  },
  "odom": {
    "position": {
      "x": 2.102967747513973,
      "y": -7.457144475876403,
      "z": 0.0
    },
    "orientation_quat": {
      "x": 0.00014908494580993402,
      "y": -0.00017948664256830179,
      "z": 0.6371442378731551,
      "w": 0.7707445528210112
    },
    "yaw_rad": 1.3815747770949265,
    "linear_vel": {
      "x": 0.14595944244675776,
      "y": -1.038178435548339e-05
    },
    "angular_vel_z": 0.1016757463656476
  }
}