{
  "frame_idx": 2,
  "ros_stamp": 3601.9,
  "wall_time": 1776687720.5010405,
  "prompt": "go to the small shelf entrance",
  "goal_id": "enter_small_shelf_row",
  "goal_pose": {
    "frame_id": "map",
    "x": 3.774,
    "y": 1.856,
    "yaw_rad": -1.5940000000000003
  },
  "odom": {
    "position": {
      "x": 2.135013465360008,
      "y": -7.143641003239796,
      "z": 0.0
    },
    "orientation_quat": {
      "x": -0.0008760502084181677,
      "y": 0.0009125544868808208,
      "z": 0.6922314763802607,
      "w": 0.7216744299812384
    },
    "yaw_rad": 1.529154659260211,
    "linear_vel": {
      "x": 0.16010858588230706,
      "y": -1.1591037710904604e-05
    },
    "angular_vel_z": 0.031847444272462756
  }
}