{
  "frame_idx": 3,
  "ros_stamp": 3603.9,
  "wall_time": 1776687722.619933,
  "prompt": "go to the small shelf entrance",
  "goal_id": "enter_small_shelf_row",
  "goal_pose": {
    "frame_id": "map",
    "x": 3.774,
    "y": 1.856,
    "yaw_rad": -1.5940000000000003
  },
  "odom": {
    "position": {
      "x": 2.1388700436657606,
      "y": -6.820543405747354,
      "z": 0.0
    },
    "orientation_quat": {
      "x": 0.0015121476993287773,
      "y": -0.001500324619981156,
      "z": 0.7098747454509333,
      "w": 0.7043247178726177
    },
    "yaw_rad": 1.5786452890210492,
    "linear_vel": {
      "x": 0.16902206348795468,
      "y": 4.2691921630374255e-06
    },
    "angular_vel_z": 0.026157629360063106
  }
}