{
  "frame_idx": 4,
  "ros_stamp": 3605.9,
  "wall_time": 1776687724.744475,
  "prompt": "go to the small shelf entrance",
  "goal_id": "enter_small_shelf_row",
  "goal_pose": {
    "frame_id": "map",
    "x": 3.774,
    "y": 1.856,
    "yaw_rad": -1.5940000000000003
  },
  "odom": {
    "position": {
      "x": 2.1381771726784313,
      "y": -6.495296432824888,
      "z": 0.0
    },
    "orientation_quat": {
      "x": -0.0015445653573813048,
      "y": 0.0015966890486723009,
      "z": 0.6956834432931003,
      "w": 0.7183450505361573
    },
    "yaw_rad": 1.5387465292999376,
    "linear_vel": {
      "x": 0.15570486160467312,
      "y": 2.5510285467249575e-05
    },
    "angular_vel_z": -0.04951594068108382
  }
}