{
  "frame_idx": 5,
  "ros_stamp": 3607.9,
  "wall_time": 1776687726.9837954,
  "prompt": "go to the small shelf entrance",
  "goal_id": "enter_small_shelf_row",
  "goal_pose": {
    "frame_id": "map",
    "x": 3.774,
    "y": 1.856,
    "yaw_rad": -1.5940000000000003
  },
  "odom": {
    "position": {
      "x": 2.1610238283842156,
      "y": -6.240033589521076,
      "z": 0.0
    },
    "orientation_quat": {
      "x": 0.0014224544820736532,
      "y": -0.0017082771641978532,
      "z": 0.6398816853546905,
      "w": 0.7684702252917921
    },
    "yaw_rad": 1.3886927049050188,
    "linear_vel": {
      "x": 0.12720610473225663,
      "y": -2.722401374438825e-05
    },
    "angular_vel_z": -0.1261533134010382
  }
}