{
  "frame_idx": 6,
  "ros_stamp": 3609.9,
  "wall_time": 1776687729.1285663,
  "prompt": "go to the small shelf entrance",
  "goal_id": "enter_small_shelf_row",
  "goal_pose": {
    "frame_id": "map",
    "x": 3.774,
    "y": 1.856,
    "yaw_rad": -1.5940000000000003
  },
  "odom": {
    "position": {
      "x": 2.208247288574457,
      "y": -6.078519554789528,
      "z": 0.0
    },
    "orientation_quat": {
      "x": -0.0012147358989097092,
      "y": 0.0018738412269560152,
      "z": 0.5456372486643165,
      "w": 0.8380184997992508
    },
    "yaw_rad": 1.1543019611237215,
    "linear_vel": {
      "x": 0.06003861001705172,
      "y": 0.0006453294028367395
    },
    "angular_vel_z": -0.13045108458775345
  }
}