{
  "frame_idx": 7,
  "ros_stamp": 3611.9,
  "wall_time": 1776687731.42782,
  "prompt": "go to the small shelf entrance",
  "goal_id": "enter_small_shelf_row",
  "goal_pose": {
    "frame_id": "map",
    "x": 3.774,
    "y": 1.856,
    "yaw_rad": -1.5940000000000003
  },
  "odom": {
    "position": {
      "x": 2.2649644618298193,
      "y": -5.980661018427542,
      "z": 0.0
    },
    "orientation_quat": {
      "x": 0.0009360233786185973,
      "y": -0.0018249838421225029,
      "z": 0.45635195197957323,
      "w": 0.8897969932623081
    },
    "yaw_rad": 0.947784183120735,
    "linear_vel": {
      "x": 0.0642454507465869,
      "y": -2.1253807093995702e-05
    },
    "angular_vel_z": -0.08742972225517938
  }
}