{
  "frame_idx": 8,
  "ros_stamp": 3613.9,
  "wall_time": 1776687733.584043,
  "prompt": "go to the small shelf entrance",
  "goal_id": "enter_small_shelf_row",
  "goal_pose": {
    "frame_id": "map",
    "x": 3.774,
    "y": 1.856,
    "yaw_rad": -1.5940000000000003
  },
  "odom": {
    "position": {
      "x": 2.3443273024192934,
      "y": -5.892114320081185,
      "z": 0.0
    },
    "orientation_quat": {
      "x": -0.0008060166623503724,
      "y": 0.002077159468669182,
      "z": 0.36196447194272013,
      "w": 0.9321892279987521
    },
    "yaw_rad": 0.7407507340480709,
    "linear_vel": {
      "x": 0.06208495221163448,
      "y": 3.665120322900514e-05
    },
    "angular_vel_z": -0.08915917976936141
  }
}