{
  "frame_idx": 9,
  "ros_stamp": 3615.9,
  "wall_time": 1776687735.6977024,
  "prompt": "go to the small shelf entrance",
  "goal_id": "enter_small_shelf_row",
  "goal_pose": {
    "frame_id": "map",
    "x": 3.774,
    "y": 1.856,
    "yaw_rad": -1.5940000000000003
  },
  "odom": {
    "position": {
      "x": 2.423945814026949,
      "y": -5.832756810995943,
      "z": 0.0
    },
    "orientation_quat": {
      "x": 0.00038916267604592754,
      "y": -0.001436732745388896,
      "z": 0.26496662482855954,
      "w": 0.9642564348130591
    },
    "yaw_rad": 0.5363392447241474,
    "linear_vel": {
      "x": 0.040738739779205724,
      "y": -2.4751399103441597e-05
    },
    "angular_vel_z": -0.1230679691709756
  }
}