{
  "frame_idx": 10,
  "ros_stamp": 3617.9,
  "wall_time": 1776687737.9628391,
  "prompt": "go to the small shelf entrance",
  "goal_id": "enter_small_shelf_row",
  "goal_pose": {
    "frame_id": "map",
    "x": 3.774,
    "y": 1.856,
    "yaw_rad": -1.5940000000000003
  },
  "odom": {
    "position": {
      "x": 2.502020439736917,
      "y": -5.796519794291645,
      "z": 0.0
    },
    "orientation_quat": {
      "x": 5.451455663017315e-05,
      "y": -0.0002983994337481237,
      "z": 0.1716556870006066,
      "w": 0.9851569586143575
    },
    "yaw_rad": 0.3450201276020965,
    "linear_vel": {
      "x": 0.035438105781804084,
      "y": -1.7504350050668818e-06
    },
    "angular_vel_z": -0.0989582121030959
  }
}