{
  "frame_idx": 11,
  "ros_stamp": 3619.9,
  "wall_time": 1776687740.1630554,
  "prompt": "go to the small shelf entrance",
  "goal_id": "enter_small_shelf_row",
  "goal_pose": {
    "frame_id": "map",
    "x": 3.774,
    "y": 1.856,
    "yaw_rad": -1.5940000000000003
  },
  "odom": {
    "position": {
      "x": 2.572283120260483,
      "y": -5.778007807523285,
      "z": 0.0
    },
    "orientation_quat": {
      "x": -0.00020105636959160612,
      "y": 0.0022180196963424333,
      "z": 0.09031118438211476,
      "w": 0.9959111054408735
    },
    "yaw_rad": 0.18086925376870397,
    "linear_vel": {
      "x": 0.02708950919432984,
      "y": 0.0002448776720323586
    },
    "angular_vel_z": -0.054696624046538245
  }
}