{
  "frame_idx": 12,
  "ros_stamp": 3621.9,
  "wall_time": 1776687742.5212724,
  "prompt": "go to the small shelf entrance",
  "goal_id": "enter_small_shelf_row",
  "goal_pose": {
    "frame_id": "map",
    "x": 3.774,
    "y": 1.856,
    "yaw_rad": -1.5940000000000003
  },
  "odom": {
    "position": {
      "x": 2.623878060964254,
      "y": -5.771598108428524,
      "z": 0.0
    },
    "orientation_quat": {
      "x": -8.718570107031251e-05,
      "y": 0.0022212226603771086,
      "z": 0.039387446529298736,
      "w": 0.9992215408128711
    },
    "yaw_rad": 0.07879547190041432,
    "linear_vel": {
      "x": 0.011389074332869115,
      "y": 9.202395770189842e-06
    },
    "angular_vel_z": -0.025851771488524918
  }
}