{
  "frame_idx": 13,
  "ros_stamp": 3623.9,
  "wall_time": 1776687744.676392,
  "prompt": "go to the small shelf entrance",
  "goal_id": "enter_small_shelf_row",
  "goal_pose": {
    "frame_id": "map",
    "x": 3.774,
    "y": 1.856,
    "yaw_rad": -1.5940000000000003
  },
  "odom": {
    "position": {
      "x": 2.6487782574595,
      "y": -5.77028867836318,
      "z": 0.0
    },
    "orientation_quat": {
      "x": -2.6408677304771823e-05,
      "y": 0.002222561853825753,
      "z": 0.011907724826776376,
      "w": 0.9999266301138486
    },
    "yaw_rad": 0.02381607159991356,
    "linear_vel": {
      "x": -0.0002004727679758936,
      "y": 1.4876038662457545e-07
    },
    "angular_vel_z": 0.0
  }
}