{
  "frame_idx": 14,
  "ros_stamp": 3625.9,
  "wall_time": 1776687746.8028972,
  "prompt": "go to the small shelf entrance",
  "goal_id": "enter_small_shelf_row",
  "goal_pose": {
    "frame_id": "map",
    "x": 3.774,
    "y": 1.856,
    "yaw_rad": -1.5940000000000003
  },
  "odom": {
    "position": {
      "x": 2.647829741973384,
      "y": -5.770271144630338,
      "z": 0.0
    },
    "orientation_quat": {
      "x": 1.2847591394271656e-05,
      "y": 0.0021958662289408085,
      "z": -0.005823405837730362,
      "w": 0.9999806327879022
    },
    "yaw_rad": -0.01164690532218522,
    "linear_vel": {
      "x": 0.0001397893622741359,
      "y": 5.758710045373588e-06
    },
    "angular_vel_z": -0.01683663600034914
  }
}