{
  "frame_idx": 15,
  "ros_stamp": 3627.9,
  "wall_time": 1776687748.9893181,
  "prompt": "go to the small shelf entrance",
  "goal_id": "enter_small_shelf_row",
  "goal_pose": {
    "frame_id": "map",
    "x": 3.774,
    "y": 1.856,
    "yaw_rad": -1.5940000000000003
  },
  "odom": {
    "position": {
      "x": 2.6491019906236946,
      "y": -5.770316655555759,
      "z": 0.0
    },
    "orientation_quat": {
      "x": 3.1616392930015216e-05,
      "y": 0.0013528135529028505,
      "z": -0.02332250413326075,
      "w": 0.9997270776051076
    },
    "yaw_rad": -0.04664928054064513,
    "linear_vel": {
      "x": 0.00030759321224440634,
      "y": 7.0852003471609626e-06
    },
    "angular_vel_z": -0.0337378598315681
  }
}