{
  "frame_idx": 16,
  "ros_stamp": 3629.9,
  "wall_time": 1776687751.083575,
  "prompt": "go to the small shelf entrance",
  "goal_id": "enter_small_shelf_row",
  "goal_pose": {
    "frame_id": "map",
    "x": 3.774,
    "y": 1.856,
    "yaw_rad": -1.5940000000000003
  },
  "odom": {
    "position": {
      "x": 2.6503898439557108,
      "y": -5.770379743967291,
      "z": 0.0
    },
    "orientation_quat": {
      "x": 4.906720338913008e-05,
      "y": 0.00222217854637983,
      "z": -0.022048348120104033,
      "w": 0.9997544347789072
    },
    "yaw_rad": -0.04410037849793595,
    "linear_vel": {
      "x": -0.00021664627521672574,
      "y": 4.9948554500126235e-06
    },
    "angular_vel_z": -0.014121010849545016
  }
}