{
  "frame_idx": 17,
  "ros_stamp": 3631.9,
  "wall_time": 1776687753.2551234,
  "prompt": "go to the small shelf entrance",
  "goal_id": "enter_small_shelf_row",
  "goal_pose": {
    "frame_id": "map",
    "x": 3.774,
    "y": 1.856,
    "yaw_rad": -1.5940000000000003
  },
  "odom": {
    "position": {
      "x": 2.653655620752606,
      "y": -5.770530895190809,
      "z": 0.0
    },
    "orientation_quat": {
      "x": 6.393683790296356e-05,
      "y": 0.0022217249296210754,
      "z": -0.028739260321838097,
      "w": 0.999584471051132
    },
    "yaw_rad": -0.05748657770697436,
    "linear_vel": {
      "x": -0.0015894833747877577,
      "y": 4.9097660515372355e-06
    },
    "angular_vel_z": -0.01380035346081775
  }
}