{
  "frame_idx": 18,
  "ros_stamp": 3633.9,
  "wall_time": 1776687755.404206,
  "prompt": "go to the small shelf entrance",
  "goal_id": "enter_small_shelf_row",
  "goal_pose": {
    "frame_id": "map",
    "x": 3.774,
    "y": 1.856,
    "yaw_rad": -1.5940000000000003
  },
  "odom": {
    "position": {
      "x": 2.654482837518668,
      "y": -5.7705741577896825,
      "z": 0.0
    },
    "orientation_quat": {
      "x": 5.201158623205666e-05,
      "y": 0.002222246253770368,
      "z": -0.023371421511737704,
      "w": 0.9997243798032052
    },
    "yaw_rad": -0.04674721465295348,
    "linear_vel": {
      "x": -0.0009823895430141553,
      "y": -3.6157382710892476e-06
    },
    "angular_vel_z": 0.010136027443598905
  }
}