{
  "frame_idx": 19,
  "ros_stamp": 3635.9,
  "wall_time": 1776687757.525909,
  "prompt": "go to the small shelf entrance",
  "goal_id": "enter_small_shelf_row",
  "goal_pose": {
    "frame_id": "map",
    "x": 3.774,
    "y": 1.856,
    "yaw_rad": -1.5940000000000003
  },
  "odom": {
    "position": {
      "x": 2.6569831787808,
      "y": -5.770679475202162,
      "z": 0.0
    },
    "orientation_quat": {
      "x": 6.165235969566723e-05,
      "y": 0.0022226274325348435,
      "z": -0.027700938525524448,
      "w": 0.9996137824835589
    },
    "yaw_rad": -0.055409101600864256,
    "linear_vel": {
      "x": 0.0011592689052163654,
      "y": 1.5836765467845504e-05
    },
    "angular_vel_z": -0.018078951735286224
  }
}