{
  "frame_idx": 20,
  "ros_stamp": 3637.9,
  "wall_time": 1776687759.7253475,
  "prompt": "go to the small shelf entrance",
  "goal_id": "enter_small_shelf_row",
  "goal_pose": {
    "frame_id": "map",
    "x": 3.774,
    "y": 1.856,
    "yaw_rad": -1.5940000000000003
  },
  "odom": {
    "position": {
      "x": 2.7351600583433036,
      "y": -5.792399895732344,
      "z": 0.0
    },
    "orientation_quat": {
      "x": -0.0008062233676307709,
      "y": 0.002071104988422712,
      "z": 0.36282352321411254,
      "w": 0.9318552202625184
    },
    "yaw_rad": 0.7425941364902263,
    "linear_vel": {
      "x": 0.09411126093411938,
      "y": -0.1257694257669683
    },
    "angular_vel_z": 0.29752442255278916
  }
}