{
  "frame_idx": 22,
  "ros_stamp": 3641.9,
  "wall_time": 1776687763.952148,
  "prompt": "go to the small shelf entrance",
  "goal_id": "enter_small_shelf_row",
  "goal_pose": {
    "frame_id": "map",
    "x": 3.774,
    "y": 1.856,
    "yaw_rad": -1.5940000000000003
  },
  "odom": {
    "position": {
      "x": 2.7964297491699632,
      "y": -5.800226306592754,
      "z": 0.0
    },
    "orientation_quat": {
      "x": -0.0009250314142384626,
      "y": 0.0020209463141815727,
      "z": 0.416207440324151,
      "w": 0.9092669721878697
    },
    "yaw_rad": 0.8585429078084215,
    "linear_vel": {
      "x": 0.0,
      "y": 0.0
    },
    "angular_vel_z": 0.0
  }
}