{
  "frame_idx": 27,
  "ros_stamp": 3651.9,
  "wall_time": 1776687774.6801646,
  "prompt": "go to the small shelf entrance",
  "goal_id": "enter_small_shelf_row",
  "goal_pose": {
    "frame_id": "map",
    "x": 3.774,
    "y": 1.856,
    "yaw_rad": -1.5940000000000003
  },
  "odom": {
    "position": {
      "x": 2.7963372973334466,
      "y": -5.800327813327471,
      "z": 0.0
    },
    "orientation_quat": {
      "x": -0.0009193595092123683,
      "y": 0.0020235341515610033,
      "z": 0.4136583418752805,
      "w": 0.9104294790287845
    },
    "yaw_rad": 0.8529395627808393,
    "linear_vel": {
      "x": -0.0016493250519830124,
      "y": 2.336363096237711e-05
    },
    "angular_vel_z": -0.06761348314051716
  }
}