{
  "frame_idx": 28,
  "ros_stamp": 3653.9,
  "wall_time": 1776687776.8530726,
  "prompt": "go to the small shelf entrance",
  "goal_id": "enter_small_shelf_row",
  "goal_pose": {
    "frame_id": "map",
    "x": 3.774,
    "y": 1.856,
    "yaw_rad": -1.5940000000000003
  },
  "odom": {
    "position": {
      "x": 2.812097807644537,
      "y": -5.786480407533977,
      "z": 0.0
    },
    "orientation_quat": {
      "x": 0.00010434091279705076,
      "y": -0.000322130750124492,
      "z": 0.294711825059941,
      "w": 0.955586116221135
    },
    "yaw_rad": 0.5983079038868389,
    "linear_vel": {
      "x": 0.004081483442544318,
      "y": -5.312523110053933e-06
    },
    "angular_vel_z": -0.11858309170855422
  }
}