{
  "frame_idx": 29,
  "ros_stamp": 3655.9,
  "wall_time": 1776687778.988841,
  "prompt": "go to the small shelf entrance",
  "goal_id": "enter_small_shelf_row",
  "goal_pose": {
    "frame_id": "map",
    "x": 3.774,
    "y": 1.856,
    "yaw_rad": -1.5940000000000003
  },
  "odom": {
    "position": {
      "x": 3.025704718279109,
      "y": -5.663979532985947,
      "z": 0.0
    },
    "orientation_quat": {
      "x": 0.00045598725355892823,
      "y": -0.0015855955091722768,
      "z": 0.27560280976616164,
      "w": 0.9612701853337088
    },
    "yaw_rad": 0.5584342605650902,
    "linear_vel": {
      "x": 0.1778349243503033,
      "y": 5.895446045869901e-06
    },
    "angular_vel_z": 0.1113129972545294
  }
}