{
  "frame_idx": 30,
  "ros_stamp": 3657.9,
  "wall_time": 1776687781.1856923,
  "prompt": "go to the small shelf entrance",
  "goal_id": "enter_small_shelf_row",
  "goal_pose": {
    "frame_id": "map",
    "x": 3.774,
    "y": 1.856,
    "yaw_rad": -1.5940000000000003
  },
  "odom": {
    "position": {
      "x": 3.2604463537293427,
      "y": -5.47189900329732,
      "z": 0.0
    },
    "orientation_quat": {
      "x": -0.0006058734101101958,
      "y": 0.0013582393962898551,
      "z": 0.4105738135898542,
      "w": 0.911826152124097
    },
    "yaw_rad": 0.8461675590203821,
    "linear_vel": {
      "x": 0.139162933530758,
      "y": -5.717050693819124e-05
    },
    "angular_vel_z": 0.15863669188509036
  }
}