{
  "frame_idx": 31,
  "ros_stamp": 3659.9,
  "wall_time": 1776687783.3079946,
  "prompt": "go to the small shelf entrance",
  "goal_id": "enter_small_shelf_row",
  "goal_pose": {
    "frame_id": "map",
    "x": 3.774,
    "y": 1.856,
    "yaw_rad": -1.5940000000000003
  },
  "odom": {
    "position": {
      "x": 3.389973694243411,
      "y": -5.273536185223305,
      "z": 0.0
    },
    "orientation_quat": {
      "x": -0.0012270981985581673,
      "y": 0.0018479018303577694,
      "z": 0.5517641675216761,
      "w": 0.8339972319665984
    },
    "yaw_rad": 1.1689593779067187,
    "linear_vel": {
      "x": 0.09787259015650819,
      "y": -5.977931940817202e-05
    },
    "angular_vel_z": 0.13208931558829703
  }
}