{
  "frame_idx": 32,
  "ros_stamp": 3661.9,
  "wall_time": 1776687785.4426026,
  "prompt": "go to the small shelf entrance",
  "goal_id": "enter_small_shelf_row",
  "goal_pose": {
    "frame_id": "map",
    "x": 3.774,
    "y": 1.856,
    "yaw_rad": -1.5940000000000003
  },
  "odom": {
    "position": {
      "x": 3.4638365358029777,
      "y": -5.001187036935501,
      "z": 0.0
    },
    "orientation_quat": {
      "x": 0.0014490388906272138,
      "y": -0.0016900786066880711,
      "z": 0.6507251471734544,
      "w": 0.7593100992063011
    },
    "yaw_rad": 1.4170823455875805,
    "linear_vel": {
      "x": 0.14729280234308928,
      "y": 1.591832047091984e-05
    },
    "angular_vel_z": 0.08051386993421777
  }
}