{
  "frame_idx": 33,
  "ros_stamp": 3663.9,
  "wall_time": 1776687787.6324859,
  "prompt": "go to the small shelf entrance",
  "goal_id": "enter_small_shelf_row",
  "goal_pose": {
    "frame_id": "map",
    "x": 3.774,
    "y": 1.856,
    "yaw_rad": -1.5940000000000003
  },
  "odom": {
    "position": {
      "x": 3.488083156022371,
      "y": -4.675640316746649,
      "z": 0.0
    },
    "orientation_quat": {
      "x": -0.0015421902947842306,
      "y": 0.0016115484013258705,
      "z": 0.6913866116864439,
      "w": 0.7224815414538861
    },
    "yaw_rad": 1.526817801941378,
    "linear_vel": {
      "x": 0.16652045312664188,
      "y": -3.1582177565614593e-06
    },
    "angular_vel_z": 0.006322316162233657
  }
}