{
  "frame_idx": 34,
  "ros_stamp": 3665.9,
  "wall_time": 1776687789.764965,
  "prompt": "go to the small shelf entrance",
  "goal_id": "enter_small_shelf_row",
  "goal_pose": {
    "frame_id": "map",
    "x": 3.774,
    "y": 1.856,
    "yaw_rad": -1.5940000000000003
  },
  "odom": {
    "position": {
      "x": 3.5000465059616626,
      "y": -4.325753183074117,
      "z": 0.0
    },
    "orientation_quat": {
      "x": -0.0005578236193377571,
      "y": 0.0005705515945542153,
      "z": 0.6990817204451714,
      "w": 0.7150413354786609
    },
    "yaw_rad": 1.5482255364713422,
    "linear_vel": {
      "x": 0.1691202659624993,
      "y": -4.1828501007885996e-07
    },
    "angular_vel_z": 0.0012774876279310371
  }
}