{
  "frame_idx": 35,
  "ros_stamp": 3667.9,
  "wall_time": 1776687791.9562614,
  "prompt": "go to the small shelf entrance",
  "goal_id": "enter_small_shelf_row",
  "goal_pose": {
    "frame_id": "map",
    "x": 3.774,
    "y": 1.856,
    "yaw_rad": -1.5940000000000003
  },
  "odom": {
    "position": {
      "x": 3.5027179487911693,
      "y": -3.976813852269595,
      "z": 0.0
    },
    "orientation_quat": {
      "x": -0.0005181587469183846,
      "y": 0.0005196372696249844,
      "z": 0.7060982840032785,
      "w": 0.7081134618239133
    },
    "yaw_rad": 1.56794643325828,
    "linear_vel": {
      "x": 0.1662292605393645,
      "y": -2.0551297259386478e-07
    },
    "angular_vel_z": 0.0007620337189650032
  }
}