{
  "frame_idx": 36,
  "ros_stamp": 3669.9,
  "wall_time": 1776687794.1440797,
  "prompt": "go to the small shelf entrance",
  "goal_id": "enter_small_shelf_row",
  "goal_pose": {
    "frame_id": "map",
    "x": 3.774,
    "y": 1.856,
    "yaw_rad": -1.5940000000000003
  },
  "odom": {
    "position": {
      "x": 3.502818767077177,
      "y": -3.630240035405415,
      "z": 0.0
    },
    "orientation_quat": {
      "x": 0.0015501716735913187,
      "y": -0.0015475886631515828,
      "z": 0.7076946658488954,
      "w": 0.7065150117769136
    },
    "yaw_rad": 1.5724646137811387,
    "linear_vel": {
      "x": 0.16101444386434444,
      "y": -1.7141080797549658e-06
    },
    "angular_vel_z": -0.009838887601875703
  }
}