{
  "frame_idx": 37,
  "ros_stamp": 3671.9,
  "wall_time": 1776687796.2871027,
  "prompt": "go to the small shelf entrance",
  "goal_id": "enter_small_shelf_row",
  "goal_pose": {
    "frame_id": "map",
    "x": 3.774,
    "y": 1.856,
    "yaw_rad": -1.5940000000000003
  },
  "odom": {
    "position": {
      "x": 3.4999226652731994,
      "y": -3.2852898459214295,
      "z": 0.0
    },
    "orientation_quat": {
      "x": 0.0011918822414891204,
      "y": -0.0011840156708608936,
      "z": 0.709444997745738,
      "w": 0.7047588046254999
    },
    "yaw_rad": 1.577423626157469,
    "linear_vel": {
      "x": 0.18622532557080312,
      "y": 6.92326611919003e-07
    },
    "angular_vel_z": 0.01075760246326004
  }
}