{
  "frame_idx": 38,
  "ros_stamp": 3673.9,
  "wall_time": 1776687798.5708227,
  "prompt": "go to the small shelf entrance",
  "goal_id": "enter_small_shelf_row",
  "goal_pose": {
    "frame_id": "map",
    "x": 3.774,
    "y": 1.856,
    "yaw_rad": -1.5940000000000003
  },
  "odom": {
    "position": {
      "x": 3.4980211827017547,
      "y": -2.940012233939481,
      "z": 0.0
    },
    "orientation_quat": {
      "x": -0.0012362821520023222,
      "y": 0.0012280881940231136,
      "z": 0.7094524573791787,
      "w": 0.7047511434006141
    },
    "yaw_rad": 1.5774450111213238,
    "linear_vel": {
      "x": 0.17080383342265876,
      "y": 5.676988475408638e-07
    },
    "angular_vel_z": -0.0012696355758957925
  }
}