{
  "frame_idx": 39,
  "ros_stamp": 3675.9,
  "wall_time": 1776687800.8064415,
  "prompt": "go to the small shelf entrance",
  "goal_id": "enter_small_shelf_row",
  "goal_pose": {
    "frame_id": "map",
    "x": 3.774,
    "y": 1.856,
    "yaw_rad": -1.5940000000000003
  },
  "odom": {
    "position": {
      "x": 3.497725402206964,
      "y": -2.586662806459441,
      "z": 0.0
    },
    "orientation_quat": {
      "x": 0.00103578530390889,
      "y": -0.001037050961370435,
      "z": 0.7066748848616843,
      "w": 0.7075368957021486
    },
    "yaw_rad": 1.5695772579929774,
    "linear_vel": {
      "x": 0.16762828132931795,
      "y": 3.866609617983779e-07
    },
    "angular_vel_z": 0.006395036592184581
  }
}