{
  "frame_idx": 40,
  "ros_stamp": 3677.9,
  "wall_time": 1776687803.0933838,
  "prompt": "go to the small shelf entrance",
  "goal_id": "enter_small_shelf_row",
  "goal_pose": {
    "frame_id": "map",
    "x": 3.774,
    "y": 1.856,
    "yaw_rad": -1.5940000000000003
  },
  "odom": {
    "position": {
      "x": 3.497464015051635,
      "y": -2.222508350392501,
      "z": 0.0
    },
    "orientation_quat": {
      "x": 0.001573788176737143,
      "y": -0.0015766445176721635,
      "z": 0.7064637489939777,
      "w": 0.7077457232228351
    },
    "yaw_rad": 1.5689833367084811,
    "linear_vel": {
      "x": 0.19325662951610142,
      "y": -1.9231780080834674e-06
    },
    "angular_vel_z": -0.012468098031338321
  }
}