{
  "frame_idx": 41,
  "ros_stamp": 3679.9,
  "wall_time": 1776687805.2695427,
  "prompt": "go to the small shelf entrance",
  "goal_id": "enter_small_shelf_row",
  "goal_pose": {
    "frame_id": "map",
    "x": 3.774,
    "y": 1.856,
    "yaw_rad": -1.5940000000000003
  },
  "odom": {
    "position": {
      "x": 3.4988769590523487,
      "y": -1.8883277743734015,
      "z": 0.0
    },
    "orientation_quat": {
      "x": -0.00022598343721080027,
      "y": 0.0002275766309889732,
      "z": 0.7046151728758155,
      "w": 0.7095895681966778
    },
    "yaw_rad": 1.5637614545984213,
    "linear_vel": {
      "x": 0.17199733276211981,
      "y": 2.3063974344396197e-06
    },
    "angular_vel_z": -0.010737602576963236
  }
}