{
  "frame_idx": 42,
  "ros_stamp": 3681.9,
  "wall_time": 1776687807.4331377,
  "prompt": "go to the small shelf entrance",
  "goal_id": "enter_small_shelf_row",
  "goal_pose": {
    "frame_id": "map",
    "x": 3.774,
    "y": 1.856,
    "yaw_rad": -1.5940000000000003
  },
  "odom": {
    "position": {
      "x": 3.5006494734151437,
      "y": -1.5480113731803942,
      "z": 0.0
    },
    "orientation_quat": {
      "x": 0.0009703136226964971,
      "y": -0.0009705838979142301,
      "z": 0.7070107984492909,
      "w": 0.7072014192112929
    },
    "yaw_rad": 1.5705267480901197,
    "linear_vel": {
      "x": 0.18275638970216682,
      "y": -1.722951821831483e-07
    },
    "angular_vel_z": -0.004332888229098945
  }
}