{
  "frame_idx": 43,
  "ros_stamp": 3683.9,
  "wall_time": 1776687809.6543067,
  "prompt": "go to the small shelf entrance",
  "goal_id": "enter_small_shelf_row",
  "goal_pose": {
    "frame_id": "map",
    "x": 3.774,
    "y": 1.856,
    "yaw_rad": -1.5940000000000003
  },
  "odom": {
    "position": {
      "x": 3.4994180030519697,
      "y": -1.1934899139191788,
      "z": 0.0
    },
    "orientation_quat": {
      "x": 9.617502826018013e-05,
      "y": -9.634423967352956e-05,
      "z": 0.7064617446668459,
      "w": 0.7077512167353919
    },
    "yaw_rad": 1.5689727376364628,
    "linear_vel": {
      "x": 0.17513568221088277,
      "y": 1.4410100627309237e-06
    },
    "angular_vel_z": -0.008648466888346687
  }
}