{
  "frame_idx": 44,
  "ros_stamp": 3685.9,
  "wall_time": 1776687811.7824545,
  "prompt": "go to the small shelf entrance",
  "goal_id": "enter_small_shelf_row",
  "goal_pose": {
    "frame_id": "map",
    "x": 3.774,
    "y": 1.856,
    "yaw_rad": -1.5940000000000003
  },
  "odom": {
    "position": {
      "x": 3.499891868102935,
      "y": -0.8472598305951496,
      "z": 0.0
    },
    "orientation_quat": {
      "x": 0.0003686486218081175,
      "y": -0.00036935101417259855,
      "z": 0.7064362724295482,
      "w": 0.7077764623621409
    },
    "yaw_rad": 1.568901011476547,
    "linear_vel": {
      "x": 0.18762326804186122,
      "y": -5.476094371996738e-07
    },
    "angular_vel_z": 0.00469302695352449
  }
}