{
  "frame_idx": 45,
  "ros_stamp": 3687.9,
  "wall_time": 1776687814.0722039,
  "prompt": "go to the small shelf entrance",
  "goal_id": "enter_small_shelf_row",
  "goal_pose": {
    "frame_id": "map",
    "x": 3.774,
    "y": 1.856,
    "yaw_rad": -1.5940000000000003
  },
  "odom": {
    "position": {
      "x": 3.501898398406507,
      "y": -0.5021093444306282,
      "z": 0.0
    },
    "orientation_quat": {
      "x": -0.001572638581803668,
      "y": 0.0015836525416199076,
      "z": 0.7046342118371919,
      "w": 0.709567224694812
    },
    "yaw_rad": 1.5638199615990098,
    "linear_vel": {
      "x": 0.16371468038159556,
      "y": -6.598744981663081e-06
    },
    "angular_vel_z": 0.01289125755158716
  }
}