{
  "frame_idx": 46,
  "ros_stamp": 3689.9,
  "wall_time": 1776687816.2187753,
  "prompt": "go to the small shelf entrance",
  "goal_id": "enter_small_shelf_row",
  "goal_pose": {
    "frame_id": "map",
    "x": 3.774,
    "y": 1.856,
    "yaw_rad": -1.5940000000000003
  },
  "odom": {
    "position": {
      "x": 3.50511848172585,
      "y": -0.14422150941317047,
      "z": 0.0
    },
    "orientation_quat": {
      "x": -0.0015630163472253533,
      "y": 0.0015816482937065044,
      "z": 0.702902771486571,
      "w": 0.711282467944396
    },
    "yaw_rad": 1.5589455477646361,
    "linear_vel": {
      "x": 0.17925514745130727,
      "y": 3.7678978252663e-06
    },
    "angular_vel_z": -0.007159561939868578
  }
}