{
  "frame_idx": 47,
  "ros_stamp": 3691.9,
  "wall_time": 1776687818.329623,
  "prompt": "go to the small shelf entrance",
  "goal_id": "enter_small_shelf_row",
  "goal_pose": {
    "frame_id": "map",
    "x": 3.774,
    "y": 1.856,
    "yaw_rad": -1.5940000000000003
  },
  "odom": {
    "position": {
      "x": 3.5078117614760953,
      "y": 0.20079953247021348,
      "z": 0.0
    },
    "orientation_quat": {
      "x": -0.0007620287852487036,
      "y": 0.0007634571099705806,
      "z": 0.7064432979465229,
      "w": 0.7077688204716367
    },
    "yaw_rad": 1.5689217534953166,
    "linear_vel": {
      "x": 0.17482763734283532,
      "y": -4.186395243008905e-06
    },
    "angular_vel_z": 0.012160853837500188
  }
}