{
  "frame_idx": 48,
  "ros_stamp": 3693.9,
  "wall_time": 1776687820.5560565,
  "prompt": "go to the small shelf entrance",
  "goal_id": "enter_small_shelf_row",
  "goal_pose": {
    "frame_id": "map",
    "x": 3.774,
    "y": 1.856,
    "yaw_rad": -1.5940000000000003
  },
  "odom": {
    "position": {
      "x": 3.511524683550419,
      "y": 0.5465935366680457,
      "z": 0.0
    },
    "orientation_quat": {
      "x": 0.001557833465131433,
      "y": -0.0015916893191332427,
      "z": 0.699457115526676,
      "w": 0.7146711014299574
    },
    "yaw_rad": 1.5492800331013958,
    "linear_vel": {
      "x": 0.22061102180817732,
      "y": -4.747726773983901e-06
    },
    "angular_vel_z": -0.03732447309233454
  }
}