{
  "frame_idx": 49,
  "ros_stamp": 3695.9,
  "wall_time": 1776687822.6463447,
  "prompt": "go to the small shelf entrance",
  "goal_id": "enter_small_shelf_row",
  "goal_pose": {
    "frame_id": "map",
    "x": 3.774,
    "y": 1.856,
    "yaw_rad": -1.5940000000000003
  },
  "odom": {
    "position": {
      "x": 3.5339149303465183,
      "y": 0.9596240761835855,
      "z": 0.0
    },
    "orientation_quat": {
      "x": 0.0011046593319016577,
      "y": -0.0012058257212021267,
      "z": 0.6758105804327013,
      "w": 0.737073527599049
    },
    "yaw_rad": 1.4841302020605927,
    "linear_vel": {
      "x": 0.19374522045490744,
      "y": -2.9218042786861934e-06
    },
    "angular_vel_z": -0.03599517897000383
  }
}