{
  "frame_idx": 50,
  "ros_stamp": 3697.9,
  "wall_time": 1776687824.8093019,
  "prompt": "go to the small shelf entrance",
  "goal_id": "enter_small_shelf_row",
  "goal_pose": {
    "frame_id": "map",
    "x": 3.774,
    "y": 1.856,
    "yaw_rad": -1.5940000000000003
  },
  "odom": {
    "position": {
      "x": 3.5774053013447866,
      "y": 1.3155389985914516,
      "z": 0.0
    },
    "orientation_quat": {
      "x": -0.00092402863781202,
      "y": 0.001072374567081124,
      "z": 0.6527708279596455,
      "w": 0.7575541184290026
    },
    "yaw_rad": 1.42247430697715,
    "linear_vel": {
      "x": 0.16703036702971258,
      "y": 7.817916498418427e-06
    },
    "angular_vel_z": -0.018750686315626076
  }
}