{
  "frame_idx": 51,
  "ros_stamp": 3699.9,
  "wall_time": 1776687826.9605496,
  "prompt": "go to the small shelf entrance",
  "goal_id": "enter_small_shelf_row",
  "goal_pose": {
    "frame_id": "map",
    "x": 3.774,
    "y": 1.856,
    "yaw_rad": -1.5940000000000003
  },
  "odom": {
    "position": {
      "x": 3.6471935100275177,
      "y": 1.6027971854160323,
      "z": 0.0
    },
    "orientation_quat": {
      "x": -0.00046483335492293615,
      "y": 0.0006880948630699476,
      "z": 0.5598522554132814,
      "w": 0.8285920362663844
    },
    "yaw_rad": 1.1884154287256476,
    "linear_vel": {
      "x": 0.12517405370016826,
      "y": 3.686705808882021e-05
    },
    "angular_vel_z": -0.150863130079421
  }
}