{
  "frame_idx": 52,
  "ros_stamp": 3701.9,
  "wall_time": 1776687829.0987198,
  "prompt": "go to the small shelf entrance",
  "goal_id": "enter_small_shelf_row",
  "goal_pose": {
    "frame_id": "map",
    "x": 3.774,
    "y": 1.856,
    "yaw_rad": -1.5940000000000003
  },
  "odom": {
    "position": {
      "x": 3.757561287744096,
      "y": 1.7876401876508468,
      "z": 0.0
    },
    "orientation_quat": {
      "x": -0.000905580161868369,
      "y": 0.002029960777495199,
      "z": 0.40742211546043966,
      "w": 0.9132372523159316
    },
    "yaw_rad": 0.839261182162654,
    "linear_vel": {
      "x": 0.07780725130974733,
      "y": 7.893143288187061e-05
    },
    "angular_vel_z": -0.1858859302260357
  }
}