{
  "frame_idx": 53,
  "ros_stamp": 3703.9,
  "wall_time": 1776687831.3146334,
  "prompt": "go to the small shelf entrance",
  "goal_id": "enter_small_shelf_row",
  "goal_pose": {
    "frame_id": "map",
    "x": 3.774,
    "y": 1.856,
    "yaw_rad": -1.5940000000000003
  },
  "odom": {
    "position": {
      "x": 3.812059984976699,
      "y": 1.8338845981103433,
      "z": 0.0
    },
    "orientation_quat": {
      "x": -0.0004995122505499986,
      "y": 0.0021677790304341945,
      "z": 0.22462832833796087,
      "w": 0.9744419763791378
    },
    "yaw_rad": 0.45312434245879446,
    "linear_vel": {
      "x": 0.008394860898746958,
      "y": 0.0007138790976526109
    },
    "angular_vel_z": -0.16244084829199218
  }
}