{
  "frame_idx": 54,
  "ros_stamp": 3705.9,
  "wall_time": 1776687833.426974,
  "prompt": "go to the small shelf entrance",
  "goal_id": "enter_small_shelf_row",
  "goal_pose": {
    "frame_id": "map",
    "x": 3.774,
    "y": 1.856,
    "yaw_rad": -1.5940000000000003
  },
  "odom": {
    "position": {
      "x": 3.8220721128359205,
      "y": 1.837550482153648,
      "z": 0.0
    },
    "orientation_quat": {
      "x": -0.00013291204744447706,
      "y": 0.0022186930858476097,
      "z": 0.059824033912555176,
      "w": 0.9982064639651498
    },
    "yaw_rad": 0.11971984772187357,
    "linear_vel": {
      "x": -2.4176799982186157e-05,
      "y": 5.727655288433348e-05
    },
    "angular_vel_z": -0.16423172942633
  }
}