{
  "frame_idx": 55,
  "ros_stamp": 3707.9,
  "wall_time": 1776687835.5747051,
  "prompt": "go to the small shelf entrance",
  "goal_id": "enter_small_shelf_row",
  "goal_pose": {
    "frame_id": "map",
    "x": 3.774,
    "y": 1.856,
    "yaw_rad": -1.5940000000000003
  },
  "odom": {
    "position": {
      "x": 3.822825024621259,
      "y": 1.8376783225867062,
      "z": 0.0
    },
    "orientation_quat": {
      "x": 0.00022603399374826163,
      "y": 0.002211136291000171,
      "z": -0.10166843393291498,
      "w": 0.9948158569939287
    },
    "yaw_rad": -0.20368930954587341,
    "linear_vel": {
      "x": 7.663609385872937e-06,
      "y": 5.2471680468314636e-05
    },
    "angular_vel_z": -0.14983789768134906
  }
}