{
  "frame_idx": 0,
  "ros_stamp": 1491.9,
  "wall_time": 1776685435.8307538,
  "prompt": "box staging area",
  "goal_id": "box_staging_area",
  "goal_pose": {
    "frame_id": "map",
    "x": 1.545,
    "y": 6.535,
    "yaw_rad": 1.485
  },
  "odom": {
    "position": {
      "x": -0.2578293471825643,
      "y": 7.468267162396741,
      "z": 0.0
    },
    "orientation_quat": {
      "x": -0.0003933925286996401,
      "y": -0.00017265977110491847,
      "z": 0.9139028443567861,
      "w": -0.40593276106702425
    },
    "yaw_rad": -2.305594101452208,
    "linear_vel": {
      "x": 0.01976426625332466,
      "y": -1.1449566135486674e-05
    },
    "angular_vel_z": 0.1228924279114735
  }
}