{
  "frame_idx": 1,
  "ros_stamp": 1493.9,
  "wall_time": 1776685438.0276446,
  "prompt": "box staging area",
  "goal_id": "box_staging_area",
  "goal_pose": {
    "frame_id": "map",
    "x": 1.545,
    "y": 6.535,
    "yaw_rad": 1.485
  },
  "odom": {
    "position": {
      "x": -0.2638903710810347,
      "y": 7.458283640997863,
      "z": 0.0
    },
    "orientation_quat": {
      "x": -0.0011502526052983716,
      "y": -0.0007544157210146458,
      "z": -0.8341897661676531,
      "w": 0.5514757853224563
    },
    "yaw_rad": -1.9733267343160021,
    "linear_vel": {
      "x": 0.002477028815561925,
      "y": 3.466722571874182e-05
    },
    "angular_vel_z": 0.16491520017875486
  }
}