{
  "frame_idx": 2,
  "ros_stamp": 1495.9,
  "wall_time": 1776685440.3158593,
  "prompt": "box staging area",
  "goal_id": "box_staging_area",
  "goal_pose": {
    "frame_id": "map",
    "x": 1.545,
    "y": 6.535,
    "yaw_rad": 1.485
  },
  "odom": {
    "position": {
      "x": -0.2678101826224169,
      "y": 7.439012222756184,
      "z": 0.0
    },
    "orientation_quat": {
      "x": 0.0007369195471551428,
      "y": 0.0007007607152506593,
      "z": -0.7214149931504625,
      "w": 0.6925022552611068
    },
    "yaw_rad": -1.611687973208469,
    "linear_vel": {
      "x": 0.022448313048336718,
      "y": -4.6562070300220546e-05
    },
    "angular_vel_z": 0.2527339084531338
  }
}