{
  "frame_idx": 3,
  "ros_stamp": 1497.9,
  "wall_time": 1776685442.4861374,
  "prompt": "box staging area",
  "goal_id": "box_staging_area",
  "goal_pose": {
    "frame_id": "map",
    "x": 1.545,
    "y": 6.535,
    "yaw_rad": 1.485
  },
  "odom": {
    "position": {
      "x": -0.25893063225301644,
      "y": 7.370245191547628,
      "z": 0.0
    },
    "orientation_quat": {
      "x": -0.0014216467397093295,
      "y": -0.0017701773840401156,
      "z": -0.6261473409894172,
      "w": 0.779701451046783
    },
    "yaw_rad": -1.3532084832073612,
    "linear_vel": {
      "x": 0.12766195604223432,
      "y": 1.5574175984461172e-05
    },
    "angular_vel_z": 0.07114991792592076
  }
}