{
  "frame_idx": 4,
  "ros_stamp": 1499.9,
  "wall_time": 1776685444.7689738,
  "prompt": "box staging area",
  "goal_id": "box_staging_area",
  "goal_pose": {
    "frame_id": "map",
    "x": 1.545,
    "y": 6.535,
    "yaw_rad": 1.485
  },
  "odom": {
    "position": {
      "x": -0.2248470581093367,
      "y": 7.260462740949176,
      "z": 0.0
    },
    "orientation_quat": {
      "x": -0.001236221936098788,
      "y": -0.0018599138339924829,
      "z": -0.5538260772335556,
      "w": 0.8326293825297943
    },
    "yaw_rad": -1.1739081422534088,
    "linear_vel": {
      "x": 0.03532832085485112,
      "y": 2.3145867770265465e-05
    },
    "angular_vel_z": 0.0708314127509203
  }
}