{
  "frame_idx": 5,
  "ros_stamp": 1501.9,
  "wall_time": 1776685446.9662533,
  "prompt": "box staging area",
  "goal_id": "box_staging_area",
  "goal_pose": {
    "frame_id": "map",
    "x": 1.545,
    "y": 6.535,
    "yaw_rad": 1.485
  },
  "odom": {
    "position": {
      "x": -0.17995804963715972,
      "y": 7.1787782803318025,
      "z": 0.0
    },
    "orientation_quat": {
      "x": -0.0007191460294777683,
      "y": -0.0013193820913345777,
      "z": -0.4787201854411685,
      "w": 0.8779662442890721
    },
    "yaw_rad": -0.9983940931493253,
    "linear_vel": {
      "x": 0.17880041106208108,
      "y": 2.9699953675934882e-06
    },
    "angular_vel_z": 0.04046978606164913
  }
}