{
  "frame_idx": 6,
  "ros_stamp": 1503.9,
  "wall_time": 1776685449.1269665,
  "prompt": "box staging area",
  "goal_id": "box_staging_area",
  "goal_pose": {
    "frame_id": "map",
    "x": 1.545,
    "y": 6.535,
    "yaw_rad": 1.485
  },
  "odom": {
    "position": {
      "x": 0.030934998674676622,
      "y": 6.889852308002529,
      "z": 0.0
    },
    "orientation_quat": {
      "x": 0.0009282871074275024,
      "y": 0.0020213215266207123,
      "z": -0.41610679556326086,
      "w": 0.9093130303852501
    },
    "yaw_rad": -0.8583215277011049,
    "linear_vel": {
      "x": 0.14609584440875242,
      "y": -5.9590814722958033e-05
    },
    "angular_vel_z": 0.12398520566267576
  }
}