{
  "frame_idx": 7,
  "ros_stamp": 1505.9,
  "wall_time": 1776685451.337475,
  "prompt": "box staging area",
  "goal_id": "box_staging_area",
  "goal_pose": {
    "frame_id": "map",
    "x": 1.545,
    "y": 6.535,
    "yaw_rad": 1.485
  },
  "odom": {
    "position": {
      "x": 0.22712185961683307,
      "y": 6.6972691432614635,
      "z": 0.0
    },
    "orientation_quat": {
      "x": 2.995585785658258e-05,
      "y": 8.623777156733445e-05,
      "z": -0.32694258140807375,
      "w": 0.9450442000922065
    },
    "yaw_rad": -0.6661330923161494,
    "linear_vel": {
      "x": 0.13674782176774028,
      "y": -1.5715294641789233e-05
    },
    "angular_vel_z": 0.0991568972844856
  }
}