{
  "frame_idx": 8,
  "ros_stamp": 1507.9,
  "wall_time": 1776685453.4751008,
  "prompt": "box staging area",
  "goal_id": "box_staging_area",
  "goal_pose": {
    "frame_id": "map",
    "x": 1.545,
    "y": 6.535,
    "yaw_rad": 1.485
  },
  "odom": {
    "position": {
      "x": 0.48827864785240477,
      "y": 6.545415390263805,
      "z": 0.0
    },
    "orientation_quat": {
      "x": -0.000397944769543815,
      "y": -0.0021947841907279026,
      "z": -0.17840397331630617,
      "w": 0.9839547991992676
    },
    "yaw_rad": -0.35872922863602186,
    "linear_vel": {
      "x": 0.13883194684863417,
      "y": 3.739692844845216e-05
    },
    "angular_vel_z": 0.18193432778605995
  }
}