{
  "frame_idx": 9,
  "ros_stamp": 1509.9,
  "wall_time": 1776685455.647132,
  "prompt": "box staging area",
  "goal_id": "box_staging_area",
  "goal_pose": {
    "frame_id": "map",
    "x": 1.545,
    "y": 6.535,
    "yaw_rad": 1.485
  },
  "odom": {
    "position": {
      "x": 0.7867760516662492,
      "y": 6.48001249087952,
      "z": 0.0
    },
    "orientation_quat": {
      "x": 8.338735412712722e-05,
      "y": 0.0015611044010367858,
      "z": -0.05345747466094292,
      "w": 0.9985689031821855
    },
    "yaw_rad": -0.10696606816897969,
    "linear_vel": {
      "x": 0.1692027704760932,
      "y": -3.617634178809119e-05
    },
    "angular_vel_z": 0.08674149555217939
  }
}