{
  "frame_idx": 10,
  "ros_stamp": 1511.9,
  "wall_time": 1776685457.8217945,
  "prompt": "box staging area",
  "goal_id": "box_staging_area",
  "goal_pose": {
    "frame_id": "map",
    "x": 1.545,
    "y": 6.535,
    "yaw_rad": 1.485
  },
  "odom": {
    "position": {
      "x": 1.1044879453401617,
      "y": 6.468114211864006,
      "z": 0.0
    },
    "orientation_quat": {
      "x": -2.3618408633799575e-05,
      "y": 0.0014881882733309385,
      "z": 0.013767682844124418,
      "w": 0.999904113226332
    },
    "yaw_rad": 0.02753625683930032,
    "linear_vel": {
      "x": 0.1502681206883014,
      "y": -5.642156411867884e-05
    },
    "angular_vel_z": 0.14842151905776205
  }
}