{
  "frame_idx": 11,
  "ros_stamp": 1513.9,
  "wall_time": 1776685459.9611824,
  "prompt": "box staging area",
  "goal_id": "box_staging_area",
  "goal_pose": {
    "frame_id": "map",
    "x": 1.545,
    "y": 6.535,
    "yaw_rad": 1.485
  },
  "odom": {
    "position": {
      "x": 1.3598492445445967,
      "y": 6.503814725983401,
      "z": 0.0
    },
    "orientation_quat": {
      "x": -0.0002936277512180592,
      "y": 0.0022035905140875087,
      "z": 0.13210578256465347,
      "w": 0.991233131097105
    },
    "yaw_rad": 0.26498682341656693,
    "linear_vel": {
      "x": 0.10442528148325687,
      "y": -5.0519866738270824e-05
    },
    "angular_vel_z": 0.11063257313065647
  }
}