{
  "frame_idx": 12,
  "ros_stamp": 1515.9,
  "wall_time": 1776685462.167642,
  "prompt": "box staging area",
  "goal_id": "box_staging_area",
  "goal_pose": {
    "frame_id": "map",
    "x": 1.545,
    "y": 6.535,
    "yaw_rad": 1.485
  },
  "odom": {
    "position": {
      "x": 1.4990143806879086,
      "y": 6.558187911512875,
      "z": 0.0
    },
    "orientation_quat": {
      "x": -0.0005760617420172678,
      "y": 0.002146811060528716,
      "z": 0.2591953705931037,
      "w": 0.9658223538613318
    },
    "yaw_rad": 0.5243793441491386,
    "linear_vel": {
      "x": 0.0372027500808207,
      "y": -4.599913142526296e-05
    },
    "angular_vel_z": 0.11856974473236684
  }
}