{
  "frame_idx": 13,
  "ros_stamp": 1517.9,
  "wall_time": 1776685464.2667246,
  "prompt": "box staging area",
  "goal_id": "box_staging_area",
  "goal_pose": {
    "frame_id": "map",
    "x": 1.545,
    "y": 6.535,
    "yaw_rad": 1.485
  },
  "odom": {
    "position": {
      "x": 1.5322958523854868,
      "y": 6.5812958478593915,
      "z": 0.0
    },
    "orientation_quat": {
      "x": -0.0008130974076635494,
      "y": 0.0020702095670389947,
      "z": 0.36595000959876184,
      "w": 0.9306318517972724
    },
    "yaw_rad": 0.74930878460446,
    "linear_vel": {
      "x": 0.007948297784679256,
      "y": -4.034176677493498e-05
    },
    "angular_vel_z": 0.11499679003122314
  }
}