{
  "frame_idx": 14,
  "ros_stamp": 1519.9,
  "wall_time": 1776685466.4124908,
  "prompt": "box staging area",
  "goal_id": "box_staging_area",
  "goal_pose": {
    "frame_id": "map",
    "x": 1.545,
    "y": 6.535,
    "yaw_rad": 1.485
  },
  "odom": {
    "position": {
      "x": 1.5395569632699093,
      "y": 6.589155937013645,
      "z": 0.0
    },
    "orientation_quat": {
      "x": -0.0010264162501417015,
      "y": 0.0019720609338678666,
      "z": 0.4617024996566896,
      "w": 0.8870320508618159
    },
    "yaw_rad": 0.9598296875710648,
    "linear_vel": {
      "x": 0.005146025111968855,
      "y": -3.3220921551113866e-05
    },
    "angular_vel_z": 0.09353234486634557
  }
}