{
  "frame_idx": 15,
  "ros_stamp": 1521.9,
  "wall_time": 1776685468.5630012,
  "prompt": "box staging area",
  "goal_id": "box_staging_area",
  "goal_pose": {
    "frame_id": "map",
    "x": 1.545,
    "y": 6.535,
    "yaw_rad": 1.485
  },
  "odom": {
    "position": {
      "x": 1.5401714566331555,
      "y": 6.590047808719493,
      "z": 0.0
    },
    "orientation_quat": {
      "x": -0.0012033651740402643,
      "y": 0.0018688473486880364,
      "z": 0.5413904090997375,
      "w": 0.8407683891873339
    },
    "yaw_rad": 1.1441831034863799,
    "linear_vel": {
      "x": 0.00016784047503086975,
      "y": -3.160188713433401e-05
    },
    "angular_vel_z": 0.08934091009684261
  }
}