{
  "frame_idx": 0,
  "ros_stamp": 595.9,
  "wall_time": 1776684477.298166,
  "prompt": "go to the left trash can",
  "goal_id": "trash_can_left",
  "goal_pose": {
    "frame_id": "map",
    "x": -0.187,
    "y": 7.555,
    "yaw_rad": -1.536
  },
  "odom": {
    "position": {
      "x": 1.5435016704593432,
      "y": 6.3821531062759105,
      "z": 0.0
    },
    "orientation_quat": {
      "x": -0.0006608852348147227,
      "y": 0.0004989137245492586,
      "z": 0.7994765322875299,
      "w": 0.6006967526442173
    },
    "yaw_rad": 1.8528474728098487,
    "linear_vel": {
      "x": 0.047513543875221,
      "y": -3.128728023082795e-05
    },
    "angular_vel_z": 0.18887024722960002
  }
}