{
  "frame_idx": 1,
  "ros_stamp": 597.9,
  "wall_time": 1776684479.4446838,
  "prompt": "go to the left trash can",
  "goal_id": "trash_can_left",
  "goal_pose": {
    "frame_id": "map",
    "x": -0.187,
    "y": 7.555,
    "yaw_rad": -1.536
  },
  "odom": {
    "position": {
      "x": 1.474263336101443,
      "y": 6.518327509161755,
      "z": 0.0
    },
    "orientation_quat": {
      "x": 6.922065258377159e-05,
      "y": -3.572967112747954e-05,
      "z": 0.8891650283198149,
      "w": 0.4575866544654845
    },
    "yaw_rad": 2.1910343976148012,
    "linear_vel": {
      "x": 0.08478685386757105,
      "y": -9.94918437886112e-06
    },
    "angular_vel_z": 0.12261328052210581
  }
}