{
  "frame_idx": 2,
  "ros_stamp": 599.9,
  "wall_time": 1776684481.548449,
  "prompt": "go to the left trash can",
  "goal_id": "trash_can_left",
  "goal_pose": {
    "frame_id": "map",
    "x": -0.187,
    "y": 7.555,
    "yaw_rad": -1.536
  },
  "odom": {
    "position": {
      "x": 1.2907674834814395,
      "y": 6.708080438506746,
      "z": 0.0
    },
    "orientation_quat": {
      "x": -0.0014117064736824246,
      "y": 0.0004976666975165199,
      "z": 0.9424865963007364,
      "w": 0.3342405947908532
    },
    "yaw_rad": 2.4599931116966194,
    "linear_vel": {
      "x": 0.1532937396993826,
      "y": -4.289694867806265e-05
    },
    "angular_vel_z": 0.11231295031049707
  }
}