{
  "frame_idx": 3,
  "ros_stamp": 601.9,
  "wall_time": 1776684483.731352,
  "prompt": "go to the left trash can",
  "goal_id": "trash_can_left",
  "goal_pose": {
    "frame_id": "map",
    "x": -0.187,
    "y": 7.555,
    "yaw_rad": -1.536
  },
  "odom": {
    "position": {
      "x": 1.019123655286377,
      "y": 6.890968374530001,
      "z": 0.0
    },
    "orientation_quat": {
      "x": -0.0014748711744428037,
      "y": 0.0003977511728404262,
      "z": 0.9654434487527204,
      "w": 0.2606081614406514
    },
    "yaw_rad": 2.6142878661143065,
    "linear_vel": {
      "x": 0.1426017318395803,
      "y": -2.3662046525322093e-05
    },
    "angular_vel_z": 0.059344786228812486
  }
}