{
  "frame_idx": 4,
  "ros_stamp": 603.9,
  "wall_time": 1776684485.8211682,
  "prompt": "go to the left trash can",
  "goal_id": "trash_can_left",
  "goal_pose": {
    "frame_id": "map",
    "x": -0.187,
    "y": 7.555,
    "yaw_rad": -1.536
  },
  "odom": {
    "position": {
      "x": 0.6580444693579491,
      "y": 7.081223598125059,
      "z": 0.0
    },
    "orientation_quat": {
      "x": 0.0006971844247216513,
      "y": -0.00016388785277442438,
      "z": 0.9734825205683633,
      "w": 0.22876028768673043
    },
    "yaw_rad": 2.6799845123044888,
    "linear_vel": {
      "x": 0.19302662743590404,
      "y": 1.2825772209698258e-10
    },
    "angular_vel_z": 2.136623333033349e-05
  }
}