{
  "frame_idx": 5,
  "ros_stamp": 605.9,
  "wall_time": 1776684487.9716303,
  "prompt": "go to the left trash can",
  "goal_id": "trash_can_left",
  "goal_pose": {
    "frame_id": "map",
    "x": -0.187,
    "y": 7.555,
    "yaw_rad": -1.536
  },
  "odom": {
    "position": {
      "x": 0.33334711139732554,
      "y": 7.2417291709433504,
      "z": 0.0
    },
    "orientation_quat": {
      "x": -0.0017748417457479548,
      "y": 0.00041576652123235814,
      "z": 0.9736337673054027,
      "w": 0.2281095443809097
    },
    "yaw_rad": 2.6813206876538414,
    "linear_vel": {
      "x": 0.16767737639243227,
      "y": 3.5198249690910374e-06
    },
    "angular_vel_z": -0.006508390689628396
  }
}