{
  "frame_idx": 6,
  "ros_stamp": 607.9,
  "wall_time": 1776684490.1283963,
  "prompt": "go to the left trash can",
  "goal_id": "trash_can_left",
  "goal_pose": {
    "frame_id": "map",
    "x": -0.187,
    "y": 7.555,
    "yaw_rad": -1.536
  },
  "odom": {
    "position": {
      "x": 0.06351950183989823,
      "y": 7.366140102122049,
      "z": 0.0
    },
    "orientation_quat": {
      "x": -0.002192860372096834,
      "y": 0.00036731286003076157,
      "z": 0.9862448604212156,
      "w": 0.16527592606725383
    },
    "yaw_rad": 2.809516267507457,
    "linear_vel": {
      "x": 0.11850868787568813,
      "y": -5.947603857014672e-05
    },
    "angular_vel_z": 0.12630383332612802
  }
}