{
  "frame_idx": 7,
  "ros_stamp": 609.9,
  "wall_time": 1776684492.2265894,
  "prompt": "go to the left trash can",
  "goal_id": "trash_can_left",
  "goal_pose": {
    "frame_id": "map",
    "x": -0.187,
    "y": 7.555,
    "yaw_rad": -1.536
  },
  "odom": {
    "position": {
      "x": -0.12552400106886222,
      "y": 7.406753615946236,
      "z": 0.0
    },
    "orientation_quat": {
      "x": -0.00222200916013686,
      "y": 5.590723114948491e-05,
      "z": 0.9996804665202259,
      "w": 0.025179841293723963
    },
    "yaw_rad": 3.0912275232303297,
    "linear_vel": {
      "x": 0.063221274780146,
      "y": -6.75934545880149e-05
    },
    "angular_vel_z": 0.16456507112606217
  }
}