{
  "frame_idx": 8,
  "ros_stamp": 611.9,
  "wall_time": 1776684494.4090006,
  "prompt": "go to the left trash can",
  "goal_id": "trash_can_left",
  "goal_pose": {
    "frame_id": "map",
    "x": -0.187,
    "y": 7.555,
    "yaw_rad": -1.536
  },
  "odom": {
    "position": {
      "x": -0.2023401473414531,
      "y": 7.401327914348094,
      "z": 0.0
    },
    "orientation_quat": {
      "x": -0.002203924074569954,
      "y": -0.00028878231795198924,
      "z": 0.991527706652492,
      "w": -0.1298763499021129
    },
    "yaw_rad": -2.881103462168086,
    "linear_vel": {
      "x": 0.01801753623668871,
      "y": -5.676554369436136e-05
    },
    "angular_vel_z": 0.15393656707015432
  }
}