{
  "frame_idx": 9,
  "ros_stamp": 613.9,
  "wall_time": 1776684496.4932573,
  "prompt": "go to the left trash can",
  "goal_id": "trash_can_left",
  "goal_pose": {
    "frame_id": "map",
    "x": -0.187,
    "y": 7.555,
    "yaw_rad": -1.536
  },
  "odom": {
    "position": {
      "x": -0.21162321513673685,
      "y": 7.398232739754766,
      "z": 0.0
    },
    "orientation_quat": {
      "x": -0.0021390102198428065,
      "y": -0.0006044678039945047,
      "z": 0.9623174012321649,
      "w": -0.27191961779122525
    },
    "yaw_rad": -2.5908167534653828,
    "linear_vel": {
      "x": 0.00044127073371716413,
      "y": -4.651664547564082e-05
    },
    "angular_vel_z": 0.1327284090664559
  }
}