{
  "frame_idx": 10,
  "ros_stamp": 615.9,
  "wall_time": 1776684498.6347156,
  "prompt": "go to the left trash can",
  "goal_id": "trash_can_left",
  "goal_pose": {
    "frame_id": "map",
    "x": -0.187,
    "y": 7.555,
    "yaw_rad": -1.536
  },
  "odom": {
    "position": {
      "x": -0.21186007292634335,
      "y": 7.398192548899789,
      "z": 0.0
    },
    "orientation_quat": {
      "x": -0.002040383257998827,
      "y": -0.000881558337157087,
      "z": 0.9179881965645617,
      "w": -0.39660147586614225
    },
    "yaw_rad": -2.325967040572979,
    "linear_vel": {
      "x": -6.269261752111466e-09,
      "y": -4.422055990695812e-05
    },
    "angular_vel_z": 0.1275139606598453
  }
}