{
  "frame_idx": 11,
  "ros_stamp": 617.9,
  "wall_time": 1776684500.814467,
  "prompt": "go to the left trash can",
  "goal_id": "trash_can_left",
  "goal_pose": {
    "frame_id": "map",
    "x": -0.187,
    "y": 7.555,
    "yaw_rad": -1.536
  },
  "odom": {
    "position": {
      "x": -0.21192683267491466,
      "y": 7.398242632066686,
      "z": 0.0
    },
    "orientation_quat": {
      "x": -0.0019269657256417063,
      "y": -0.0011077673809378981,
      "z": 0.8669571446363407,
      "w": -0.4983777372821997
    },
    "yaw_rad": -2.0981366962539476,
    "linear_vel": {
      "x": 2.7068273375384736e-07,
      "y": -3.948998994407653e-05
    },
    "angular_vel_z": 0.11253121481519004
  }
}