{
  "frame_idx": 12,
  "ros_stamp": 619.9,
  "wall_time": 1776684502.9120588,
  "prompt": "go to the left trash can",
  "goal_id": "trash_can_left",
  "goal_pose": {
    "frame_id": "map",
    "x": -0.187,
    "y": 7.555,
    "yaw_rad": -1.536
  },
  "odom": {
    "position": {
      "x": -0.21199114641100578,
      "y": 7.398270103341664,
      "z": 0.0
    },
    "orientation_quat": {
      "x": 0.001814210499284649,
      "y": 0.0012841363845745243,
      "z": -0.8162247462799332,
      "w": 0.5777302339277984
    },
    "yaw_rad": -1.9096988665609254,
    "linear_vel": {
      "x": 2.2215513335388163e-07,
      "y": -3.829847260964778e-05
    },
    "angular_vel_z": 0.10860763635584739
  }
}