{
  "frame_idx": 0,
  "ros_stamp": 3755.9,
  "wall_time": 1776687888.457501,
  "prompt": "big shelf area",
  "goal_id": "big_shelf_area",
  "goal_pose": {
    "frame_id": "map",
    "x": -3.858,
    "y": -8.011,
    "yaw_rad": 1.5399999999999998
  },
  "odom": {
    "position": {
      "x": 0.3075571566184651,
      "y": 3.480926251367836,
      "z": 0.0
    },
    "orientation_quat": {
      "x": -0.001355264945917604,
      "y": 0.0001329296429579991,
      "z": 0.9952341993743403,
      "w": 0.09750402033943108
    },
    "yaw_rad": 2.946274110856795,
    "linear_vel": {
      "x": 0.005526323773338684,
      "y": -4.735812397986177e-05
    },
    "angular_vel_z": 0.2173283102010847
  }
}