{
  "frame_idx": 1,
  "ros_stamp": 3757.9,
  "wall_time": 1776687890.6309469,
  "prompt": "big shelf area",
  "goal_id": "big_shelf_area",
  "goal_pose": {
    "frame_id": "map",
    "x": -3.858,
    "y": -8.011,
    "yaw_rad": 1.5399999999999998
  },
  "odom": {
    "position": {
      "x": 0.28907385284548986,
      "y": 3.4808722783969706,
      "z": 0.0
    },
    "orientation_quat": {
      "x": 0.0020388521599466083,
      "y": 0.00019172943499182044,
      "z": 0.9957829623891492,
      "w": -0.09171749090104779
    },
    "yaw_rad": -2.957899144306548,
    "linear_vel": {
      "x": 0.025593217018167032,
      "y": 5.381878872045559e-05
    },
    "angular_vel_z": 0.1854281416640557
  }
}