{
  "frame_idx": 2,
  "ros_stamp": 3759.9,
  "wall_time": 1776687892.8430064,
  "prompt": "big shelf area",
  "goal_id": "big_shelf_area",
  "goal_pose": {
    "frame_id": "map",
    "x": -3.858,
    "y": -8.011,
    "yaw_rad": 1.5399999999999998
  },
  "odom": {
    "position": {
      "x": 0.23738297067216854,
      "y": 3.4595752327288407,
      "z": 0.0
    },
    "orientation_quat": {
      "x": -0.0011360769560504094,
      "y": -0.0003023577626513549,
      "z": 0.9654413712978562,
      "w": -0.2606176826223579
    },
    "yaw_rad": -2.6142683902292045,
    "linear_vel": {
      "x": 0.04570384334256268,
      "y": -4.8306282175355884e-05
    },
    "angular_vel_z": 0.21459634479270145
  }
}