{
  "frame_idx": 3,
  "ros_stamp": 3761.9,
  "wall_time": 1776687894.9648318,
  "prompt": "big shelf area",
  "goal_id": "big_shelf_area",
  "goal_pose": {
    "frame_id": "map",
    "x": -3.858,
    "y": -8.011,
    "yaw_rad": 1.5399999999999998
  },
  "odom": {
    "position": {
      "x": 0.1656171368003081,
      "y": 3.3966073317486716,
      "z": 0.0
    },
    "orientation_quat": {
      "x": 0.0006780504056638675,
      "y": 0.00032425558460597075,
      "z": 0.9027238068826509,
      "w": -0.4302199014379248
    },
    "yaw_rad": -2.2521196650602855,
    "linear_vel": {
      "x": 0.049552570794100234,
      "y": 1.318336162619222e-05
    },
    "angular_vel_z": 0.1764920326362408
  }
}