{
  "frame_idx": 4,
  "ros_stamp": 3763.9,
  "wall_time": 1776687897.141783,
  "prompt": "big shelf area",
  "goal_id": "big_shelf_area",
  "goal_pose": {
    "frame_id": "map",
    "x": -3.858,
    "y": -8.011,
    "yaw_rad": 1.5399999999999998
  },
  "odom": {
    "position": {
      "x": 0.07868928208674401,
      "y": 3.237095782917238,
      "z": 0.0
    },
    "orientation_quat": {
      "x": -0.0018350012677902433,
      "y": -0.0012542785963674074,
      "z": -0.8255584385512695,
      "w": 0.564312257613052
    },
    "yaw_rad": -1.9423893645055044,
    "linear_vel": {
      "x": 0.11374811686499264,
      "y": 3.58825849270682e-05
    },
    "angular_vel_z": 0.1511911340864253
  }
}