{
  "frame_idx": 5,
  "ros_stamp": 3765.9,
  "wall_time": 1776687899.349109,
  "prompt": "big shelf area",
  "goal_id": "big_shelf_area",
  "goal_pose": {
    "frame_id": "map",
    "x": -3.858,
    "y": -8.011,
    "yaw_rad": 1.5399999999999998
  },
  "odom": {
    "position": {
      "x": 0.013299373755844482,
      "y": 2.9845088396564807,
      "z": 0.0
    },
    "orientation_quat": {
      "x": 0.0017074695889807798,
      "y": 0.0014377154345854746,
      "z": -0.7649193774667195,
      "w": 0.6441221650415846
    },
    "yaw_rad": -1.741838227205538,
    "linear_vel": {
      "x": 0.1612528802799797,
      "y": -0.00043990481001225646
    },
    "angular_vel_z": 0.07697871124751957
  }
}