{
  "frame_idx": 6,
  "ros_stamp": 3767.9,
  "wall_time": 1776687901.4559178,
  "prompt": "big shelf area",
  "goal_id": "big_shelf_area",
  "goal_pose": {
    "frame_id": "map",
    "x": -3.858,
    "y": -8.011,
    "yaw_rad": 1.5399999999999998
  },
  "odom": {
    "position": {
      "x": -0.020401839170926393,
      "y": 2.6548959595809634,
      "z": 0.0
    },
    "orientation_quat": {
      "x": -0.0009340315738843337,
      "y": -0.0008864706891238249,
      "z": -0.7252796076677643,
      "w": 0.6884532173329064
    },
    "yaw_rad": -1.6228826380773087,
    "linear_vel": {
      "x": 0.1707495815312246,
      "y": 2.2809570161878802e-07
    },
    "angular_vel_z": 0.024886397249992493
  }
}