{
  "frame_idx": 7,
  "ros_stamp": 3769.9,
  "wall_time": 1776687903.659942,
  "prompt": "big shelf area",
  "goal_id": "big_shelf_area",
  "goal_pose": {
    "frame_id": "map",
    "x": -3.858,
    "y": -8.011,
    "yaw_rad": 1.5399999999999998
  },
  "odom": {
    "position": {
      "x": -0.027326527155612453,
      "y": 2.3046738762947867,
      "z": 0.0
    },
    "orientation_quat": {
      "x": 7.115628165311605e-05,
      "y": 7.0436607218512e-05,
      "z": -0.7107088247622875,
      "w": 0.7034862872725212
    },
    "yaw_rad": -1.581010581721946,
    "linear_vel": {
      "x": 0.18427084794414764,
      "y": 6.337471103153203e-06
    },
    "angular_vel_z": -0.031565760959230305
  }
}