{
  "frame_idx": 8,
  "ros_stamp": 3771.9,
  "wall_time": 1776687905.7667475,
  "prompt": "big shelf area",
  "goal_id": "big_shelf_area",
  "goal_pose": {
    "frame_id": "map",
    "x": -3.858,
    "y": -8.011,
    "yaw_rad": 1.5399999999999998
  },
  "odom": {
    "position": {
      "x": -0.04274261689338891,
      "y": 1.9673049138612455,
      "z": 0.0
    },
    "orientation_quat": {
      "x": -0.0013677342530069424,
      "y": -0.0012808944332995534,
      "z": -0.7298966089112422,
      "w": 0.6835549933343571
    },
    "yaw_rad": -1.6363451174671462,
    "linear_vel": {
      "x": 0.174739484852562,
      "y": 7.868183196341235e-07
    },
    "angular_vel_z": 0.007961625126416644
  }
}