{
  "frame_idx": 9,
  "ros_stamp": 3773.9,
  "wall_time": 1776687907.93943,
  "prompt": "big shelf area",
  "goal_id": "big_shelf_area",
  "goal_pose": {
    "frame_id": "map",
    "x": -3.858,
    "y": -8.011,
    "yaw_rad": 1.5399999999999998
  },
  "odom": {
    "position": {
      "x": -0.06478471704007903,
      "y": 1.6229869538919128,
      "z": 0.0
    },
    "orientation_quat": {
      "x": -0.0016218626478416434,
      "y": -0.0015208228897093856,
      "z": -0.7294612376278531,
      "w": 0.6840185373641056
    },
    "yaw_rad": -1.635073233136195,
    "linear_vel": {
      "x": 0.1860053622413776,
      "y": -6.95113698264297e-06
    },
    "angular_vel_z": -0.042169916421512174
  }
}