{
  "frame_idx": 10,
  "ros_stamp": 3775.9,
  "wall_time": 1776687910.110886,
  "prompt": "big shelf area",
  "goal_id": "big_shelf_area",
  "goal_pose": {
    "frame_id": "map",
    "x": -3.858,
    "y": -8.011,
    "yaw_rad": 1.5399999999999998
  },
  "odom": {
    "position": {
      "x": -0.09565577870814658,
      "y": 1.2765761338734285,
      "z": 0.0
    },
    "orientation_quat": {
      "x": 0.0009448359054578216,
      "y": 0.0008328348486103743,
      "z": -0.7500005045577167,
      "w": 0.6614360564970715
    },
    "yaw_rad": -1.696127481525269,
    "linear_vel": {
      "x": 0.16966381471632266,
      "y": 2.130816342293238e-05
    },
    "angular_vel_z": -0.058600123744782094
  }
}