{
  "frame_idx": 11,
  "ros_stamp": 3777.9,
  "wall_time": 1776687912.2525659,
  "prompt": "big shelf area",
  "goal_id": "big_shelf_area",
  "goal_pose": {
    "frame_id": "map",
    "x": -3.858,
    "y": -8.011,
    "yaw_rad": 1.5399999999999998
  },
  "odom": {
    "position": {
      "x": -0.14783375952655164,
      "y": 0.9325808937057826,
      "z": 0.0
    },
    "orientation_quat": {
      "x": 0.001194330520497577,
      "y": 0.0010102583843932319,
      "z": -0.7634911697526972,
      "w": 0.6458163722469902
    },
    "yaw_rad": -1.7374064631692803,
    "linear_vel": {
      "x": 0.18423598856462414,
      "y": 1.2583213906946638e-05
    },
    "angular_vel_z": -0.02799521000742495
  }
}