{
  "frame_idx": 12,
  "ros_stamp": 3779.9,
  "wall_time": 1776687914.4744055,
  "prompt": "big shelf area",
  "goal_id": "big_shelf_area",
  "goal_pose": {
    "frame_id": "map",
    "x": -3.858,
    "y": -8.011,
    "yaw_rad": 1.5399999999999998
  },
  "odom": {
    "position": {
      "x": -0.2174324012801739,
      "y": 0.5672175220208562,
      "z": 0.0
    },
    "orientation_quat": {
      "x": 0.00150450182291542,
      "y": 0.0012098518895931518,
      "z": -0.7792901992405904,
      "w": 0.6266602413590885
    },
    "yaw_rad": -1.7870693374193154,
    "linear_vel": {
      "x": 0.1636072695922441,
      "y": 1.2896324679901786e-05
    },
    "angular_vel_z": -0.028742718721836875
  }
}