{
  "frame_idx": 13,
  "ros_stamp": 3781.9,
  "wall_time": 1776687916.5692358,
  "prompt": "big shelf area",
  "goal_id": "big_shelf_area",
  "goal_pose": {
    "frame_id": "map",
    "x": -3.858,
    "y": -8.011,
    "yaw_rad": 1.5399999999999998
  },
  "odom": {
    "position": {
      "x": -0.28767009880347544,
      "y": 0.25061512351772175,
      "z": 0.0
    },
    "orientation_quat": {
      "x": -0.0007747707349085662,
      "y": -0.0006126986547163801,
      "z": -0.7843629820950839,
      "w": 0.6203013272995423
    },
    "yaw_rad": -1.8033382564754188,
    "linear_vel": {
      "x": 0.17697650459451367,
      "y": 1.3454563317096511e-06
    },
    "angular_vel_z": -0.031195916253333077
  }
}