{
  "frame_idx": 14,
  "ros_stamp": 3783.9,
  "wall_time": 1776687918.7311053,
  "prompt": "big shelf area",
  "goal_id": "big_shelf_area",
  "goal_pose": {
    "frame_id": "map",
    "x": -3.858,
    "y": -8.011,
    "yaw_rad": 1.5399999999999998
  },
  "odom": {
    "position": {
      "x": -0.370582416439876,
      "y": -0.09004231954657588,
      "z": 0.0
    },
    "orientation_quat": {
      "x": 0.0009620025456893623,
      "y": 0.0007658298313290574,
      "z": -0.7823706779936642,
      "w": 0.6228118578443298
    },
    "yaw_rad": -1.7969282453880162,
    "linear_vel": {
      "x": 0.1686048398652405,
      "y": 1.972201508896633e-06
    },
    "angular_vel_z": -0.00420311783670268
  }
}