{
  "frame_idx": 15,
  "ros_stamp": 3785.9,
  "wall_time": 1776687920.8980649,
  "prompt": "big shelf area",
  "goal_id": "big_shelf_area",
  "goal_pose": {
    "frame_id": "map",
    "x": -3.858,
    "y": -8.011,
    "yaw_rad": 1.5399999999999998
  },
  "odom": {
    "position": {
      "x": -0.454924947295837,
      "y": -0.4399491330840752,
      "z": 0.0
    },
    "orientation_quat": {
      "x": 0.0009183852017698993,
      "y": 0.0007130547520500451,
      "z": -0.7898771354933452,
      "w": 0.6132640205868672
    },
    "yaw_rad": -1.8212189946433965,
    "linear_vel": {
      "x": 0.1774121278805694,
      "y": 3.9550202009187765e-06
    },
    "angular_vel_z": -0.009190017737833211
  }
}