{
  "frame_idx": 16,
  "ros_stamp": 3787.9,
  "wall_time": 1776687923.0071537,
  "prompt": "big shelf area",
  "goal_id": "big_shelf_area",
  "goal_pose": {
    "frame_id": "map",
    "x": -3.858,
    "y": -8.011,
    "yaw_rad": 1.5399999999999998
  },
  "odom": {
    "position": {
      "x": -0.5413351620968896,
      "y": -0.7593234272084382,
      "z": 0.0
    },
    "orientation_quat": {
      "x": -0.00043384186330260944,
      "y": -0.00032998564546771224,
      "z": -0.795904968023975,
      "w": 0.6054213283040718
    },
    "yaw_rad": -1.841002165765731,
    "linear_vel": {
      "x": 0.17452030050974715,
      "y": -4.054921576751623e-06
    },
    "angular_vel_z": 0.03768534171519379
  }
}