{
  "frame_idx": 17,
  "ros_stamp": 3789.9,
  "wall_time": 1776687925.1875775,
  "prompt": "big shelf area",
  "goal_id": "big_shelf_area",
  "goal_pose": {
    "frame_id": "map",
    "x": -3.858,
    "y": -8.011,
    "yaw_rad": 1.5399999999999998
  },
  "odom": {
    "position": {
      "x": -0.6289914008927137,
      "y": -1.0960489571703418,
      "z": 0.0
    },
    "orientation_quat": {
      "x": 0.0006329543654491988,
      "y": 0.0004889129201771313,
      "z": -0.791406765481766,
      "w": 0.6112893683703464
    },
    "yaw_rad": -1.826214604145501,
    "linear_vel": {
      "x": 0.18191335235014378,
      "y": 6.6863752816588e-06
    },
    "angular_vel_z": -0.019551603908399405
  }
}