{
  "frame_idx": 18,
  "ros_stamp": 3791.9,
  "wall_time": 1776687927.2960591,
  "prompt": "big shelf area",
  "goal_id": "big_shelf_area",
  "goal_pose": {
    "frame_id": "map",
    "x": -3.858,
    "y": -8.011,
    "yaw_rad": 1.5399999999999998
  },
  "odom": {
    "position": {
      "x": -0.7228321341641294,
      "y": -1.4299679371316258,
      "z": 0.0
    },
    "orientation_quat": {
      "x": 0.0005418348161655339,
      "y": 0.00040384319201032683,
      "z": -0.8018137039531149,
      "w": 0.5975737004576884
    },
    "yaw_rad": -1.8606489706920986,
    "linear_vel": {
      "x": 0.17916026730168821,
      "y": -6.018936576637692e-07
    },
    "angular_vel_z": 0.004092152476264479
  }
}