{
  "frame_idx": 19,
  "ros_stamp": 3793.9,
  "wall_time": 1776687929.4512408,
  "prompt": "big shelf area",
  "goal_id": "big_shelf_area",
  "goal_pose": {
    "frame_id": "map",
    "x": -3.858,
    "y": -8.011,
    "yaw_rad": 1.5399999999999998
  },
  "odom": {
    "position": {
      "x": -0.8296502024530378,
      "y": -1.7831280266532097,
      "z": 0.0
    },
    "orientation_quat": {
      "x": -0.0017129666215092685,
      "y": -0.0012695309907691276,
      "z": -0.8034016357290004,
      "w": 0.5954336787118979
    },
    "yaw_rad": -1.865978600299932,
    "linear_vel": {
      "x": 0.18223475177417878,
      "y": -1.3382355667541793e-06
    },
    "angular_vel_z": -0.005308959427959598
  }
}