{
  "frame_idx": 20,
  "ros_stamp": 3795.9,
  "wall_time": 1776687931.6532843,
  "prompt": "big shelf area",
  "goal_id": "big_shelf_area",
  "goal_pose": {
    "frame_id": "map",
    "x": -3.858,
    "y": -8.011,
    "yaw_rad": 1.5399999999999998
  },
  "odom": {
    "position": {
      "x": -0.930799887648266,
      "y": -2.1024662568914616,
      "z": 0.0
    },
    "orientation_quat": {
      "x": 0.00017534756738031004,
      "y": 0.00012720176356003035,
      "z": -0.8094818125549486,
      "w": 0.5871449124498115
    },
    "yaw_rad": -1.88653811053399,
    "linear_vel": {
      "x": 0.16655090655262356,
      "y": -2.4370130368762564e-06
    },
    "angular_vel_z": 0.009699376936533185
  }
}