{
  "frame_idx": 21,
  "ros_stamp": 3797.9,
  "wall_time": 1776687933.7731698,
  "prompt": "big shelf area",
  "goal_id": "big_shelf_area",
  "goal_pose": {
    "frame_id": "map",
    "x": -3.858,
    "y": -8.011,
    "yaw_rad": 1.5399999999999998
  },
  "odom": {
    "position": {
      "x": -1.0470049053640078,
      "y": -2.4420869729374886,
      "z": 0.0
    },
    "orientation_quat": {
      "x": 0.0005811987865633889,
      "y": 0.00041423329803824015,
      "z": -0.8143379687587978,
      "w": 0.5803905265048186
    },
    "yaw_rad": -1.9031759470357925,
    "linear_vel": {
      "x": 0.17200756866522063,
      "y": -6.37445666737063e-06
    },
    "angular_vel_z": 0.021485228986124226
  }
}