{
  "frame_idx": 22,
  "ros_stamp": 3799.9,
  "wall_time": 1776687935.9607038,
  "prompt": "big shelf area",
  "goal_id": "big_shelf_area",
  "goal_pose": {
    "frame_id": "map",
    "x": -3.858,
    "y": -8.011,
    "yaw_rad": 1.5399999999999998
  },
  "odom": {
    "position": {
      "x": -1.161414893295382,
      "y": -2.778829454766911,
      "z": 0.0
    },
    "orientation_quat": {
      "x": -0.0018261210893531928,
      "y": -0.001306611410564476,
      "z": -0.8132576530697875,
      "w": 0.5818994309773902
    },
    "yaw_rad": -1.8994644081768424,
    "linear_vel": {
      "x": 0.20677841049653992,
      "y": -1.1972786620310406e-06
    },
    "angular_vel_z": -0.01273715900645182
  }
}