{
  "frame_idx": 23,
  "ros_stamp": 3801.9,
  "wall_time": 1776687938.215778,
  "prompt": "big shelf area",
  "goal_id": "big_shelf_area",
  "goal_pose": {
    "frame_id": "map",
    "x": -3.858,
    "y": -8.011,
    "yaw_rad": 1.5399999999999998
  },
  "odom": {
    "position": {
      "x": -1.2717145038520985,
      "y": -3.114722179924659,
      "z": 0.0
    },
    "orientation_quat": {
      "x": 0.0005470633209935453,
      "y": 0.0003952642440954577,
      "z": -0.8105705950903401,
      "w": 0.5856405509037025
    },
    "yaw_rad": -1.8902521664806506,
    "linear_vel": {
      "x": 0.18918930022048044,
      "y": 9.539437296253466e-06
    },
    "angular_vel_z": -0.028989824210917718
  }
}