{
  "frame_idx": 24,
  "ros_stamp": 3803.9,
  "wall_time": 1776687940.3855736,
  "prompt": "big shelf area",
  "goal_id": "big_shelf_area",
  "goal_pose": {
    "frame_id": "map",
    "x": -3.858,
    "y": -8.011,
    "yaw_rad": 1.5399999999999998
  },
  "odom": {
    "position": {
      "x": -1.3850954288001163,
      "y": -3.4485564084404423,
      "z": 0.0
    },
    "orientation_quat": {
      "x": -0.001824064527961563,
      "y": -0.0012950865532091519,
      "z": -0.8153766551970865,
      "w": 0.5789265114839957
    },
    "yaw_rad": -1.9067660523589625,
    "linear_vel": {
      "x": 0.19927199425532133,
      "y": -1.386600806773503e-06
    },
    "angular_vel_z": -0.013479210812471335
  }
}