{
  "frame_idx": 25,
  "ros_stamp": 3805.9,
  "wall_time": 1776687942.5909774,
  "prompt": "big shelf area",
  "goal_id": "big_shelf_area",
  "goal_pose": {
    "frame_id": "map",
    "x": -3.858,
    "y": -8.011,
    "yaw_rad": 1.5399999999999998
  },
  "odom": {
    "position": {
      "x": -1.513452910984354,
      "y": -3.808946758860065,
      "z": 0.0
    },
    "orientation_quat": {
      "x": 0.0005750223557060638,
      "y": 0.0003922994701035417,
      "z": -0.823949243824731,
      "w": 0.5666631795441363
    },
    "yaw_rad": -1.9366915143633783,
    "linear_vel": {
      "x": 0.17956710678406093,
      "y": 1.580127797591989e-05
    },
    "angular_vel_z": -0.04940667807128195
  }
}