{
  "frame_idx": 26,
  "ros_stamp": 3807.9,
  "wall_time": 1776687944.7917635,
  "prompt": "big shelf area",
  "goal_id": "big_shelf_area",
  "goal_pose": {
    "frame_id": "map",
    "x": -3.858,
    "y": -8.011,
    "yaw_rad": 1.5399999999999998
  },
  "odom": {
    "position": {
      "x": -1.6471779565209794,
      "y": -4.124339291962908,
      "z": 0.0
    },
    "orientation_quat": {
      "x": -0.00011080115240413819,
      "y": -7.268482741177261e-05,
      "z": -0.8360096092148424,
      "w": 0.5487147854217772
    },
    "yaw_rad": -1.979940360931004,
    "linear_vel": {
      "x": 0.1692845119428877,
      "y": -6.7080985250323345e-06
    },
    "angular_vel_z": 0.04092110097129046
  }
}