{
  "frame_idx": 27,
  "ros_stamp": 3809.9,
  "wall_time": 1776687946.9571872,
  "prompt": "big shelf area",
  "goal_id": "big_shelf_area",
  "goal_pose": {
    "frame_id": "map",
    "x": -3.858,
    "y": -8.011,
    "yaw_rad": 1.5399999999999998
  },
  "odom": {
    "position": {
      "x": -1.7866211735598283,
      "y": -4.448741552289575,
      "z": 0.0
    },
    "orientation_quat": {
      "x": -0.0017215971300409319,
      "y": -0.0011131855520560188,
      "z": -0.8392344176148265,
      "w": 0.5437659323752744
    },
    "yaw_rad": -1.9917540241876008,
    "linear_vel": {
      "x": 0.18863521466603167,
      "y": -9.953964554007349e-06
    },
    "angular_vel_z": -0.06376301746652191
  }
}