{
  "frame_idx": 28,
  "ros_stamp": 3811.9,
  "wall_time": 1776687949.1105225,
  "prompt": "big shelf area",
  "goal_id": "big_shelf_area",
  "goal_pose": {
    "frame_id": "map",
    "x": -3.858,
    "y": -8.011,
    "yaw_rad": 1.5399999999999998
  },
  "odom": {
    "position": {
      "x": -1.9356396526489696,
      "y": -4.775199199844009,
      "z": 0.0
    },
    "orientation_quat": {
      "x": 0.0003166886915670652,
      "y": 0.00020300360454434795,
      "z": -0.8423445937098752,
      "w": 0.5389391839025576
    },
    "yaw_rad": -2.003238082860712,
    "linear_vel": {
      "x": 0.1838547539367042,
      "y": 6.150985767846813e-07
    },
    "angular_vel_z": -0.0006255882222853918
  }
}