{
  "frame_idx": 29,
  "ros_stamp": 3813.9,
  "wall_time": 1776687951.2343087,
  "prompt": "big shelf area",
  "goal_id": "big_shelf_area",
  "goal_pose": {
    "frame_id": "map",
    "x": -3.858,
    "y": -8.011,
    "yaw_rad": 1.5399999999999998
  },
  "odom": {
    "position": {
      "x": -2.09240462448505,
      "y": -5.109606934007714,
      "z": 0.0
    },
    "orientation_quat": {
      "x": -0.0015405005672185343,
      "y": -0.0009777828908883858,
      "z": -0.8442801572972725,
      "w": 0.535898952035469
    },
    "yaw_rad": -2.0104462584962253,
    "linear_vel": {
      "x": 0.1817403616417342,
      "y": 2.0477586943289626e-07
    },
    "angular_vel_z": 0.00864840848868788
  }
}