{
  "frame_idx": 30,
  "ros_stamp": 3815.9,
  "wall_time": 1776687953.4613605,
  "prompt": "big shelf area",
  "goal_id": "big_shelf_area",
  "goal_pose": {
    "frame_id": "map",
    "x": -3.858,
    "y": -8.011,
    "yaw_rad": 1.5399999999999998
  },
  "odom": {
    "position": {
      "x": -2.2660266600860517,
      "y": -5.467259380732445,
      "z": 0.0
    },
    "orientation_quat": {
      "x": -0.001558978335376229,
      "y": -0.000980831823924576,
      "z": -0.8464061633073405,
      "w": 0.5325347071044576
    },
    "yaw_rad": -2.0184056855277177,
    "linear_vel": {
      "x": 0.19677305774838216,
      "y": -1.3514627454367712e-06
    },
    "angular_vel_z": -0.008391178588104798
  }
}