{
  "frame_idx": 31,
  "ros_stamp": 3817.9,
  "wall_time": 1776687955.5850785,
  "prompt": "big shelf area",
  "goal_id": "big_shelf_area",
  "goal_pose": {
    "frame_id": "map",
    "x": -3.858,
    "y": -8.011,
    "yaw_rad": 1.5399999999999998
  },
  "odom": {
    "position": {
      "x": -2.4241459469562026,
      "y": -5.7876299392494115,
      "z": 0.0
    },
    "orientation_quat": {
      "x": -0.0019031626622797613,
      "y": -0.0011756896147221397,
      "z": -0.8507485123642242,
      "w": 0.5255682300480788
    },
    "yaw_rad": -2.0348237802424753,
    "linear_vel": {
      "x": 0.18592410574946544,
      "y": 4.855725334527148e-07
    },
    "angular_vel_z": 0.0
  }
}