{
  "frame_idx": 32,
  "ros_stamp": 3819.9,
  "wall_time": 1776687957.7688544,
  "prompt": "big shelf area",
  "goal_id": "big_shelf_area",
  "goal_pose": {
    "frame_id": "map",
    "x": -3.858,
    "y": -8.011,
    "yaw_rad": 1.5399999999999998
  },
  "odom": {
    "position": {
      "x": -2.595420539079562,
      "y": -6.110579990931013,
      "z": 0.0
    },
    "orientation_quat": {
      "x": 0.0017872297386070312,
      "y": 0.0010360777505748601,
      "z": -0.8657765579824286,
      "w": 0.5004265020968162
    },
    "yaw_rad": -2.0934075420283205,
    "linear_vel": {
      "x": 0.17593396961561555,
      "y": 1.8771053704648042e-06
    },
    "angular_vel_z": -0.005161713285563216
  }
}