{
  "frame_idx": 33,
  "ros_stamp": 3821.9,
  "wall_time": 1776687959.944737,
  "prompt": "big shelf area",
  "goal_id": "big_shelf_area",
  "goal_pose": {
    "frame_id": "map",
    "x": -3.858,
    "y": -8.011,
    "yaw_rad": 1.5399999999999998
  },
  "odom": {
    "position": {
      "x": -2.7821468205922213,
      "y": -6.434204385462078,
      "z": 0.0
    },
    "orientation_quat": {
      "x": -0.0002874280910371912,
      "y": -0.00016349954184194214,
      "z": 0.8692505815853279,
      "w": -0.4943716386146778
    },
    "yaw_rad": -2.1073689797939337,
    "linear_vel": {
      "x": 0.1898160544130891,
      "y": 3.7055315003892792e-06
    },
    "angular_vel_z": -0.013131229331154525
  }
}