{
  "frame_idx": 34,
  "ros_stamp": 3823.9,
  "wall_time": 1776687962.0817864,
  "prompt": "big shelf area",
  "goal_id": "big_shelf_area",
  "goal_pose": {
    "frame_id": "map",
    "x": -3.858,
    "y": -8.011,
    "yaw_rad": 1.5399999999999998
  },
  "odom": {
    "position": {
      "x": -2.9840865292739247,
      "y": -6.757486955098778,
      "z": 0.0
    },
    "orientation_quat": {
      "x": 5.5676957084247074e-05,
      "y": 3.052316763343244e-05,
      "z": 0.8766247222902362,
      "w": -0.48117470033032567
    },
    "yaw_rad": -2.137604157743915,
    "linear_vel": {
      "x": 0.17845493196728568,
      "y": -3.8303498254836535e-06
    },
    "angular_vel_z": 0.02051456640289192
  }
}