{
  "frame_idx": 35,
  "ros_stamp": 3825.9,
  "wall_time": 1776687964.3034768,
  "prompt": "big shelf area",
  "goal_id": "big_shelf_area",
  "goal_pose": {
    "frame_id": "map",
    "x": -3.858,
    "y": -8.011,
    "yaw_rad": 1.5399999999999998
  },
  "odom": {
    "position": {
      "x": -3.2099385809534082,
      "y": -7.113341024723422,
      "z": 0.0
    },
    "orientation_quat": {
      "x": 0.0008950692602396181,
      "y": 0.0004869263806085965,
      "z": 0.8784152707501831,
      "w": -0.4778970327032822
    },
    "yaw_rad": -2.1450738811350774,
    "linear_vel": {
      "x": 0.21456368785664443,
      "y": 1.2231446586504673e-06
    },
    "angular_vel_z": -0.014546479780241118
  }
}