{
  "frame_idx": 36,
  "ros_stamp": 3827.9,
  "wall_time": 1776687966.4271772,
  "prompt": "big shelf area",
  "goal_id": "big_shelf_area",
  "goal_pose": {
    "frame_id": "map",
    "x": -3.858,
    "y": -8.011,
    "yaw_rad": 1.5399999999999998
  },
  "odom": {
    "position": {
      "x": -3.4155118337221584,
      "y": -7.4216590609250375,
      "z": 0.0
    },
    "orientation_quat": {
      "x": -0.001968130830363619,
      "y": -0.001037046866317175,
      "z": 0.8847029350074942,
      "w": -0.4661499413106872
    },
    "yaw_rad": -2.1717221107095823,
    "linear_vel": {
      "x": 0.17664071741169546,
      "y": 3.3360996617206587e-06
    },
    "angular_vel_z": -0.005770328425182882
  }
}