{
  "frame_idx": 37,
  "ros_stamp": 3829.9,
  "wall_time": 1776687968.5747514,
  "prompt": "big shelf area",
  "goal_id": "big_shelf_area",
  "goal_pose": {
    "frame_id": "map",
    "x": -3.858,
    "y": -8.011,
    "yaw_rad": 1.5399999999999998
  },
  "odom": {
    "position": {
      "x": -3.602599172439726,
      "y": -7.686413265230597,
      "z": 0.0
    },
    "orientation_quat": {
      "x": -6.828548241313746e-05,
      "y": -3.410329322091126e-05,
      "z": 0.8983655288967781,
      "w": -0.43924864332638563
    },
    "yaw_rad": -2.232068365677806,
    "linear_vel": {
      "x": 0.14445854420058432,
      "y": 2.3651993576279486e-05
    },
    "angular_vel_z": -0.13946298936219387
  }
}