{
  "frame_idx": 38,
  "ros_stamp": 3831.9,
  "wall_time": 1776687970.7158444,
  "prompt": "big shelf area",
  "goal_id": "big_shelf_area",
  "goal_pose": {
    "frame_id": "map",
    "x": -3.858,
    "y": -8.011,
    "yaw_rad": 1.5399999999999998
  },
  "odom": {
    "position": {
      "x": -3.7852891446125954,
      "y": -7.866462090552966,
      "z": 0.0
    },
    "orientation_quat": {
      "x": -0.0019774236498124307,
      "y": -0.0006267882464186666,
      "z": 0.9532556543774982,
      "w": -0.3021578301641897
    },
    "yaw_rad": -2.5276803261432907,
    "linear_vel": {
      "x": 0.09358762883835652,
      "y": 6.785725053527658e-05
    },
    "angular_vel_z": -0.16178077154608403
  }
}