{
  "frame_idx": 39,
  "ros_stamp": 3833.9,
  "wall_time": 1776687972.8241186,
  "prompt": "big shelf area",
  "goal_id": "big_shelf_area",
  "goal_pose": {
    "frame_id": "map",
    "x": -3.858,
    "y": -8.011,
    "yaw_rad": 1.5399999999999998
  },
  "odom": {
    "position": {
      "x": -3.8983776101736343,
      "y": -7.92481246779446,
      "z": 0.0
    },
    "orientation_quat": {
      "x": -0.0021375789523701344,
      "y": -0.0002994486071890472,
      "z": 0.990458594037128,
      "w": -0.13779373927994534
    },
    "yaw_rad": -2.8651248971389567,
    "linear_vel": {
      "x": 0.04060199689015878,
      "y": 6.491883334258453e-05
    },
    "angular_vel_z": -0.17484127516154385
  }
}