{
  "frame_idx": 40,
  "ros_stamp": 3835.9,
  "wall_time": 1776687975.0202696,
  "prompt": "big shelf area",
  "goal_id": "big_shelf_area",
  "goal_pose": {
    "frame_id": "map",
    "x": -3.858,
    "y": -8.011,
    "yaw_rad": 1.5399999999999998
  },
  "odom": {
    "position": {
      "x": -3.923905424550067,
      "y": -7.929586966125613,
      "z": 0.0
    },
    "orientation_quat": {
      "x": -0.0021486390635343526,
      "y": 6.293384431874461e-05,
      "z": 0.9995711134530032,
      "w": 0.029205625140187118
    },
    "yaw_rad": 3.0831729619523873,
    "linear_vel": {
      "x": 0.0009034267958561888,
      "y": 5.535207408590959e-05
    },
    "angular_vel_z": -0.16404777906734408
  }
}