{
  "frame_idx": 41,
  "ros_stamp": 3837.9,
  "wall_time": 1776687977.1499896,
  "prompt": "big shelf area",
  "goal_id": "big_shelf_area",
  "goal_pose": {
    "frame_id": "map",
    "x": -3.858,
    "y": -8.011,
    "yaw_rad": 1.5399999999999998
  },
  "odom": {
    "position": {
      "x": -3.9254500414631366,
      "y": -7.929531064595704,
      "z": 0.0
    },
    "orientation_quat": {
      "x": -0.002184166333999922,
      "y": 0.0004116182571514779,
      "z": 0.9826946246700129,
      "w": 0.18521969288522871
    },
    "yaw_rad": 2.7690008847300813,
    "linear_vel": {
      "x": -7.537891535536395e-07,
      "y": 5.3579716499264524e-05
    },
    "angular_vel_z": -0.15268749862858813
  }
}