{
  "frame_idx": 42,
  "ros_stamp": 3839.9,
  "wall_time": 1776687979.3394256,
  "prompt": "big shelf area",
  "goal_id": "big_shelf_area",
  "goal_pose": {
    "frame_id": "map",
    "x": -3.858,
    "y": -8.011,
    "yaw_rad": 1.5399999999999998
  },
  "odom": {
    "position": {
      "x": -3.9254980044018826,
      "y": -7.929620729132523,
      "z": 0.0
    },
    "orientation_quat": {
      "x": -0.0021057012331782087,
      "y": 0.0007113158546823323,
      "z": 0.9473956192030868,
      "w": 0.32005718358891944
    },
    "yaw_rad": 2.4900112940522425,
    "linear_vel": {
      "x": -1.5504372211025e-07,
      "y": 4.47797068491469e-05
    },
    "angular_vel_z": -0.12855127672226627
  }
}