{
  "frame_idx": 43,
  "ros_stamp": 3841.9,
  "wall_time": 1776687981.4867306,
  "prompt": "big shelf area",
  "goal_id": "big_shelf_area",
  "goal_pose": {
    "frame_id": "map",
    "x": -3.858,
    "y": -8.011,
    "yaw_rad": 1.5399999999999998
  },
  "odom": {
    "position": {
      "x": -3.9255532702752816,
      "y": -7.9296788121000255,
      "z": 0.0
    },
    "orientation_quat": {
      "x": -0.002016975295494396,
      "y": 0.0009336580824409658,
      "z": 0.9074791657093849,
      "w": 0.4200912090208995
    },
    "yaw_rad": 2.274498715538034,
    "linear_vel": {
      "x": 4.725067232817133e-08,
      "y": 2.8058309806772848e-05
    },
    "angular_vel_z": -0.08072731827956181
  }
}