{
  "frame_idx": 44,
  "ros_stamp": 3843.9,
  "wall_time": 1776687983.578075,
  "prompt": "big shelf area",
  "goal_id": "big_shelf_area",
  "goal_pose": {
    "frame_id": "map",
    "x": -3.858,
    "y": -8.011,
    "yaw_rad": 1.5399999999999998
  },
  "odom": {
    "position": {
      "x": -3.925623068627901,
      "y": -7.929727161566012,
      "z": 0.0
    },
    "orientation_quat": {
      "x": -0.0019045339618087736,
      "y": 0.001145698638605863,
      "z": 0.8568926697399752,
      "w": 0.515490070390221
    },
    "yaw_rad": 2.0584307522733485,
    "linear_vel": {
      "x": 2.812914431203541e-07,
      "y": 3.491846259177964e-05
    },
    "angular_vel_z": -0.09916104176153615
  }
}