{
  "frame_idx": 45,
  "ros_stamp": 3845.9,
  "wall_time": 1776687985.74832,
  "prompt": "big shelf area",
  "goal_id": "big_shelf_area",
  "goal_pose": {
    "frame_id": "map",
    "x": -3.858,
    "y": -8.011,
    "yaw_rad": 1.5399999999999998
  },
  "odom": {
    "position": {
      "x": -3.9256817157653208,
      "y": -7.929750838032454,
      "z": 0.0
    },
    "orientation_quat": {
      "x": -0.0017968603439660468,
      "y": 0.0013081093667108108,
      "z": 0.808450640509152,
      "w": 0.5885597862606066
    },
    "yaw_rad": 1.88303657585441,
    "linear_vel": {
      "x": 2.0254671970903723e-07,
      "y": 2.9000046214256075e-05
    },
    "angular_vel_z": -0.08181047179728726
  }
}