{
  "frame_idx": 0,
  "ros_stamp": 1523.9,
  "wall_time": 1776685470.6653683,
  "prompt": "go to the left of trash can",
  "goal_id": "trash_can_left",
  "goal_pose": {
    "frame_id": "map",
    "x": -0.187,
    "y": 7.555,
    "yaw_rad": -1.536
  },
  "odom": {
    "position": {
      "x": 1.5413643488157398,
      "y": 6.593809745905719,
      "z": 0.0
    },
    "orientation_quat": {
      "x": 0.0004076878351743421,
      "y": -0.0005328178432380733,
      "z": 0.6059397979334683,
      "w": 0.7955102206610061
    },
    "yaw_rad": 1.301893768470002,
    "linear_vel": {
      "x": 0.014282545546659083,
      "y": 1.97142227352401e-05
    },
    "angular_vel_z": 0.23806301371478625
  }
}