{
  "frame_idx": 1,
  "ros_stamp": 1525.9,
  "wall_time": 1776685472.9001586,
  "prompt": "go to the left of trash can",
  "goal_id": "trash_can_left",
  "goal_pose": {
    "frame_id": "map",
    "x": -0.187,
    "y": 7.555,
    "yaw_rad": -1.536
  },
  "odom": {
    "position": {
      "x": 1.542883794137585,
      "y": 6.618363684335286,
      "z": 0.0
    },
    "orientation_quat": {
      "x": 0.0013742384015130067,
      "y": -0.0012740234357779881,
      "z": 0.7333339097526691,
      "w": 0.6798660641184888
    },
    "yaw_rad": 1.6464294377193005,
    "linear_vel": {
      "x": 0.009383542806606008,
      "y": 5.651857506534916e-05
    },
    "angular_vel_z": 0.198451812691414
  }
}