{
  "frame_idx": 2,
  "ros_stamp": 1527.9,
  "wall_time": 1776685475.0218246,
  "prompt": "go to the left of trash can",
  "goal_id": "trash_can_left",
  "goal_pose": {
    "frame_id": "map",
    "x": -0.187,
    "y": 7.555,
    "yaw_rad": -1.536
  },
  "odom": {
    "position": {
      "x": 1.523378026840937,
      "y": 6.679801693965462,
      "z": 0.0
    },
    "orientation_quat": {
      "x": 0.00037676217389215154,
      "y": -0.00024605172957128284,
      "z": 0.8454325978109262,
      "w": 0.5340819413418506
    },
    "yaw_rad": 2.0147495911181674,
    "linear_vel": {
      "x": 0.04147040781140052,
      "y": 4.7485751091945905e-06
    },
    "angular_vel_z": 0.1867932551532146
  }
}