{
  "frame_idx": 3,
  "ros_stamp": 1529.9,
  "wall_time": 1776685477.2091439,
  "prompt": "go to the left of trash can",
  "goal_id": "trash_can_left",
  "goal_pose": {
    "frame_id": "map",
    "x": -0.187,
    "y": 7.555,
    "yaw_rad": -1.536
  },
  "odom": {
    "position": {
      "x": 1.4240095189324051,
      "y": 6.816940093437449,
      "z": 0.0
    },
    "orientation_quat": {
      "x": 0.0007205149892192334,
      "y": -0.00030250269065599595,
      "z": 0.9220056787907723,
      "w": 0.3871755643475447
    },
    "yaw_rad": 2.346459885556347,
    "linear_vel": {
      "x": 0.10927093694248644,
      "y": 2.1032161982107995e-06
    },
    "angular_vel_z": 0.12905099244162027
  }
}