{
  "frame_idx": 4,
  "ros_stamp": 1531.9,
  "wall_time": 1776685479.3692968,
  "prompt": "go to the left of trash can",
  "goal_id": "trash_can_left",
  "goal_pose": {
    "frame_id": "map",
    "x": -0.187,
    "y": 7.555,
    "yaw_rad": -1.536
  },
  "odom": {
    "position": {
      "x": 1.2189386892385956,
      "y": 6.9745413524080835,
      "z": 0.0
    },
    "orientation_quat": {
      "x": 0.001991149990077442,
      "y": -0.0005590604204394086,
      "z": 0.9622916041917192,
      "w": 0.2720121160450226
    },
    "yaw_rad": 2.590624682504769,
    "linear_vel": {
      "x": 0.16356271597256783,
      "y": 1.773762575441322e-05
    },
    "angular_vel_z": 0.11269900704347413
  }
}