{
  "frame_idx": 5,
  "ros_stamp": 1533.9,
  "wall_time": 1776685481.4624772,
  "prompt": "go to the left of trash can",
  "goal_id": "trash_can_left",
  "goal_pose": {
    "frame_id": "map",
    "x": -0.187,
    "y": 7.555,
    "yaw_rad": -1.536
  },
  "odom": {
    "position": {
      "x": 0.9080100943326767,
      "y": 7.125772696796583,
      "z": 0.0
    },
    "orientation_quat": {
      "x": 0.0015597131572334993,
      "y": -0.00030454933224367765,
      "z": 0.9814714081186924,
      "w": 0.1916020605058373
    },
    "yaw_rad": 2.756003780885288,
    "linear_vel": {
      "x": 0.21357326900841894,
      "y": 1.2459106612345509e-06
    },
    "angular_vel_z": 0.05866302703877453
  }
}