{
  "frame_idx": 6,
  "ros_stamp": 1535.9,
  "wall_time": 1776685483.657881,
  "prompt": "go to the left of trash can",
  "goal_id": "trash_can_left",
  "goal_pose": {
    "frame_id": "map",
    "x": -0.187,
    "y": 7.555,
    "yaw_rad": -1.536
  },
  "odom": {
    "position": {
      "x": 0.5343770634028773,
      "y": 7.261702859057242,
      "z": 0.0
    },
    "orientation_quat": {
      "x": -5.5893619523771796e-05,
      "y": 9.369750163482425e-06,
      "z": 0.9860697999481549,
      "w": 0.16633203665655222
    },
    "yaw_rad": 2.8073752286921767,
    "linear_vel": {
      "x": 0.20016620265474425,
      "y": 2.6692199884937955e-06
    },
    "angular_vel_z": -0.00976960213361683
  }
}