{
  "frame_idx": 7,
  "ros_stamp": 1537.9,
  "wall_time": 1776685485.7501495,
  "prompt": "go to the left of trash can",
  "goal_id": "trash_can_left",
  "goal_pose": {
    "frame_id": "map",
    "x": -0.187,
    "y": 7.555,
    "yaw_rad": -1.536
  },
  "odom": {
    "position": {
      "x": 0.2222438641229598,
      "y": 7.36688418578542,
      "z": 0.0
    },
    "orientation_quat": {
      "x": -0.0018972121585561013,
      "y": 0.000298442190047904,
      "z": 0.987845420696442,
      "w": 0.1554275919113267
    },
    "yaw_rad": 2.829471491278068,
    "linear_vel": {
      "x": 0.138699972711049,
      "y": -4.198953592059296e-05
    },
    "angular_vel_z": 0.09384151358371803
  }
}