{
  "frame_idx": 8,
  "ros_stamp": 1539.9,
  "wall_time": 1776685487.9087286,
  "prompt": "go to the left of trash can",
  "goal_id": "trash_can_left",
  "goal_pose": {
    "frame_id": "map",
    "x": -0.187,
    "y": 7.555,
    "yaw_rad": -1.536
  },
  "odom": {
    "position": {
      "x": -0.029929945227399276,
      "y": 7.415496355350448,
      "z": 0.0
    },
    "orientation_quat": {
      "x": -0.0019216910100602962,
      "y": 4.2618408182218166e-05,
      "z": 0.9997514363920404,
      "w": 0.02221194992307037
    },
    "yaw_rad": 3.097165017641761,
    "linear_vel": {
      "x": 0.10186572335994762,
      "y": -5.3801842103295416e-05
    },
    "angular_vel_z": 0.13299719663370155
  }
}