{
  "frame_idx": 9,
  "ros_stamp": 1541.9,
  "wall_time": 1776685490.0741596,
  "prompt": "go to the left of trash can",
  "goal_id": "trash_can_left",
  "goal_pose": {
    "frame_id": "map",
    "x": -0.187,
    "y": 7.555,
    "yaw_rad": -1.536
  },
  "odom": {
    "position": {
      "x": -0.15575367226222583,
      "y": 7.407330184805388,
      "z": 0.0
    },
    "orientation_quat": {
      "x": -0.002137075711541742,
      "y": -0.00023863670644481668,
      "z": 0.9938234137952258,
      "w": -0.11095223365182393
    },
    "yaw_rad": -2.9192298407468216,
    "linear_vel": {
      "x": 0.04416349930675246,
      "y": -6.124994723877237e-05
    },
    "angular_vel_z": 0.16006621452034173
  }
}