{
  "frame_idx": 10,
  "ros_stamp": 1543.9,
  "wall_time": 1776685492.183774,
  "prompt": "go to the left of trash can",
  "goal_id": "trash_can_left",
  "goal_pose": {
    "frame_id": "map",
    "x": -0.187,
    "y": 7.555,
    "yaw_rad": -1.536
  },
  "odom": {
    "position": {
      "x": -0.1904157274919051,
      "y": 7.395842447546525,
      "z": 0.0
    },
    "orientation_quat": {
      "x": -0.0021507824594747837,
      "y": -0.0005609558419031777,
      "z": 0.967633797454906,
      "w": -0.2523487536849619
    },
    "yaw_rad": -2.631377765279702,
    "linear_vel": {
      "x": 0.004393219380568842,
      "y": -5.067736337169392e-05
    },
    "angular_vel_z": 0.14288926626065962
  }
}