{
  "frame_idx": 11,
  "ros_stamp": 1545.9,
  "wall_time": 1776685494.3669753,
  "prompt": "go to the left of trash can",
  "goal_id": "trash_can_left",
  "goal_pose": {
    "frame_id": "map",
    "x": -0.187,
    "y": 7.555,
    "yaw_rad": -1.536
  },
  "odom": {
    "position": {
      "x": -0.19388838750038362,
      "y": 7.3937990969060765,
      "z": 0.0
    },
    "orientation_quat": {
      "x": -0.00205467028490248,
      "y": -0.0008477378097216246,
      "z": 0.9244140715082508,
      "w": -0.3813839064094925
    },
    "yaw_rad": -2.3590048275493394,
    "linear_vel": {
      "x": -4.287038691683584e-06,
      "y": -4.55396335201314e-05
    },
    "angular_vel_z": 0.13131945212488097
  }
}