{
  "frame_idx": 13,
  "ros_stamp": 1549.9,
  "wall_time": 1776685498.6107814,
  "prompt": "go to the left of trash can",
  "goal_id": "trash_can_left",
  "goal_pose": {
    "frame_id": "map",
    "x": -0.187,
    "y": 7.555,
    "yaw_rad": -1.536
  },
  "odom": {
    "position": {
      "x": -0.19403581399062095,
      "y": 7.393849674738813,
      "z": 0.0
    },
    "orientation_quat": {
      "x": 0.0018397217960752438,
      "y": 0.0012473114998236433,
      "z": -0.8277031126583105,
      "w": 0.5611618455788665
    },
    "yaw_rad": -1.9500116511145686,
    "linear_vel": {
      "x": 2.5095338932328613e-07,
      "y": -3.122563653402161e-05
    },
    "angular_vel_z": 0.08822369083970254
  }
}