{
  "frame_idx": 14,
  "ros_stamp": 1551.9,
  "wall_time": 1776685500.7874665,
  "prompt": "go to the left of trash can",
  "goal_id": "trash_can_left",
  "goal_pose": {
    "frame_id": "map",
    "x": -0.187,
    "y": 7.555,
    "yaw_rad": -1.536
  },
  "odom": {
    "position": {
      "x": -0.19409504793888033,
      "y": 7.393866546753189,
      "z": 0.0
    },
    "orientation_quat": {
      "x": 0.0017295536910640723,
      "y": 0.00139607270126095,
      "z": -0.7781350067055591,
      "w": 0.6280931228443613
    },
    "yaw_rad": -1.7833882319252743,
    "linear_vel": {
      "x": 1.1373193499515552e-07,
      "y": -2.400055040696512e-05
    },
    "angular_vel_z": 0.06768130369581182
  }
}