{
  "frame_idx": 0,
  "ros_stamp": 1379.9,
  "wall_time": 1776685315.4691784,
  "prompt": "trash can on the left",
  "goal_id": "trash_can_left",
  "goal_pose": {
    "frame_id": "map",
    "x": -0.187,
    "y": 7.555,
    "yaw_rad": -1.536
  },
  "odom": {
    "position": {
      "x": 5.2958047909926265,
      "y": -6.063400645282297,
      "z": 0.0
    },
    "orientation_quat": {
      "x": -0.0012019916659387062,
      "y": -8.235504936391299e-05,
      "z": 0.9976387596718908,
      "w": -0.06866916072016696
    },
    "yaw_rad": -3.0041460662285906,
    "linear_vel": {
      "x": 0.005596758381347717,
      "y": 1.1563793970986844e-05
    },
    "angular_vel_z": -0.06349379048459278
  }
}