{
  "frame_idx": 1,
  "ros_stamp": 1381.9,
  "wall_time": 1776685317.5869973,
  "prompt": "trash can on the left",
  "goal_id": "trash_can_left",
  "goal_pose": {
    "frame_id": "map",
    "x": -0.187,
    "y": 7.555,
    "yaw_rad": -1.536
  },
  "odom": {
    "position": {
      "x": 5.298206331429849,
      "y": -6.063814468544942,
      "z": 0.0
    },
    "orientation_quat": {
      "x": 0.002221550435500236,
      "y": -7.085971733851966e-05,
      "z": 0.9994900153843216,
      "w": 0.031855436578575966
    },
    "yaw_rad": 3.0778708429965893,
    "linear_vel": {
      "x": -0.00740498428072737,
      "y": -5.2333113520264554e-05
    },
    "angular_vel_z": -0.05901444479660527
  }
}