{
  "frame_idx": 2,
  "ros_stamp": 1383.9,
  "wall_time": 1776685319.78609,
  "prompt": "trash can on the left",
  "goal_id": "trash_can_left",
  "goal_pose": {
    "frame_id": "map",
    "x": -0.187,
    "y": 7.555,
    "yaw_rad": -1.536
  },
  "odom": {
    "position": {
      "x": 5.271192186215281,
      "y": -6.058232750177155,
      "z": 0.0
    },
    "orientation_quat": {
      "x": 0.002211829074002242,
      "y": -0.00029473105863106014,
      "z": 0.9912419865892439,
      "w": 0.13203917967163917
    },
    "yaw_rad": 2.8767402092434495,
    "linear_vel": {
      "x": 0.05422004611093303,
      "y": -2.5521200497149385e-05
    },
    "angular_vel_z": -0.08472482022440375
  }
}