{
  "frame_idx": 3,
  "ros_stamp": 1385.9,
  "wall_time": 1776685321.8771448,
  "prompt": "trash can on the left",
  "goal_id": "trash_can_left",
  "goal_pose": {
    "frame_id": "map",
    "x": -0.187,
    "y": 7.555,
    "yaw_rad": -1.536
  },
  "odom": {
    "position": {
      "x": 5.2082965799165954,
      "y": -6.033250165844149,
      "z": 0.0
    },
    "orientation_quat": {
      "x": -0.0010922697812220318,
      "y": 0.0002632026266069138,
      "z": 0.9725551030986702,
      "w": 0.23266995746730482
    },
    "yaw_rad": 2.671948184645476,
    "linear_vel": {
      "x": 0.048466540643466845,
      "y": 2.204542930493032e-05
    },
    "angular_vel_z": -0.09828139512424201
  }
}