{
  "frame_idx": 4,
  "ros_stamp": 1387.9,
  "wall_time": 1776685324.0362165,
  "prompt": "trash can on the left",
  "goal_id": "trash_can_left",
  "goal_pose": {
    "frame_id": "map",
    "x": -0.187,
    "y": 7.555,
    "yaw_rad": -1.536
  },
  "odom": {
    "position": {
      "x": 4.973050294561188,
      "y": -5.89291744467134,
      "z": 0.0
    },
    "orientation_quat": {
      "x": 0.002150465163246765,
      "y": -0.0006046066632761232,
      "z": 0.9626825330346594,
      "w": 0.27062400215120636
    },
    "yaw_rad": 2.5935089277139918,
    "linear_vel": {
      "x": 0.1341631519014708,
      "y": 8.864560375436566e-06
    },
    "angular_vel_z": 0.03944135429432085
  }
}