{
  "frame_idx": 5,
  "ros_stamp": 1389.9,
  "wall_time": 1776685326.1931243,
  "prompt": "trash can on the left",
  "goal_id": "trash_can_left",
  "goal_pose": {
    "frame_id": "map",
    "x": -0.187,
    "y": 7.555,
    "yaw_rad": -1.536
  },
  "odom": {
    "position": {
      "x": 4.808887750941829,
      "y": -5.807578863660134,
      "z": 0.0
    },
    "orientation_quat": {
      "x": -0.0015349145438274408,
      "y": 0.0002737929635817556,
      "z": 0.9844560090674391,
      "w": 0.1756244154033439
    },
    "yaw_rad": 2.788512207638382,
    "linear_vel": {
      "x": 0.021852092275595862,
      "y": -3.148739419134357e-05
    },
    "angular_vel_z": 0.11986763193486831
  }
}