{
  "frame_idx": 6,
  "ros_stamp": 1391.9,
  "wall_time": 1776685328.29938,
  "prompt": "trash can on the left",
  "goal_id": "trash_can_left",
  "goal_pose": {
    "frame_id": "map",
    "x": -0.187,
    "y": 7.555,
    "yaw_rad": -1.536
  },
  "odom": {
    "position": {
      "x": 4.727377906141384,
      "y": -5.7906929139371135,
      "z": 0.0
    },
    "orientation_quat": {
      "x": 0.0017516686911435086,
      "y": -0.00013317832719119362,
      "z": 0.9971186225771582,
      "w": 0.07583776387895719
    },
    "yaw_rad": 2.989771123108816,
    "linear_vel": {
      "x": 0.15689901665601824,
      "y": 6.973205638038108e-06
    },
    "angular_vel_z": 0.060482834200412464
  }
}