{
  "frame_idx": 7,
  "ros_stamp": 1393.9,
  "wall_time": 1776685330.4951684,
  "prompt": "trash can on the left",
  "goal_id": "trash_can_left",
  "goal_pose": {
    "frame_id": "map",
    "x": -0.187,
    "y": 7.555,
    "yaw_rad": -1.536
  },
  "odom": {
    "position": {
      "x": 4.4867116378354535,
      "y": -5.756755353094755,
      "z": 0.0
    },
    "orientation_quat": {
      "x": 2.620250116122639e-06,
      "y": -8.461691608082018e-06,
      "z": 0.9946126104802351,
      "w": 0.10366173351447645
    },
    "yaw_rad": 2.9338960716841926,
    "linear_vel": {
      "x": 0.09754033412426659,
      "y": 4.341014600565424e-05
    },
    "angular_vel_z": -0.1434102737742038
  }
}