{
  "frame_idx": 8,
  "ros_stamp": 1395.9,
  "wall_time": 1776685332.6010833,
  "prompt": "trash can on the left",
  "goal_id": "trash_can_left",
  "goal_pose": {
    "frame_id": "map",
    "x": -0.187,
    "y": 7.555,
    "yaw_rad": -1.536
  },
  "odom": {
    "position": {
      "x": 4.259984561741538,
      "y": -5.676530168753692,
      "z": 0.0
    },
    "orientation_quat": {
      "x": -0.00214521309335282,
      "y": 0.000580603886657966,
      "z": 0.9652865885844754,
      "w": 0.261183580760462
    },
    "yaw_rad": 2.613095035779819,
    "linear_vel": {
      "x": 0.08257812608983614,
      "y": 7.633504425346096e-05
    },
    "angular_vel_z": -0.17638358114811664
  }
}