{
  "frame_idx": 9,
  "ros_stamp": 1397.9,
  "wall_time": 1776685334.7560651,
  "prompt": "trash can on the left",
  "goal_id": "trash_can_left",
  "goal_pose": {
    "frame_id": "map",
    "x": -0.187,
    "y": 7.555,
    "yaw_rad": -1.536
  },
  "odom": {
    "position": {
      "x": 4.121730677077337,
      "y": -5.560405097326678,
      "z": 0.0
    },
    "orientation_quat": {
      "x": -0.0011931684009820827,
      "y": 0.0005487629037317331,
      "z": 0.9079204489680418,
      "w": 0.41914046995501614
    },
    "yaw_rad": 2.276595028384545,
    "linear_vel": {
      "x": 0.0777756396474911,
      "y": 4.464082639720496e-05
    },
    "angular_vel_z": -0.16474685399301364
  }
}