{
  "frame_idx": 10,
  "ros_stamp": 1399.9,
  "wall_time": 1776685336.9268954,
  "prompt": "trash can on the left",
  "goal_id": "trash_can_left",
  "goal_pose": {
    "frame_id": "map",
    "x": -0.187,
    "y": 7.555,
    "yaw_rad": -1.536
  },
  "odom": {
    "position": {
      "x": 4.019094050433872,
      "y": -5.3849326554779795,
      "z": 0.0
    },
    "orientation_quat": {
      "x": -0.0013439771890132967,
      "y": 0.000902729743788846,
      "z": 0.8301511571814438,
      "w": 0.5575360392249411
    },
    "yaw_rad": 1.9587613930639654,
    "linear_vel": {
      "x": 0.13000725968169913,
      "y": 5.302126116328925e-05
    },
    "angular_vel_z": -0.13613817874550405
  }
}