{
  "frame_idx": 11,
  "ros_stamp": 1401.9,
  "wall_time": 1776685339.024058,
  "prompt": "trash can on the left",
  "goal_id": "trash_can_left",
  "goal_pose": {
    "frame_id": "map",
    "x": -0.187,
    "y": 7.555,
    "yaw_rad": -1.536
  },
  "odom": {
    "position": {
      "x": 3.948559045820305,
      "y": -5.110989298392098,
      "z": 0.0
    },
    "orientation_quat": {
      "x": 0.0016920830671804908,
      "y": -0.0014495361767604656,
      "z": 0.7594276081389327,
      "w": 0.6505879984261511
    },
    "yaw_rad": 1.724871516353832,
    "linear_vel": {
      "x": 0.17037142537945157,
      "y": -1.45943850255063e-05
    },
    "angular_vel_z": -0.08480429213522235
  }
}