{
  "frame_idx": 12,
  "ros_stamp": 1403.9,
  "wall_time": 1776685341.2221584,
  "prompt": "trash can on the left",
  "goal_id": "trash_can_left",
  "goal_pose": {
    "frame_id": "map",
    "x": -0.187,
    "y": 7.555,
    "yaw_rad": -1.536
  },
  "odom": {
    "position": {
      "x": 3.9183108723538966,
      "y": -4.795988751152596,
      "z": 0.0
    },
    "orientation_quat": {
      "x": 0.0009276740178405779,
      "y": -0.0008754250395452808,
      "z": 0.726908002080142,
      "w": 0.686733667125599
    },
    "yaw_rad": 1.627619104865972,
    "linear_vel": {
      "x": 0.19335657931264158,
      "y": 4.4300650990084287e-07
    },
    "angular_vel_z": 0.009989710328583987
  }
}