{
  "frame_idx": 13,
  "ros_stamp": 1405.9,
  "wall_time": 1776685343.3143876,
  "prompt": "trash can on the left",
  "goal_id": "trash_can_left",
  "goal_pose": {
    "frame_id": "map",
    "x": -0.187,
    "y": 7.555,
    "yaw_rad": -1.536
  },
  "odom": {
    "position": {
      "x": 3.896155032338447,
      "y": -4.448399827350211,
      "z": 0.0
    },
    "orientation_quat": {
      "x": 0.0005374949240046727,
      "y": -0.0005098253399454138,
      "z": 0.7255454770191266,
      "w": 0.6881738239387032
    },
    "yaw_rad": 1.623653993100283,
    "linear_vel": {
      "x": 0.17195360135971466,
      "y": 2.2370313991438702e-06
    },
    "angular_vel_z": -0.039527341011784026
  }
}