{
  "frame_idx": 14,
  "ros_stamp": 1407.9,
  "wall_time": 1776685345.4715736,
  "prompt": "trash can on the left",
  "goal_id": "trash_can_left",
  "goal_pose": {
    "frame_id": "map",
    "x": -0.187,
    "y": 7.555,
    "yaw_rad": -1.536
  },
  "odom": {
    "position": {
      "x": 3.8868953444814913,
      "y": -4.110575955167863,
      "z": 0.0
    },
    "orientation_quat": {
      "x": 0.0011043641714412046,
      "y": -0.0011003767374242993,
      "z": 0.7083847621492458,
      "w": 0.7058247645879032
    },
    "yaw_rad": 1.5744167164504896,
    "linear_vel": {
      "x": 0.16442250367607697,
      "y": -1.1852462818008597e-06
    },
    "angular_vel_z": -0.013917834853883935
  }
}