{
  "frame_idx": 15,
  "ros_stamp": 1409.9,
  "wall_time": 1776685347.635008,
  "prompt": "trash can on the left",
  "goal_id": "trash_can_left",
  "goal_pose": {
    "frame_id": "map",
    "x": -0.187,
    "y": 7.555,
    "yaw_rad": -1.536
  },
  "odom": {
    "position": {
      "x": 3.8847876500990686,
      "y": -3.7629279014057615,
      "z": 0.0
    },
    "orientation_quat": {
      "x": -0.0015769761339037543,
      "y": 0.0015820861987622256,
      "z": 0.705957693809228,
      "w": 0.7082504816102061
    },
    "yaw_rad": 1.5675538256442905,
    "linear_vel": {
      "x": 0.15809129270348354,
      "y": 1.1395338376449248e-05
    },
    "angular_vel_z": -0.02249702548547395
  }
}