{
  "frame_idx": 16,
  "ros_stamp": 1411.9,
  "wall_time": 1776685349.7242994,
  "prompt": "trash can on the left",
  "goal_id": "trash_can_left",
  "goal_pose": {
    "frame_id": "map",
    "x": -0.187,
    "y": 7.555,
    "yaw_rad": -1.536
  },
  "odom": {
    "position": {
      "x": 3.8847567417638342,
      "y": -3.41243790335495,
      "z": 0.0
    },
    "orientation_quat": {
      "x": -0.001579376295589797,
      "y": 0.0015745662451920287,
      "z": 0.7081824862751255,
      "w": 0.7060259148535825
    },
    "yaw_rad": 1.5738461881124501,
    "linear_vel": {
      "x": 0.17081870540388527,
      "y": -9.412755925155713e-07
    },
    "angular_vel_z": 0.0
  }
}