{
  "frame_idx": 17,
  "ros_stamp": 1413.9,
  "wall_time": 1776685351.9072459,
  "prompt": "trash can on the left",
  "goal_id": "trash_can_left",
  "goal_pose": {
    "frame_id": "map",
    "x": -0.187,
    "y": 7.555,
    "yaw_rad": -1.536
  },
  "odom": {
    "position": {
      "x": 3.8826689307594933,
      "y": -3.0483374801250736,
      "z": 0.0
    },
    "orientation_quat": {
      "x": -0.0007731397125316407,
      "y": 0.0007667351844967787,
      "z": 0.7100354630905009,
      "w": 0.7041650769002961
    },
    "yaw_rad": 1.5790983353055308,
    "linear_vel": {
      "x": 0.1666290172569418,
      "y": 6.083421978745228e-06
    },
    "angular_vel_z": -0.018938283276229255
  }
}