{
  "frame_idx": 18,
  "ros_stamp": 1415.9,
  "wall_time": 1776685353.9986846,
  "prompt": "trash can on the left",
  "goal_id": "trash_can_left",
  "goal_pose": {
    "frame_id": "map",
    "x": -0.187,
    "y": 7.555,
    "yaw_rad": -1.536
  },
  "odom": {
    "position": {
      "x": 3.8777695218771147,
      "y": -2.7113905129066818,
      "z": 0.0
    },
    "orientation_quat": {
      "x": -0.00011709453160025724,
      "y": 0.00011519298732224454,
      "z": 0.7128587314502347,
      "w": 0.7013076372139467
    },
    "yaw_rad": 1.587132222785469,
    "linear_vel": {
      "x": 0.16749122783248055,
      "y": 1.6901987302848485e-07
    },
    "angular_vel_z": -0.0008768722539045934
  }
}