{
  "frame_idx": 19,
  "ros_stamp": 1417.9,
  "wall_time": 1776685356.1398895,
  "prompt": "trash can on the left",
  "goal_id": "trash_can_left",
  "goal_pose": {
    "frame_id": "map",
    "x": -0.187,
    "y": 7.555,
    "yaw_rad": -1.536
  },
  "odom": {
    "position": {
      "x": 3.870835869612048,
      "y": -2.358985625024067,
      "z": 0.0
    },
    "orientation_quat": {
      "x": 0.0016115542321001907,
      "y": -0.001533161952870126,
      "z": 0.7244967527126867,
      "w": 0.6892746242363456
    },
    "yaw_rad": 1.6206132128233421,
    "linear_vel": {
      "x": 0.18430053739398386,
      "y": 8.589835207652037e-06
    },
    "angular_vel_z": 0.05342955946421487
  }
}