{
  "frame_idx": 20,
  "ros_stamp": 1419.9,
  "wall_time": 1776685358.3080735,
  "prompt": "trash can on the left",
  "goal_id": "trash_can_left",
  "goal_pose": {
    "frame_id": "map",
    "x": -0.187,
    "y": 7.555,
    "yaw_rad": -1.536
  },
  "odom": {
    "position": {
      "x": 3.842360171097426,
      "y": -2.004811118524592,
      "z": 0.0
    },
    "orientation_quat": {
      "x": 0.0008573724312400127,
      "y": -0.0007840057957081286,
      "z": 0.7379804641255963,
      "w": 0.6748210761501124
    },
    "yaw_rad": 1.6601469694521578,
    "linear_vel": {
      "x": 0.1772992300354346,
      "y": 2.125806035796631e-07
    },
    "angular_vel_z": -0.004717151574677309
  }
}