{
  "frame_idx": 21,
  "ros_stamp": 1421.9,
  "wall_time": 1776685360.405248,
  "prompt": "trash can on the left",
  "goal_id": "trash_can_left",
  "goal_pose": {
    "frame_id": "map",
    "x": -0.187,
    "y": 7.555,
    "yaw_rad": -1.536
  },
  "odom": {
    "position": {
      "x": 3.8186701082349375,
      "y": -1.652200522279704,
      "z": 0.0
    },
    "orientation_quat": {
      "x": 0.0016148568409727277,
      "y": -0.0015306277439232905,
      "z": 0.7257808481466259,
      "w": 0.6879223865231143
    },
    "yaw_rad": 1.6243428060662057,
    "linear_vel": {
      "x": 0.18344366879913399,
      "y": -5.656500897509303e-08
    },
    "angular_vel_z": 0.0
  }
}