{
  "frame_idx": 22,
  "ros_stamp": 1423.9,
  "wall_time": 1776685362.5923269,
  "prompt": "trash can on the left",
  "goal_id": "trash_can_left",
  "goal_pose": {
    "frame_id": "map",
    "x": -0.187,
    "y": 7.555,
    "yaw_rad": -1.536
  },
  "odom": {
    "position": {
      "x": 3.792792802690963,
      "y": -1.3061866744004378,
      "z": 0.0
    },
    "orientation_quat": {
      "x": -0.0005410285416510735,
      "y": 0.0004948102995357279,
      "z": 0.7379138880950915,
      "w": 0.6748944778313639
    },
    "yaw_rad": 1.6599487774012378,
    "linear_vel": {
      "x": 0.17444696592814496,
      "y": -2.5326758238062284e-06
    },
    "angular_vel_z": 0.007537715121836826
  }
}