{
  "frame_idx": 23,
  "ros_stamp": 1425.9,
  "wall_time": 1776685364.7094238,
  "prompt": "trash can on the left",
  "goal_id": "trash_can_left",
  "goal_pose": {
    "frame_id": "map",
    "x": -0.187,
    "y": 7.555,
    "yaw_rad": -1.536
  },
  "odom": {
    "position": {
      "x": 3.765367874547269,
      "y": -0.9654211224927579,
      "z": 0.0
    },
    "orientation_quat": {
      "x": -0.0008485680596400998,
      "y": 0.0007804821985064938,
      "z": 0.7332923019595998,
      "w": 0.6799125463370838
    },
    "yaw_rad": 1.646304677363442,
    "linear_vel": {
      "x": 0.15619677189887635,
      "y": -1.9205954748938868e-05
    },
    "angular_vel_z": 0.05439971752155019
  }
}