{
  "frame_idx": 24,
  "ros_stamp": 1427.9,
  "wall_time": 1776685366.8316786,
  "prompt": "trash can on the left",
  "goal_id": "trash_can_left",
  "goal_pose": {
    "frame_id": "map",
    "x": -0.187,
    "y": 7.555,
    "yaw_rad": -1.536
  },
  "odom": {
    "position": {
      "x": 3.7305788302242444,
      "y": -0.6227431200043978,
      "z": 0.0
    },
    "orientation_quat": {
      "x": 0.00047730781353759114,
      "y": -0.00042587356246815675,
      "z": 0.746172170867776,
      "w": 0.66575271853101
    },
    "yaw_rad": 1.6845880135215126,
    "linear_vel": {
      "x": 0.1783921147572354,
      "y": -5.003131622061401e-07
    },
    "angular_vel_z": 0.0023918726270704656
  }
}