{
  "frame_idx": 25,
  "ros_stamp": 1429.9,
  "wall_time": 1776685369.025603,
  "prompt": "trash can on the left",
  "goal_id": "trash_can_left",
  "goal_pose": {
    "frame_id": "map",
    "x": -0.187,
    "y": 7.555,
    "yaw_rad": -1.536
  },
  "odom": {
    "position": {
      "x": 3.6882479466595774,
      "y": -0.2744630666272194,
      "z": 0.0
    },
    "orientation_quat": {
      "x": -0.0015709738931089005,
      "y": 0.001369129470997516,
      "z": 0.7538746488075925,
      "w": 0.657014970461669
    },
    "yaw_rad": 1.7078842157957472,
    "linear_vel": {
      "x": 0.16831547868770846,
      "y": -5.809781743682034e-07
    },
    "angular_vel_z": 0.0004266261622554196
  }
}