{
  "frame_idx": 26,
  "ros_stamp": 1431.9,
  "wall_time": 1776685371.1266994,
  "prompt": "trash can on the left",
  "goal_id": "trash_can_left",
  "goal_pose": {
    "frame_id": "map",
    "x": -0.187,
    "y": 7.555,
    "yaw_rad": -1.536
  },
  "odom": {
    "position": {
      "x": 3.6362239444968383,
      "y": 0.0640701550154665,
      "z": 0.0
    },
    "orientation_quat": {
      "x": 0.0016659333751503356,
      "y": -0.0014290999612175538,
      "z": 0.758996061885599,
      "w": 0.6510915145979423
    },
    "yaw_rad": 1.7235452241451972,
    "linear_vel": {
      "x": 0.18766966130617552,
      "y": -5.318639961378302e-07
    },
    "angular_vel_z": -0.006520945884741371
  }
}