{
  "frame_idx": 27,
  "ros_stamp": 1433.9,
  "wall_time": 1776685373.2961915,
  "prompt": "trash can on the left",
  "goal_id": "trash_can_left",
  "goal_pose": {
    "frame_id": "map",
    "x": -0.187,
    "y": 7.555,
    "yaw_rad": -1.536
  },
  "odom": {
    "position": {
      "x": 3.5724734723482174,
      "y": 0.437311829326413,
      "z": 0.0
    },
    "orientation_quat": {
      "x": -0.001460977317478768,
      "y": 0.00121457978913329,
      "z": 0.7689653963108819,
      "w": 0.639287579746128
    },
    "yaw_rad": 1.75444676198753,
    "linear_vel": {
      "x": 0.18812046395755577,
      "y": -1.8963110295928113e-05
    },
    "angular_vel_z": 0.0379992393715488
  }
}