{
  "frame_idx": 28,
  "ros_stamp": 1435.9,
  "wall_time": 1776685375.4342217,
  "prompt": "trash can on the left",
  "goal_id": "trash_can_left",
  "goal_pose": {
    "frame_id": "map",
    "x": -0.187,
    "y": 7.555,
    "yaw_rad": -1.536
  },
  "odom": {
    "position": {
      "x": 3.496995815907164,
      "y": 0.7658038553723456,
      "z": 0.0
    },
    "orientation_quat": {
      "x": -0.0016024389562047314,
      "y": 0.0012250191884434632,
      "z": 0.7944023334902361,
      "w": 0.60738856102387
    },
    "yaw_rad": 1.836051234758524,
    "linear_vel": {
      "x": 0.19616285834432629,
      "y": -2.0804172344436302e-05
    },
    "angular_vel_z": 0.03999799470336981
  }
}