{
  "frame_idx": 29,
  "ros_stamp": 1437.9,
  "wall_time": 1776685377.5554569,
  "prompt": "trash can on the left",
  "goal_id": "trash_can_left",
  "goal_pose": {
    "frame_id": "map",
    "x": -0.187,
    "y": 7.555,
    "yaw_rad": -1.536
  },
  "odom": {
    "position": {
      "x": 3.3913145249896215,
      "y": 1.0933622465878843,
      "z": 0.0
    },
    "orientation_quat": {
      "x": -0.0018453253943378413,
      "y": 0.0012390131567072142,
      "z": 0.830202854234316,
      "w": 0.5574569763145688
    },
    "yaw_rad": 1.9589503075173942,
    "linear_vel": {
      "x": 0.14695128554825385,
      "y": -5.811907156142876e-05
    },
    "angular_vel_z": 0.11641156020620864
  }
}