{
  "frame_idx": 30,
  "ros_stamp": 1439.9,
  "wall_time": 1776685379.7444448,
  "prompt": "trash can on the left",
  "goal_id": "trash_can_left",
  "goal_pose": {
    "frame_id": "map",
    "x": -0.187,
    "y": 7.555,
    "yaw_rad": -1.536
  },
  "odom": {
    "position": {
      "x": 3.224593759559301,
      "y": 1.3955106748642745,
      "z": 0.0
    },
    "orientation_quat": {
      "x": -0.0007409309036217636,
      "y": 0.00038058397390339926,
      "z": 0.8917986532368082,
      "w": 0.45243172773607543
    },
    "yaw_rad": 2.2026118576521228,
    "linear_vel": {
      "x": 0.17379840280802267,
      "y": -3.980403369115371e-05
    },
    "angular_vel_z": 0.13418019677573073
  }
}