{
  "frame_idx": 31,
  "ros_stamp": 1441.9,
  "wall_time": 1776685381.8605337,
  "prompt": "trash can on the left",
  "goal_id": "trash_can_left",
  "goal_pose": {
    "frame_id": "map",
    "x": -0.187,
    "y": 7.555,
    "yaw_rad": -1.536
  },
  "odom": {
    "position": {
      "x": 2.9940509973874887,
      "y": 1.6460644136553138,
      "z": 0.0
    },
    "orientation_quat": {
      "x": 0.0006935186685138211,
      "y": -0.00026940653879989487,
      "z": 0.9346382212577538,
      "w": 0.35559927139424147
    },
    "yaw_rad": 2.414482112720571,
    "linear_vel": {
      "x": 0.17396660341995526,
      "y": -7.82233790429189e-06
    },
    "angular_vel_z": 0.12375065073627207
  }
}