{
  "frame_idx": 32,
  "ros_stamp": 1443.9,
  "wall_time": 1776685384.0381193,
  "prompt": "trash can on the left",
  "goal_id": "trash_can_left",
  "goal_pose": {
    "frame_id": "map",
    "x": -0.187,
    "y": 7.555,
    "yaw_rad": -1.536
  },
  "odom": {
    "position": {
      "x": 2.712793568906863,
      "y": 1.8737738443144734,
      "z": 0.0
    },
    "orientation_quat": {
      "x": -0.00211005121238022,
      "y": 0.0006994612486307451,
      "z": 0.9491992347539141,
      "w": 0.3146678744016091
    },
    "yaw_rad": 2.501377547494825,
    "linear_vel": {
      "x": 0.178712136515396,
      "y": -2.908405371496197e-05
    },
    "angular_vel_z": 0.05575109480481647
  }
}