{
  "frame_idx": 33,
  "ros_stamp": 1445.9,
  "wall_time": 1776685386.1757026,
  "prompt": "trash can on the left",
  "goal_id": "trash_can_left",
  "goal_pose": {
    "frame_id": "map",
    "x": -0.187,
    "y": 7.555,
    "yaw_rad": -1.536
  },
  "odom": {
    "position": {
      "x": 2.4217200731108877,
      "y": 2.0825099734891066,
      "z": 0.0
    },
    "orientation_quat": {
      "x": 0.0011877813057741796,
      "y": -0.00037109400955065755,
      "z": 0.9545109560339368,
      "w": 0.29817324875982043
    },
    "yaw_rad": 2.536035622990719,
    "linear_vel": {
      "x": 0.1692160178127169,
      "y": 4.118763051295547e-07
    },
    "angular_vel_z": 0.021237397056032996
  }
}