{
  "frame_idx": 34,
  "ros_stamp": 1447.9,
  "wall_time": 1776685388.2879853,
  "prompt": "trash can on the left",
  "goal_id": "trash_can_left",
  "goal_pose": {
    "frame_id": "map",
    "x": -0.187,
    "y": 7.555,
    "yaw_rad": -1.536
  },
  "odom": {
    "position": {
      "x": 2.131191715388935,
      "y": 2.2850726040810283,
      "z": 0.0
    },
    "orientation_quat": {
      "x": -0.0014132628875268157,
      "y": 0.00045962128558570435,
      "z": 0.951869333071148,
      "w": 0.3065005125525448
    },
    "yaw_rad": 2.518563129022438,
    "linear_vel": {
      "x": 0.1641808733768272,
      "y": 1.7271075005947218e-05
    },
    "angular_vel_z": -0.039820900132936224
  }
}