{
  "frame_idx": 35,
  "ros_stamp": 1449.9,
  "wall_time": 1776685390.480737,
  "prompt": "trash can on the left",
  "goal_id": "trash_can_left",
  "goal_pose": {
    "frame_id": "map",
    "x": -0.187,
    "y": 7.555,
    "yaw_rad": -1.536
  },
  "odom": {
    "position": {
      "x": 1.88456396122937,
      "y": 2.4854216778416416,
      "z": 0.0
    },
    "orientation_quat": {
      "x": -0.002060343082083767,
      "y": 0.0008314544026983133,
      "z": 0.9274865924506054,
      "w": 0.37384981542636214
    },
    "yaw_rad": 2.3752779508145485,
    "linear_vel": {
      "x": 0.1415583922667809,
      "y": 5.653097796193203e-05
    },
    "angular_vel_z": -0.11489295535335912
  }
}