{
  "frame_idx": 36,
  "ros_stamp": 1451.9,
  "wall_time": 1776685392.5940635,
  "prompt": "trash can on the left",
  "goal_id": "trash_can_left",
  "goal_pose": {
    "frame_id": "map",
    "x": -0.187,
    "y": 7.555,
    "yaw_rad": -1.536
  },
  "odom": {
    "position": {
      "x": 1.7105630453656087,
      "y": 2.6917807433402414,
      "z": 0.0
    },
    "orientation_quat": {
      "x": -0.0004113291139726414,
      "y": 0.0002278809648918209,
      "z": 0.8792837573031195,
      "w": 0.476298071612236
    },
    "yaw_rad": 2.148713087654489,
    "linear_vel": {
      "x": 0.12073998494936344,
      "y": 2.8916466377665632e-05
    },
    "angular_vel_z": -0.15220733494295988
  }
}