{
  "frame_idx": 37,
  "ros_stamp": 1453.9,
  "wall_time": 1776685394.7420678,
  "prompt": "trash can on the left",
  "goal_id": "trash_can_left",
  "goal_pose": {
    "frame_id": "map",
    "x": -0.187,
    "y": 7.555,
    "yaw_rad": -1.536
  },
  "odom": {
    "position": {
      "x": 1.59464795370125,
      "y": 2.931684537615982,
      "z": 0.0
    },
    "orientation_quat": {
      "x": 0.001829950397806728,
      "y": -0.0012772273796419886,
      "z": 0.8200096613400055,
      "w": 0.5723453286965938
    },
    "yaw_rad": 1.9228629322485002,
    "linear_vel": {
      "x": 0.14205574395748427,
      "y": -1.3164160048653473e-05
    },
    "angular_vel_z": -0.067041364824192
  }
}