{
  "frame_idx": 38,
  "ros_stamp": 1455.9,
  "wall_time": 1776685396.8988845,
  "prompt": "trash can on the left",
  "goal_id": "trash_can_left",
  "goal_pose": {
    "frame_id": "map",
    "x": -0.187,
    "y": 7.555,
    "yaw_rad": -1.536
  },
  "odom": {
    "position": {
      "x": 1.5051376126855298,
      "y": 3.2355205849240116,
      "z": 0.0
    },
    "orientation_quat": {
      "x": 0.0015456614323675869,
      "y": -0.0012031292146701634,
      "z": 0.7891365708529354,
      "w": 0.6142146497384277
    },
    "yaw_rad": 1.8188089042734392,
    "linear_vel": {
      "x": 0.17432693234841154,
      "y": 1.3394331472655003e-06
    },
    "angular_vel_z": 0.005962590039640697
  }
}