{
  "frame_idx": 39,
  "ros_stamp": 1457.9,
  "wall_time": 1776685399.010847,
  "prompt": "trash can on the left",
  "goal_id": "trash_can_left",
  "goal_pose": {
    "frame_id": "map",
    "x": -0.187,
    "y": 7.555,
    "yaw_rad": -1.536
  },
  "odom": {
    "position": {
      "x": 1.4254967971672283,
      "y": 3.5750179051383553,
      "z": 0.0
    },
    "orientation_quat": {
      "x": 0.000959733352965633,
      "y": -0.0007655943796200567,
      "z": 0.7817436227529149,
      "w": 0.6235987500486874
    },
    "yaw_rad": 1.7949158843415478,
    "linear_vel": {
      "x": 0.1597299257082731,
      "y": -1.0621893868482425e-07
    },
    "angular_vel_z": 0.010841673500597513
  }
}