{
  "frame_idx": 40,
  "ros_stamp": 1459.9,
  "wall_time": 1776685401.197233,
  "prompt": "trash can on the left",
  "goal_id": "trash_can_left",
  "goal_pose": {
    "frame_id": "map",
    "x": -0.187,
    "y": 7.555,
    "yaw_rad": -1.536
  },
  "odom": {
    "position": {
      "x": 1.344094242619932,
      "y": 3.9161123641789586,
      "z": 0.0
    },
    "orientation_quat": {
      "x": -0.000573693666646622,
      "y": 0.0004519735101494148,
      "z": 0.7854961054309755,
      "w": 0.6188661688509826
    },
    "yaw_rad": 1.806995387414765,
    "linear_vel": {
      "x": 0.18294262966058855,
      "y": -1.330238445953455e-06
    },
    "angular_vel_z": 0.002647774177866556
  }
}