{
  "frame_idx": 41,
  "ros_stamp": 1461.9,
  "wall_time": 1776685403.2884424,
  "prompt": "trash can on the left",
  "goal_id": "trash_can_left",
  "goal_pose": {
    "frame_id": "map",
    "x": -0.187,
    "y": 7.555,
    "yaw_rad": -1.536
  },
  "odom": {
    "position": {
      "x": 1.2609661096207572,
      "y": 4.255611000944557,
      "z": 0.0
    },
    "orientation_quat": {
      "x": -0.001221659248107919,
      "y": 0.0009474976298954305,
      "z": 0.7901873519435577,
      "w": 0.6128634094358635
    },
    "yaw_rad": 1.822232352874569,
    "linear_vel": {
      "x": 0.16838556919256448,
      "y": -7.59617848190318e-06
    },
    "angular_vel_z": 0.017517622286600427
  }
}