{
  "frame_idx": 42,
  "ros_stamp": 1463.9,
  "wall_time": 1776685405.4370735,
  "prompt": "trash can on the left",
  "goal_id": "trash_can_left",
  "goal_pose": {
    "frame_id": "map",
    "x": -0.187,
    "y": 7.555,
    "yaw_rad": -1.536
  },
  "odom": {
    "position": {
      "x": 1.162662670489851,
      "y": 4.604677183183478,
      "z": 0.0
    },
    "orientation_quat": {
      "x": -0.0015518601129010927,
      "y": 0.0011467193419700365,
      "z": 0.8042457590248162,
      "w": 0.5942937286018908
    },
    "yaw_rad": 1.868815527424444,
    "linear_vel": {
      "x": 0.1650493125675718,
      "y": -1.7624076807883397e-05
    },
    "angular_vel_z": 0.036274543926462934
  }
}