{
  "frame_idx": 43,
  "ros_stamp": 1465.9,
  "wall_time": 1776685407.6034274,
  "prompt": "trash can on the left",
  "goal_id": "trash_can_left",
  "goal_pose": {
    "frame_id": "map",
    "x": -0.187,
    "y": 7.555,
    "yaw_rad": -1.536
  },
  "odom": {
    "position": {
      "x": 1.0511474032929453,
      "y": 4.943767071349576,
      "z": 0.0
    },
    "orientation_quat": {
      "x": 0.0015340513110051667,
      "y": -0.00110374065270879,
      "z": 0.8117343416586863,
      "w": 0.584023789768093
    },
    "yaw_rad": 1.894236249644659,
    "linear_vel": {
      "x": 0.1777870791593918,
      "y": -4.7326905455797783e-07
    },
    "angular_vel_z": -0.009192316512248517
  }
}