{
  "frame_idx": 44,
  "ros_stamp": 1467.9,
  "wall_time": 1776685409.7085433,
  "prompt": "trash can on the left",
  "goal_id": "trash_can_left",
  "goal_pose": {
    "frame_id": "map",
    "x": -0.187,
    "y": 7.555,
    "yaw_rad": -1.536
  },
  "odom": {
    "position": {
      "x": 0.9364733244675213,
      "y": 5.279778904989406,
      "z": 0.0
    },
    "orientation_quat": {
      "x": -0.0013308813444416275,
      "y": 0.0009468672445348955,
      "z": 0.8148145677247149,
      "w": 0.5797193738532931
    },
    "yaw_rad": 1.9048222670015027,
    "linear_vel": {
      "x": 0.15975225228431283,
      "y": -4.260360456779432e-06
    },
    "angular_vel_z": 0.008611173673117084
  }
}