{
  "frame_idx": 45,
  "ros_stamp": 1469.9,
  "wall_time": 1776685411.912135,
  "prompt": "trash can on the left",
  "goal_id": "trash_can_left",
  "goal_pose": {
    "frame_id": "map",
    "x": -0.187,
    "y": 7.555,
    "yaw_rad": -1.536
  },
  "odom": {
    "position": {
      "x": 0.8127105777608454,
      "y": 5.625338095163325,
      "z": 0.0
    },
    "orientation_quat": {
      "x": -0.001137115821438659,
      "y": 0.0007875262116592032,
      "z": 0.8220800405496369,
      "w": 0.5693702606388763
    },
    "yaw_rad": 1.9301120859723477,
    "linear_vel": {
      "x": 0.19281635241596207,
      "y": -1.3966057094190617e-05
    },
    "angular_vel_z": 0.03194793003803025
  }
}