{
  "frame_idx": 46,
  "ros_stamp": 1471.9,
  "wall_time": 1776685414.1023939,
  "prompt": "trash can on the left",
  "goal_id": "trash_can_left",
  "goal_pose": {
    "frame_id": "map",
    "x": -0.187,
    "y": 7.555,
    "yaw_rad": -1.536
  },
  "odom": {
    "position": {
      "x": 0.6793914119191103,
      "y": 5.963887388194219,
      "z": 0.0
    },
    "orientation_quat": {
      "x": 0.0001652977651394511,
      "y": -0.00010921607202015174,
      "z": 0.8344175777851616,
      "w": 0.5511327123585046
    },
    "yaw_rad": 1.9741503900243171,
    "linear_vel": {
      "x": 0.1875058046118097,
      "y": -2.7342722909003895e-06
    },
    "angular_vel_z": 0.012925327947024081
  }
}