{
  "frame_idx": 47,
  "ros_stamp": 1473.9,
  "wall_time": 1776685416.3036935,
  "prompt": "trash can on the left",
  "goal_id": "trash_can_left",
  "goal_pose": {
    "frame_id": "map",
    "x": -0.187,
    "y": 7.555,
    "yaw_rad": -1.536
  },
  "odom": {
    "position": {
      "x": 0.5272381222061858,
      "y": 6.307697154592354,
      "z": 0.0
    },
    "orientation_quat": {
      "x": -0.001863949346184324,
      "y": 0.0012114604362359845,
      "z": 0.8384573531552447,
      "w": 0.5449626822052567
    },
    "yaw_rad": 1.9889002282871788,
    "linear_vel": {
      "x": 0.17058715993602044,
      "y": 8.791664201771617e-06
    },
    "angular_vel_z": -0.01814466526158504
  }
}