{
  "frame_idx": 48,
  "ros_stamp": 1475.9,
  "wall_time": 1776685418.4860787,
  "prompt": "trash can on the left",
  "goal_id": "trash_can_left",
  "goal_pose": {
    "frame_id": "map",
    "x": -0.187,
    "y": 7.555,
    "yaw_rad": -1.536
  },
  "odom": {
    "position": {
      "x": 0.3619011656518306,
      "y": 6.656936120559028,
      "z": 0.0
    },
    "orientation_quat": {
      "x": -5.834877065713102e-05,
      "y": 3.571597146294855e-05,
      "z": 0.8527254161959353,
      "w": 0.5223594163918737
    },
    "yaw_rad": 2.042361599662238,
    "linear_vel": {
      "x": 0.2098798483151474,
      "y": -5.189985352546417e-06
    },
    "angular_vel_z": 0.021276473175624214
  }
}