{
  "frame_idx": 49,
  "ros_stamp": 1477.9,
  "wall_time": 1776685420.6260738,
  "prompt": "trash can on the left",
  "goal_id": "trash_can_left",
  "goal_pose": {
    "frame_id": "map",
    "x": -0.187,
    "y": 7.555,
    "yaw_rad": -1.536
  },
  "odom": {
    "position": {
      "x": 0.18134270535442878,
      "y": 6.993270126146116,
      "z": 0.0
    },
    "orientation_quat": {
      "x": -0.0002532913305106429,
      "y": 0.00014694296645939128,
      "z": 0.8649390802546716,
      "w": 0.5018767793985582
    },
    "yaw_rad": 2.0900580979912804,
    "linear_vel": {
      "x": 0.18124414837537525,
      "y": -8.972897441104606e-06
    },
    "angular_vel_z": 0.03797745102665962
  }
}