{
  "frame_idx": 50,
  "ros_stamp": 1479.9,
  "wall_time": 1776685422.8473313,
  "prompt": "trash can on the left",
  "goal_id": "trash_can_left",
  "goal_pose": {
    "frame_id": "map",
    "x": -0.187,
    "y": 7.555,
    "yaw_rad": -1.536
  },
  "odom": {
    "position": {
      "x": 0.015053811077644651,
      "y": 7.255867270509044,
      "z": 0.0
    },
    "orientation_quat": {
      "x": 0.0007081768156665556,
      "y": -0.00034889717299366885,
      "z": 0.8970676033850081,
      "w": 0.44189262464250084
    },
    "yaw_rad": 2.2261776078952664,
    "linear_vel": {
      "x": 0.15278162859443262,
      "y": -4.668252410120735e-06
    },
    "angular_vel_z": 0.12979927687193996
  }
}