{
  "frame_idx": 51,
  "ros_stamp": 1481.9,
  "wall_time": 1776685424.959193,
  "prompt": "trash can on the left",
  "goal_id": "trash_can_left",
  "goal_pose": {
    "frame_id": "map",
    "x": -0.187,
    "y": 7.555,
    "yaw_rad": -1.536
  },
  "odom": {
    "position": {
      "x": -0.15322258626684485,
      "y": 7.42272207813052,
      "z": 0.0
    },
    "orientation_quat": {
      "x": -0.0017091321298275848,
      "y": 0.00053756198612146,
      "z": 0.9539155220696959,
      "w": 0.30006993626315426
    },
    "yaw_rad": 2.5320597075750637,
    "linear_vel": {
      "x": 0.09427943604424133,
      "y": -6.423952549849156e-05
    },
    "angular_vel_z": 0.17102741193368537
  }
}