{
  "frame_idx": 52,
  "ros_stamp": 1483.9,
  "wall_time": 1776685427.1041403,
  "prompt": "trash can on the left",
  "goal_id": "trash_can_left",
  "goal_pose": {
    "frame_id": "map",
    "x": -0.187,
    "y": 7.555,
    "yaw_rad": -1.536
  },
  "odom": {
    "position": {
      "x": -0.24088786747231425,
      "y": 7.467335243891738,
      "z": 0.0
    },
    "orientation_quat": {
      "x": -0.0022035075234490002,
      "y": 0.00029447041732479545,
      "z": 0.9911826511026883,
      "w": 0.13248399901427096
    },
    "yaw_rad": 2.875842687624671,
    "linear_vel": {
      "x": 0.021347605210420117,
      "y": -6.773266641969423e-05
    },
    "angular_vel_z": 0.1823433548010453
  }
}