{
  "frame_idx": 53,
  "ros_stamp": 1485.9,
  "wall_time": 1776685429.2888446,
  "prompt": "trash can on the left",
  "goal_id": "trash_can_left",
  "goal_pose": {
    "frame_id": "map",
    "x": -0.187,
    "y": 7.555,
    "yaw_rad": -1.536
  },
  "odom": {
    "position": {
      "x": -0.25587386487745223,
      "y": 7.469777848884392,
      "z": 0.0
    },
    "orientation_quat": {
      "x": -0.0022237145874821227,
      "y": -7.645166827729383e-05,
      "z": 0.9994079043210978,
      "w": -0.034334968022223224
    },
    "yaw_rad": -3.0729090481597683,
    "linear_vel": {
      "x": 0.0002260145327459312,
      "y": -5.4300139491318593e-05
    },
    "angular_vel_z": 0.15581191724191396
  }
}