{
  "frame_idx": 54,
  "ros_stamp": 1487.9,
  "wall_time": 1776685431.447309,
  "prompt": "trash can on the left",
  "goal_id": "trash_can_left",
  "goal_pose": {
    "frame_id": "map",
    "x": -0.187,
    "y": 7.555,
    "yaw_rad": -1.536
  },
  "odom": {
    "position": {
      "x": -0.25614123204232203,
      "y": 7.469857590497549,
      "z": 0.0
    },
    "orientation_quat": {
      "x": -0.0021813777864688614,
      "y": -0.0004264191051442661,
      "z": 0.9814265995631181,
      "w": -0.19182515327160454
    },
    "yaw_rad": -2.7555486900683928,
    "linear_vel": {
      "x": -2.348707233581716e-07,
      "y": -5.530831899524894e-05
    },
    "angular_vel_z": 0.15768526949849002
  }
}