{
  "frame_idx": 55,
  "ros_stamp": 1489.9,
  "wall_time": 1776685433.660213,
  "prompt": "trash can on the left",
  "goal_id": "trash_can_left",
  "goal_pose": {
    "frame_id": "map",
    "x": -0.187,
    "y": 7.555,
    "yaw_rad": -1.536
  },
  "odom": {
    "position": {
      "x": -0.25619039637116053,
      "y": 7.469946635529924,
      "z": 0.0
    },
    "orientation_quat": {
      "x": -0.0021013488570342308,
      "y": -0.0007243010336004834,
      "z": 0.9454194625756324,
      "w": -0.325848276816368
    },
    "yaw_rad": -2.4777732786894084,
    "linear_vel": {
      "x": -1.3729435954914095e-07,
      "y": -5.28019632507762e-05
    },
    "angular_vel_z": 0.15177684538672997
  }
}